[0.179s] DEBUG:colcon:Command line arguments: ['/usr/bin/colcon', 'build']
[0.179s] DEBUG:colcon:Parsed command line arguments: Namespace(log_base=None, log_level=None, verb_name='build', build_base='build', install_base='install', merge_install=False, symlink_install=False, test_result_base=None, continue_on_error=False, executor='parallel', parallel_workers=8, event_handlers=None, ignore_user_meta=False, metas=['./colcon.meta'], base_paths=['.'], packages_ignore=None, packages_ignore_regex=None, paths=None, packages_up_to=None, packages_up_to_regex=None, packages_above=None, packages_above_and_dependencies=None, packages_above_depth=None, packages_select_by_dep=None, packages_skip_by_dep=None, packages_skip_up_to=None, packages_select_build_failed=False, packages_skip_build_finished=False, packages_select_test_failures=False, packages_skip_test_passed=False, packages_select=None, packages_skip=None, packages_select_regex=None, packages_skip_regex=None, packages_start=None, packages_end=None, allow_overriding=[], cmake_args=None, cmake_target=None, cmake_target_skip_unavailable=False, cmake_clean_cache=False, cmake_clean_first=False, cmake_force_configure=False, ament_cmake_args=None, catkin_cmake_args=None, catkin_skip_building_tests=False, verb_parser=<colcon_defaults.argument_parser.defaults.DefaultArgumentsDecorator object at 0xffffa329a8f0>, verb_extension=<colcon_core.verb.build.BuildVerb object at 0xffffa329a320>, main=<bound method BuildVerb.main of <colcon_core.verb.build.BuildVerb object at 0xffffa329a320>>)
[0.438s] Level 1:colcon.colcon_core.package_discovery:discover_packages(colcon_meta) check parameters
[0.438s] Level 1:colcon.colcon_core.package_discovery:discover_packages(recursive) check parameters
[0.438s] Level 1:colcon.colcon_core.package_discovery:discover_packages(ignore) check parameters
[0.438s] Level 1:colcon.colcon_core.package_discovery:discover_packages(path) check parameters
[0.438s] Level 1:colcon.colcon_core.package_discovery:discover_packages(colcon_meta) discover
[0.438s] Level 1:colcon.colcon_core.package_discovery:discover_packages(recursive) discover
[0.438s] INFO:colcon.colcon_core.package_discovery:Crawling recursively for packages in '/root/colcon_ws'
[0.439s] Level 1:colcon.colcon_core.package_identification:_identify(.) by extensions ['ignore', 'ignore_ament_install']
[0.439s] Level 1:colcon.colcon_core.package_identification:_identify(.) by extension 'ignore'
[0.439s] Level 1:colcon.colcon_core.package_identification:_identify(.) by extension 'ignore_ament_install'
[0.439s] Level 1:colcon.colcon_core.package_identification:_identify(.) by extensions ['colcon_pkg']
[0.439s] Level 1:colcon.colcon_core.package_identification:_identify(.) by extension 'colcon_pkg'
[0.439s] Level 1:colcon.colcon_core.package_identification:_identify(.) by extensions ['colcon_meta']
[0.439s] Level 1:colcon.colcon_core.package_identification:_identify(.) by extension 'colcon_meta'
[0.439s] Level 1:colcon.colcon_core.package_identification:_identify(.) by extensions ['ros']
[0.439s] Level 1:colcon.colcon_core.package_identification:_identify(.) by extension 'ros'
[0.460s] Level 1:colcon.colcon_core.package_identification:_identify(.) by extensions ['cmake', 'python']
[0.461s] Level 1:colcon.colcon_core.package_identification:_identify(.) by extension 'cmake'
[0.461s] Level 1:colcon.colcon_core.package_identification:_identify(.) by extension 'python'
[0.461s] Level 1:colcon.colcon_core.package_identification:_identify(.) by extensions ['python_setup_py']
[0.461s] Level 1:colcon.colcon_core.package_identification:_identify(.) by extension 'python_setup_py'
[0.461s] Level 1:colcon.colcon_core.package_identification:_identify(backup) by extensions ['ignore', 'ignore_ament_install']
[0.461s] Level 1:colcon.colcon_core.package_identification:_identify(backup) by extension 'ignore'
[0.461s] Level 1:colcon.colcon_core.package_identification:_identify(backup) by extension 'ignore_ament_install'
[0.462s] Level 1:colcon.colcon_core.package_identification:_identify(backup) by extensions ['colcon_pkg']
[0.462s] Level 1:colcon.colcon_core.package_identification:_identify(backup) by extension 'colcon_pkg'
[0.462s] Level 1:colcon.colcon_core.package_identification:_identify(backup) by extensions ['colcon_meta']
[0.462s] Level 1:colcon.colcon_core.package_identification:_identify(backup) by extension 'colcon_meta'
[0.462s] Level 1:colcon.colcon_core.package_identification:_identify(backup) by extensions ['ros']
[0.462s] Level 1:colcon.colcon_core.package_identification:_identify(backup) by extension 'ros'
[0.462s] Level 1:colcon.colcon_core.package_identification:_identify(backup) by extensions ['cmake', 'python']
[0.462s] Level 1:colcon.colcon_core.package_identification:_identify(backup) by extension 'cmake'
[0.462s] Level 1:colcon.colcon_core.package_identification:_identify(backup) by extension 'python'
[0.462s] Level 1:colcon.colcon_core.package_identification:_identify(backup) by extensions ['python_setup_py']
[0.462s] Level 1:colcon.colcon_core.package_identification:_identify(backup) by extension 'python_setup_py'
[0.462s] Level 1:colcon.colcon_core.package_identification:_identify(backup/fptestv1) by extensions ['ignore', 'ignore_ament_install']
[0.463s] Level 1:colcon.colcon_core.package_identification:_identify(backup/fptestv1) by extension 'ignore'
[0.463s] Level 1:colcon.colcon_core.package_identification:_identify(backup/fptestv1) by extension 'ignore_ament_install'
[0.463s] Level 1:colcon.colcon_core.package_identification:_identify(backup/fptestv1) by extensions ['colcon_pkg']
[0.463s] Level 1:colcon.colcon_core.package_identification:_identify(backup/fptestv1) by extension 'colcon_pkg'
[0.463s] Level 1:colcon.colcon_core.package_identification:_identify(backup/fptestv1) by extensions ['colcon_meta']
[0.463s] Level 1:colcon.colcon_core.package_identification:_identify(backup/fptestv1) by extension 'colcon_meta'
[0.463s] Level 1:colcon.colcon_core.package_identification:_identify(backup/fptestv1) by extensions ['ros']
[0.463s] Level 1:colcon.colcon_core.package_identification:_identify(backup/fptestv1) by extension 'ros'
[0.463s] Level 1:colcon.colcon_core.package_identification:_identify(backup/fptestv1) by extensions ['cmake', 'python']
[0.463s] Level 1:colcon.colcon_core.package_identification:_identify(backup/fptestv1) by extension 'cmake'
[0.463s] Level 1:colcon.colcon_core.package_identification:_identify(backup/fptestv1) by extension 'python'
[0.463s] Level 1:colcon.colcon_core.package_identification:_identify(backup/fptestv1) by extensions ['python_setup_py']
[0.463s] Level 1:colcon.colcon_core.package_identification:_identify(backup/fptestv1) by extension 'python_setup_py'
[0.464s] Level 1:colcon.colcon_core.package_identification:_identify(backup/fptestv1/fastapi_planner) by extensions ['ignore', 'ignore_ament_install']
[0.464s] Level 1:colcon.colcon_core.package_identification:_identify(backup/fptestv1/fastapi_planner) by extension 'ignore'
[0.464s] Level 1:colcon.colcon_core.package_identification:_identify(backup/fptestv1/fastapi_planner) by extension 'ignore_ament_install'
[0.464s] Level 1:colcon.colcon_core.package_identification:_identify(backup/fptestv1/fastapi_planner) by extensions ['colcon_pkg']
[0.464s] Level 1:colcon.colcon_core.package_identification:_identify(backup/fptestv1/fastapi_planner) by extension 'colcon_pkg'
[0.464s] Level 1:colcon.colcon_core.package_identification:_identify(backup/fptestv1/fastapi_planner) by extensions ['colcon_meta']
[0.464s] Level 1:colcon.colcon_core.package_identification:_identify(backup/fptestv1/fastapi_planner) by extension 'colcon_meta'
[0.464s] Level 1:colcon.colcon_core.package_identification:_identify(backup/fptestv1/fastapi_planner) by extensions ['ros']
[0.464s] Level 1:colcon.colcon_core.package_identification:_identify(backup/fptestv1/fastapi_planner) by extension 'ros'
[0.464s] Level 1:colcon.colcon_core.package_identification:_identify(backup/fptestv1/fastapi_planner) by extensions ['cmake', 'python']
[0.464s] Level 1:colcon.colcon_core.package_identification:_identify(backup/fptestv1/fastapi_planner) by extension 'cmake'
[0.464s] Level 1:colcon.colcon_core.package_identification:_identify(backup/fptestv1/fastapi_planner) by extension 'python'
[0.465s] Level 1:colcon.colcon_core.package_identification:_identify(backup/fptestv1/fastapi_planner) by extensions ['python_setup_py']
[0.465s] Level 1:colcon.colcon_core.package_identification:_identify(backup/fptestv1/fastapi_planner) by extension 'python_setup_py'
[0.465s] Level 1:colcon.colcon_core.package_identification:_identify(backup/fptestv1/fastapi_planner/__pycache__) by extensions ['ignore', 'ignore_ament_install']
[0.465s] Level 1:colcon.colcon_core.package_identification:_identify(backup/fptestv1/fastapi_planner/__pycache__) by extension 'ignore'
[0.465s] Level 1:colcon.colcon_core.package_identification:_identify(backup/fptestv1/fastapi_planner/__pycache__) by extension 'ignore_ament_install'
[0.465s] Level 1:colcon.colcon_core.package_identification:_identify(backup/fptestv1/fastapi_planner/__pycache__) by extensions ['colcon_pkg']
[0.465s] Level 1:colcon.colcon_core.package_identification:_identify(backup/fptestv1/fastapi_planner/__pycache__) by extension 'colcon_pkg'
[0.465s] Level 1:colcon.colcon_core.package_identification:_identify(backup/fptestv1/fastapi_planner/__pycache__) by extensions ['colcon_meta']
[0.465s] Level 1:colcon.colcon_core.package_identification:_identify(backup/fptestv1/fastapi_planner/__pycache__) by extension 'colcon_meta'
[0.465s] Level 1:colcon.colcon_core.package_identification:_identify(backup/fptestv1/fastapi_planner/__pycache__) by extensions ['ros']
[0.465s] Level 1:colcon.colcon_core.package_identification:_identify(backup/fptestv1/fastapi_planner/__pycache__) by extension 'ros'
[0.466s] Level 1:colcon.colcon_core.package_identification:_identify(backup/fptestv1/fastapi_planner/__pycache__) by extensions ['cmake', 'python']
[0.466s] Level 1:colcon.colcon_core.package_identification:_identify(backup/fptestv1/fastapi_planner/__pycache__) by extension 'cmake'
[0.466s] Level 1:colcon.colcon_core.package_identification:_identify(backup/fptestv1/fastapi_planner/__pycache__) by extension 'python'
[0.466s] Level 1:colcon.colcon_core.package_identification:_identify(backup/fptestv1/fastapi_planner/__pycache__) by extensions ['python_setup_py']
[0.466s] Level 1:colcon.colcon_core.package_identification:_identify(backup/fptestv1/fastapi_planner/__pycache__) by extension 'python_setup_py'
[0.466s] Level 1:colcon.colcon_core.package_identification:_identify(build) by extensions ['ignore', 'ignore_ament_install']
[0.466s] Level 1:colcon.colcon_core.package_identification:_identify(build) by extension 'ignore'
[0.466s] Level 1:colcon.colcon_core.package_identification:_identify(build) ignored
[0.466s] Level 1:colcon.colcon_core.package_identification:_identify(docs) by extensions ['ignore', 'ignore_ament_install']
[0.466s] Level 1:colcon.colcon_core.package_identification:_identify(docs) by extension 'ignore'
[0.467s] Level 1:colcon.colcon_core.package_identification:_identify(docs) by extension 'ignore_ament_install'
[0.467s] Level 1:colcon.colcon_core.package_identification:_identify(docs) by extensions ['colcon_pkg']
[0.467s] Level 1:colcon.colcon_core.package_identification:_identify(docs) by extension 'colcon_pkg'
[0.467s] Level 1:colcon.colcon_core.package_identification:_identify(docs) by extensions ['colcon_meta']
[0.467s] Level 1:colcon.colcon_core.package_identification:_identify(docs) by extension 'colcon_meta'
[0.467s] Level 1:colcon.colcon_core.package_identification:_identify(docs) by extensions ['ros']
[0.467s] Level 1:colcon.colcon_core.package_identification:_identify(docs) by extension 'ros'
[0.467s] Level 1:colcon.colcon_core.package_identification:_identify(docs) by extensions ['cmake', 'python']
[0.467s] Level 1:colcon.colcon_core.package_identification:_identify(docs) by extension 'cmake'
[0.467s] Level 1:colcon.colcon_core.package_identification:_identify(docs) by extension 'python'
[0.467s] Level 1:colcon.colcon_core.package_identification:_identify(docs) by extensions ['python_setup_py']
[0.467s] Level 1:colcon.colcon_core.package_identification:_identify(docs) by extension 'python_setup_py'
[0.467s] Level 1:colcon.colcon_core.package_identification:_identify(fastapi_planner) by extensions ['ignore', 'ignore_ament_install']
[0.468s] Level 1:colcon.colcon_core.package_identification:_identify(fastapi_planner) by extension 'ignore'
[0.468s] Level 1:colcon.colcon_core.package_identification:_identify(fastapi_planner) by extension 'ignore_ament_install'
[0.468s] Level 1:colcon.colcon_core.package_identification:_identify(fastapi_planner) by extensions ['colcon_pkg']
[0.468s] Level 1:colcon.colcon_core.package_identification:_identify(fastapi_planner) by extension 'colcon_pkg'
[0.468s] Level 1:colcon.colcon_core.package_identification:_identify(fastapi_planner) by extensions ['colcon_meta']
[0.468s] Level 1:colcon.colcon_core.package_identification:_identify(fastapi_planner) by extension 'colcon_meta'
[0.468s] Level 1:colcon.colcon_core.package_identification:_identify(fastapi_planner) by extensions ['ros']
[0.468s] Level 1:colcon.colcon_core.package_identification:_identify(fastapi_planner) by extension 'ros'
[0.468s] Level 1:colcon.colcon_core.package_identification:_identify(fastapi_planner) by extensions ['cmake', 'python']
[0.468s] Level 1:colcon.colcon_core.package_identification:_identify(fastapi_planner) by extension 'cmake'
[0.468s] Level 1:colcon.colcon_core.package_identification:_identify(fastapi_planner) by extension 'python'
[0.468s] Level 1:colcon.colcon_core.package_identification:_identify(fastapi_planner) by extensions ['python_setup_py']
[0.468s] Level 1:colcon.colcon_core.package_identification:_identify(fastapi_planner) by extension 'python_setup_py'
[0.469s] Level 1:colcon.colcon_core.package_identification:_identify(fastapi_planner/__pycache__) by extensions ['ignore', 'ignore_ament_install']
[0.469s] Level 1:colcon.colcon_core.package_identification:_identify(fastapi_planner/__pycache__) by extension 'ignore'
[0.469s] Level 1:colcon.colcon_core.package_identification:_identify(fastapi_planner/__pycache__) by extension 'ignore_ament_install'
[0.469s] Level 1:colcon.colcon_core.package_identification:_identify(fastapi_planner/__pycache__) by extensions ['colcon_pkg']
[0.469s] Level 1:colcon.colcon_core.package_identification:_identify(fastapi_planner/__pycache__) by extension 'colcon_pkg'
[0.469s] Level 1:colcon.colcon_core.package_identification:_identify(fastapi_planner/__pycache__) by extensions ['colcon_meta']
[0.469s] Level 1:colcon.colcon_core.package_identification:_identify(fastapi_planner/__pycache__) by extension 'colcon_meta'
[0.469s] Level 1:colcon.colcon_core.package_identification:_identify(fastapi_planner/__pycache__) by extensions ['ros']
[0.469s] Level 1:colcon.colcon_core.package_identification:_identify(fastapi_planner/__pycache__) by extension 'ros'
[0.469s] Level 1:colcon.colcon_core.package_identification:_identify(fastapi_planner/__pycache__) by extensions ['cmake', 'python']
[0.469s] Level 1:colcon.colcon_core.package_identification:_identify(fastapi_planner/__pycache__) by extension 'cmake'
[0.469s] Level 1:colcon.colcon_core.package_identification:_identify(fastapi_planner/__pycache__) by extension 'python'
[0.469s] Level 1:colcon.colcon_core.package_identification:_identify(fastapi_planner/__pycache__) by extensions ['python_setup_py']
[0.470s] Level 1:colcon.colcon_core.package_identification:_identify(fastapi_planner/__pycache__) by extension 'python_setup_py'
[0.470s] Level 1:colcon.colcon_core.package_identification:_identify(install) by extensions ['ignore', 'ignore_ament_install']
[0.470s] Level 1:colcon.colcon_core.package_identification:_identify(install) by extension 'ignore'
[0.470s] Level 1:colcon.colcon_core.package_identification:_identify(install) ignored
[0.470s] Level 1:colcon.colcon_core.package_identification:_identify(log) by extensions ['ignore', 'ignore_ament_install']
[0.470s] Level 1:colcon.colcon_core.package_identification:_identify(log) by extension 'ignore'
[0.470s] Level 1:colcon.colcon_core.package_identification:_identify(log) ignored
[0.470s] Level 1:colcon.colcon_core.package_identification:_identify(src) by extensions ['ignore', 'ignore_ament_install']
[0.471s] Level 1:colcon.colcon_core.package_identification:_identify(src) by extension 'ignore'
[0.471s] Level 1:colcon.colcon_core.package_identification:_identify(src) by extension 'ignore_ament_install'
[0.471s] Level 1:colcon.colcon_core.package_identification:_identify(src) by extensions ['colcon_pkg']
[0.471s] Level 1:colcon.colcon_core.package_identification:_identify(src) by extension 'colcon_pkg'
[0.471s] Level 1:colcon.colcon_core.package_identification:_identify(src) by extensions ['colcon_meta']
[0.471s] Level 1:colcon.colcon_core.package_identification:_identify(src) by extension 'colcon_meta'
[0.471s] Level 1:colcon.colcon_core.package_identification:_identify(src) by extensions ['ros']
[0.471s] Level 1:colcon.colcon_core.package_identification:_identify(src) by extension 'ros'
[0.471s] Level 1:colcon.colcon_core.package_identification:_identify(src) by extensions ['cmake', 'python']
[0.471s] Level 1:colcon.colcon_core.package_identification:_identify(src) by extension 'cmake'
[0.471s] Level 1:colcon.colcon_core.package_identification:_identify(src) by extension 'python'
[0.471s] Level 1:colcon.colcon_core.package_identification:_identify(src) by extensions ['python_setup_py']
[0.471s] Level 1:colcon.colcon_core.package_identification:_identify(src) by extension 'python_setup_py'
[0.471s] Level 1:colcon.colcon_core.package_identification:_identify(src/Fast-Planner) by extensions ['ignore', 'ignore_ament_install']
[0.472s] Level 1:colcon.colcon_core.package_identification:_identify(src/Fast-Planner) by extension 'ignore'
[0.472s] Level 1:colcon.colcon_core.package_identification:_identify(src/Fast-Planner) by extension 'ignore_ament_install'
[0.472s] Level 1:colcon.colcon_core.package_identification:_identify(src/Fast-Planner) by extensions ['colcon_pkg']
[0.472s] Level 1:colcon.colcon_core.package_identification:_identify(src/Fast-Planner) by extension 'colcon_pkg'
[0.472s] Level 1:colcon.colcon_core.package_identification:_identify(src/Fast-Planner) by extensions ['colcon_meta']
[0.472s] Level 1:colcon.colcon_core.package_identification:_identify(src/Fast-Planner) by extension 'colcon_meta'
[0.472s] Level 1:colcon.colcon_core.package_identification:_identify(src/Fast-Planner) by extensions ['ros']
[0.472s] Level 1:colcon.colcon_core.package_identification:_identify(src/Fast-Planner) by extension 'ros'
[0.472s] Level 1:colcon.colcon_core.package_identification:_identify(src/Fast-Planner) by extensions ['cmake', 'python']
[0.472s] Level 1:colcon.colcon_core.package_identification:_identify(src/Fast-Planner) by extension 'cmake'
[0.472s] Level 1:colcon.colcon_core.package_identification:_identify(src/Fast-Planner) by extension 'python'
[0.472s] Level 1:colcon.colcon_core.package_identification:_identify(src/Fast-Planner) by extensions ['python_setup_py']
[0.472s] Level 1:colcon.colcon_core.package_identification:_identify(src/Fast-Planner) by extension 'python_setup_py'
[0.473s] Level 1:colcon.colcon_core.package_identification:_identify(src/Fast-Planner/fast_planner) by extensions ['ignore', 'ignore_ament_install']
[0.473s] Level 1:colcon.colcon_core.package_identification:_identify(src/Fast-Planner/fast_planner) by extension 'ignore'
[0.473s] Level 1:colcon.colcon_core.package_identification:_identify(src/Fast-Planner/fast_planner) by extension 'ignore_ament_install'
[0.473s] Level 1:colcon.colcon_core.package_identification:_identify(src/Fast-Planner/fast_planner) by extensions ['colcon_pkg']
[0.473s] Level 1:colcon.colcon_core.package_identification:_identify(src/Fast-Planner/fast_planner) by extension 'colcon_pkg'
[0.473s] Level 1:colcon.colcon_core.package_identification:_identify(src/Fast-Planner/fast_planner) by extensions ['colcon_meta']
[0.473s] Level 1:colcon.colcon_core.package_identification:_identify(src/Fast-Planner/fast_planner) by extension 'colcon_meta'
[0.473s] Level 1:colcon.colcon_core.package_identification:_identify(src/Fast-Planner/fast_planner) by extensions ['ros']
[0.473s] Level 1:colcon.colcon_core.package_identification:_identify(src/Fast-Planner/fast_planner) by extension 'ros'
[0.473s] Level 1:colcon.colcon_core.package_identification:_identify(src/Fast-Planner/fast_planner) by extensions ['cmake', 'python']
[0.473s] Level 1:colcon.colcon_core.package_identification:_identify(src/Fast-Planner/fast_planner) by extension 'cmake'
[0.473s] Level 1:colcon.colcon_core.package_identification:_identify(src/Fast-Planner/fast_planner) by extension 'python'
[0.473s] Level 1:colcon.colcon_core.package_identification:_identify(src/Fast-Planner/fast_planner) by extensions ['python_setup_py']
[0.474s] Level 1:colcon.colcon_core.package_identification:_identify(src/Fast-Planner/fast_planner) by extension 'python_setup_py'
[0.474s] Level 1:colcon.colcon_core.package_identification:_identify(src/Fast-Planner/fast_planner/bag) by extensions ['ignore', 'ignore_ament_install']
[0.474s] Level 1:colcon.colcon_core.package_identification:_identify(src/Fast-Planner/fast_planner/bag) by extension 'ignore'
[0.474s] Level 1:colcon.colcon_core.package_identification:_identify(src/Fast-Planner/fast_planner/bag) by extension 'ignore_ament_install'
[0.474s] Level 1:colcon.colcon_core.package_identification:_identify(src/Fast-Planner/fast_planner/bag) by extensions ['colcon_pkg']
[0.474s] Level 1:colcon.colcon_core.package_identification:_identify(src/Fast-Planner/fast_planner/bag) by extension 'colcon_pkg'
[0.474s] Level 1:colcon.colcon_core.package_identification:_identify(src/Fast-Planner/fast_planner/bag) by extensions ['colcon_meta']
[0.474s] Level 1:colcon.colcon_core.package_identification:_identify(src/Fast-Planner/fast_planner/bag) by extension 'colcon_meta'
[0.474s] Level 1:colcon.colcon_core.package_identification:_identify(src/Fast-Planner/fast_planner/bag) by extensions ['ros']
[0.474s] Level 1:colcon.colcon_core.package_identification:_identify(src/Fast-Planner/fast_planner/bag) by extension 'ros'
[0.474s] Level 1:colcon.colcon_core.package_identification:_identify(src/Fast-Planner/fast_planner/bag) by extensions ['cmake', 'python']
[0.474s] Level 1:colcon.colcon_core.package_identification:_identify(src/Fast-Planner/fast_planner/bag) by extension 'cmake'
[0.474s] Level 1:colcon.colcon_core.package_identification:_identify(src/Fast-Planner/fast_planner/bag) by extension 'python'
[0.475s] Level 1:colcon.colcon_core.package_identification:_identify(src/Fast-Planner/fast_planner/bag) by extensions ['python_setup_py']
[0.475s] Level 1:colcon.colcon_core.package_identification:_identify(src/Fast-Planner/fast_planner/bag) by extension 'python_setup_py'
[0.475s] Level 1:colcon.colcon_core.package_identification:_identify(src/Fast-Planner/fast_planner/bspline) by extensions ['ignore', 'ignore_ament_install']
[0.475s] Level 1:colcon.colcon_core.package_identification:_identify(src/Fast-Planner/fast_planner/bspline) by extension 'ignore'
[0.475s] Level 1:colcon.colcon_core.package_identification:_identify(src/Fast-Planner/fast_planner/bspline) by extension 'ignore_ament_install'
[0.475s] Level 1:colcon.colcon_core.package_identification:_identify(src/Fast-Planner/fast_planner/bspline) by extensions ['colcon_pkg']
[0.475s] Level 1:colcon.colcon_core.package_identification:_identify(src/Fast-Planner/fast_planner/bspline) by extension 'colcon_pkg'
[0.475s] Level 1:colcon.colcon_core.package_identification:_identify(src/Fast-Planner/fast_planner/bspline) by extensions ['colcon_meta']
[0.475s] Level 1:colcon.colcon_core.package_identification:_identify(src/Fast-Planner/fast_planner/bspline) by extension 'colcon_meta'
[0.475s] Level 1:colcon.colcon_core.package_identification:_identify(src/Fast-Planner/fast_planner/bspline) by extensions ['ros']
[0.475s] Level 1:colcon.colcon_core.package_identification:_identify(src/Fast-Planner/fast_planner/bspline) by extension 'ros'
[0.480s] DEBUG:colcon.colcon_core.package_identification:Package 'src/Fast-Planner/fast_planner/bspline' with type 'ros.ament_cmake' and name 'bspline'
[0.480s] Level 1:colcon.colcon_core.package_identification:_identify(src/Fast-Planner/fast_planner/bspline_opt) by extensions ['ignore', 'ignore_ament_install']
[0.480s] Level 1:colcon.colcon_core.package_identification:_identify(src/Fast-Planner/fast_planner/bspline_opt) by extension 'ignore'
[0.480s] Level 1:colcon.colcon_core.package_identification:_identify(src/Fast-Planner/fast_planner/bspline_opt) by extension 'ignore_ament_install'
[0.480s] Level 1:colcon.colcon_core.package_identification:_identify(src/Fast-Planner/fast_planner/bspline_opt) by extensions ['colcon_pkg']
[0.481s] Level 1:colcon.colcon_core.package_identification:_identify(src/Fast-Planner/fast_planner/bspline_opt) by extension 'colcon_pkg'
[0.481s] Level 1:colcon.colcon_core.package_identification:_identify(src/Fast-Planner/fast_planner/bspline_opt) by extensions ['colcon_meta']
[0.481s] Level 1:colcon.colcon_core.package_identification:_identify(src/Fast-Planner/fast_planner/bspline_opt) by extension 'colcon_meta'
[0.481s] Level 1:colcon.colcon_core.package_identification:_identify(src/Fast-Planner/fast_planner/bspline_opt) by extensions ['ros']
[0.481s] Level 1:colcon.colcon_core.package_identification:_identify(src/Fast-Planner/fast_planner/bspline_opt) by extension 'ros'
[0.482s] DEBUG:colcon.colcon_core.package_identification:Package 'src/Fast-Planner/fast_planner/bspline_opt' with type 'ros.ament_cmake' and name 'bspline_opt'
[0.482s] Level 1:colcon.colcon_core.package_identification:_identify(src/Fast-Planner/fast_planner/path_searching) by extensions ['ignore', 'ignore_ament_install']
[0.482s] Level 1:colcon.colcon_core.package_identification:_identify(src/Fast-Planner/fast_planner/path_searching) by extension 'ignore'
[0.482s] Level 1:colcon.colcon_core.package_identification:_identify(src/Fast-Planner/fast_planner/path_searching) by extension 'ignore_ament_install'
[0.482s] Level 1:colcon.colcon_core.package_identification:_identify(src/Fast-Planner/fast_planner/path_searching) by extensions ['colcon_pkg']
[0.483s] Level 1:colcon.colcon_core.package_identification:_identify(src/Fast-Planner/fast_planner/path_searching) by extension 'colcon_pkg'
[0.483s] Level 1:colcon.colcon_core.package_identification:_identify(src/Fast-Planner/fast_planner/path_searching) by extensions ['colcon_meta']
[0.483s] Level 1:colcon.colcon_core.package_identification:_identify(src/Fast-Planner/fast_planner/path_searching) by extension 'colcon_meta'
[0.483s] Level 1:colcon.colcon_core.package_identification:_identify(src/Fast-Planner/fast_planner/path_searching) by extensions ['ros']
[0.483s] Level 1:colcon.colcon_core.package_identification:_identify(src/Fast-Planner/fast_planner/path_searching) by extension 'ros'
[0.484s] DEBUG:colcon.colcon_core.package_identification:Package 'src/Fast-Planner/fast_planner/path_searching' with type 'ros.ament_cmake' and name 'path_searching'
[0.484s] Level 1:colcon.colcon_core.package_identification:_identify(src/Fast-Planner/fast_planner/plan_env) by extensions ['ignore', 'ignore_ament_install']
[0.484s] Level 1:colcon.colcon_core.package_identification:_identify(src/Fast-Planner/fast_planner/plan_env) by extension 'ignore'
[0.484s] Level 1:colcon.colcon_core.package_identification:_identify(src/Fast-Planner/fast_planner/plan_env) by extension 'ignore_ament_install'
[0.484s] Level 1:colcon.colcon_core.package_identification:_identify(src/Fast-Planner/fast_planner/plan_env) by extensions ['colcon_pkg']
[0.484s] Level 1:colcon.colcon_core.package_identification:_identify(src/Fast-Planner/fast_planner/plan_env) by extension 'colcon_pkg'
[0.485s] Level 1:colcon.colcon_core.package_identification:_identify(src/Fast-Planner/fast_planner/plan_env) by extensions ['colcon_meta']
[0.485s] Level 1:colcon.colcon_core.package_identification:_identify(src/Fast-Planner/fast_planner/plan_env) by extension 'colcon_meta'
[0.485s] Level 1:colcon.colcon_core.package_identification:_identify(src/Fast-Planner/fast_planner/plan_env) by extensions ['ros']
[0.485s] Level 1:colcon.colcon_core.package_identification:_identify(src/Fast-Planner/fast_planner/plan_env) by extension 'ros'
[0.486s] DEBUG:colcon.colcon_core.package_identification:Package 'src/Fast-Planner/fast_planner/plan_env' with type 'ros.ament_cmake' and name 'plan_env'
[0.486s] Level 1:colcon.colcon_core.package_identification:_identify(src/Fast-Planner/fast_planner/plan_manage) by extensions ['ignore', 'ignore_ament_install']
[0.486s] Level 1:colcon.colcon_core.package_identification:_identify(src/Fast-Planner/fast_planner/plan_manage) by extension 'ignore'
[0.486s] Level 1:colcon.colcon_core.package_identification:_identify(src/Fast-Planner/fast_planner/plan_manage) by extension 'ignore_ament_install'
[0.486s] Level 1:colcon.colcon_core.package_identification:_identify(src/Fast-Planner/fast_planner/plan_manage) by extensions ['colcon_pkg']
[0.486s] Level 1:colcon.colcon_core.package_identification:_identify(src/Fast-Planner/fast_planner/plan_manage) by extension 'colcon_pkg'
[0.486s] Level 1:colcon.colcon_core.package_identification:_identify(src/Fast-Planner/fast_planner/plan_manage) by extensions ['colcon_meta']
[0.487s] Level 1:colcon.colcon_core.package_identification:_identify(src/Fast-Planner/fast_planner/plan_manage) by extension 'colcon_meta'
[0.487s] Level 1:colcon.colcon_core.package_identification:_identify(src/Fast-Planner/fast_planner/plan_manage) by extensions ['ros']
[0.487s] Level 1:colcon.colcon_core.package_identification:_identify(src/Fast-Planner/fast_planner/plan_manage) by extension 'ros'
[0.489s] DEBUG:colcon.colcon_core.package_identification:Package 'src/Fast-Planner/fast_planner/plan_manage' with type 'ros.ament_cmake' and name 'plan_manage'
[0.489s] Level 1:colcon.colcon_core.package_identification:_identify(src/Fast-Planner/fast_planner/poly_traj) by extensions ['ignore', 'ignore_ament_install']
[0.489s] Level 1:colcon.colcon_core.package_identification:_identify(src/Fast-Planner/fast_planner/poly_traj) by extension 'ignore'
[0.489s] Level 1:colcon.colcon_core.package_identification:_identify(src/Fast-Planner/fast_planner/poly_traj) by extension 'ignore_ament_install'
[0.489s] Level 1:colcon.colcon_core.package_identification:_identify(src/Fast-Planner/fast_planner/poly_traj) by extensions ['colcon_pkg']
[0.489s] Level 1:colcon.colcon_core.package_identification:_identify(src/Fast-Planner/fast_planner/poly_traj) by extension 'colcon_pkg'
[0.489s] Level 1:colcon.colcon_core.package_identification:_identify(src/Fast-Planner/fast_planner/poly_traj) by extensions ['colcon_meta']
[0.490s] Level 1:colcon.colcon_core.package_identification:_identify(src/Fast-Planner/fast_planner/poly_traj) by extension 'colcon_meta'
[0.490s] Level 1:colcon.colcon_core.package_identification:_identify(src/Fast-Planner/fast_planner/poly_traj) by extensions ['ros']
[0.490s] Level 1:colcon.colcon_core.package_identification:_identify(src/Fast-Planner/fast_planner/poly_traj) by extension 'ros'
[0.490s] DEBUG:colcon.colcon_core.package_identification:Package 'src/Fast-Planner/fast_planner/poly_traj' with type 'ros.ament_cmake' and name 'poly_traj'
[0.491s] Level 1:colcon.colcon_core.package_identification:_identify(src/Fast-Planner/fast_planner/traj_utils) by extensions ['ignore', 'ignore_ament_install']
[0.491s] Level 1:colcon.colcon_core.package_identification:_identify(src/Fast-Planner/fast_planner/traj_utils) by extension 'ignore'
[0.491s] Level 1:colcon.colcon_core.package_identification:_identify(src/Fast-Planner/fast_planner/traj_utils) by extension 'ignore_ament_install'
[0.491s] Level 1:colcon.colcon_core.package_identification:_identify(src/Fast-Planner/fast_planner/traj_utils) by extensions ['colcon_pkg']
[0.491s] Level 1:colcon.colcon_core.package_identification:_identify(src/Fast-Planner/fast_planner/traj_utils) by extension 'colcon_pkg'
[0.491s] Level 1:colcon.colcon_core.package_identification:_identify(src/Fast-Planner/fast_planner/traj_utils) by extensions ['colcon_meta']
[0.491s] Level 1:colcon.colcon_core.package_identification:_identify(src/Fast-Planner/fast_planner/traj_utils) by extension 'colcon_meta'
[0.491s] Level 1:colcon.colcon_core.package_identification:_identify(src/Fast-Planner/fast_planner/traj_utils) by extensions ['ros']
[0.491s] Level 1:colcon.colcon_core.package_identification:_identify(src/Fast-Planner/fast_planner/traj_utils) by extension 'ros'
[0.492s] DEBUG:colcon.colcon_core.package_identification:Package 'src/Fast-Planner/fast_planner/traj_utils' with type 'ros.ament_cmake' and name 'traj_utils'
[0.493s] Level 1:colcon.colcon_core.package_identification:_identify(src/Fast-Planner/files) by extensions ['ignore', 'ignore_ament_install']
[0.493s] Level 1:colcon.colcon_core.package_identification:_identify(src/Fast-Planner/files) by extension 'ignore'
[0.493s] Level 1:colcon.colcon_core.package_identification:_identify(src/Fast-Planner/files) by extension 'ignore_ament_install'
[0.493s] Level 1:colcon.colcon_core.package_identification:_identify(src/Fast-Planner/files) by extensions ['colcon_pkg']
[0.493s] Level 1:colcon.colcon_core.package_identification:_identify(src/Fast-Planner/files) by extension 'colcon_pkg'
[0.493s] Level 1:colcon.colcon_core.package_identification:_identify(src/Fast-Planner/files) by extensions ['colcon_meta']
[0.493s] Level 1:colcon.colcon_core.package_identification:_identify(src/Fast-Planner/files) by extension 'colcon_meta'
[0.493s] Level 1:colcon.colcon_core.package_identification:_identify(src/Fast-Planner/files) by extensions ['ros']
[0.494s] Level 1:colcon.colcon_core.package_identification:_identify(src/Fast-Planner/files) by extension 'ros'
[0.494s] Level 1:colcon.colcon_core.package_identification:_identify(src/Fast-Planner/files) by extensions ['cmake', 'python']
[0.494s] Level 1:colcon.colcon_core.package_identification:_identify(src/Fast-Planner/files) by extension 'cmake'
[0.494s] Level 1:colcon.colcon_core.package_identification:_identify(src/Fast-Planner/files) by extension 'python'
[0.494s] Level 1:colcon.colcon_core.package_identification:_identify(src/Fast-Planner/files) by extensions ['python_setup_py']
[0.494s] Level 1:colcon.colcon_core.package_identification:_identify(src/Fast-Planner/files) by extension 'python_setup_py'
[0.494s] Level 1:colcon.colcon_core.package_identification:_identify(src/Fast-Planner/uav_simulator) by extensions ['ignore', 'ignore_ament_install']
[0.494s] Level 1:colcon.colcon_core.package_identification:_identify(src/Fast-Planner/uav_simulator) by extension 'ignore'
[0.494s] Level 1:colcon.colcon_core.package_identification:_identify(src/Fast-Planner/uav_simulator) by extension 'ignore_ament_install'
[0.494s] Level 1:colcon.colcon_core.package_identification:_identify(src/Fast-Planner/uav_simulator) by extensions ['colcon_pkg']
[0.494s] Level 1:colcon.colcon_core.package_identification:_identify(src/Fast-Planner/uav_simulator) by extension 'colcon_pkg'
[0.494s] Level 1:colcon.colcon_core.package_identification:_identify(src/Fast-Planner/uav_simulator) by extensions ['colcon_meta']
[0.495s] Level 1:colcon.colcon_core.package_identification:_identify(src/Fast-Planner/uav_simulator) by extension 'colcon_meta'
[0.495s] Level 1:colcon.colcon_core.package_identification:_identify(src/Fast-Planner/uav_simulator) by extensions ['ros']
[0.495s] Level 1:colcon.colcon_core.package_identification:_identify(src/Fast-Planner/uav_simulator) by extension 'ros'
[0.495s] Level 1:colcon.colcon_core.package_identification:_identify(src/Fast-Planner/uav_simulator) by extensions ['cmake', 'python']
[0.495s] Level 1:colcon.colcon_core.package_identification:_identify(src/Fast-Planner/uav_simulator) by extension 'cmake'
[0.495s] Level 1:colcon.colcon_core.package_identification:_identify(src/Fast-Planner/uav_simulator) by extension 'python'
[0.495s] Level 1:colcon.colcon_core.package_identification:_identify(src/Fast-Planner/uav_simulator) by extensions ['python_setup_py']
[0.495s] Level 1:colcon.colcon_core.package_identification:_identify(src/Fast-Planner/uav_simulator) by extension 'python_setup_py'
[0.495s] Level 1:colcon.colcon_core.package_identification:_identify(src/Fast-Planner/uav_simulator/Utils) by extensions ['ignore', 'ignore_ament_install']
[0.495s] Level 1:colcon.colcon_core.package_identification:_identify(src/Fast-Planner/uav_simulator/Utils) by extension 'ignore'
[0.495s] Level 1:colcon.colcon_core.package_identification:_identify(src/Fast-Planner/uav_simulator/Utils) by extension 'ignore_ament_install'
[0.496s] Level 1:colcon.colcon_core.package_identification:_identify(src/Fast-Planner/uav_simulator/Utils) by extensions ['colcon_pkg']
[0.496s] Level 1:colcon.colcon_core.package_identification:_identify(src/Fast-Planner/uav_simulator/Utils) by extension 'colcon_pkg'
[0.496s] Level 1:colcon.colcon_core.package_identification:_identify(src/Fast-Planner/uav_simulator/Utils) by extensions ['colcon_meta']
[0.496s] Level 1:colcon.colcon_core.package_identification:_identify(src/Fast-Planner/uav_simulator/Utils) by extension 'colcon_meta'
[0.496s] Level 1:colcon.colcon_core.package_identification:_identify(src/Fast-Planner/uav_simulator/Utils) by extensions ['ros']
[0.496s] Level 1:colcon.colcon_core.package_identification:_identify(src/Fast-Planner/uav_simulator/Utils) by extension 'ros'
[0.496s] Level 1:colcon.colcon_core.package_identification:_identify(src/Fast-Planner/uav_simulator/Utils) by extensions ['cmake', 'python']
[0.496s] Level 1:colcon.colcon_core.package_identification:_identify(src/Fast-Planner/uav_simulator/Utils) by extension 'cmake'
[0.496s] Level 1:colcon.colcon_core.package_identification:_identify(src/Fast-Planner/uav_simulator/Utils) by extension 'python'
[0.496s] Level 1:colcon.colcon_core.package_identification:_identify(src/Fast-Planner/uav_simulator/Utils) by extensions ['python_setup_py']
[0.496s] Level 1:colcon.colcon_core.package_identification:_identify(src/Fast-Planner/uav_simulator/Utils) by extension 'python_setup_py'
[0.496s] Level 1:colcon.colcon_core.package_identification:_identify(src/Fast-Planner/uav_simulator/Utils/cmake_utils) by extensions ['ignore', 'ignore_ament_install']
[0.497s] Level 1:colcon.colcon_core.package_identification:_identify(src/Fast-Planner/uav_simulator/Utils/cmake_utils) by extension 'ignore'
[0.497s] Level 1:colcon.colcon_core.package_identification:_identify(src/Fast-Planner/uav_simulator/Utils/cmake_utils) by extension 'ignore_ament_install'
[0.497s] Level 1:colcon.colcon_core.package_identification:_identify(src/Fast-Planner/uav_simulator/Utils/cmake_utils) by extensions ['colcon_pkg']
[0.497s] Level 1:colcon.colcon_core.package_identification:_identify(src/Fast-Planner/uav_simulator/Utils/cmake_utils) by extension 'colcon_pkg'
[0.497s] Level 1:colcon.colcon_core.package_identification:_identify(src/Fast-Planner/uav_simulator/Utils/cmake_utils) by extensions ['colcon_meta']
[0.497s] Level 1:colcon.colcon_core.package_identification:_identify(src/Fast-Planner/uav_simulator/Utils/cmake_utils) by extension 'colcon_meta'
[0.497s] Level 1:colcon.colcon_core.package_identification:_identify(src/Fast-Planner/uav_simulator/Utils/cmake_utils) by extensions ['ros']
[0.497s] Level 1:colcon.colcon_core.package_identification:_identify(src/Fast-Planner/uav_simulator/Utils/cmake_utils) by extension 'ros'
[0.498s] DEBUG:colcon.colcon_core.package_identification:Package 'src/Fast-Planner/uav_simulator/Utils/cmake_utils' with type 'ros.ament_cmake' and name 'cmake_utils'
[0.498s] Level 1:colcon.colcon_core.package_identification:_identify(src/Fast-Planner/uav_simulator/Utils/multi_map_server) by extensions ['ignore', 'ignore_ament_install']
[0.498s] Level 1:colcon.colcon_core.package_identification:_identify(src/Fast-Planner/uav_simulator/Utils/multi_map_server) by extension 'ignore'
[0.498s] Level 1:colcon.colcon_core.package_identification:_identify(src/Fast-Planner/uav_simulator/Utils/multi_map_server) by extension 'ignore_ament_install'
[0.499s] Level 1:colcon.colcon_core.package_identification:_identify(src/Fast-Planner/uav_simulator/Utils/multi_map_server) by extensions ['colcon_pkg']
[0.499s] Level 1:colcon.colcon_core.package_identification:_identify(src/Fast-Planner/uav_simulator/Utils/multi_map_server) by extension 'colcon_pkg'
[0.499s] Level 1:colcon.colcon_core.package_identification:_identify(src/Fast-Planner/uav_simulator/Utils/multi_map_server) by extensions ['colcon_meta']
[0.499s] Level 1:colcon.colcon_core.package_identification:_identify(src/Fast-Planner/uav_simulator/Utils/multi_map_server) by extension 'colcon_meta'
[0.499s] Level 1:colcon.colcon_core.package_identification:_identify(src/Fast-Planner/uav_simulator/Utils/multi_map_server) by extensions ['ros']
[0.499s] Level 1:colcon.colcon_core.package_identification:_identify(src/Fast-Planner/uav_simulator/Utils/multi_map_server) by extension 'ros'
[0.501s] DEBUG:colcon.colcon_core.package_identification:Package 'src/Fast-Planner/uav_simulator/Utils/multi_map_server' with type 'ros.ament_cmake' and name 'multi_map_server'
[0.501s] Level 1:colcon.colcon_core.package_identification:_identify(src/Fast-Planner/uav_simulator/Utils/odom_visualization) by extensions ['ignore', 'ignore_ament_install']
[0.501s] Level 1:colcon.colcon_core.package_identification:_identify(src/Fast-Planner/uav_simulator/Utils/odom_visualization) by extension 'ignore'
[0.501s] Level 1:colcon.colcon_core.package_identification:_identify(src/Fast-Planner/uav_simulator/Utils/odom_visualization) by extension 'ignore_ament_install'
[0.501s] Level 1:colcon.colcon_core.package_identification:_identify(src/Fast-Planner/uav_simulator/Utils/odom_visualization) by extensions ['colcon_pkg']
[0.501s] Level 1:colcon.colcon_core.package_identification:_identify(src/Fast-Planner/uav_simulator/Utils/odom_visualization) by extension 'colcon_pkg'
[0.501s] Level 1:colcon.colcon_core.package_identification:_identify(src/Fast-Planner/uav_simulator/Utils/odom_visualization) by extensions ['colcon_meta']
[0.502s] Level 1:colcon.colcon_core.package_identification:_identify(src/Fast-Planner/uav_simulator/Utils/odom_visualization) by extension 'colcon_meta'
[0.502s] Level 1:colcon.colcon_core.package_identification:_identify(src/Fast-Planner/uav_simulator/Utils/odom_visualization) by extensions ['ros']
[0.502s] Level 1:colcon.colcon_core.package_identification:_identify(src/Fast-Planner/uav_simulator/Utils/odom_visualization) by extension 'ros'
[0.503s] DEBUG:colcon.colcon_core.package_identification:Package 'src/Fast-Planner/uav_simulator/Utils/odom_visualization' with type 'ros.ament_cmake' and name 'odom_visualization'
[0.504s] Level 1:colcon.colcon_core.package_identification:_identify(src/Fast-Planner/uav_simulator/Utils/pose_utils) by extensions ['ignore', 'ignore_ament_install']
[0.504s] Level 1:colcon.colcon_core.package_identification:_identify(src/Fast-Planner/uav_simulator/Utils/pose_utils) by extension 'ignore'
[0.504s] Level 1:colcon.colcon_core.package_identification:_identify(src/Fast-Planner/uav_simulator/Utils/pose_utils) by extension 'ignore_ament_install'
[0.504s] Level 1:colcon.colcon_core.package_identification:_identify(src/Fast-Planner/uav_simulator/Utils/pose_utils) by extensions ['colcon_pkg']
[0.504s] Level 1:colcon.colcon_core.package_identification:_identify(src/Fast-Planner/uav_simulator/Utils/pose_utils) by extension 'colcon_pkg'
[0.504s] Level 1:colcon.colcon_core.package_identification:_identify(src/Fast-Planner/uav_simulator/Utils/pose_utils) by extensions ['colcon_meta']
[0.504s] Level 1:colcon.colcon_core.package_identification:_identify(src/Fast-Planner/uav_simulator/Utils/pose_utils) by extension 'colcon_meta'
[0.504s] Level 1:colcon.colcon_core.package_identification:_identify(src/Fast-Planner/uav_simulator/Utils/pose_utils) by extensions ['ros']
[0.504s] Level 1:colcon.colcon_core.package_identification:_identify(src/Fast-Planner/uav_simulator/Utils/pose_utils) by extension 'ros'
[0.505s] DEBUG:colcon.colcon_core.package_identification:Package 'src/Fast-Planner/uav_simulator/Utils/pose_utils' with type 'ros.ament_cmake' and name 'pose_utils'
[0.505s] Level 1:colcon.colcon_core.package_identification:_identify(src/Fast-Planner/uav_simulator/Utils/quadrotor_msgs) by extensions ['ignore', 'ignore_ament_install']
[0.505s] Level 1:colcon.colcon_core.package_identification:_identify(src/Fast-Planner/uav_simulator/Utils/quadrotor_msgs) by extension 'ignore'
[0.505s] Level 1:colcon.colcon_core.package_identification:_identify(src/Fast-Planner/uav_simulator/Utils/quadrotor_msgs) by extension 'ignore_ament_install'
[0.506s] Level 1:colcon.colcon_core.package_identification:_identify(src/Fast-Planner/uav_simulator/Utils/quadrotor_msgs) by extensions ['colcon_pkg']
[0.506s] Level 1:colcon.colcon_core.package_identification:_identify(src/Fast-Planner/uav_simulator/Utils/quadrotor_msgs) by extension 'colcon_pkg'
[0.506s] Level 1:colcon.colcon_core.package_identification:_identify(src/Fast-Planner/uav_simulator/Utils/quadrotor_msgs) by extensions ['colcon_meta']
[0.506s] Level 1:colcon.colcon_core.package_identification:_identify(src/Fast-Planner/uav_simulator/Utils/quadrotor_msgs) by extension 'colcon_meta'
[0.506s] Level 1:colcon.colcon_core.package_identification:_identify(src/Fast-Planner/uav_simulator/Utils/quadrotor_msgs) by extensions ['ros']
[0.506s] Level 1:colcon.colcon_core.package_identification:_identify(src/Fast-Planner/uav_simulator/Utils/quadrotor_msgs) by extension 'ros'
[0.507s] DEBUG:colcon.colcon_core.package_identification:Package 'src/Fast-Planner/uav_simulator/Utils/quadrotor_msgs' with type 'ros.ament_cmake' and name 'quadrotor_msgs'
[0.507s] Level 1:colcon.colcon_core.package_identification:_identify(src/Fast-Planner/uav_simulator/Utils/rviz_plugins) by extensions ['ignore', 'ignore_ament_install']
[0.507s] Level 1:colcon.colcon_core.package_identification:_identify(src/Fast-Planner/uav_simulator/Utils/rviz_plugins) by extension 'ignore'
[0.507s] Level 1:colcon.colcon_core.package_identification:_identify(src/Fast-Planner/uav_simulator/Utils/rviz_plugins) by extension 'ignore_ament_install'
[0.507s] Level 1:colcon.colcon_core.package_identification:_identify(src/Fast-Planner/uav_simulator/Utils/rviz_plugins) by extensions ['colcon_pkg']
[0.507s] Level 1:colcon.colcon_core.package_identification:_identify(src/Fast-Planner/uav_simulator/Utils/rviz_plugins) by extension 'colcon_pkg'
[0.507s] Level 1:colcon.colcon_core.package_identification:_identify(src/Fast-Planner/uav_simulator/Utils/rviz_plugins) by extensions ['colcon_meta']
[0.508s] Level 1:colcon.colcon_core.package_identification:_identify(src/Fast-Planner/uav_simulator/Utils/rviz_plugins) by extension 'colcon_meta'
[0.508s] Level 1:colcon.colcon_core.package_identification:_identify(src/Fast-Planner/uav_simulator/Utils/rviz_plugins) by extensions ['ros']
[0.508s] Level 1:colcon.colcon_core.package_identification:_identify(src/Fast-Planner/uav_simulator/Utils/rviz_plugins) by extension 'ros'
[0.509s] DEBUG:colcon.colcon_core.package_identification:Package 'src/Fast-Planner/uav_simulator/Utils/rviz_plugins' with type 'ros.ament_cmake' and name 'rviz_plugins'
[0.509s] Level 1:colcon.colcon_core.package_identification:_identify(src/Fast-Planner/uav_simulator/Utils/uav_utils) by extensions ['ignore', 'ignore_ament_install']
[0.509s] Level 1:colcon.colcon_core.package_identification:_identify(src/Fast-Planner/uav_simulator/Utils/uav_utils) by extension 'ignore'
[0.510s] Level 1:colcon.colcon_core.package_identification:_identify(src/Fast-Planner/uav_simulator/Utils/uav_utils) by extension 'ignore_ament_install'
[0.510s] Level 1:colcon.colcon_core.package_identification:_identify(src/Fast-Planner/uav_simulator/Utils/uav_utils) by extensions ['colcon_pkg']
[0.510s] Level 1:colcon.colcon_core.package_identification:_identify(src/Fast-Planner/uav_simulator/Utils/uav_utils) by extension 'colcon_pkg'
[0.510s] Level 1:colcon.colcon_core.package_identification:_identify(src/Fast-Planner/uav_simulator/Utils/uav_utils) by extensions ['colcon_meta']
[0.510s] Level 1:colcon.colcon_core.package_identification:_identify(src/Fast-Planner/uav_simulator/Utils/uav_utils) by extension 'colcon_meta'
[0.510s] Level 1:colcon.colcon_core.package_identification:_identify(src/Fast-Planner/uav_simulator/Utils/uav_utils) by extensions ['ros']
[0.510s] Level 1:colcon.colcon_core.package_identification:_identify(src/Fast-Planner/uav_simulator/Utils/uav_utils) by extension 'ros'
[0.511s] DEBUG:colcon.colcon_core.package_identification:Package 'src/Fast-Planner/uav_simulator/Utils/uav_utils' with type 'ros.ament_cmake' and name 'uav_utils'
[0.511s] Level 1:colcon.colcon_core.package_identification:_identify(src/Fast-Planner/uav_simulator/Utils/waypoint_generator) by extensions ['ignore', 'ignore_ament_install']
[0.511s] Level 1:colcon.colcon_core.package_identification:_identify(src/Fast-Planner/uav_simulator/Utils/waypoint_generator) by extension 'ignore'
[0.511s] Level 1:colcon.colcon_core.package_identification:_identify(src/Fast-Planner/uav_simulator/Utils/waypoint_generator) by extension 'ignore_ament_install'
[0.512s] Level 1:colcon.colcon_core.package_identification:_identify(src/Fast-Planner/uav_simulator/Utils/waypoint_generator) by extensions ['colcon_pkg']
[0.512s] Level 1:colcon.colcon_core.package_identification:_identify(src/Fast-Planner/uav_simulator/Utils/waypoint_generator) by extension 'colcon_pkg'
[0.512s] Level 1:colcon.colcon_core.package_identification:_identify(src/Fast-Planner/uav_simulator/Utils/waypoint_generator) by extensions ['colcon_meta']
[0.512s] Level 1:colcon.colcon_core.package_identification:_identify(src/Fast-Planner/uav_simulator/Utils/waypoint_generator) by extension 'colcon_meta'
[0.512s] Level 1:colcon.colcon_core.package_identification:_identify(src/Fast-Planner/uav_simulator/Utils/waypoint_generator) by extensions ['ros']
[0.512s] Level 1:colcon.colcon_core.package_identification:_identify(src/Fast-Planner/uav_simulator/Utils/waypoint_generator) by extension 'ros'
[0.513s] DEBUG:colcon.colcon_core.package_identification:Package 'src/Fast-Planner/uav_simulator/Utils/waypoint_generator' with type 'ros.ament_cmake' and name 'waypoint_generator'
[0.513s] Level 1:colcon.colcon_core.package_identification:_identify(src/Fast-Planner/uav_simulator/local_sensing) by extensions ['ignore', 'ignore_ament_install']
[0.514s] Level 1:colcon.colcon_core.package_identification:_identify(src/Fast-Planner/uav_simulator/local_sensing) by extension 'ignore'
[0.514s] Level 1:colcon.colcon_core.package_identification:_identify(src/Fast-Planner/uav_simulator/local_sensing) by extension 'ignore_ament_install'
[0.514s] Level 1:colcon.colcon_core.package_identification:_identify(src/Fast-Planner/uav_simulator/local_sensing) by extensions ['colcon_pkg']
[0.514s] Level 1:colcon.colcon_core.package_identification:_identify(src/Fast-Planner/uav_simulator/local_sensing) by extension 'colcon_pkg'
[0.514s] Level 1:colcon.colcon_core.package_identification:_identify(src/Fast-Planner/uav_simulator/local_sensing) by extensions ['colcon_meta']
[0.514s] Level 1:colcon.colcon_core.package_identification:_identify(src/Fast-Planner/uav_simulator/local_sensing) by extension 'colcon_meta'
[0.514s] Level 1:colcon.colcon_core.package_identification:_identify(src/Fast-Planner/uav_simulator/local_sensing) by extensions ['ros']
[0.514s] Level 1:colcon.colcon_core.package_identification:_identify(src/Fast-Planner/uav_simulator/local_sensing) by extension 'ros'
[0.516s] DEBUG:colcon.colcon_core.package_identification:Package 'src/Fast-Planner/uav_simulator/local_sensing' with type 'ros.ament_cmake' and name 'local_sensing_node'
[0.516s] Level 1:colcon.colcon_core.package_identification:_identify(src/Fast-Planner/uav_simulator/map_generator) by extensions ['ignore', 'ignore_ament_install']
[0.516s] Level 1:colcon.colcon_core.package_identification:_identify(src/Fast-Planner/uav_simulator/map_generator) by extension 'ignore'
[0.516s] Level 1:colcon.colcon_core.package_identification:_identify(src/Fast-Planner/uav_simulator/map_generator) by extension 'ignore_ament_install'
[0.517s] Level 1:colcon.colcon_core.package_identification:_identify(src/Fast-Planner/uav_simulator/map_generator) by extensions ['colcon_pkg']
[0.517s] Level 1:colcon.colcon_core.package_identification:_identify(src/Fast-Planner/uav_simulator/map_generator) by extension 'colcon_pkg'
[0.517s] Level 1:colcon.colcon_core.package_identification:_identify(src/Fast-Planner/uav_simulator/map_generator) by extensions ['colcon_meta']
[0.517s] Level 1:colcon.colcon_core.package_identification:_identify(src/Fast-Planner/uav_simulator/map_generator) by extension 'colcon_meta'
[0.517s] Level 1:colcon.colcon_core.package_identification:_identify(src/Fast-Planner/uav_simulator/map_generator) by extensions ['ros']
[0.517s] Level 1:colcon.colcon_core.package_identification:_identify(src/Fast-Planner/uav_simulator/map_generator) by extension 'ros'
[0.518s] DEBUG:colcon.colcon_core.package_identification:Package 'src/Fast-Planner/uav_simulator/map_generator' with type 'ros.ament_cmake' and name 'map_generator'
[0.518s] Level 1:colcon.colcon_core.package_identification:_identify(src/Fast-Planner/uav_simulator/so3_control) by extensions ['ignore', 'ignore_ament_install']
[0.519s] Level 1:colcon.colcon_core.package_identification:_identify(src/Fast-Planner/uav_simulator/so3_control) by extension 'ignore'
[0.519s] Level 1:colcon.colcon_core.package_identification:_identify(src/Fast-Planner/uav_simulator/so3_control) by extension 'ignore_ament_install'
[0.519s] Level 1:colcon.colcon_core.package_identification:_identify(src/Fast-Planner/uav_simulator/so3_control) by extensions ['colcon_pkg']
[0.519s] Level 1:colcon.colcon_core.package_identification:_identify(src/Fast-Planner/uav_simulator/so3_control) by extension 'colcon_pkg'
[0.519s] Level 1:colcon.colcon_core.package_identification:_identify(src/Fast-Planner/uav_simulator/so3_control) by extensions ['colcon_meta']
[0.519s] Level 1:colcon.colcon_core.package_identification:_identify(src/Fast-Planner/uav_simulator/so3_control) by extension 'colcon_meta'
[0.519s] Level 1:colcon.colcon_core.package_identification:_identify(src/Fast-Planner/uav_simulator/so3_control) by extensions ['ros']
[0.519s] Level 1:colcon.colcon_core.package_identification:_identify(src/Fast-Planner/uav_simulator/so3_control) by extension 'ros'
[0.521s] DEBUG:colcon.colcon_core.package_identification:Package 'src/Fast-Planner/uav_simulator/so3_control' with type 'ros.ament_cmake' and name 'so3_control'
[0.521s] Level 1:colcon.colcon_core.package_identification:_identify(src/Fast-Planner/uav_simulator/so3_disturbance_generator) by extensions ['ignore', 'ignore_ament_install']
[0.521s] Level 1:colcon.colcon_core.package_identification:_identify(src/Fast-Planner/uav_simulator/so3_disturbance_generator) by extension 'ignore'
[0.521s] Level 1:colcon.colcon_core.package_identification:_identify(src/Fast-Planner/uav_simulator/so3_disturbance_generator) by extension 'ignore_ament_install'
[0.521s] Level 1:colcon.colcon_core.package_identification:_identify(src/Fast-Planner/uav_simulator/so3_disturbance_generator) by extensions ['colcon_pkg']
[0.521s] Level 1:colcon.colcon_core.package_identification:_identify(src/Fast-Planner/uav_simulator/so3_disturbance_generator) by extension 'colcon_pkg'
[0.521s] Level 1:colcon.colcon_core.package_identification:_identify(src/Fast-Planner/uav_simulator/so3_disturbance_generator) by extensions ['colcon_meta']
[0.521s] Level 1:colcon.colcon_core.package_identification:_identify(src/Fast-Planner/uav_simulator/so3_disturbance_generator) by extension 'colcon_meta'
[0.521s] Level 1:colcon.colcon_core.package_identification:_identify(src/Fast-Planner/uav_simulator/so3_disturbance_generator) by extensions ['ros']
[0.521s] Level 1:colcon.colcon_core.package_identification:_identify(src/Fast-Planner/uav_simulator/so3_disturbance_generator) by extension 'ros'
[0.523s] DEBUG:colcon.colcon_core.package_identification:Package 'src/Fast-Planner/uav_simulator/so3_disturbance_generator' with type 'ros.ament_cmake' and name 'so3_disturbance_generator'
[0.523s] Level 1:colcon.colcon_core.package_identification:_identify(src/Fast-Planner/uav_simulator/so3_quadrotor_simulator) by extensions ['ignore', 'ignore_ament_install']
[0.523s] Level 1:colcon.colcon_core.package_identification:_identify(src/Fast-Planner/uav_simulator/so3_quadrotor_simulator) by extension 'ignore'
[0.523s] Level 1:colcon.colcon_core.package_identification:_identify(src/Fast-Planner/uav_simulator/so3_quadrotor_simulator) by extension 'ignore_ament_install'
[0.523s] Level 1:colcon.colcon_core.package_identification:_identify(src/Fast-Planner/uav_simulator/so3_quadrotor_simulator) by extensions ['colcon_pkg']
[0.523s] Level 1:colcon.colcon_core.package_identification:_identify(src/Fast-Planner/uav_simulator/so3_quadrotor_simulator) by extension 'colcon_pkg'
[0.523s] Level 1:colcon.colcon_core.package_identification:_identify(src/Fast-Planner/uav_simulator/so3_quadrotor_simulator) by extensions ['colcon_meta']
[0.524s] Level 1:colcon.colcon_core.package_identification:_identify(src/Fast-Planner/uav_simulator/so3_quadrotor_simulator) by extension 'colcon_meta'
[0.524s] Level 1:colcon.colcon_core.package_identification:_identify(src/Fast-Planner/uav_simulator/so3_quadrotor_simulator) by extensions ['ros']
[0.524s] Level 1:colcon.colcon_core.package_identification:_identify(src/Fast-Planner/uav_simulator/so3_quadrotor_simulator) by extension 'ros'
[0.525s] DEBUG:colcon.colcon_core.package_identification:Package 'src/Fast-Planner/uav_simulator/so3_quadrotor_simulator' with type 'ros.ament_cmake' and name 'so3_quadrotor_simulator'
[0.525s] Level 1:colcon.colcon_core.package_discovery:discover_packages(recursive) using defaults
[0.525s] Level 1:colcon.colcon_core.package_discovery:discover_packages(ignore) discover
[0.525s] Level 1:colcon.colcon_core.package_discovery:discover_packages(ignore) using defaults
[0.525s] Level 1:colcon.colcon_core.package_discovery:discover_packages(path) discover
[0.525s] Level 1:colcon.colcon_core.package_discovery:discover_packages(path) using defaults
[0.600s] Level 1:colcon.colcon_core.package_discovery:discover_packages(prefix_path) check parameters
[0.600s] Level 1:colcon.colcon_core.package_discovery:discover_packages(prefix_path) discover
[0.603s] DEBUG:colcon.colcon_installed_package_information.package_discovery:Found 8 installed packages in /root/colcon_ws/install
[0.605s] DEBUG:colcon.colcon_installed_package_information.package_discovery:Found 287 installed packages in /opt/ros/humble
[0.607s] Level 1:colcon.colcon_core.package_discovery:discover_packages(prefix_path) using defaults
[0.671s] Level 5:colcon.colcon_core.verb:set package 'cmake_utils' build argument 'cmake_args' from command line to 'None'
[0.672s] Level 5:colcon.colcon_core.verb:set package 'cmake_utils' build argument 'cmake_target' from command line to 'None'
[0.672s] Level 5:colcon.colcon_core.verb:set package 'cmake_utils' build argument 'cmake_target_skip_unavailable' from command line to 'False'
[0.672s] Level 5:colcon.colcon_core.verb:set package 'cmake_utils' build argument 'cmake_clean_cache' from command line to 'False'
[0.672s] Level 5:colcon.colcon_core.verb:set package 'cmake_utils' build argument 'cmake_clean_first' from command line to 'False'
[0.672s] Level 5:colcon.colcon_core.verb:set package 'cmake_utils' build argument 'cmake_force_configure' from command line to 'False'
[0.672s] Level 5:colcon.colcon_core.verb:set package 'cmake_utils' build argument 'ament_cmake_args' from command line to 'None'
[0.672s] Level 5:colcon.colcon_core.verb:set package 'cmake_utils' build argument 'catkin_cmake_args' from command line to 'None'
[0.672s] Level 5:colcon.colcon_core.verb:set package 'cmake_utils' build argument 'catkin_skip_building_tests' from command line to 'False'
[0.672s] DEBUG:colcon.colcon_core.verb:Building package 'cmake_utils' with the following arguments: {'ament_cmake_args': None, 'build_base': '/root/colcon_ws/build/cmake_utils', 'catkin_cmake_args': None, 'catkin_skip_building_tests': False, 'cmake_args': None, 'cmake_clean_cache': False, 'cmake_clean_first': False, 'cmake_force_configure': False, 'cmake_target': None, 'cmake_target_skip_unavailable': False, 'install_base': '/root/colcon_ws/install/cmake_utils', 'merge_install': False, 'path': '/root/colcon_ws/src/Fast-Planner/uav_simulator/Utils/cmake_utils', 'symlink_install': False, 'test_result_base': None}
[0.673s] Level 5:colcon.colcon_core.verb:set package 'map_generator' build argument 'cmake_args' from command line to 'None'
[0.673s] Level 5:colcon.colcon_core.verb:set package 'map_generator' build argument 'cmake_target' from command line to 'None'
[0.673s] Level 5:colcon.colcon_core.verb:set package 'map_generator' build argument 'cmake_target_skip_unavailable' from command line to 'False'
[0.673s] Level 5:colcon.colcon_core.verb:set package 'map_generator' build argument 'cmake_clean_cache' from command line to 'False'
[0.673s] Level 5:colcon.colcon_core.verb:set package 'map_generator' build argument 'cmake_clean_first' from command line to 'False'
[0.673s] Level 5:colcon.colcon_core.verb:set package 'map_generator' build argument 'cmake_force_configure' from command line to 'False'
[0.673s] Level 5:colcon.colcon_core.verb:set package 'map_generator' build argument 'ament_cmake_args' from command line to 'None'
[0.673s] Level 5:colcon.colcon_core.verb:set package 'map_generator' build argument 'catkin_cmake_args' from command line to 'None'
[0.673s] Level 5:colcon.colcon_core.verb:set package 'map_generator' build argument 'catkin_skip_building_tests' from command line to 'False'
[0.673s] DEBUG:colcon.colcon_core.verb:Building package 'map_generator' with the following arguments: {'ament_cmake_args': None, 'build_base': '/root/colcon_ws/build/map_generator', 'catkin_cmake_args': None, 'catkin_skip_building_tests': False, 'cmake_args': None, 'cmake_clean_cache': False, 'cmake_clean_first': False, 'cmake_force_configure': False, 'cmake_target': None, 'cmake_target_skip_unavailable': False, 'install_base': '/root/colcon_ws/install/map_generator', 'merge_install': False, 'path': '/root/colcon_ws/src/Fast-Planner/uav_simulator/map_generator', 'symlink_install': False, 'test_result_base': None}
[0.674s] Level 5:colcon.colcon_core.verb:set package 'plan_env' build argument 'cmake_args' from command line to 'None'
[0.674s] Level 5:colcon.colcon_core.verb:set package 'plan_env' build argument 'cmake_target' from command line to 'None'
[0.674s] Level 5:colcon.colcon_core.verb:set package 'plan_env' build argument 'cmake_target_skip_unavailable' from command line to 'False'
[0.674s] Level 5:colcon.colcon_core.verb:set package 'plan_env' build argument 'cmake_clean_cache' from command line to 'False'
[0.674s] Level 5:colcon.colcon_core.verb:set package 'plan_env' build argument 'cmake_clean_first' from command line to 'False'
[0.674s] Level 5:colcon.colcon_core.verb:set package 'plan_env' build argument 'cmake_force_configure' from command line to 'False'
[0.674s] Level 5:colcon.colcon_core.verb:set package 'plan_env' build argument 'ament_cmake_args' from command line to 'None'
[0.674s] Level 5:colcon.colcon_core.verb:set package 'plan_env' build argument 'catkin_cmake_args' from command line to 'None'
[0.674s] Level 5:colcon.colcon_core.verb:set package 'plan_env' build argument 'catkin_skip_building_tests' from command line to 'False'
[0.674s] DEBUG:colcon.colcon_core.verb:Building package 'plan_env' with the following arguments: {'ament_cmake_args': None, 'build_base': '/root/colcon_ws/build/plan_env', 'catkin_cmake_args': None, 'catkin_skip_building_tests': False, 'cmake_args': None, 'cmake_clean_cache': False, 'cmake_clean_first': False, 'cmake_force_configure': False, 'cmake_target': None, 'cmake_target_skip_unavailable': False, 'install_base': '/root/colcon_ws/install/plan_env', 'merge_install': False, 'path': '/root/colcon_ws/src/Fast-Planner/fast_planner/plan_env', 'symlink_install': False, 'test_result_base': None}
[0.675s] Level 5:colcon.colcon_core.verb:set package 'poly_traj' build argument 'cmake_args' from command line to 'None'
[0.675s] Level 5:colcon.colcon_core.verb:set package 'poly_traj' build argument 'cmake_target' from command line to 'None'
[0.675s] Level 5:colcon.colcon_core.verb:set package 'poly_traj' build argument 'cmake_target_skip_unavailable' from command line to 'False'
[0.675s] Level 5:colcon.colcon_core.verb:set package 'poly_traj' build argument 'cmake_clean_cache' from command line to 'False'
[0.675s] Level 5:colcon.colcon_core.verb:set package 'poly_traj' build argument 'cmake_clean_first' from command line to 'False'
[0.675s] Level 5:colcon.colcon_core.verb:set package 'poly_traj' build argument 'cmake_force_configure' from command line to 'False'
[0.675s] Level 5:colcon.colcon_core.verb:set package 'poly_traj' build argument 'ament_cmake_args' from command line to 'None'
[0.675s] Level 5:colcon.colcon_core.verb:set package 'poly_traj' build argument 'catkin_cmake_args' from command line to 'None'
[0.675s] Level 5:colcon.colcon_core.verb:set package 'poly_traj' build argument 'catkin_skip_building_tests' from command line to 'False'
[0.675s] DEBUG:colcon.colcon_core.verb:Building package 'poly_traj' with the following arguments: {'ament_cmake_args': None, 'build_base': '/root/colcon_ws/build/poly_traj', 'catkin_cmake_args': None, 'catkin_skip_building_tests': False, 'cmake_args': None, 'cmake_clean_cache': False, 'cmake_clean_first': False, 'cmake_force_configure': False, 'cmake_target': None, 'cmake_target_skip_unavailable': False, 'install_base': '/root/colcon_ws/install/poly_traj', 'merge_install': False, 'path': '/root/colcon_ws/src/Fast-Planner/fast_planner/poly_traj', 'symlink_install': False, 'test_result_base': None}
[0.676s] Level 5:colcon.colcon_core.verb:set package 'pose_utils' build argument 'cmake_args' from command line to 'None'
[0.676s] Level 5:colcon.colcon_core.verb:set package 'pose_utils' build argument 'cmake_target' from command line to 'None'
[0.676s] Level 5:colcon.colcon_core.verb:set package 'pose_utils' build argument 'cmake_target_skip_unavailable' from command line to 'False'
[0.676s] Level 5:colcon.colcon_core.verb:set package 'pose_utils' build argument 'cmake_clean_cache' from command line to 'False'
[0.676s] Level 5:colcon.colcon_core.verb:set package 'pose_utils' build argument 'cmake_clean_first' from command line to 'False'
[0.676s] Level 5:colcon.colcon_core.verb:set package 'pose_utils' build argument 'cmake_force_configure' from command line to 'False'
[0.676s] Level 5:colcon.colcon_core.verb:set package 'pose_utils' build argument 'ament_cmake_args' from command line to 'None'
[0.676s] Level 5:colcon.colcon_core.verb:set package 'pose_utils' build argument 'catkin_cmake_args' from command line to 'None'
[0.676s] Level 5:colcon.colcon_core.verb:set package 'pose_utils' build argument 'catkin_skip_building_tests' from command line to 'False'
[0.676s] DEBUG:colcon.colcon_core.verb:Building package 'pose_utils' with the following arguments: {'ament_cmake_args': None, 'build_base': '/root/colcon_ws/build/pose_utils', 'catkin_cmake_args': None, 'catkin_skip_building_tests': False, 'cmake_args': None, 'cmake_clean_cache': False, 'cmake_clean_first': False, 'cmake_force_configure': False, 'cmake_target': None, 'cmake_target_skip_unavailable': False, 'install_base': '/root/colcon_ws/install/pose_utils', 'merge_install': False, 'path': '/root/colcon_ws/src/Fast-Planner/uav_simulator/Utils/pose_utils', 'symlink_install': False, 'test_result_base': None}
[0.676s] Level 5:colcon.colcon_core.verb:set package 'quadrotor_msgs' build argument 'cmake_args' from command line to 'None'
[0.676s] Level 5:colcon.colcon_core.verb:set package 'quadrotor_msgs' build argument 'cmake_target' from command line to 'None'
[0.676s] Level 5:colcon.colcon_core.verb:set package 'quadrotor_msgs' build argument 'cmake_target_skip_unavailable' from command line to 'False'
[0.676s] Level 5:colcon.colcon_core.verb:set package 'quadrotor_msgs' build argument 'cmake_clean_cache' from command line to 'False'
[0.677s] Level 5:colcon.colcon_core.verb:set package 'quadrotor_msgs' build argument 'cmake_clean_first' from command line to 'False'
[0.677s] Level 5:colcon.colcon_core.verb:set package 'quadrotor_msgs' build argument 'cmake_force_configure' from command line to 'False'
[0.677s] Level 5:colcon.colcon_core.verb:set package 'quadrotor_msgs' build argument 'ament_cmake_args' from command line to 'None'
[0.677s] Level 5:colcon.colcon_core.verb:set package 'quadrotor_msgs' build argument 'catkin_cmake_args' from command line to 'None'
[0.677s] Level 5:colcon.colcon_core.verb:set package 'quadrotor_msgs' build argument 'catkin_skip_building_tests' from command line to 'False'
[0.677s] DEBUG:colcon.colcon_core.verb:Building package 'quadrotor_msgs' with the following arguments: {'ament_cmake_args': None, 'build_base': '/root/colcon_ws/build/quadrotor_msgs', 'catkin_cmake_args': None, 'catkin_skip_building_tests': False, 'cmake_args': None, 'cmake_clean_cache': False, 'cmake_clean_first': False, 'cmake_force_configure': False, 'cmake_target': None, 'cmake_target_skip_unavailable': False, 'install_base': '/root/colcon_ws/install/quadrotor_msgs', 'merge_install': False, 'path': '/root/colcon_ws/src/Fast-Planner/uav_simulator/Utils/quadrotor_msgs', 'symlink_install': False, 'test_result_base': None}
[0.677s] Level 5:colcon.colcon_core.verb:set package 'waypoint_generator' build argument 'cmake_args' from command line to 'None'
[0.677s] Level 5:colcon.colcon_core.verb:set package 'waypoint_generator' build argument 'cmake_target' from command line to 'None'
[0.677s] Level 5:colcon.colcon_core.verb:set package 'waypoint_generator' build argument 'cmake_target_skip_unavailable' from command line to 'False'
[0.677s] Level 5:colcon.colcon_core.verb:set package 'waypoint_generator' build argument 'cmake_clean_cache' from command line to 'False'
[0.677s] Level 5:colcon.colcon_core.verb:set package 'waypoint_generator' build argument 'cmake_clean_first' from command line to 'False'
[0.677s] Level 5:colcon.colcon_core.verb:set package 'waypoint_generator' build argument 'cmake_force_configure' from command line to 'False'
[0.677s] Level 5:colcon.colcon_core.verb:set package 'waypoint_generator' build argument 'ament_cmake_args' from command line to 'None'
[0.677s] Level 5:colcon.colcon_core.verb:set package 'waypoint_generator' build argument 'catkin_cmake_args' from command line to 'None'
[0.677s] Level 5:colcon.colcon_core.verb:set package 'waypoint_generator' build argument 'catkin_skip_building_tests' from command line to 'False'
[0.678s] DEBUG:colcon.colcon_core.verb:Building package 'waypoint_generator' with the following arguments: {'ament_cmake_args': None, 'build_base': '/root/colcon_ws/build/waypoint_generator', 'catkin_cmake_args': None, 'catkin_skip_building_tests': False, 'cmake_args': None, 'cmake_clean_cache': False, 'cmake_clean_first': False, 'cmake_force_configure': False, 'cmake_target': None, 'cmake_target_skip_unavailable': False, 'install_base': '/root/colcon_ws/install/waypoint_generator', 'merge_install': False, 'path': '/root/colcon_ws/src/Fast-Planner/uav_simulator/Utils/waypoint_generator', 'symlink_install': False, 'test_result_base': None}
[0.678s] Level 5:colcon.colcon_core.verb:set package 'bspline' build argument 'cmake_args' from command line to 'None'
[0.678s] Level 5:colcon.colcon_core.verb:set package 'bspline' build argument 'cmake_target' from command line to 'None'
[0.678s] Level 5:colcon.colcon_core.verb:set package 'bspline' build argument 'cmake_target_skip_unavailable' from command line to 'False'
[0.678s] Level 5:colcon.colcon_core.verb:set package 'bspline' build argument 'cmake_clean_cache' from command line to 'False'
[0.678s] Level 5:colcon.colcon_core.verb:set package 'bspline' build argument 'cmake_clean_first' from command line to 'False'
[0.678s] Level 5:colcon.colcon_core.verb:set package 'bspline' build argument 'cmake_force_configure' from command line to 'False'
[0.678s] Level 5:colcon.colcon_core.verb:set package 'bspline' build argument 'ament_cmake_args' from command line to 'None'
[0.678s] Level 5:colcon.colcon_core.verb:set package 'bspline' build argument 'catkin_cmake_args' from command line to 'None'
[0.678s] Level 5:colcon.colcon_core.verb:set package 'bspline' build argument 'catkin_skip_building_tests' from command line to 'False'
[0.678s] DEBUG:colcon.colcon_core.verb:Building package 'bspline' with the following arguments: {'ament_cmake_args': None, 'build_base': '/root/colcon_ws/build/bspline', 'catkin_cmake_args': None, 'catkin_skip_building_tests': False, 'cmake_args': None, 'cmake_clean_cache': False, 'cmake_clean_first': False, 'cmake_force_configure': False, 'cmake_target': None, 'cmake_target_skip_unavailable': False, 'install_base': '/root/colcon_ws/install/bspline', 'merge_install': False, 'path': '/root/colcon_ws/src/Fast-Planner/fast_planner/bspline', 'symlink_install': False, 'test_result_base': None}
[0.679s] Level 5:colcon.colcon_core.verb:set package 'bspline_opt' build argument 'cmake_args' from command line to 'None'
[0.679s] Level 5:colcon.colcon_core.verb:set package 'bspline_opt' build argument 'cmake_target' from command line to 'None'
[0.679s] Level 5:colcon.colcon_core.verb:set package 'bspline_opt' build argument 'cmake_target_skip_unavailable' from command line to 'False'
[0.679s] Level 5:colcon.colcon_core.verb:set package 'bspline_opt' build argument 'cmake_clean_cache' from command line to 'False'
[0.679s] Level 5:colcon.colcon_core.verb:set package 'bspline_opt' build argument 'cmake_clean_first' from command line to 'False'
[0.679s] Level 5:colcon.colcon_core.verb:set package 'bspline_opt' build argument 'cmake_force_configure' from command line to 'False'
[0.679s] Level 5:colcon.colcon_core.verb:set package 'bspline_opt' build argument 'ament_cmake_args' from command line to 'None'
[0.679s] Level 5:colcon.colcon_core.verb:set package 'bspline_opt' build argument 'catkin_cmake_args' from command line to 'None'
[0.679s] Level 5:colcon.colcon_core.verb:set package 'bspline_opt' build argument 'catkin_skip_building_tests' from command line to 'False'
[0.679s] DEBUG:colcon.colcon_core.verb:Building package 'bspline_opt' with the following arguments: {'ament_cmake_args': None, 'build_base': '/root/colcon_ws/build/bspline_opt', 'catkin_cmake_args': None, 'catkin_skip_building_tests': False, 'cmake_args': None, 'cmake_clean_cache': False, 'cmake_clean_first': False, 'cmake_force_configure': False, 'cmake_target': None, 'cmake_target_skip_unavailable': False, 'install_base': '/root/colcon_ws/install/bspline_opt', 'merge_install': False, 'path': '/root/colcon_ws/src/Fast-Planner/fast_planner/bspline_opt', 'symlink_install': False, 'test_result_base': None}
[0.680s] Level 5:colcon.colcon_core.verb:set package 'local_sensing_node' build argument 'cmake_args' from command line to 'None'
[0.680s] Level 5:colcon.colcon_core.verb:set package 'local_sensing_node' build argument 'cmake_target' from command line to 'None'
[0.680s] Level 5:colcon.colcon_core.verb:set package 'local_sensing_node' build argument 'cmake_target_skip_unavailable' from command line to 'False'
[0.680s] Level 5:colcon.colcon_core.verb:set package 'local_sensing_node' build argument 'cmake_clean_cache' from command line to 'False'
[0.680s] Level 5:colcon.colcon_core.verb:set package 'local_sensing_node' build argument 'cmake_clean_first' from command line to 'False'
[0.680s] Level 5:colcon.colcon_core.verb:set package 'local_sensing_node' build argument 'cmake_force_configure' from command line to 'False'
[0.680s] Level 5:colcon.colcon_core.verb:set package 'local_sensing_node' build argument 'ament_cmake_args' from command line to 'None'
[0.680s] Level 5:colcon.colcon_core.verb:set package 'local_sensing_node' build argument 'catkin_cmake_args' from command line to 'None'
[0.680s] Level 5:colcon.colcon_core.verb:set package 'local_sensing_node' build argument 'catkin_skip_building_tests' from command line to 'False'
[0.680s] DEBUG:colcon.colcon_core.verb:Building package 'local_sensing_node' with the following arguments: {'ament_cmake_args': None, 'build_base': '/root/colcon_ws/build/local_sensing_node', 'catkin_cmake_args': None, 'catkin_skip_building_tests': False, 'cmake_args': None, 'cmake_clean_cache': False, 'cmake_clean_first': False, 'cmake_force_configure': False, 'cmake_target': None, 'cmake_target_skip_unavailable': False, 'install_base': '/root/colcon_ws/install/local_sensing_node', 'merge_install': False, 'path': '/root/colcon_ws/src/Fast-Planner/uav_simulator/local_sensing', 'symlink_install': False, 'test_result_base': None}
[0.680s] Level 5:colcon.colcon_core.verb:set package 'multi_map_server' build argument 'cmake_args' from command line to 'None'
[0.680s] Level 5:colcon.colcon_core.verb:set package 'multi_map_server' build argument 'cmake_target' from command line to 'None'
[0.681s] Level 5:colcon.colcon_core.verb:set package 'multi_map_server' build argument 'cmake_target_skip_unavailable' from command line to 'False'
[0.681s] Level 5:colcon.colcon_core.verb:set package 'multi_map_server' build argument 'cmake_clean_cache' from command line to 'False'
[0.681s] Level 5:colcon.colcon_core.verb:set package 'multi_map_server' build argument 'cmake_clean_first' from command line to 'False'
[0.681s] Level 5:colcon.colcon_core.verb:set package 'multi_map_server' build argument 'cmake_force_configure' from command line to 'False'
[0.681s] Level 5:colcon.colcon_core.verb:set package 'multi_map_server' build argument 'ament_cmake_args' from command line to 'None'
[0.681s] Level 5:colcon.colcon_core.verb:set package 'multi_map_server' build argument 'catkin_cmake_args' from command line to 'None'
[0.681s] Level 5:colcon.colcon_core.verb:set package 'multi_map_server' build argument 'catkin_skip_building_tests' from command line to 'False'
[0.681s] DEBUG:colcon.colcon_core.verb:Building package 'multi_map_server' with the following arguments: {'ament_cmake_args': None, 'build_base': '/root/colcon_ws/build/multi_map_server', 'catkin_cmake_args': None, 'catkin_skip_building_tests': False, 'cmake_args': None, 'cmake_clean_cache': False, 'cmake_clean_first': False, 'cmake_force_configure': False, 'cmake_target': None, 'cmake_target_skip_unavailable': False, 'install_base': '/root/colcon_ws/install/multi_map_server', 'merge_install': False, 'path': '/root/colcon_ws/src/Fast-Planner/uav_simulator/Utils/multi_map_server', 'symlink_install': False, 'test_result_base': None}
[0.681s] Level 5:colcon.colcon_core.verb:set package 'odom_visualization' build argument 'cmake_args' from command line to 'None'
[0.681s] Level 5:colcon.colcon_core.verb:set package 'odom_visualization' build argument 'cmake_target' from command line to 'None'
[0.681s] Level 5:colcon.colcon_core.verb:set package 'odom_visualization' build argument 'cmake_target_skip_unavailable' from command line to 'False'
[0.681s] Level 5:colcon.colcon_core.verb:set package 'odom_visualization' build argument 'cmake_clean_cache' from command line to 'False'
[0.681s] Level 5:colcon.colcon_core.verb:set package 'odom_visualization' build argument 'cmake_clean_first' from command line to 'False'
[0.681s] Level 5:colcon.colcon_core.verb:set package 'odom_visualization' build argument 'cmake_force_configure' from command line to 'False'
[0.681s] Level 5:colcon.colcon_core.verb:set package 'odom_visualization' build argument 'ament_cmake_args' from command line to 'None'
[0.682s] Level 5:colcon.colcon_core.verb:set package 'odom_visualization' build argument 'catkin_cmake_args' from command line to 'None'
[0.682s] Level 5:colcon.colcon_core.verb:set package 'odom_visualization' build argument 'catkin_skip_building_tests' from command line to 'False'
[0.682s] DEBUG:colcon.colcon_core.verb:Building package 'odom_visualization' with the following arguments: {'ament_cmake_args': None, 'build_base': '/root/colcon_ws/build/odom_visualization', 'catkin_cmake_args': None, 'catkin_skip_building_tests': False, 'cmake_args': None, 'cmake_clean_cache': False, 'cmake_clean_first': False, 'cmake_force_configure': False, 'cmake_target': None, 'cmake_target_skip_unavailable': False, 'install_base': '/root/colcon_ws/install/odom_visualization', 'merge_install': False, 'path': '/root/colcon_ws/src/Fast-Planner/uav_simulator/Utils/odom_visualization', 'symlink_install': False, 'test_result_base': None}
[0.682s] Level 5:colcon.colcon_core.verb:set package 'path_searching' build argument 'cmake_args' from command line to 'None'
[0.682s] Level 5:colcon.colcon_core.verb:set package 'path_searching' build argument 'cmake_target' from command line to 'None'
[0.682s] Level 5:colcon.colcon_core.verb:set package 'path_searching' build argument 'cmake_target_skip_unavailable' from command line to 'False'
[0.682s] Level 5:colcon.colcon_core.verb:set package 'path_searching' build argument 'cmake_clean_cache' from command line to 'False'
[0.682s] Level 5:colcon.colcon_core.verb:set package 'path_searching' build argument 'cmake_clean_first' from command line to 'False'
[0.682s] Level 5:colcon.colcon_core.verb:set package 'path_searching' build argument 'cmake_force_configure' from command line to 'False'
[0.682s] Level 5:colcon.colcon_core.verb:set package 'path_searching' build argument 'ament_cmake_args' from command line to 'None'
[0.682s] Level 5:colcon.colcon_core.verb:set package 'path_searching' build argument 'catkin_cmake_args' from command line to 'None'
[0.682s] Level 5:colcon.colcon_core.verb:set package 'path_searching' build argument 'catkin_skip_building_tests' from command line to 'False'
[0.682s] DEBUG:colcon.colcon_core.verb:Building package 'path_searching' with the following arguments: {'ament_cmake_args': None, 'build_base': '/root/colcon_ws/build/path_searching', 'catkin_cmake_args': None, 'catkin_skip_building_tests': False, 'cmake_args': None, 'cmake_clean_cache': False, 'cmake_clean_first': False, 'cmake_force_configure': False, 'cmake_target': None, 'cmake_target_skip_unavailable': False, 'install_base': '/root/colcon_ws/install/path_searching', 'merge_install': False, 'path': '/root/colcon_ws/src/Fast-Planner/fast_planner/path_searching', 'symlink_install': False, 'test_result_base': None}
[0.683s] Level 5:colcon.colcon_core.verb:set package 'so3_control' build argument 'cmake_args' from command line to 'None'
[0.683s] Level 5:colcon.colcon_core.verb:set package 'so3_control' build argument 'cmake_target' from command line to 'None'
[0.683s] Level 5:colcon.colcon_core.verb:set package 'so3_control' build argument 'cmake_target_skip_unavailable' from command line to 'False'
[0.683s] Level 5:colcon.colcon_core.verb:set package 'so3_control' build argument 'cmake_clean_cache' from command line to 'False'
[0.683s] Level 5:colcon.colcon_core.verb:set package 'so3_control' build argument 'cmake_clean_first' from command line to 'False'
[0.683s] Level 5:colcon.colcon_core.verb:set package 'so3_control' build argument 'cmake_force_configure' from command line to 'False'
[0.683s] Level 5:colcon.colcon_core.verb:set package 'so3_control' build argument 'ament_cmake_args' from command line to 'None'
[0.683s] Level 5:colcon.colcon_core.verb:set package 'so3_control' build argument 'catkin_cmake_args' from command line to 'None'
[0.683s] Level 5:colcon.colcon_core.verb:set package 'so3_control' build argument 'catkin_skip_building_tests' from command line to 'False'
[0.683s] DEBUG:colcon.colcon_core.verb:Building package 'so3_control' with the following arguments: {'ament_cmake_args': None, 'build_base': '/root/colcon_ws/build/so3_control', 'catkin_cmake_args': None, 'catkin_skip_building_tests': False, 'cmake_args': None, 'cmake_clean_cache': False, 'cmake_clean_first': False, 'cmake_force_configure': False, 'cmake_target': None, 'cmake_target_skip_unavailable': False, 'install_base': '/root/colcon_ws/install/so3_control', 'merge_install': False, 'path': '/root/colcon_ws/src/Fast-Planner/uav_simulator/so3_control', 'symlink_install': False, 'test_result_base': None}
[0.684s] Level 5:colcon.colcon_core.verb:set package 'so3_disturbance_generator' build argument 'cmake_args' from command line to 'None'
[0.684s] Level 5:colcon.colcon_core.verb:set package 'so3_disturbance_generator' build argument 'cmake_target' from command line to 'None'
[0.684s] Level 5:colcon.colcon_core.verb:set package 'so3_disturbance_generator' build argument 'cmake_target_skip_unavailable' from command line to 'False'
[0.684s] Level 5:colcon.colcon_core.verb:set package 'so3_disturbance_generator' build argument 'cmake_clean_cache' from command line to 'False'
[0.684s] Level 5:colcon.colcon_core.verb:set package 'so3_disturbance_generator' build argument 'cmake_clean_first' from command line to 'False'
[0.684s] Level 5:colcon.colcon_core.verb:set package 'so3_disturbance_generator' build argument 'cmake_force_configure' from command line to 'False'
[0.684s] Level 5:colcon.colcon_core.verb:set package 'so3_disturbance_generator' build argument 'ament_cmake_args' from command line to 'None'
[0.684s] Level 5:colcon.colcon_core.verb:set package 'so3_disturbance_generator' build argument 'catkin_cmake_args' from command line to 'None'
[0.684s] Level 5:colcon.colcon_core.verb:set package 'so3_disturbance_generator' build argument 'catkin_skip_building_tests' from command line to 'False'
[0.684s] DEBUG:colcon.colcon_core.verb:Building package 'so3_disturbance_generator' with the following arguments: {'ament_cmake_args': None, 'build_base': '/root/colcon_ws/build/so3_disturbance_generator', 'catkin_cmake_args': None, 'catkin_skip_building_tests': False, 'cmake_args': None, 'cmake_clean_cache': False, 'cmake_clean_first': False, 'cmake_force_configure': False, 'cmake_target': None, 'cmake_target_skip_unavailable': False, 'install_base': '/root/colcon_ws/install/so3_disturbance_generator', 'merge_install': False, 'path': '/root/colcon_ws/src/Fast-Planner/uav_simulator/so3_disturbance_generator', 'symlink_install': False, 'test_result_base': None}
[0.684s] Level 5:colcon.colcon_core.verb:set package 'uav_utils' build argument 'cmake_args' from command line to 'None'
[0.685s] Level 5:colcon.colcon_core.verb:set package 'uav_utils' build argument 'cmake_target' from command line to 'None'
[0.685s] Level 5:colcon.colcon_core.verb:set package 'uav_utils' build argument 'cmake_target_skip_unavailable' from command line to 'False'
[0.685s] Level 5:colcon.colcon_core.verb:set package 'uav_utils' build argument 'cmake_clean_cache' from command line to 'False'
[0.685s] Level 5:colcon.colcon_core.verb:set package 'uav_utils' build argument 'cmake_clean_first' from command line to 'False'
[0.685s] Level 5:colcon.colcon_core.verb:set package 'uav_utils' build argument 'cmake_force_configure' from command line to 'False'
[0.685s] Level 5:colcon.colcon_core.verb:set package 'uav_utils' build argument 'ament_cmake_args' from command line to 'None'
[0.685s] Level 5:colcon.colcon_core.verb:set package 'uav_utils' build argument 'catkin_cmake_args' from command line to 'None'
[0.685s] Level 5:colcon.colcon_core.verb:set package 'uav_utils' build argument 'catkin_skip_building_tests' from command line to 'False'
[0.685s] DEBUG:colcon.colcon_core.verb:Building package 'uav_utils' with the following arguments: {'ament_cmake_args': None, 'build_base': '/root/colcon_ws/build/uav_utils', 'catkin_cmake_args': None, 'catkin_skip_building_tests': False, 'cmake_args': None, 'cmake_clean_cache': False, 'cmake_clean_first': False, 'cmake_force_configure': False, 'cmake_target': None, 'cmake_target_skip_unavailable': False, 'install_base': '/root/colcon_ws/install/uav_utils', 'merge_install': False, 'path': '/root/colcon_ws/src/Fast-Planner/uav_simulator/Utils/uav_utils', 'symlink_install': False, 'test_result_base': None}
[0.685s] Level 5:colcon.colcon_core.verb:set package 'rviz_plugins' build argument 'cmake_args' from command line to 'None'
[0.685s] Level 5:colcon.colcon_core.verb:set package 'rviz_plugins' build argument 'cmake_target' from command line to 'None'
[0.685s] Level 5:colcon.colcon_core.verb:set package 'rviz_plugins' build argument 'cmake_target_skip_unavailable' from command line to 'False'
[0.685s] Level 5:colcon.colcon_core.verb:set package 'rviz_plugins' build argument 'cmake_clean_cache' from command line to 'False'
[0.685s] Level 5:colcon.colcon_core.verb:set package 'rviz_plugins' build argument 'cmake_clean_first' from command line to 'False'
[0.685s] Level 5:colcon.colcon_core.verb:set package 'rviz_plugins' build argument 'cmake_force_configure' from command line to 'False'
[0.686s] Level 5:colcon.colcon_core.verb:set package 'rviz_plugins' build argument 'ament_cmake_args' from command line to 'None'
[0.686s] Level 5:colcon.colcon_core.verb:set package 'rviz_plugins' build argument 'catkin_cmake_args' from command line to 'None'
[0.686s] Level 5:colcon.colcon_core.verb:set package 'rviz_plugins' build argument 'catkin_skip_building_tests' from command line to 'False'
[0.686s] DEBUG:colcon.colcon_core.verb:Building package 'rviz_plugins' with the following arguments: {'ament_cmake_args': None, 'build_base': '/root/colcon_ws/build/rviz_plugins', 'catkin_cmake_args': None, 'catkin_skip_building_tests': False, 'cmake_args': None, 'cmake_clean_cache': False, 'cmake_clean_first': False, 'cmake_force_configure': False, 'cmake_target': None, 'cmake_target_skip_unavailable': False, 'install_base': '/root/colcon_ws/install/rviz_plugins', 'merge_install': False, 'path': '/root/colcon_ws/src/Fast-Planner/uav_simulator/Utils/rviz_plugins', 'symlink_install': False, 'test_result_base': None}
[0.686s] Level 5:colcon.colcon_core.verb:set package 'so3_quadrotor_simulator' build argument 'cmake_args' from command line to 'None'
[0.686s] Level 5:colcon.colcon_core.verb:set package 'so3_quadrotor_simulator' build argument 'cmake_target' from command line to 'None'
[0.686s] Level 5:colcon.colcon_core.verb:set package 'so3_quadrotor_simulator' build argument 'cmake_target_skip_unavailable' from command line to 'False'
[0.686s] Level 5:colcon.colcon_core.verb:set package 'so3_quadrotor_simulator' build argument 'cmake_clean_cache' from command line to 'False'
[0.686s] Level 5:colcon.colcon_core.verb:set package 'so3_quadrotor_simulator' build argument 'cmake_clean_first' from command line to 'False'
[0.686s] Level 5:colcon.colcon_core.verb:set package 'so3_quadrotor_simulator' build argument 'cmake_force_configure' from command line to 'False'
[0.686s] Level 5:colcon.colcon_core.verb:set package 'so3_quadrotor_simulator' build argument 'ament_cmake_args' from command line to 'None'
[0.686s] Level 5:colcon.colcon_core.verb:set package 'so3_quadrotor_simulator' build argument 'catkin_cmake_args' from command line to 'None'
[0.686s] Level 5:colcon.colcon_core.verb:set package 'so3_quadrotor_simulator' build argument 'catkin_skip_building_tests' from command line to 'False'
[0.686s] DEBUG:colcon.colcon_core.verb:Building package 'so3_quadrotor_simulator' with the following arguments: {'ament_cmake_args': None, 'build_base': '/root/colcon_ws/build/so3_quadrotor_simulator', 'catkin_cmake_args': None, 'catkin_skip_building_tests': False, 'cmake_args': None, 'cmake_clean_cache': False, 'cmake_clean_first': False, 'cmake_force_configure': False, 'cmake_target': None, 'cmake_target_skip_unavailable': False, 'install_base': '/root/colcon_ws/install/so3_quadrotor_simulator', 'merge_install': False, 'path': '/root/colcon_ws/src/Fast-Planner/uav_simulator/so3_quadrotor_simulator', 'symlink_install': False, 'test_result_base': None}
[0.687s] Level 5:colcon.colcon_core.verb:set package 'traj_utils' build argument 'cmake_args' from command line to 'None'
[0.687s] Level 5:colcon.colcon_core.verb:set package 'traj_utils' build argument 'cmake_target' from command line to 'None'
[0.687s] Level 5:colcon.colcon_core.verb:set package 'traj_utils' build argument 'cmake_target_skip_unavailable' from command line to 'False'
[0.687s] Level 5:colcon.colcon_core.verb:set package 'traj_utils' build argument 'cmake_clean_cache' from command line to 'False'
[0.687s] Level 5:colcon.colcon_core.verb:set package 'traj_utils' build argument 'cmake_clean_first' from command line to 'False'
[0.687s] Level 5:colcon.colcon_core.verb:set package 'traj_utils' build argument 'cmake_force_configure' from command line to 'False'
[0.687s] Level 5:colcon.colcon_core.verb:set package 'traj_utils' build argument 'ament_cmake_args' from command line to 'None'
[0.687s] Level 5:colcon.colcon_core.verb:set package 'traj_utils' build argument 'catkin_cmake_args' from command line to 'None'
[0.687s] Level 5:colcon.colcon_core.verb:set package 'traj_utils' build argument 'catkin_skip_building_tests' from command line to 'False'
[0.687s] DEBUG:colcon.colcon_core.verb:Building package 'traj_utils' with the following arguments: {'ament_cmake_args': None, 'build_base': '/root/colcon_ws/build/traj_utils', 'catkin_cmake_args': None, 'catkin_skip_building_tests': False, 'cmake_args': None, 'cmake_clean_cache': False, 'cmake_clean_first': False, 'cmake_force_configure': False, 'cmake_target': None, 'cmake_target_skip_unavailable': False, 'install_base': '/root/colcon_ws/install/traj_utils', 'merge_install': False, 'path': '/root/colcon_ws/src/Fast-Planner/fast_planner/traj_utils', 'symlink_install': False, 'test_result_base': None}
[0.688s] Level 5:colcon.colcon_core.verb:set package 'plan_manage' build argument 'cmake_args' from command line to 'None'
[0.688s] Level 5:colcon.colcon_core.verb:set package 'plan_manage' build argument 'cmake_target' from command line to 'None'
[0.688s] Level 5:colcon.colcon_core.verb:set package 'plan_manage' build argument 'cmake_target_skip_unavailable' from command line to 'False'
[0.688s] Level 5:colcon.colcon_core.verb:set package 'plan_manage' build argument 'cmake_clean_cache' from command line to 'False'
[0.688s] Level 5:colcon.colcon_core.verb:set package 'plan_manage' build argument 'cmake_clean_first' from command line to 'False'
[0.688s] Level 5:colcon.colcon_core.verb:set package 'plan_manage' build argument 'cmake_force_configure' from command line to 'False'
[0.688s] Level 5:colcon.colcon_core.verb:set package 'plan_manage' build argument 'ament_cmake_args' from command line to 'None'
[0.688s] Level 5:colcon.colcon_core.verb:set package 'plan_manage' build argument 'catkin_cmake_args' from command line to 'None'
[0.688s] Level 5:colcon.colcon_core.verb:set package 'plan_manage' build argument 'catkin_skip_building_tests' from command line to 'False'
[0.688s] DEBUG:colcon.colcon_core.verb:Building package 'plan_manage' with the following arguments: {'ament_cmake_args': None, 'build_base': '/root/colcon_ws/build/plan_manage', 'catkin_cmake_args': None, 'catkin_skip_building_tests': False, 'cmake_args': None, 'cmake_clean_cache': False, 'cmake_clean_first': False, 'cmake_force_configure': False, 'cmake_target': None, 'cmake_target_skip_unavailable': False, 'install_base': '/root/colcon_ws/install/plan_manage', 'merge_install': False, 'path': '/root/colcon_ws/src/Fast-Planner/fast_planner/plan_manage', 'symlink_install': False, 'test_result_base': None}
[0.688s] INFO:colcon.colcon_core.executor:Executing jobs using 'parallel' executor
[0.690s] DEBUG:colcon.colcon_parallel_executor.executor.parallel:run_until_complete
[0.691s] INFO:colcon.colcon_ros.task.ament_cmake.build:Building ROS package in '/root/colcon_ws/src/Fast-Planner/uav_simulator/Utils/quadrotor_msgs' with build type 'ament_cmake'
[0.691s] INFO:colcon.colcon_cmake.task.cmake.build:Building CMake package in '/root/colcon_ws/src/Fast-Planner/uav_simulator/Utils/quadrotor_msgs'
[0.697s] INFO:colcon.colcon_core.plugin_system:Skipping extension 'colcon_core.shell.bat': Not used on non-Windows systems
[0.697s] INFO:colcon.colcon_core.shell:Skip shell extension 'powershell' for command environment: Not usable outside of PowerShell
[0.697s] DEBUG:colcon.colcon_core.shell:Skip shell extension 'dsv' for command environment
[0.703s] INFO:colcon.colcon_ros.task.ament_cmake.build:Building ROS package in '/root/colcon_ws/src/Fast-Planner/fast_planner/plan_env' with build type 'ament_cmake'
[0.703s] INFO:colcon.colcon_cmake.task.cmake.build:Building CMake package in '/root/colcon_ws/src/Fast-Planner/fast_planner/plan_env'
[0.704s] INFO:colcon.colcon_core.shell:Skip shell extension 'powershell' for command environment: Not usable outside of PowerShell
[0.704s] DEBUG:colcon.colcon_core.shell:Skip shell extension 'dsv' for command environment
[0.710s] INFO:colcon.colcon_ros.task.ament_cmake.build:Building ROS package in '/root/colcon_ws/src/Fast-Planner/uav_simulator/Utils/pose_utils' with build type 'ament_cmake'
[0.710s] INFO:colcon.colcon_cmake.task.cmake.build:Building CMake package in '/root/colcon_ws/src/Fast-Planner/uav_simulator/Utils/pose_utils'
[0.710s] INFO:colcon.colcon_core.shell:Skip shell extension 'powershell' for command environment: Not usable outside of PowerShell
[0.710s] DEBUG:colcon.colcon_core.shell:Skip shell extension 'dsv' for command environment
[0.717s] INFO:colcon.colcon_ros.task.ament_cmake.build:Building ROS package in '/root/colcon_ws/src/Fast-Planner/uav_simulator/Utils/cmake_utils' with build type 'ament_cmake'
[0.717s] INFO:colcon.colcon_cmake.task.cmake.build:Building CMake package in '/root/colcon_ws/src/Fast-Planner/uav_simulator/Utils/cmake_utils'
[0.717s] INFO:colcon.colcon_core.shell:Skip shell extension 'powershell' for command environment: Not usable outside of PowerShell
[0.718s] DEBUG:colcon.colcon_core.shell:Skip shell extension 'dsv' for command environment
[0.723s] INFO:colcon.colcon_ros.task.ament_cmake.build:Building ROS package in '/root/colcon_ws/src/Fast-Planner/fast_planner/poly_traj' with build type 'ament_cmake'
[0.723s] INFO:colcon.colcon_cmake.task.cmake.build:Building CMake package in '/root/colcon_ws/src/Fast-Planner/fast_planner/poly_traj'
[0.724s] INFO:colcon.colcon_core.shell:Skip shell extension 'powershell' for command environment: Not usable outside of PowerShell
[0.724s] DEBUG:colcon.colcon_core.shell:Skip shell extension 'dsv' for command environment
[0.729s] INFO:colcon.colcon_ros.task.ament_cmake.build:Building ROS package in '/root/colcon_ws/src/Fast-Planner/uav_simulator/map_generator' with build type 'ament_cmake'
[0.730s] INFO:colcon.colcon_cmake.task.cmake.build:Building CMake package in '/root/colcon_ws/src/Fast-Planner/uav_simulator/map_generator'
[0.730s] INFO:colcon.colcon_core.shell:Skip shell extension 'powershell' for command environment: Not usable outside of PowerShell
[0.730s] DEBUG:colcon.colcon_core.shell:Skip shell extension 'dsv' for command environment
[0.735s] INFO:colcon.colcon_ros.task.ament_cmake.build:Building ROS package in '/root/colcon_ws/src/Fast-Planner/uav_simulator/Utils/waypoint_generator' with build type 'ament_cmake'
[0.736s] INFO:colcon.colcon_cmake.task.cmake.build:Building CMake package in '/root/colcon_ws/src/Fast-Planner/uav_simulator/Utils/waypoint_generator'
[0.736s] INFO:colcon.colcon_core.shell:Skip shell extension 'powershell' for command environment: Not usable outside of PowerShell
[0.736s] DEBUG:colcon.colcon_core.shell:Skip shell extension 'dsv' for command environment
[0.751s] DEBUG:colcon.colcon_core.event_handler.log_command:Invoking command in '/root/colcon_ws/build/quadrotor_msgs': CMAKE_PREFIX_PATH=/opt/ros/humble /usr/bin/cmake --build /root/colcon_ws/build/quadrotor_msgs -- -j8 -l8
[0.758s] DEBUG:colcon.colcon_core.event_handler.log_command:Invoking command in '/root/colcon_ws/build/plan_env': CMAKE_PREFIX_PATH=/opt/ros/humble /usr/bin/cmake --build /root/colcon_ws/build/plan_env -- -j8 -l8
[0.762s] DEBUG:colcon.colcon_core.event_handler.log_command:Invoking command in '/root/colcon_ws/build/pose_utils': CMAKE_PREFIX_PATH=/opt/ros/humble /usr/bin/cmake --build /root/colcon_ws/build/pose_utils -- -j8 -l8
[0.769s] DEBUG:colcon.colcon_core.event_handler.log_command:Invoking command in '/root/colcon_ws/build/cmake_utils': CMAKE_PREFIX_PATH=/opt/ros/humble /usr/bin/cmake --build /root/colcon_ws/build/cmake_utils -- -j8 -l8
[0.777s] DEBUG:colcon.colcon_core.event_handler.log_command:Invoking command in '/root/colcon_ws/build/poly_traj': CMAKE_PREFIX_PATH=/opt/ros/humble /usr/bin/cmake --build /root/colcon_ws/build/poly_traj -- -j8 -l8
[0.791s] DEBUG:colcon.colcon_core.event_handler.log_command:Invoking command in '/root/colcon_ws/build/map_generator': CMAKE_PREFIX_PATH=/opt/ros/humble /usr/bin/cmake --build /root/colcon_ws/build/map_generator -- -j8 -l8
[0.822s] DEBUG:colcon.colcon_core.event_handler.log_command:Invoking command in '/root/colcon_ws/build/waypoint_generator': CMAKE_PREFIX_PATH=/opt/ros/humble /usr/bin/cmake --build /root/colcon_ws/build/waypoint_generator -- -j8 -l8
[0.858s] DEBUG:colcon.colcon_core.event_handler.log_command:Invoked command in '/root/colcon_ws/build/cmake_utils' returned '0': CMAKE_PREFIX_PATH=/opt/ros/humble /usr/bin/cmake --build /root/colcon_ws/build/cmake_utils -- -j8 -l8
[0.875s] DEBUG:colcon.colcon_core.event_handler.log_command:Invoking command in '/root/colcon_ws/build/cmake_utils': CMAKE_PREFIX_PATH=/opt/ros/humble /usr/bin/cmake --install /root/colcon_ws/build/cmake_utils
[0.927s] DEBUG:colcon.colcon_core.event_handler.log_command:Invoked command in '/root/colcon_ws/build/pose_utils' returned '0': CMAKE_PREFIX_PATH=/opt/ros/humble /usr/bin/cmake --build /root/colcon_ws/build/pose_utils -- -j8 -l8
[0.928s] DEBUG:colcon.colcon_core.event_handler.log_command:Invoking command in '/root/colcon_ws/build/pose_utils': CMAKE_PREFIX_PATH=/opt/ros/humble /usr/bin/cmake --install /root/colcon_ws/build/pose_utils
[0.929s] Level 1:colcon.colcon_core.environment:create_environment_scripts_only(cmake_utils)
[0.933s] DEBUG:colcon.colcon_core.event_handler.log_command:Invoked command in '/root/colcon_ws/build/cmake_utils' returned '0': CMAKE_PREFIX_PATH=/opt/ros/humble /usr/bin/cmake --install /root/colcon_ws/build/cmake_utils
[0.937s] Level 1:colcon.colcon_core.environment:checking '/root/colcon_ws/install/cmake_utils' for CMake module files
[0.938s] Level 1:colcon.colcon_core.environment:checking '/root/colcon_ws/install/cmake_utils' for CMake config files
[0.939s] Level 1:colcon.colcon_core.shell:create_environment_hook('cmake_utils', 'cmake_prefix_path')
[0.939s] INFO:colcon.colcon_core.shell:Creating environment hook '/root/colcon_ws/install/cmake_utils/share/cmake_utils/hook/cmake_prefix_path.ps1'
[0.941s] INFO:colcon.colcon_core.shell:Creating environment descriptor '/root/colcon_ws/install/cmake_utils/share/cmake_utils/hook/cmake_prefix_path.dsv'
[0.942s] INFO:colcon.colcon_core.shell:Creating environment hook '/root/colcon_ws/install/cmake_utils/share/cmake_utils/hook/cmake_prefix_path.sh'
[0.944s] Level 1:colcon.colcon_core.environment:checking '/root/colcon_ws/install/cmake_utils/bin'
[0.945s] Level 1:colcon.colcon_core.environment:checking '/root/colcon_ws/install/cmake_utils/lib/pkgconfig/cmake_utils.pc'
[0.945s] Level 1:colcon.colcon_core.environment:checking '/root/colcon_ws/install/cmake_utils/lib/python3.10/site-packages'
[0.946s] Level 1:colcon.colcon_core.environment:checking '/root/colcon_ws/install/cmake_utils/bin'
[0.946s] INFO:colcon.colcon_core.shell:Creating package script '/root/colcon_ws/install/cmake_utils/share/cmake_utils/package.ps1'
[0.948s] INFO:colcon.colcon_core.shell:Creating package descriptor '/root/colcon_ws/install/cmake_utils/share/cmake_utils/package.dsv'
[0.954s] INFO:colcon.colcon_core.shell:Creating package script '/root/colcon_ws/install/cmake_utils/share/cmake_utils/package.sh'
[0.957s] INFO:colcon.colcon_core.shell:Creating package script '/root/colcon_ws/install/cmake_utils/share/cmake_utils/package.bash'
[0.959s] INFO:colcon.colcon_core.shell:Creating package script '/root/colcon_ws/install/cmake_utils/share/cmake_utils/package.zsh'
[0.960s] Level 1:colcon.colcon_core.environment:create_file_with_runtime_dependencies(/root/colcon_ws/install/cmake_utils/share/colcon-core/packages/cmake_utils)
[0.962s] Level 1:colcon.colcon_core.environment:create_environment_scripts_only(cmake_utils)
[0.962s] Level 1:colcon.colcon_core.environment:checking '/root/colcon_ws/install/cmake_utils' for CMake module files
[0.963s] Level 1:colcon.colcon_core.environment:checking '/root/colcon_ws/install/cmake_utils' for CMake config files
[0.963s] Level 1:colcon.colcon_core.shell:create_environment_hook('cmake_utils', 'cmake_prefix_path')
[0.963s] INFO:colcon.colcon_core.shell:Creating environment hook '/root/colcon_ws/install/cmake_utils/share/cmake_utils/hook/cmake_prefix_path.ps1'
[0.965s] INFO:colcon.colcon_core.shell:Creating environment descriptor '/root/colcon_ws/install/cmake_utils/share/cmake_utils/hook/cmake_prefix_path.dsv'
[0.966s] INFO:colcon.colcon_core.shell:Creating environment hook '/root/colcon_ws/install/cmake_utils/share/cmake_utils/hook/cmake_prefix_path.sh'
[0.967s] Level 1:colcon.colcon_core.environment:checking '/root/colcon_ws/install/cmake_utils/bin'
[0.968s] Level 1:colcon.colcon_core.environment:checking '/root/colcon_ws/install/cmake_utils/lib/pkgconfig/cmake_utils.pc'
[0.968s] Level 1:colcon.colcon_core.environment:checking '/root/colcon_ws/install/cmake_utils/lib/python3.10/site-packages'
[0.969s] Level 1:colcon.colcon_core.environment:checking '/root/colcon_ws/install/cmake_utils/bin'
[0.969s] INFO:colcon.colcon_core.shell:Creating package script '/root/colcon_ws/install/cmake_utils/share/cmake_utils/package.ps1'
[0.972s] INFO:colcon.colcon_core.shell:Creating package descriptor '/root/colcon_ws/install/cmake_utils/share/cmake_utils/package.dsv'
[0.973s] INFO:colcon.colcon_core.shell:Creating package script '/root/colcon_ws/install/cmake_utils/share/cmake_utils/package.sh'
[0.974s] INFO:colcon.colcon_core.shell:Creating package script '/root/colcon_ws/install/cmake_utils/share/cmake_utils/package.bash'
[0.975s] INFO:colcon.colcon_core.shell:Creating package script '/root/colcon_ws/install/cmake_utils/share/cmake_utils/package.zsh'
[0.976s] Level 1:colcon.colcon_core.environment:create_file_with_runtime_dependencies(/root/colcon_ws/install/cmake_utils/share/colcon-core/packages/cmake_utils)
[0.979s] INFO:colcon.colcon_ros.task.ament_cmake.build:Building ROS package in '/root/colcon_ws/src/Fast-Planner/uav_simulator/Utils/uav_utils' with build type 'ament_cmake'
[0.980s] INFO:colcon.colcon_cmake.task.cmake.build:Building CMake package in '/root/colcon_ws/src/Fast-Planner/uav_simulator/Utils/uav_utils'
[0.981s] INFO:colcon.colcon_core.shell:Skip shell extension 'powershell' for command environment: Not usable outside of PowerShell
[0.981s] DEBUG:colcon.colcon_core.shell:Skip shell extension 'dsv' for command environment
[1.003s] DEBUG:colcon.colcon_core.event_handler.log_command:Invoking command in '/root/colcon_ws/build/uav_utils': AMENT_PREFIX_PATH=/root/colcon_ws/install/cmake_utils:${AMENT_PREFIX_PATH} CMAKE_PREFIX_PATH=/root/colcon_ws/install/cmake_utils:/opt/ros/humble /usr/bin/cmake --build /root/colcon_ws/build/uav_utils -- -j8 -l8
[1.007s] Level 1:colcon.colcon_core.environment:create_environment_scripts_only(pose_utils)
[1.008s] DEBUG:colcon.colcon_core.event_handler.log_command:Invoked command in '/root/colcon_ws/build/pose_utils' returned '0': CMAKE_PREFIX_PATH=/opt/ros/humble /usr/bin/cmake --install /root/colcon_ws/build/pose_utils
[1.008s] Level 1:colcon.colcon_core.environment:checking '/root/colcon_ws/install/pose_utils' for CMake module files
[1.010s] Level 1:colcon.colcon_core.environment:checking '/root/colcon_ws/install/pose_utils' for CMake config files
[1.011s] Level 1:colcon.colcon_core.shell:create_environment_hook('pose_utils', 'cmake_prefix_path')
[1.011s] INFO:colcon.colcon_core.shell:Creating environment hook '/root/colcon_ws/install/pose_utils/share/pose_utils/hook/cmake_prefix_path.ps1'
[1.012s] INFO:colcon.colcon_core.shell:Creating environment descriptor '/root/colcon_ws/install/pose_utils/share/pose_utils/hook/cmake_prefix_path.dsv'
[1.013s] INFO:colcon.colcon_core.shell:Creating environment hook '/root/colcon_ws/install/pose_utils/share/pose_utils/hook/cmake_prefix_path.sh'
[1.014s] Level 1:colcon.colcon_core.environment:checking '/root/colcon_ws/install/pose_utils/lib'
[1.015s] Level 1:colcon.colcon_core.environment:checking '/root/colcon_ws/install/pose_utils/bin'
[1.015s] Level 1:colcon.colcon_core.environment:checking '/root/colcon_ws/install/pose_utils/lib/pkgconfig/pose_utils.pc'
[1.015s] Level 1:colcon.colcon_core.environment:checking '/root/colcon_ws/install/pose_utils/lib/python3.10/site-packages'
[1.016s] Level 1:colcon.colcon_core.environment:checking '/root/colcon_ws/install/pose_utils/bin'
[1.016s] INFO:colcon.colcon_core.shell:Creating package script '/root/colcon_ws/install/pose_utils/share/pose_utils/package.ps1'
[1.018s] INFO:colcon.colcon_core.shell:Creating package descriptor '/root/colcon_ws/install/pose_utils/share/pose_utils/package.dsv'
[1.018s] INFO:colcon.colcon_core.shell:Creating package script '/root/colcon_ws/install/pose_utils/share/pose_utils/package.sh'
[1.019s] INFO:colcon.colcon_core.shell:Creating package script '/root/colcon_ws/install/pose_utils/share/pose_utils/package.bash'
[1.020s] INFO:colcon.colcon_core.shell:Creating package script '/root/colcon_ws/install/pose_utils/share/pose_utils/package.zsh'
[1.021s] Level 1:colcon.colcon_core.environment:create_file_with_runtime_dependencies(/root/colcon_ws/install/pose_utils/share/colcon-core/packages/pose_utils)
[1.022s] Level 1:colcon.colcon_core.environment:create_environment_scripts_only(pose_utils)
[1.022s] Level 1:colcon.colcon_core.environment:checking '/root/colcon_ws/install/pose_utils' for CMake module files
[1.023s] Level 1:colcon.colcon_core.environment:checking '/root/colcon_ws/install/pose_utils' for CMake config files
[1.024s] Level 1:colcon.colcon_core.shell:create_environment_hook('pose_utils', 'cmake_prefix_path')
[1.024s] INFO:colcon.colcon_core.shell:Creating environment hook '/root/colcon_ws/install/pose_utils/share/pose_utils/hook/cmake_prefix_path.ps1'
[1.025s] INFO:colcon.colcon_core.shell:Creating environment descriptor '/root/colcon_ws/install/pose_utils/share/pose_utils/hook/cmake_prefix_path.dsv'
[1.026s] INFO:colcon.colcon_core.shell:Creating environment hook '/root/colcon_ws/install/pose_utils/share/pose_utils/hook/cmake_prefix_path.sh'
[1.027s] Level 1:colcon.colcon_core.environment:checking '/root/colcon_ws/install/pose_utils/lib'
[1.027s] Level 1:colcon.colcon_core.environment:checking '/root/colcon_ws/install/pose_utils/bin'
[1.027s] Level 1:colcon.colcon_core.environment:checking '/root/colcon_ws/install/pose_utils/lib/pkgconfig/pose_utils.pc'
[1.027s] Level 1:colcon.colcon_core.environment:checking '/root/colcon_ws/install/pose_utils/lib/python3.10/site-packages'
[1.028s] Level 1:colcon.colcon_core.environment:checking '/root/colcon_ws/install/pose_utils/bin'
[1.028s] INFO:colcon.colcon_core.shell:Creating package script '/root/colcon_ws/install/pose_utils/share/pose_utils/package.ps1'
[1.030s] INFO:colcon.colcon_core.shell:Creating package descriptor '/root/colcon_ws/install/pose_utils/share/pose_utils/package.dsv'
[1.031s] INFO:colcon.colcon_core.shell:Creating package script '/root/colcon_ws/install/pose_utils/share/pose_utils/package.sh'
[1.031s] INFO:colcon.colcon_core.shell:Creating package script '/root/colcon_ws/install/pose_utils/share/pose_utils/package.bash'
[1.032s] INFO:colcon.colcon_core.shell:Creating package script '/root/colcon_ws/install/pose_utils/share/pose_utils/package.zsh'
[1.033s] Level 1:colcon.colcon_core.environment:create_file_with_runtime_dependencies(/root/colcon_ws/install/pose_utils/share/colcon-core/packages/pose_utils)
[1.035s] DEBUG:colcon.colcon_core.event_handler.log_command:Invoked command in '/root/colcon_ws/build/poly_traj' returned '0': CMAKE_PREFIX_PATH=/opt/ros/humble /usr/bin/cmake --build /root/colcon_ws/build/poly_traj -- -j8 -l8
[1.037s] DEBUG:colcon.colcon_core.event_handler.log_command:Invoking command in '/root/colcon_ws/build/poly_traj': CMAKE_PREFIX_PATH=/opt/ros/humble /usr/bin/cmake --install /root/colcon_ws/build/poly_traj
[1.045s] INFO:colcon.colcon_ros.task.ament_cmake.build:Building ROS package in '/root/colcon_ws/src/Fast-Planner/uav_simulator/so3_disturbance_generator' with build type 'ament_cmake'
[1.047s] INFO:colcon.colcon_cmake.task.cmake.build:Building CMake package in '/root/colcon_ws/src/Fast-Planner/uav_simulator/so3_disturbance_generator'
[1.047s] INFO:colcon.colcon_core.shell:Skip shell extension 'powershell' for command environment: Not usable outside of PowerShell
[1.047s] DEBUG:colcon.colcon_core.shell:Skip shell extension 'dsv' for command environment
[1.079s] DEBUG:colcon.colcon_core.event_handler.log_command:Invoked command in '/root/colcon_ws/build/waypoint_generator' returned '0': CMAKE_PREFIX_PATH=/opt/ros/humble /usr/bin/cmake --build /root/colcon_ws/build/waypoint_generator -- -j8 -l8
[1.080s] DEBUG:colcon.colcon_core.event_handler.log_command:Invoking command in '/root/colcon_ws/build/waypoint_generator': CMAKE_PREFIX_PATH=/opt/ros/humble /usr/bin/cmake --install /root/colcon_ws/build/waypoint_generator
[1.103s] DEBUG:colcon.colcon_core.event_handler.log_command:Invoking command in '/root/colcon_ws/build/so3_disturbance_generator': AMENT_PREFIX_PATH=/root/colcon_ws/install/pose_utils:${AMENT_PREFIX_PATH} CMAKE_PREFIX_PATH=/root/colcon_ws/install/pose_utils:/opt/ros/humble LD_LIBRARY_PATH=/root/colcon_ws/install/pose_utils/lib:${LD_LIBRARY_PATH} /usr/bin/cmake --build /root/colcon_ws/build/so3_disturbance_generator -- -j8 -l8
[1.122s] Level 1:colcon.colcon_core.environment:create_environment_scripts_only(waypoint_generator)
[1.123s] Level 1:colcon.colcon_core.environment:checking '/root/colcon_ws/install/waypoint_generator' for CMake module files
[1.126s] Level 1:colcon.colcon_core.environment:checking '/root/colcon_ws/install/waypoint_generator' for CMake config files
[1.127s] Level 1:colcon.colcon_core.shell:create_environment_hook('waypoint_generator', 'cmake_prefix_path')
[1.128s] INFO:colcon.colcon_core.shell:Creating environment hook '/root/colcon_ws/install/waypoint_generator/share/waypoint_generator/hook/cmake_prefix_path.ps1'
[1.130s] DEBUG:colcon.colcon_core.event_handler.log_command:Invoked command in '/root/colcon_ws/build/waypoint_generator' returned '0': CMAKE_PREFIX_PATH=/opt/ros/humble /usr/bin/cmake --install /root/colcon_ws/build/waypoint_generator
[1.130s] INFO:colcon.colcon_core.shell:Creating environment descriptor '/root/colcon_ws/install/waypoint_generator/share/waypoint_generator/hook/cmake_prefix_path.dsv'
[1.131s] INFO:colcon.colcon_core.shell:Creating environment hook '/root/colcon_ws/install/waypoint_generator/share/waypoint_generator/hook/cmake_prefix_path.sh'
[1.133s] Level 1:colcon.colcon_core.environment:checking '/root/colcon_ws/install/waypoint_generator/lib'
[1.133s] Level 1:colcon.colcon_core.environment:checking '/root/colcon_ws/install/waypoint_generator/bin'
[1.133s] Level 1:colcon.colcon_core.environment:checking '/root/colcon_ws/install/waypoint_generator/lib/pkgconfig/waypoint_generator.pc'
[1.133s] Level 1:colcon.colcon_core.environment:checking '/root/colcon_ws/install/waypoint_generator/lib/python3.10/site-packages'
[1.134s] Level 1:colcon.colcon_core.environment:checking '/root/colcon_ws/install/waypoint_generator/bin'
[1.135s] INFO:colcon.colcon_core.shell:Creating package script '/root/colcon_ws/install/waypoint_generator/share/waypoint_generator/package.ps1'
[1.136s] INFO:colcon.colcon_core.shell:Creating package descriptor '/root/colcon_ws/install/waypoint_generator/share/waypoint_generator/package.dsv'
[1.137s] INFO:colcon.colcon_core.shell:Creating package script '/root/colcon_ws/install/waypoint_generator/share/waypoint_generator/package.sh'
[1.139s] INFO:colcon.colcon_core.shell:Creating package script '/root/colcon_ws/install/waypoint_generator/share/waypoint_generator/package.bash'
[1.140s] INFO:colcon.colcon_core.shell:Creating package script '/root/colcon_ws/install/waypoint_generator/share/waypoint_generator/package.zsh'
[1.141s] Level 1:colcon.colcon_core.environment:create_file_with_runtime_dependencies(/root/colcon_ws/install/waypoint_generator/share/colcon-core/packages/waypoint_generator)
[1.143s] Level 1:colcon.colcon_core.environment:create_environment_scripts_only(waypoint_generator)
[1.143s] Level 1:colcon.colcon_core.environment:checking '/root/colcon_ws/install/waypoint_generator' for CMake module files
[1.144s] Level 1:colcon.colcon_core.environment:checking '/root/colcon_ws/install/waypoint_generator' for CMake config files
[1.145s] Level 1:colcon.colcon_core.shell:create_environment_hook('waypoint_generator', 'cmake_prefix_path')
[1.145s] INFO:colcon.colcon_core.shell:Creating environment hook '/root/colcon_ws/install/waypoint_generator/share/waypoint_generator/hook/cmake_prefix_path.ps1'
[1.147s] INFO:colcon.colcon_core.shell:Creating environment descriptor '/root/colcon_ws/install/waypoint_generator/share/waypoint_generator/hook/cmake_prefix_path.dsv'
[1.148s] INFO:colcon.colcon_core.shell:Creating environment hook '/root/colcon_ws/install/waypoint_generator/share/waypoint_generator/hook/cmake_prefix_path.sh'
[1.150s] Level 1:colcon.colcon_core.environment:checking '/root/colcon_ws/install/waypoint_generator/lib'
[1.150s] Level 1:colcon.colcon_core.environment:checking '/root/colcon_ws/install/waypoint_generator/bin'
[1.150s] Level 1:colcon.colcon_core.environment:checking '/root/colcon_ws/install/waypoint_generator/lib/pkgconfig/waypoint_generator.pc'
[1.151s] Level 1:colcon.colcon_core.environment:checking '/root/colcon_ws/install/waypoint_generator/lib/python3.10/site-packages'
[1.151s] Level 1:colcon.colcon_core.environment:checking '/root/colcon_ws/install/waypoint_generator/bin'
[1.152s] INFO:colcon.colcon_core.shell:Creating package script '/root/colcon_ws/install/waypoint_generator/share/waypoint_generator/package.ps1'
[1.154s] INFO:colcon.colcon_core.shell:Creating package descriptor '/root/colcon_ws/install/waypoint_generator/share/waypoint_generator/package.dsv'
[1.155s] INFO:colcon.colcon_core.shell:Creating package script '/root/colcon_ws/install/waypoint_generator/share/waypoint_generator/package.sh'
[1.156s] INFO:colcon.colcon_core.shell:Creating package script '/root/colcon_ws/install/waypoint_generator/share/waypoint_generator/package.bash'
[1.157s] INFO:colcon.colcon_core.shell:Creating package script '/root/colcon_ws/install/waypoint_generator/share/waypoint_generator/package.zsh'
[1.158s] Level 1:colcon.colcon_core.environment:create_file_with_runtime_dependencies(/root/colcon_ws/install/waypoint_generator/share/colcon-core/packages/waypoint_generator)
[1.161s] Level 1:colcon.colcon_core.environment:create_environment_scripts_only(poly_traj)
[1.162s] DEBUG:colcon.colcon_core.event_handler.log_command:Invoked command in '/root/colcon_ws/build/poly_traj' returned '0': CMAKE_PREFIX_PATH=/opt/ros/humble /usr/bin/cmake --install /root/colcon_ws/build/poly_traj
[1.162s] Level 1:colcon.colcon_core.environment:checking '/root/colcon_ws/install/poly_traj' for CMake module files
[1.163s] Level 1:colcon.colcon_core.environment:checking '/root/colcon_ws/install/poly_traj' for CMake config files
[1.164s] Level 1:colcon.colcon_core.shell:create_environment_hook('poly_traj', 'cmake_prefix_path')
[1.164s] INFO:colcon.colcon_core.shell:Creating environment hook '/root/colcon_ws/install/poly_traj/share/poly_traj/hook/cmake_prefix_path.ps1'
[1.165s] INFO:colcon.colcon_core.shell:Creating environment descriptor '/root/colcon_ws/install/poly_traj/share/poly_traj/hook/cmake_prefix_path.dsv'
[1.166s] INFO:colcon.colcon_core.shell:Creating environment hook '/root/colcon_ws/install/poly_traj/share/poly_traj/hook/cmake_prefix_path.sh'
[1.167s] Level 1:colcon.colcon_core.environment:checking '/root/colcon_ws/install/poly_traj/lib'
[1.167s] Level 1:colcon.colcon_core.environment:checking '/root/colcon_ws/install/poly_traj/bin'
[1.167s] Level 1:colcon.colcon_core.environment:checking '/root/colcon_ws/install/poly_traj/lib/pkgconfig/poly_traj.pc'
[1.167s] Level 1:colcon.colcon_core.environment:checking '/root/colcon_ws/install/poly_traj/lib/python3.10/site-packages'
[1.168s] Level 1:colcon.colcon_core.environment:checking '/root/colcon_ws/install/poly_traj/bin'
[1.168s] INFO:colcon.colcon_core.shell:Creating package script '/root/colcon_ws/install/poly_traj/share/poly_traj/package.ps1'
[1.169s] INFO:colcon.colcon_core.shell:Creating package descriptor '/root/colcon_ws/install/poly_traj/share/poly_traj/package.dsv'
[1.171s] INFO:colcon.colcon_core.shell:Creating package script '/root/colcon_ws/install/poly_traj/share/poly_traj/package.sh'
[1.172s] INFO:colcon.colcon_core.shell:Creating package script '/root/colcon_ws/install/poly_traj/share/poly_traj/package.bash'
[1.173s] INFO:colcon.colcon_core.shell:Creating package script '/root/colcon_ws/install/poly_traj/share/poly_traj/package.zsh'
[1.173s] Level 1:colcon.colcon_core.environment:create_file_with_runtime_dependencies(/root/colcon_ws/install/poly_traj/share/colcon-core/packages/poly_traj)
[1.175s] Level 1:colcon.colcon_core.environment:create_environment_scripts_only(poly_traj)
[1.175s] Level 1:colcon.colcon_core.environment:checking '/root/colcon_ws/install/poly_traj' for CMake module files
[1.176s] Level 1:colcon.colcon_core.environment:checking '/root/colcon_ws/install/poly_traj' for CMake config files
[1.176s] Level 1:colcon.colcon_core.shell:create_environment_hook('poly_traj', 'cmake_prefix_path')
[1.176s] INFO:colcon.colcon_core.shell:Creating environment hook '/root/colcon_ws/install/poly_traj/share/poly_traj/hook/cmake_prefix_path.ps1'
[1.177s] INFO:colcon.colcon_core.shell:Creating environment descriptor '/root/colcon_ws/install/poly_traj/share/poly_traj/hook/cmake_prefix_path.dsv'
[1.178s] INFO:colcon.colcon_core.shell:Creating environment hook '/root/colcon_ws/install/poly_traj/share/poly_traj/hook/cmake_prefix_path.sh'
[1.180s] Level 1:colcon.colcon_core.environment:checking '/root/colcon_ws/install/poly_traj/lib'
[1.180s] Level 1:colcon.colcon_core.environment:checking '/root/colcon_ws/install/poly_traj/bin'
[1.181s] Level 1:colcon.colcon_core.environment:checking '/root/colcon_ws/install/poly_traj/lib/pkgconfig/poly_traj.pc'
[1.181s] Level 1:colcon.colcon_core.environment:checking '/root/colcon_ws/install/poly_traj/lib/python3.10/site-packages'
[1.182s] Level 1:colcon.colcon_core.environment:checking '/root/colcon_ws/install/poly_traj/bin'
[1.182s] INFO:colcon.colcon_core.shell:Creating package script '/root/colcon_ws/install/poly_traj/share/poly_traj/package.ps1'
[1.184s] INFO:colcon.colcon_core.shell:Creating package descriptor '/root/colcon_ws/install/poly_traj/share/poly_traj/package.dsv'
[1.185s] INFO:colcon.colcon_core.shell:Creating package script '/root/colcon_ws/install/poly_traj/share/poly_traj/package.sh'
[1.186s] INFO:colcon.colcon_core.shell:Creating package script '/root/colcon_ws/install/poly_traj/share/poly_traj/package.bash'
[1.191s] INFO:colcon.colcon_core.shell:Creating package script '/root/colcon_ws/install/poly_traj/share/poly_traj/package.zsh'
[1.193s] Level 1:colcon.colcon_core.environment:create_file_with_runtime_dependencies(/root/colcon_ws/install/poly_traj/share/colcon-core/packages/poly_traj)
[1.197s] DEBUG:colcon.colcon_core.event_handler.log_command:Invoked command in '/root/colcon_ws/build/uav_utils' returned '0': AMENT_PREFIX_PATH=/root/colcon_ws/install/cmake_utils:${AMENT_PREFIX_PATH} CMAKE_PREFIX_PATH=/root/colcon_ws/install/cmake_utils:/opt/ros/humble /usr/bin/cmake --build /root/colcon_ws/build/uav_utils -- -j8 -l8
[1.198s] DEBUG:colcon.colcon_core.event_handler.log_command:Invoking command in '/root/colcon_ws/build/uav_utils': AMENT_PREFIX_PATH=/root/colcon_ws/install/cmake_utils:${AMENT_PREFIX_PATH} CMAKE_PREFIX_PATH=/root/colcon_ws/install/cmake_utils:/opt/ros/humble /usr/bin/cmake --install /root/colcon_ws/build/uav_utils
[1.231s] Level 1:colcon.colcon_core.environment:create_environment_scripts_only(uav_utils)
[1.231s] Level 1:colcon.colcon_core.environment:checking '/root/colcon_ws/install/uav_utils' for CMake module files
[1.232s] Level 1:colcon.colcon_core.environment:checking '/root/colcon_ws/install/uav_utils' for CMake config files
[1.233s] Level 1:colcon.colcon_core.shell:create_environment_hook('uav_utils', 'cmake_prefix_path')
[1.233s] INFO:colcon.colcon_core.shell:Creating environment hook '/root/colcon_ws/install/uav_utils/share/uav_utils/hook/cmake_prefix_path.ps1'
[1.234s] INFO:colcon.colcon_core.shell:Creating environment descriptor '/root/colcon_ws/install/uav_utils/share/uav_utils/hook/cmake_prefix_path.dsv'
[1.235s] DEBUG:colcon.colcon_core.event_handler.log_command:Invoked command in '/root/colcon_ws/build/uav_utils' returned '0': AMENT_PREFIX_PATH=/root/colcon_ws/install/cmake_utils:${AMENT_PREFIX_PATH} CMAKE_PREFIX_PATH=/root/colcon_ws/install/cmake_utils:/opt/ros/humble /usr/bin/cmake --install /root/colcon_ws/build/uav_utils
[1.236s] INFO:colcon.colcon_core.shell:Creating environment hook '/root/colcon_ws/install/uav_utils/share/uav_utils/hook/cmake_prefix_path.sh'
[1.237s] Level 1:colcon.colcon_core.environment:checking '/root/colcon_ws/install/uav_utils/bin'
[1.237s] Level 1:colcon.colcon_core.environment:checking '/root/colcon_ws/install/uav_utils/lib/pkgconfig/uav_utils.pc'
[1.238s] Level 1:colcon.colcon_core.environment:checking '/root/colcon_ws/install/uav_utils/lib/python3.10/site-packages'
[1.238s] Level 1:colcon.colcon_core.environment:checking '/root/colcon_ws/install/uav_utils/bin'
[1.239s] INFO:colcon.colcon_core.shell:Creating package script '/root/colcon_ws/install/uav_utils/share/uav_utils/package.ps1'
[1.240s] INFO:colcon.colcon_core.shell:Creating package descriptor '/root/colcon_ws/install/uav_utils/share/uav_utils/package.dsv'
[1.242s] INFO:colcon.colcon_core.shell:Creating package script '/root/colcon_ws/install/uav_utils/share/uav_utils/package.sh'
[1.243s] INFO:colcon.colcon_core.shell:Creating package script '/root/colcon_ws/install/uav_utils/share/uav_utils/package.bash'
[1.243s] INFO:colcon.colcon_core.shell:Creating package script '/root/colcon_ws/install/uav_utils/share/uav_utils/package.zsh'
[1.244s] Level 1:colcon.colcon_core.environment:create_file_with_runtime_dependencies(/root/colcon_ws/install/uav_utils/share/colcon-core/packages/uav_utils)
[1.245s] Level 1:colcon.colcon_core.environment:create_environment_scripts_only(uav_utils)
[1.246s] Level 1:colcon.colcon_core.environment:checking '/root/colcon_ws/install/uav_utils' for CMake module files
[1.247s] Level 1:colcon.colcon_core.environment:checking '/root/colcon_ws/install/uav_utils' for CMake config files
[1.247s] Level 1:colcon.colcon_core.shell:create_environment_hook('uav_utils', 'cmake_prefix_path')
[1.247s] INFO:colcon.colcon_core.shell:Creating environment hook '/root/colcon_ws/install/uav_utils/share/uav_utils/hook/cmake_prefix_path.ps1'
[1.251s] INFO:colcon.colcon_core.shell:Creating environment descriptor '/root/colcon_ws/install/uav_utils/share/uav_utils/hook/cmake_prefix_path.dsv'
[1.253s] INFO:colcon.colcon_core.shell:Creating environment hook '/root/colcon_ws/install/uav_utils/share/uav_utils/hook/cmake_prefix_path.sh'
[1.254s] Level 1:colcon.colcon_core.environment:checking '/root/colcon_ws/install/uav_utils/bin'
[1.254s] Level 1:colcon.colcon_core.environment:checking '/root/colcon_ws/install/uav_utils/lib/pkgconfig/uav_utils.pc'
[1.255s] Level 1:colcon.colcon_core.environment:checking '/root/colcon_ws/install/uav_utils/lib/python3.10/site-packages'
[1.255s] Level 1:colcon.colcon_core.environment:checking '/root/colcon_ws/install/uav_utils/bin'
[1.256s] INFO:colcon.colcon_core.shell:Creating package script '/root/colcon_ws/install/uav_utils/share/uav_utils/package.ps1'
[1.257s] INFO:colcon.colcon_core.shell:Creating package descriptor '/root/colcon_ws/install/uav_utils/share/uav_utils/package.dsv'
[1.258s] INFO:colcon.colcon_core.shell:Creating package script '/root/colcon_ws/install/uav_utils/share/uav_utils/package.sh'
[1.259s] INFO:colcon.colcon_core.shell:Creating package script '/root/colcon_ws/install/uav_utils/share/uav_utils/package.bash'
[1.260s] INFO:colcon.colcon_core.shell:Creating package script '/root/colcon_ws/install/uav_utils/share/uav_utils/package.zsh'
[1.261s] Level 1:colcon.colcon_core.environment:create_file_with_runtime_dependencies(/root/colcon_ws/install/uav_utils/share/colcon-core/packages/uav_utils)
[1.294s] DEBUG:colcon.colcon_core.event_handler.log_command:Invoked command in '/root/colcon_ws/build/so3_disturbance_generator' returned '0': AMENT_PREFIX_PATH=/root/colcon_ws/install/pose_utils:${AMENT_PREFIX_PATH} CMAKE_PREFIX_PATH=/root/colcon_ws/install/pose_utils:/opt/ros/humble LD_LIBRARY_PATH=/root/colcon_ws/install/pose_utils/lib:${LD_LIBRARY_PATH} /usr/bin/cmake --build /root/colcon_ws/build/so3_disturbance_generator -- -j8 -l8
[1.297s] DEBUG:colcon.colcon_core.event_handler.log_command:Invoking command in '/root/colcon_ws/build/so3_disturbance_generator': AMENT_PREFIX_PATH=/root/colcon_ws/install/pose_utils:${AMENT_PREFIX_PATH} CMAKE_PREFIX_PATH=/root/colcon_ws/install/pose_utils:/opt/ros/humble LD_LIBRARY_PATH=/root/colcon_ws/install/pose_utils/lib:${LD_LIBRARY_PATH} /usr/bin/cmake --install /root/colcon_ws/build/so3_disturbance_generator
[1.317s] Level 1:colcon.colcon_core.environment:create_environment_scripts_only(so3_disturbance_generator)
[1.317s] Level 1:colcon.colcon_core.environment:checking '/root/colcon_ws/install/so3_disturbance_generator' for CMake module files
[1.318s] DEBUG:colcon.colcon_core.event_handler.log_command:Invoked command in '/root/colcon_ws/build/so3_disturbance_generator' returned '0': AMENT_PREFIX_PATH=/root/colcon_ws/install/pose_utils:${AMENT_PREFIX_PATH} CMAKE_PREFIX_PATH=/root/colcon_ws/install/pose_utils:/opt/ros/humble LD_LIBRARY_PATH=/root/colcon_ws/install/pose_utils/lib:${LD_LIBRARY_PATH} /usr/bin/cmake --install /root/colcon_ws/build/so3_disturbance_generator
[1.319s] Level 1:colcon.colcon_core.environment:checking '/root/colcon_ws/install/so3_disturbance_generator' for CMake config files
[1.319s] Level 1:colcon.colcon_core.shell:create_environment_hook('so3_disturbance_generator', 'cmake_prefix_path')
[1.320s] INFO:colcon.colcon_core.shell:Creating environment hook '/root/colcon_ws/install/so3_disturbance_generator/share/so3_disturbance_generator/hook/cmake_prefix_path.ps1'
[1.326s] INFO:colcon.colcon_core.shell:Creating environment descriptor '/root/colcon_ws/install/so3_disturbance_generator/share/so3_disturbance_generator/hook/cmake_prefix_path.dsv'
[1.328s] INFO:colcon.colcon_core.shell:Creating environment hook '/root/colcon_ws/install/so3_disturbance_generator/share/so3_disturbance_generator/hook/cmake_prefix_path.sh'
[1.329s] Level 1:colcon.colcon_core.environment:checking '/root/colcon_ws/install/so3_disturbance_generator/lib'
[1.329s] Level 1:colcon.colcon_core.environment:checking '/root/colcon_ws/install/so3_disturbance_generator/bin'
[1.329s] Level 1:colcon.colcon_core.environment:checking '/root/colcon_ws/install/so3_disturbance_generator/lib/pkgconfig/so3_disturbance_generator.pc'
[1.330s] Level 1:colcon.colcon_core.environment:checking '/root/colcon_ws/install/so3_disturbance_generator/lib/python3.10/site-packages'
[1.330s] Level 1:colcon.colcon_core.environment:checking '/root/colcon_ws/install/so3_disturbance_generator/bin'
[1.331s] INFO:colcon.colcon_core.shell:Creating package script '/root/colcon_ws/install/so3_disturbance_generator/share/so3_disturbance_generator/package.ps1'
[1.332s] INFO:colcon.colcon_core.shell:Creating package descriptor '/root/colcon_ws/install/so3_disturbance_generator/share/so3_disturbance_generator/package.dsv'
[1.333s] INFO:colcon.colcon_core.shell:Creating package script '/root/colcon_ws/install/so3_disturbance_generator/share/so3_disturbance_generator/package.sh'
[1.334s] INFO:colcon.colcon_core.shell:Creating package script '/root/colcon_ws/install/so3_disturbance_generator/share/so3_disturbance_generator/package.bash'
[1.335s] INFO:colcon.colcon_core.shell:Creating package script '/root/colcon_ws/install/so3_disturbance_generator/share/so3_disturbance_generator/package.zsh'
[1.335s] Level 1:colcon.colcon_core.environment:create_file_with_runtime_dependencies(/root/colcon_ws/install/so3_disturbance_generator/share/colcon-core/packages/so3_disturbance_generator)
[1.337s] Level 1:colcon.colcon_core.environment:create_environment_scripts_only(so3_disturbance_generator)
[1.337s] Level 1:colcon.colcon_core.environment:checking '/root/colcon_ws/install/so3_disturbance_generator' for CMake module files
[1.338s] Level 1:colcon.colcon_core.environment:checking '/root/colcon_ws/install/so3_disturbance_generator' for CMake config files
[1.338s] Level 1:colcon.colcon_core.shell:create_environment_hook('so3_disturbance_generator', 'cmake_prefix_path')
[1.338s] INFO:colcon.colcon_core.shell:Creating environment hook '/root/colcon_ws/install/so3_disturbance_generator/share/so3_disturbance_generator/hook/cmake_prefix_path.ps1'
[1.339s] INFO:colcon.colcon_core.shell:Creating environment descriptor '/root/colcon_ws/install/so3_disturbance_generator/share/so3_disturbance_generator/hook/cmake_prefix_path.dsv'
[1.340s] INFO:colcon.colcon_core.shell:Creating environment hook '/root/colcon_ws/install/so3_disturbance_generator/share/so3_disturbance_generator/hook/cmake_prefix_path.sh'
[1.341s] Level 1:colcon.colcon_core.environment:checking '/root/colcon_ws/install/so3_disturbance_generator/lib'
[1.341s] Level 1:colcon.colcon_core.environment:checking '/root/colcon_ws/install/so3_disturbance_generator/bin'
[1.341s] Level 1:colcon.colcon_core.environment:checking '/root/colcon_ws/install/so3_disturbance_generator/lib/pkgconfig/so3_disturbance_generator.pc'
[1.341s] Level 1:colcon.colcon_core.environment:checking '/root/colcon_ws/install/so3_disturbance_generator/lib/python3.10/site-packages'
[1.342s] Level 1:colcon.colcon_core.environment:checking '/root/colcon_ws/install/so3_disturbance_generator/bin'
[1.342s] INFO:colcon.colcon_core.shell:Creating package script '/root/colcon_ws/install/so3_disturbance_generator/share/so3_disturbance_generator/package.ps1'
[1.343s] INFO:colcon.colcon_core.shell:Creating package descriptor '/root/colcon_ws/install/so3_disturbance_generator/share/so3_disturbance_generator/package.dsv'
[1.344s] INFO:colcon.colcon_core.shell:Creating package script '/root/colcon_ws/install/so3_disturbance_generator/share/so3_disturbance_generator/package.sh'
[1.345s] INFO:colcon.colcon_core.shell:Creating package script '/root/colcon_ws/install/so3_disturbance_generator/share/so3_disturbance_generator/package.bash'
[1.346s] INFO:colcon.colcon_core.shell:Creating package script '/root/colcon_ws/install/so3_disturbance_generator/share/so3_disturbance_generator/package.zsh'
[1.346s] Level 1:colcon.colcon_core.environment:create_file_with_runtime_dependencies(/root/colcon_ws/install/so3_disturbance_generator/share/colcon-core/packages/so3_disturbance_generator)
[1.572s] DEBUG:colcon.colcon_core.event_handler.log_command:Invoked command in '/root/colcon_ws/build/quadrotor_msgs' returned '0': CMAKE_PREFIX_PATH=/opt/ros/humble /usr/bin/cmake --build /root/colcon_ws/build/quadrotor_msgs -- -j8 -l8
[1.575s] DEBUG:colcon.colcon_core.event_handler.log_command:Invoking command in '/root/colcon_ws/build/quadrotor_msgs': CMAKE_PREFIX_PATH=/opt/ros/humble /usr/bin/cmake --install /root/colcon_ws/build/quadrotor_msgs
[1.692s] Level 1:colcon.colcon_core.environment:create_environment_scripts_only(quadrotor_msgs)
[1.693s] Level 1:colcon.colcon_core.environment:checking '/root/colcon_ws/install/quadrotor_msgs' for CMake module files
[1.693s] DEBUG:colcon.colcon_core.event_handler.log_command:Invoked command in '/root/colcon_ws/build/quadrotor_msgs' returned '0': CMAKE_PREFIX_PATH=/opt/ros/humble /usr/bin/cmake --install /root/colcon_ws/build/quadrotor_msgs
[1.694s] Level 1:colcon.colcon_core.environment:checking '/root/colcon_ws/install/quadrotor_msgs' for CMake config files
[1.696s] Level 1:colcon.colcon_core.shell:create_environment_hook('quadrotor_msgs', 'cmake_prefix_path')
[1.696s] INFO:colcon.colcon_core.shell:Creating environment hook '/root/colcon_ws/install/quadrotor_msgs/share/quadrotor_msgs/hook/cmake_prefix_path.ps1'
[1.698s] INFO:colcon.colcon_core.shell:Creating environment descriptor '/root/colcon_ws/install/quadrotor_msgs/share/quadrotor_msgs/hook/cmake_prefix_path.dsv'
[1.699s] INFO:colcon.colcon_core.shell:Creating environment hook '/root/colcon_ws/install/quadrotor_msgs/share/quadrotor_msgs/hook/cmake_prefix_path.sh'
[1.700s] Level 1:colcon.colcon_core.environment:checking '/root/colcon_ws/install/quadrotor_msgs/lib'
[1.701s] Level 1:colcon.colcon_core.shell:create_environment_hook('quadrotor_msgs', 'ld_library_path_lib')
[1.702s] INFO:colcon.colcon_core.shell:Creating environment hook '/root/colcon_ws/install/quadrotor_msgs/share/quadrotor_msgs/hook/ld_library_path_lib.ps1'
[1.703s] INFO:colcon.colcon_core.shell:Creating environment descriptor '/root/colcon_ws/install/quadrotor_msgs/share/quadrotor_msgs/hook/ld_library_path_lib.dsv'
[1.704s] INFO:colcon.colcon_core.shell:Creating environment hook '/root/colcon_ws/install/quadrotor_msgs/share/quadrotor_msgs/hook/ld_library_path_lib.sh'
[1.705s] Level 1:colcon.colcon_core.environment:checking '/root/colcon_ws/install/quadrotor_msgs/bin'
[1.705s] Level 1:colcon.colcon_core.environment:checking '/root/colcon_ws/install/quadrotor_msgs/lib/pkgconfig/quadrotor_msgs.pc'
[1.708s] Level 1:colcon.colcon_core.environment:checking '/root/colcon_ws/install/quadrotor_msgs/lib/python3.10/site-packages'
[1.709s] Level 1:colcon.colcon_core.environment:checking '/root/colcon_ws/install/quadrotor_msgs/bin'
[1.711s] INFO:colcon.colcon_core.shell:Creating package script '/root/colcon_ws/install/quadrotor_msgs/share/quadrotor_msgs/package.ps1'
[1.713s] INFO:colcon.colcon_core.shell:Creating package descriptor '/root/colcon_ws/install/quadrotor_msgs/share/quadrotor_msgs/package.dsv'
[1.714s] INFO:colcon.colcon_core.shell:Creating package script '/root/colcon_ws/install/quadrotor_msgs/share/quadrotor_msgs/package.sh'
[1.715s] INFO:colcon.colcon_core.shell:Creating package script '/root/colcon_ws/install/quadrotor_msgs/share/quadrotor_msgs/package.bash'
[1.716s] INFO:colcon.colcon_core.shell:Creating package script '/root/colcon_ws/install/quadrotor_msgs/share/quadrotor_msgs/package.zsh'
[1.717s] Level 1:colcon.colcon_core.environment:create_file_with_runtime_dependencies(/root/colcon_ws/install/quadrotor_msgs/share/colcon-core/packages/quadrotor_msgs)
[1.720s] Level 1:colcon.colcon_core.environment:create_environment_scripts_only(quadrotor_msgs)
[1.721s] Level 1:colcon.colcon_core.environment:checking '/root/colcon_ws/install/quadrotor_msgs' for CMake module files
[1.722s] Level 1:colcon.colcon_core.environment:checking '/root/colcon_ws/install/quadrotor_msgs' for CMake config files
[1.723s] Level 1:colcon.colcon_core.shell:create_environment_hook('quadrotor_msgs', 'cmake_prefix_path')
[1.724s] INFO:colcon.colcon_core.shell:Creating environment hook '/root/colcon_ws/install/quadrotor_msgs/share/quadrotor_msgs/hook/cmake_prefix_path.ps1'
[1.725s] INFO:colcon.colcon_core.shell:Creating environment descriptor '/root/colcon_ws/install/quadrotor_msgs/share/quadrotor_msgs/hook/cmake_prefix_path.dsv'
[1.726s] INFO:colcon.colcon_core.shell:Creating environment hook '/root/colcon_ws/install/quadrotor_msgs/share/quadrotor_msgs/hook/cmake_prefix_path.sh'
[1.727s] Level 1:colcon.colcon_core.environment:checking '/root/colcon_ws/install/quadrotor_msgs/lib'
[1.727s] Level 1:colcon.colcon_core.shell:create_environment_hook('quadrotor_msgs', 'ld_library_path_lib')
[1.727s] INFO:colcon.colcon_core.shell:Creating environment hook '/root/colcon_ws/install/quadrotor_msgs/share/quadrotor_msgs/hook/ld_library_path_lib.ps1'
[1.728s] INFO:colcon.colcon_core.shell:Creating environment descriptor '/root/colcon_ws/install/quadrotor_msgs/share/quadrotor_msgs/hook/ld_library_path_lib.dsv'
[1.728s] INFO:colcon.colcon_core.shell:Creating environment hook '/root/colcon_ws/install/quadrotor_msgs/share/quadrotor_msgs/hook/ld_library_path_lib.sh'
[1.729s] Level 1:colcon.colcon_core.environment:checking '/root/colcon_ws/install/quadrotor_msgs/bin'
[1.729s] Level 1:colcon.colcon_core.environment:checking '/root/colcon_ws/install/quadrotor_msgs/lib/pkgconfig/quadrotor_msgs.pc'
[1.729s] Level 1:colcon.colcon_core.environment:checking '/root/colcon_ws/install/quadrotor_msgs/lib/python3.10/site-packages'
[1.730s] Level 1:colcon.colcon_core.environment:checking '/root/colcon_ws/install/quadrotor_msgs/bin'
[1.731s] INFO:colcon.colcon_core.shell:Creating package script '/root/colcon_ws/install/quadrotor_msgs/share/quadrotor_msgs/package.ps1'
[1.731s] INFO:colcon.colcon_core.shell:Creating package descriptor '/root/colcon_ws/install/quadrotor_msgs/share/quadrotor_msgs/package.dsv'
[1.732s] INFO:colcon.colcon_core.shell:Creating package script '/root/colcon_ws/install/quadrotor_msgs/share/quadrotor_msgs/package.sh'
[1.733s] INFO:colcon.colcon_core.shell:Creating package script '/root/colcon_ws/install/quadrotor_msgs/share/quadrotor_msgs/package.bash'
[1.734s] INFO:colcon.colcon_core.shell:Creating package script '/root/colcon_ws/install/quadrotor_msgs/share/quadrotor_msgs/package.zsh'
[1.734s] Level 1:colcon.colcon_core.environment:create_file_with_runtime_dependencies(/root/colcon_ws/install/quadrotor_msgs/share/colcon-core/packages/quadrotor_msgs)
[1.735s] INFO:colcon.colcon_ros.task.ament_cmake.build:Building ROS package in '/root/colcon_ws/src/Fast-Planner/uav_simulator/Utils/multi_map_server' with build type 'ament_cmake'
[1.736s] INFO:colcon.colcon_cmake.task.cmake.build:Building CMake package in '/root/colcon_ws/src/Fast-Planner/uav_simulator/Utils/multi_map_server'
[1.736s] INFO:colcon.colcon_core.shell:Skip shell extension 'powershell' for command environment: Not usable outside of PowerShell
[1.736s] DEBUG:colcon.colcon_core.shell:Skip shell extension 'dsv' for command environment
[1.744s] INFO:colcon.colcon_ros.task.ament_cmake.build:Building ROS package in '/root/colcon_ws/src/Fast-Planner/uav_simulator/local_sensing' with build type 'ament_cmake'
[1.744s] INFO:colcon.colcon_cmake.task.cmake.build:Building CMake package in '/root/colcon_ws/src/Fast-Planner/uav_simulator/local_sensing'
[1.745s] INFO:colcon.colcon_core.shell:Skip shell extension 'powershell' for command environment: Not usable outside of PowerShell
[1.745s] DEBUG:colcon.colcon_core.shell:Skip shell extension 'dsv' for command environment
[1.750s] INFO:colcon.colcon_ros.task.ament_cmake.build:Building ROS package in '/root/colcon_ws/src/Fast-Planner/uav_simulator/Utils/odom_visualization' with build type 'ament_cmake'
[1.751s] INFO:colcon.colcon_cmake.task.cmake.build:Building CMake package in '/root/colcon_ws/src/Fast-Planner/uav_simulator/Utils/odom_visualization'
[1.751s] INFO:colcon.colcon_core.shell:Skip shell extension 'powershell' for command environment: Not usable outside of PowerShell
[1.751s] DEBUG:colcon.colcon_core.shell:Skip shell extension 'dsv' for command environment
[1.761s] INFO:colcon.colcon_ros.task.ament_cmake.build:Building ROS package in '/root/colcon_ws/src/Fast-Planner/uav_simulator/so3_control' with build type 'ament_cmake'
[1.762s] INFO:colcon.colcon_cmake.task.cmake.build:Building CMake package in '/root/colcon_ws/src/Fast-Planner/uav_simulator/so3_control'
[1.763s] INFO:colcon.colcon_core.shell:Skip shell extension 'powershell' for command environment: Not usable outside of PowerShell
[1.763s] DEBUG:colcon.colcon_core.shell:Skip shell extension 'dsv' for command environment
[1.769s] INFO:colcon.colcon_ros.task.ament_cmake.build:Building ROS package in '/root/colcon_ws/src/Fast-Planner/uav_simulator/so3_quadrotor_simulator' with build type 'ament_cmake'
[1.770s] INFO:colcon.colcon_cmake.task.cmake.build:Building CMake package in '/root/colcon_ws/src/Fast-Planner/uav_simulator/so3_quadrotor_simulator'
[1.770s] INFO:colcon.colcon_core.shell:Skip shell extension 'powershell' for command environment: Not usable outside of PowerShell
[1.770s] DEBUG:colcon.colcon_core.shell:Skip shell extension 'dsv' for command environment
[1.784s] DEBUG:colcon.colcon_core.event_handler.log_command:Invoking command in '/root/colcon_ws/build/multi_map_server': AMENT_PREFIX_PATH=/root/colcon_ws/install/quadrotor_msgs:/root/colcon_ws/install/pose_utils:${AMENT_PREFIX_PATH} CMAKE_PREFIX_PATH=/root/colcon_ws/install/quadrotor_msgs:/root/colcon_ws/install/pose_utils:/opt/ros/humble LD_LIBRARY_PATH=/root/colcon_ws/install/quadrotor_msgs/lib:/root/colcon_ws/install/pose_utils/lib:${LD_LIBRARY_PATH} PYTHONPATH=/root/colcon_ws/install/quadrotor_msgs/local/lib/python3.10/dist-packages:${PYTHONPATH} /usr/bin/cmake --build /root/colcon_ws/build/multi_map_server -- -j8 -l8
[1.791s] DEBUG:colcon.colcon_core.event_handler.log_command:Invoking command in '/root/colcon_ws/build/local_sensing_node': AMENT_PREFIX_PATH=/root/colcon_ws/install/quadrotor_msgs:${AMENT_PREFIX_PATH} CMAKE_PREFIX_PATH=/root/colcon_ws/install/quadrotor_msgs:/opt/ros/humble LD_LIBRARY_PATH=/root/colcon_ws/install/quadrotor_msgs/lib:${LD_LIBRARY_PATH} PYTHONPATH=/root/colcon_ws/install/quadrotor_msgs/local/lib/python3.10/dist-packages:${PYTHONPATH} /usr/bin/cmake --build /root/colcon_ws/build/local_sensing_node -- -j8 -l8
[1.795s] DEBUG:colcon.colcon_core.event_handler.log_command:Invoking command in '/root/colcon_ws/build/odom_visualization': AMENT_PREFIX_PATH=/root/colcon_ws/install/quadrotor_msgs:/root/colcon_ws/install/pose_utils:${AMENT_PREFIX_PATH} CMAKE_PREFIX_PATH=/root/colcon_ws/install/quadrotor_msgs:/root/colcon_ws/install/pose_utils:/opt/ros/humble LD_LIBRARY_PATH=/root/colcon_ws/install/quadrotor_msgs/lib:/root/colcon_ws/install/pose_utils/lib:${LD_LIBRARY_PATH} PYTHONPATH=/root/colcon_ws/install/quadrotor_msgs/local/lib/python3.10/dist-packages:${PYTHONPATH} /usr/bin/cmake --build /root/colcon_ws/build/odom_visualization -- -j8 -l8
[1.810s] DEBUG:colcon.colcon_core.event_handler.log_command:Invoking command in '/root/colcon_ws/build/so3_control': AMENT_PREFIX_PATH=/root/colcon_ws/install/quadrotor_msgs:/root/colcon_ws/install/cmake_utils:${AMENT_PREFIX_PATH} CMAKE_PREFIX_PATH=/root/colcon_ws/install/quadrotor_msgs:/root/colcon_ws/install/cmake_utils:/opt/ros/humble LD_LIBRARY_PATH=/root/colcon_ws/install/quadrotor_msgs/lib:${LD_LIBRARY_PATH} PYTHONPATH=/root/colcon_ws/install/quadrotor_msgs/local/lib/python3.10/dist-packages:${PYTHONPATH} /usr/bin/cmake --build /root/colcon_ws/build/so3_control -- -j8 -l8
[1.828s] DEBUG:colcon.colcon_core.event_handler.log_command:Invoking command in '/root/colcon_ws/build/so3_quadrotor_simulator': AMENT_PREFIX_PATH=/root/colcon_ws/install/uav_utils:/root/colcon_ws/install/quadrotor_msgs:/root/colcon_ws/install/cmake_utils:${AMENT_PREFIX_PATH} CMAKE_PREFIX_PATH=/root/colcon_ws/install/uav_utils:/root/colcon_ws/install/quadrotor_msgs:/root/colcon_ws/install/cmake_utils:/opt/ros/humble LD_LIBRARY_PATH=/root/colcon_ws/install/quadrotor_msgs/lib:${LD_LIBRARY_PATH} PYTHONPATH=/root/colcon_ws/install/quadrotor_msgs/local/lib/python3.10/dist-packages:${PYTHONPATH} /usr/bin/cmake --build /root/colcon_ws/build/so3_quadrotor_simulator -- -j8 -l8
[2.266s] DEBUG:colcon.colcon_core.event_handler.log_command:Invoked command in '/root/colcon_ws/build/so3_control' returned '0': AMENT_PREFIX_PATH=/root/colcon_ws/install/quadrotor_msgs:/root/colcon_ws/install/cmake_utils:${AMENT_PREFIX_PATH} CMAKE_PREFIX_PATH=/root/colcon_ws/install/quadrotor_msgs:/root/colcon_ws/install/cmake_utils:/opt/ros/humble LD_LIBRARY_PATH=/root/colcon_ws/install/quadrotor_msgs/lib:${LD_LIBRARY_PATH} PYTHONPATH=/root/colcon_ws/install/quadrotor_msgs/local/lib/python3.10/dist-packages:${PYTHONPATH} /usr/bin/cmake --build /root/colcon_ws/build/so3_control -- -j8 -l8
[2.287s] DEBUG:colcon.colcon_core.event_handler.log_command:Invoking command in '/root/colcon_ws/build/so3_control': AMENT_PREFIX_PATH=/root/colcon_ws/install/quadrotor_msgs:/root/colcon_ws/install/cmake_utils:${AMENT_PREFIX_PATH} CMAKE_PREFIX_PATH=/root/colcon_ws/install/quadrotor_msgs:/root/colcon_ws/install/cmake_utils:/opt/ros/humble LD_LIBRARY_PATH=/root/colcon_ws/install/quadrotor_msgs/lib:${LD_LIBRARY_PATH} PYTHONPATH=/root/colcon_ws/install/quadrotor_msgs/local/lib/python3.10/dist-packages:${PYTHONPATH} /usr/bin/cmake --install /root/colcon_ws/build/so3_control
[3.275s] Level 1:colcon.colcon_core.environment:create_environment_scripts_only(so3_quadrotor_simulator)
[3.276s] Level 1:colcon.colcon_core.environment:checking '/root/colcon_ws/install/so3_quadrotor_simulator' for CMake module files
[3.276s] Level 1:colcon.colcon_core.environment:checking '/root/colcon_ws/install/so3_quadrotor_simulator' for CMake config files
[3.277s] Level 1:colcon.colcon_core.environment:checking '/root/colcon_ws/install/so3_quadrotor_simulator/bin'
[3.277s] Level 1:colcon.colcon_core.environment:checking '/root/colcon_ws/install/so3_quadrotor_simulator/lib/pkgconfig/so3_quadrotor_simulator.pc'
[3.277s] Level 1:colcon.colcon_core.environment:checking '/root/colcon_ws/install/so3_quadrotor_simulator/lib/python3.10/site-packages'
[3.278s] Level 1:colcon.colcon_core.environment:checking '/root/colcon_ws/install/so3_quadrotor_simulator/bin'
[3.278s] INFO:colcon.colcon_core.shell:Creating package script '/root/colcon_ws/install/so3_quadrotor_simulator/share/so3_quadrotor_simulator/package.ps1'
[3.280s] INFO:colcon.colcon_core.shell:Creating package descriptor '/root/colcon_ws/install/so3_quadrotor_simulator/share/so3_quadrotor_simulator/package.dsv'
[3.284s] DEBUG:colcon.colcon_core.event_handler.log_command:Invoked command in '/root/colcon_ws/build/so3_quadrotor_simulator' returned '2': AMENT_PREFIX_PATH=/root/colcon_ws/install/uav_utils:/root/colcon_ws/install/quadrotor_msgs:/root/colcon_ws/install/cmake_utils:${AMENT_PREFIX_PATH} CMAKE_PREFIX_PATH=/root/colcon_ws/install/uav_utils:/root/colcon_ws/install/quadrotor_msgs:/root/colcon_ws/install/cmake_utils:/opt/ros/humble LD_LIBRARY_PATH=/root/colcon_ws/install/quadrotor_msgs/lib:${LD_LIBRARY_PATH} PYTHONPATH=/root/colcon_ws/install/quadrotor_msgs/local/lib/python3.10/dist-packages:${PYTHONPATH} /usr/bin/cmake --build /root/colcon_ws/build/so3_quadrotor_simulator -- -j8 -l8
[3.285s] INFO:colcon.colcon_core.shell:Creating package script '/root/colcon_ws/install/so3_quadrotor_simulator/share/so3_quadrotor_simulator/package.sh'
[3.286s] INFO:colcon.colcon_core.shell:Creating package script '/root/colcon_ws/install/so3_quadrotor_simulator/share/so3_quadrotor_simulator/package.bash'
[3.287s] INFO:colcon.colcon_core.shell:Creating package script '/root/colcon_ws/install/so3_quadrotor_simulator/share/so3_quadrotor_simulator/package.zsh'
[3.287s] Level 1:colcon.colcon_core.environment:create_file_with_runtime_dependencies(/root/colcon_ws/install/so3_quadrotor_simulator/share/colcon-core/packages/so3_quadrotor_simulator)
[6.518s] DEBUG:colcon.colcon_parallel_executor.executor.parallel:run_until_complete was interrupted
[6.519s] DEBUG:colcon.colcon_parallel_executor.executor.parallel:run_until_complete again
[6.583s] DEBUG:colcon.colcon_parallel_executor.executor.parallel:run_until_complete finished
[6.584s] DEBUG:colcon.colcon_parallel_executor.executor.parallel:closing loop
[6.584s] DEBUG:colcon.colcon_parallel_executor.executor.parallel:loop closed
[6.585s] DEBUG:colcon.colcon_core.event_reactor:joining thread
[6.597s] INFO:colcon.colcon_core.plugin_system:Skipping extension 'colcon_notification.desktop_notification.notify_send': Could not find 'notify-send'
[6.597s] INFO:colcon.colcon_core.plugin_system:Skipping extension 'colcon_notification.desktop_notification.terminal_notifier': Not used on non-Darwin systems
[6.598s] INFO:colcon.colcon_core.plugin_system:Skipping extension 'colcon_notification.desktop_notification.win32': Not used on non-Windows systems
[6.598s] INFO:colcon.colcon_notification.desktop_notification:Sending desktop notification using 'notify2'
[6.606s] DEBUG:colcon.colcon_notification.desktop_notification.notify2:Failed to initialize notify2: org.freedesktop.DBus.Error.Spawn.ExecFailed: /usr/bin/dbus-launch terminated abnormally without any error message
[6.606s] DEBUG:colcon.colcon_core.event_reactor:joined thread
[6.608s] INFO:colcon.colcon_core.shell:Creating prefix script '/root/colcon_ws/install/local_setup.ps1'
[6.610s] INFO:colcon.colcon_core.shell:Creating prefix util module '/root/colcon_ws/install/_local_setup_util_ps1.py'
[6.616s] INFO:colcon.colcon_core.shell:Creating prefix chain script '/root/colcon_ws/install/setup.ps1'
[6.619s] INFO:colcon.colcon_core.shell:Creating prefix script '/root/colcon_ws/install/local_setup.sh'
[6.621s] INFO:colcon.colcon_core.shell:Creating prefix util module '/root/colcon_ws/install/_local_setup_util_sh.py'
[6.623s] INFO:colcon.colcon_core.shell:Creating prefix chain script '/root/colcon_ws/install/setup.sh'
[6.626s] INFO:colcon.colcon_core.shell:Creating prefix script '/root/colcon_ws/install/local_setup.bash'
[6.628s] INFO:colcon.colcon_core.shell:Creating prefix chain script '/root/colcon_ws/install/setup.bash'
[6.631s] INFO:colcon.colcon_core.shell:Creating prefix script '/root/colcon_ws/install/local_setup.zsh'
[6.632s] INFO:colcon.colcon_core.shell:Creating prefix chain script '/root/colcon_ws/install/setup.zsh'
