[0.178s] DEBUG:colcon:Command line arguments: ['/usr/bin/colcon', 'build']
[0.179s] DEBUG:colcon:Parsed command line arguments: Namespace(log_base=None, log_level=None, verb_name='build', build_base='build', install_base='install', merge_install=False, symlink_install=False, test_result_base=None, continue_on_error=False, executor='parallel', parallel_workers=8, event_handlers=None, ignore_user_meta=False, metas=['./colcon.meta'], base_paths=['.'], packages_ignore=None, packages_ignore_regex=None, paths=None, packages_up_to=None, packages_up_to_regex=None, packages_above=None, packages_above_and_dependencies=None, packages_above_depth=None, packages_select_by_dep=None, packages_skip_by_dep=None, packages_skip_up_to=None, packages_select_build_failed=False, packages_skip_build_finished=False, packages_select_test_failures=False, packages_skip_test_passed=False, packages_select=None, packages_skip=None, packages_select_regex=None, packages_skip_regex=None, packages_start=None, packages_end=None, allow_overriding=[], cmake_args=None, cmake_target=None, cmake_target_skip_unavailable=False, cmake_clean_cache=False, cmake_clean_first=False, cmake_force_configure=False, ament_cmake_args=None, catkin_cmake_args=None, catkin_skip_building_tests=False, verb_parser=<colcon_defaults.argument_parser.defaults.DefaultArgumentsDecorator object at 0xffffba63a8f0>, verb_extension=<colcon_core.verb.build.BuildVerb object at 0xffffba63a320>, main=<bound method BuildVerb.main of <colcon_core.verb.build.BuildVerb object at 0xffffba63a320>>)
[0.437s] Level 1:colcon.colcon_core.package_discovery:discover_packages(colcon_meta) check parameters
[0.438s] Level 1:colcon.colcon_core.package_discovery:discover_packages(recursive) check parameters
[0.438s] Level 1:colcon.colcon_core.package_discovery:discover_packages(ignore) check parameters
[0.438s] Level 1:colcon.colcon_core.package_discovery:discover_packages(path) check parameters
[0.438s] Level 1:colcon.colcon_core.package_discovery:discover_packages(colcon_meta) discover
[0.438s] Level 1:colcon.colcon_core.package_discovery:discover_packages(recursive) discover
[0.438s] INFO:colcon.colcon_core.package_discovery:Crawling recursively for packages in '/root/colcon_ws'
[0.438s] Level 1:colcon.colcon_core.package_identification:_identify(.) by extensions ['ignore', 'ignore_ament_install']
[0.438s] Level 1:colcon.colcon_core.package_identification:_identify(.) by extension 'ignore'
[0.439s] Level 1:colcon.colcon_core.package_identification:_identify(.) by extension 'ignore_ament_install'
[0.439s] Level 1:colcon.colcon_core.package_identification:_identify(.) by extensions ['colcon_pkg']
[0.439s] Level 1:colcon.colcon_core.package_identification:_identify(.) by extension 'colcon_pkg'
[0.439s] Level 1:colcon.colcon_core.package_identification:_identify(.) by extensions ['colcon_meta']
[0.439s] Level 1:colcon.colcon_core.package_identification:_identify(.) by extension 'colcon_meta'
[0.439s] Level 1:colcon.colcon_core.package_identification:_identify(.) by extensions ['ros']
[0.439s] Level 1:colcon.colcon_core.package_identification:_identify(.) by extension 'ros'
[0.459s] Level 1:colcon.colcon_core.package_identification:_identify(.) by extensions ['cmake', 'python']
[0.459s] Level 1:colcon.colcon_core.package_identification:_identify(.) by extension 'cmake'
[0.459s] Level 1:colcon.colcon_core.package_identification:_identify(.) by extension 'python'
[0.459s] Level 1:colcon.colcon_core.package_identification:_identify(.) by extensions ['python_setup_py']
[0.459s] Level 1:colcon.colcon_core.package_identification:_identify(.) by extension 'python_setup_py'
[0.459s] Level 1:colcon.colcon_core.package_identification:_identify(backup) by extensions ['ignore', 'ignore_ament_install']
[0.460s] Level 1:colcon.colcon_core.package_identification:_identify(backup) by extension 'ignore'
[0.460s] Level 1:colcon.colcon_core.package_identification:_identify(backup) by extension 'ignore_ament_install'
[0.460s] Level 1:colcon.colcon_core.package_identification:_identify(backup) by extensions ['colcon_pkg']
[0.460s] Level 1:colcon.colcon_core.package_identification:_identify(backup) by extension 'colcon_pkg'
[0.460s] Level 1:colcon.colcon_core.package_identification:_identify(backup) by extensions ['colcon_meta']
[0.460s] Level 1:colcon.colcon_core.package_identification:_identify(backup) by extension 'colcon_meta'
[0.460s] Level 1:colcon.colcon_core.package_identification:_identify(backup) by extensions ['ros']
[0.460s] Level 1:colcon.colcon_core.package_identification:_identify(backup) by extension 'ros'
[0.460s] Level 1:colcon.colcon_core.package_identification:_identify(backup) by extensions ['cmake', 'python']
[0.460s] Level 1:colcon.colcon_core.package_identification:_identify(backup) by extension 'cmake'
[0.460s] Level 1:colcon.colcon_core.package_identification:_identify(backup) by extension 'python'
[0.461s] Level 1:colcon.colcon_core.package_identification:_identify(backup) by extensions ['python_setup_py']
[0.461s] Level 1:colcon.colcon_core.package_identification:_identify(backup) by extension 'python_setup_py'
[0.461s] Level 1:colcon.colcon_core.package_identification:_identify(backup/fptestv1) by extensions ['ignore', 'ignore_ament_install']
[0.461s] Level 1:colcon.colcon_core.package_identification:_identify(backup/fptestv1) by extension 'ignore'
[0.461s] Level 1:colcon.colcon_core.package_identification:_identify(backup/fptestv1) by extension 'ignore_ament_install'
[0.461s] Level 1:colcon.colcon_core.package_identification:_identify(backup/fptestv1) by extensions ['colcon_pkg']
[0.461s] Level 1:colcon.colcon_core.package_identification:_identify(backup/fptestv1) by extension 'colcon_pkg'
[0.461s] Level 1:colcon.colcon_core.package_identification:_identify(backup/fptestv1) by extensions ['colcon_meta']
[0.461s] Level 1:colcon.colcon_core.package_identification:_identify(backup/fptestv1) by extension 'colcon_meta'
[0.461s] Level 1:colcon.colcon_core.package_identification:_identify(backup/fptestv1) by extensions ['ros']
[0.461s] Level 1:colcon.colcon_core.package_identification:_identify(backup/fptestv1) by extension 'ros'
[0.461s] Level 1:colcon.colcon_core.package_identification:_identify(backup/fptestv1) by extensions ['cmake', 'python']
[0.462s] Level 1:colcon.colcon_core.package_identification:_identify(backup/fptestv1) by extension 'cmake'
[0.462s] Level 1:colcon.colcon_core.package_identification:_identify(backup/fptestv1) by extension 'python'
[0.462s] Level 1:colcon.colcon_core.package_identification:_identify(backup/fptestv1) by extensions ['python_setup_py']
[0.462s] Level 1:colcon.colcon_core.package_identification:_identify(backup/fptestv1) by extension 'python_setup_py'
[0.462s] Level 1:colcon.colcon_core.package_identification:_identify(backup/fptestv1/fastapi_planner) by extensions ['ignore', 'ignore_ament_install']
[0.462s] Level 1:colcon.colcon_core.package_identification:_identify(backup/fptestv1/fastapi_planner) by extension 'ignore'
[0.462s] Level 1:colcon.colcon_core.package_identification:_identify(backup/fptestv1/fastapi_planner) by extension 'ignore_ament_install'
[0.462s] Level 1:colcon.colcon_core.package_identification:_identify(backup/fptestv1/fastapi_planner) by extensions ['colcon_pkg']
[0.462s] Level 1:colcon.colcon_core.package_identification:_identify(backup/fptestv1/fastapi_planner) by extension 'colcon_pkg'
[0.462s] Level 1:colcon.colcon_core.package_identification:_identify(backup/fptestv1/fastapi_planner) by extensions ['colcon_meta']
[0.462s] Level 1:colcon.colcon_core.package_identification:_identify(backup/fptestv1/fastapi_planner) by extension 'colcon_meta'
[0.462s] Level 1:colcon.colcon_core.package_identification:_identify(backup/fptestv1/fastapi_planner) by extensions ['ros']
[0.462s] Level 1:colcon.colcon_core.package_identification:_identify(backup/fptestv1/fastapi_planner) by extension 'ros'
[0.463s] Level 1:colcon.colcon_core.package_identification:_identify(backup/fptestv1/fastapi_planner) by extensions ['cmake', 'python']
[0.463s] Level 1:colcon.colcon_core.package_identification:_identify(backup/fptestv1/fastapi_planner) by extension 'cmake'
[0.463s] Level 1:colcon.colcon_core.package_identification:_identify(backup/fptestv1/fastapi_planner) by extension 'python'
[0.463s] Level 1:colcon.colcon_core.package_identification:_identify(backup/fptestv1/fastapi_planner) by extensions ['python_setup_py']
[0.463s] Level 1:colcon.colcon_core.package_identification:_identify(backup/fptestv1/fastapi_planner) by extension 'python_setup_py'
[0.463s] Level 1:colcon.colcon_core.package_identification:_identify(backup/fptestv1/fastapi_planner/__pycache__) by extensions ['ignore', 'ignore_ament_install']
[0.463s] Level 1:colcon.colcon_core.package_identification:_identify(backup/fptestv1/fastapi_planner/__pycache__) by extension 'ignore'
[0.463s] Level 1:colcon.colcon_core.package_identification:_identify(backup/fptestv1/fastapi_planner/__pycache__) by extension 'ignore_ament_install'
[0.463s] Level 1:colcon.colcon_core.package_identification:_identify(backup/fptestv1/fastapi_planner/__pycache__) by extensions ['colcon_pkg']
[0.463s] Level 1:colcon.colcon_core.package_identification:_identify(backup/fptestv1/fastapi_planner/__pycache__) by extension 'colcon_pkg'
[0.463s] Level 1:colcon.colcon_core.package_identification:_identify(backup/fptestv1/fastapi_planner/__pycache__) by extensions ['colcon_meta']
[0.464s] Level 1:colcon.colcon_core.package_identification:_identify(backup/fptestv1/fastapi_planner/__pycache__) by extension 'colcon_meta'
[0.464s] Level 1:colcon.colcon_core.package_identification:_identify(backup/fptestv1/fastapi_planner/__pycache__) by extensions ['ros']
[0.464s] Level 1:colcon.colcon_core.package_identification:_identify(backup/fptestv1/fastapi_planner/__pycache__) by extension 'ros'
[0.464s] Level 1:colcon.colcon_core.package_identification:_identify(backup/fptestv1/fastapi_planner/__pycache__) by extensions ['cmake', 'python']
[0.464s] Level 1:colcon.colcon_core.package_identification:_identify(backup/fptestv1/fastapi_planner/__pycache__) by extension 'cmake'
[0.464s] Level 1:colcon.colcon_core.package_identification:_identify(backup/fptestv1/fastapi_planner/__pycache__) by extension 'python'
[0.464s] Level 1:colcon.colcon_core.package_identification:_identify(backup/fptestv1/fastapi_planner/__pycache__) by extensions ['python_setup_py']
[0.464s] Level 1:colcon.colcon_core.package_identification:_identify(backup/fptestv1/fastapi_planner/__pycache__) by extension 'python_setup_py'
[0.464s] Level 1:colcon.colcon_core.package_identification:_identify(build) by extensions ['ignore', 'ignore_ament_install']
[0.464s] Level 1:colcon.colcon_core.package_identification:_identify(build) by extension 'ignore'
[0.464s] Level 1:colcon.colcon_core.package_identification:_identify(build) ignored
[0.465s] Level 1:colcon.colcon_core.package_identification:_identify(docs) by extensions ['ignore', 'ignore_ament_install']
[0.465s] Level 1:colcon.colcon_core.package_identification:_identify(docs) by extension 'ignore'
[0.465s] Level 1:colcon.colcon_core.package_identification:_identify(docs) by extension 'ignore_ament_install'
[0.465s] Level 1:colcon.colcon_core.package_identification:_identify(docs) by extensions ['colcon_pkg']
[0.465s] Level 1:colcon.colcon_core.package_identification:_identify(docs) by extension 'colcon_pkg'
[0.465s] Level 1:colcon.colcon_core.package_identification:_identify(docs) by extensions ['colcon_meta']
[0.465s] Level 1:colcon.colcon_core.package_identification:_identify(docs) by extension 'colcon_meta'
[0.465s] Level 1:colcon.colcon_core.package_identification:_identify(docs) by extensions ['ros']
[0.465s] Level 1:colcon.colcon_core.package_identification:_identify(docs) by extension 'ros'
[0.465s] Level 1:colcon.colcon_core.package_identification:_identify(docs) by extensions ['cmake', 'python']
[0.465s] Level 1:colcon.colcon_core.package_identification:_identify(docs) by extension 'cmake'
[0.465s] Level 1:colcon.colcon_core.package_identification:_identify(docs) by extension 'python'
[0.466s] Level 1:colcon.colcon_core.package_identification:_identify(docs) by extensions ['python_setup_py']
[0.466s] Level 1:colcon.colcon_core.package_identification:_identify(docs) by extension 'python_setup_py'
[0.466s] Level 1:colcon.colcon_core.package_identification:_identify(fastapi_planner) by extensions ['ignore', 'ignore_ament_install']
[0.466s] Level 1:colcon.colcon_core.package_identification:_identify(fastapi_planner) by extension 'ignore'
[0.466s] Level 1:colcon.colcon_core.package_identification:_identify(fastapi_planner) by extension 'ignore_ament_install'
[0.466s] Level 1:colcon.colcon_core.package_identification:_identify(fastapi_planner) by extensions ['colcon_pkg']
[0.466s] Level 1:colcon.colcon_core.package_identification:_identify(fastapi_planner) by extension 'colcon_pkg'
[0.466s] Level 1:colcon.colcon_core.package_identification:_identify(fastapi_planner) by extensions ['colcon_meta']
[0.466s] Level 1:colcon.colcon_core.package_identification:_identify(fastapi_planner) by extension 'colcon_meta'
[0.466s] Level 1:colcon.colcon_core.package_identification:_identify(fastapi_planner) by extensions ['ros']
[0.466s] Level 1:colcon.colcon_core.package_identification:_identify(fastapi_planner) by extension 'ros'
[0.466s] Level 1:colcon.colcon_core.package_identification:_identify(fastapi_planner) by extensions ['cmake', 'python']
[0.467s] Level 1:colcon.colcon_core.package_identification:_identify(fastapi_planner) by extension 'cmake'
[0.467s] Level 1:colcon.colcon_core.package_identification:_identify(fastapi_planner) by extension 'python'
[0.467s] Level 1:colcon.colcon_core.package_identification:_identify(fastapi_planner) by extensions ['python_setup_py']
[0.467s] Level 1:colcon.colcon_core.package_identification:_identify(fastapi_planner) by extension 'python_setup_py'
[0.467s] Level 1:colcon.colcon_core.package_identification:_identify(fastapi_planner/__pycache__) by extensions ['ignore', 'ignore_ament_install']
[0.467s] Level 1:colcon.colcon_core.package_identification:_identify(fastapi_planner/__pycache__) by extension 'ignore'
[0.467s] Level 1:colcon.colcon_core.package_identification:_identify(fastapi_planner/__pycache__) by extension 'ignore_ament_install'
[0.467s] Level 1:colcon.colcon_core.package_identification:_identify(fastapi_planner/__pycache__) by extensions ['colcon_pkg']
[0.467s] Level 1:colcon.colcon_core.package_identification:_identify(fastapi_planner/__pycache__) by extension 'colcon_pkg'
[0.467s] Level 1:colcon.colcon_core.package_identification:_identify(fastapi_planner/__pycache__) by extensions ['colcon_meta']
[0.467s] Level 1:colcon.colcon_core.package_identification:_identify(fastapi_planner/__pycache__) by extension 'colcon_meta'
[0.467s] Level 1:colcon.colcon_core.package_identification:_identify(fastapi_planner/__pycache__) by extensions ['ros']
[0.467s] Level 1:colcon.colcon_core.package_identification:_identify(fastapi_planner/__pycache__) by extension 'ros'
[0.468s] Level 1:colcon.colcon_core.package_identification:_identify(fastapi_planner/__pycache__) by extensions ['cmake', 'python']
[0.468s] Level 1:colcon.colcon_core.package_identification:_identify(fastapi_planner/__pycache__) by extension 'cmake'
[0.468s] Level 1:colcon.colcon_core.package_identification:_identify(fastapi_planner/__pycache__) by extension 'python'
[0.468s] Level 1:colcon.colcon_core.package_identification:_identify(fastapi_planner/__pycache__) by extensions ['python_setup_py']
[0.468s] Level 1:colcon.colcon_core.package_identification:_identify(fastapi_planner/__pycache__) by extension 'python_setup_py'
[0.468s] Level 1:colcon.colcon_core.package_identification:_identify(install) by extensions ['ignore', 'ignore_ament_install']
[0.468s] Level 1:colcon.colcon_core.package_identification:_identify(install) by extension 'ignore'
[0.468s] Level 1:colcon.colcon_core.package_identification:_identify(install) ignored
[0.469s] Level 1:colcon.colcon_core.package_identification:_identify(log) by extensions ['ignore', 'ignore_ament_install']
[0.469s] Level 1:colcon.colcon_core.package_identification:_identify(log) by extension 'ignore'
[0.469s] Level 1:colcon.colcon_core.package_identification:_identify(log) ignored
[0.469s] Level 1:colcon.colcon_core.package_identification:_identify(src) by extensions ['ignore', 'ignore_ament_install']
[0.469s] Level 1:colcon.colcon_core.package_identification:_identify(src) by extension 'ignore'
[0.469s] Level 1:colcon.colcon_core.package_identification:_identify(src) by extension 'ignore_ament_install'
[0.469s] Level 1:colcon.colcon_core.package_identification:_identify(src) by extensions ['colcon_pkg']
[0.469s] Level 1:colcon.colcon_core.package_identification:_identify(src) by extension 'colcon_pkg'
[0.469s] Level 1:colcon.colcon_core.package_identification:_identify(src) by extensions ['colcon_meta']
[0.469s] Level 1:colcon.colcon_core.package_identification:_identify(src) by extension 'colcon_meta'
[0.469s] Level 1:colcon.colcon_core.package_identification:_identify(src) by extensions ['ros']
[0.469s] Level 1:colcon.colcon_core.package_identification:_identify(src) by extension 'ros'
[0.470s] Level 1:colcon.colcon_core.package_identification:_identify(src) by extensions ['cmake', 'python']
[0.470s] Level 1:colcon.colcon_core.package_identification:_identify(src) by extension 'cmake'
[0.470s] Level 1:colcon.colcon_core.package_identification:_identify(src) by extension 'python'
[0.470s] Level 1:colcon.colcon_core.package_identification:_identify(src) by extensions ['python_setup_py']
[0.470s] Level 1:colcon.colcon_core.package_identification:_identify(src) by extension 'python_setup_py'
[0.470s] Level 1:colcon.colcon_core.package_identification:_identify(src/Fast-Planner) by extensions ['ignore', 'ignore_ament_install']
[0.470s] Level 1:colcon.colcon_core.package_identification:_identify(src/Fast-Planner) by extension 'ignore'
[0.470s] Level 1:colcon.colcon_core.package_identification:_identify(src/Fast-Planner) by extension 'ignore_ament_install'
[0.470s] Level 1:colcon.colcon_core.package_identification:_identify(src/Fast-Planner) by extensions ['colcon_pkg']
[0.470s] Level 1:colcon.colcon_core.package_identification:_identify(src/Fast-Planner) by extension 'colcon_pkg'
[0.470s] Level 1:colcon.colcon_core.package_identification:_identify(src/Fast-Planner) by extensions ['colcon_meta']
[0.470s] Level 1:colcon.colcon_core.package_identification:_identify(src/Fast-Planner) by extension 'colcon_meta'
[0.471s] Level 1:colcon.colcon_core.package_identification:_identify(src/Fast-Planner) by extensions ['ros']
[0.471s] Level 1:colcon.colcon_core.package_identification:_identify(src/Fast-Planner) by extension 'ros'
[0.471s] Level 1:colcon.colcon_core.package_identification:_identify(src/Fast-Planner) by extensions ['cmake', 'python']
[0.471s] Level 1:colcon.colcon_core.package_identification:_identify(src/Fast-Planner) by extension 'cmake'
[0.471s] Level 1:colcon.colcon_core.package_identification:_identify(src/Fast-Planner) by extension 'python'
[0.471s] Level 1:colcon.colcon_core.package_identification:_identify(src/Fast-Planner) by extensions ['python_setup_py']
[0.471s] Level 1:colcon.colcon_core.package_identification:_identify(src/Fast-Planner) by extension 'python_setup_py'
[0.471s] Level 1:colcon.colcon_core.package_identification:_identify(src/Fast-Planner/fast_planner) by extensions ['ignore', 'ignore_ament_install']
[0.471s] Level 1:colcon.colcon_core.package_identification:_identify(src/Fast-Planner/fast_planner) by extension 'ignore'
[0.471s] Level 1:colcon.colcon_core.package_identification:_identify(src/Fast-Planner/fast_planner) by extension 'ignore_ament_install'
[0.471s] Level 1:colcon.colcon_core.package_identification:_identify(src/Fast-Planner/fast_planner) by extensions ['colcon_pkg']
[0.471s] Level 1:colcon.colcon_core.package_identification:_identify(src/Fast-Planner/fast_planner) by extension 'colcon_pkg'
[0.471s] Level 1:colcon.colcon_core.package_identification:_identify(src/Fast-Planner/fast_planner) by extensions ['colcon_meta']
[0.472s] Level 1:colcon.colcon_core.package_identification:_identify(src/Fast-Planner/fast_planner) by extension 'colcon_meta'
[0.472s] Level 1:colcon.colcon_core.package_identification:_identify(src/Fast-Planner/fast_planner) by extensions ['ros']
[0.472s] Level 1:colcon.colcon_core.package_identification:_identify(src/Fast-Planner/fast_planner) by extension 'ros'
[0.472s] Level 1:colcon.colcon_core.package_identification:_identify(src/Fast-Planner/fast_planner) by extensions ['cmake', 'python']
[0.472s] Level 1:colcon.colcon_core.package_identification:_identify(src/Fast-Planner/fast_planner) by extension 'cmake'
[0.472s] Level 1:colcon.colcon_core.package_identification:_identify(src/Fast-Planner/fast_planner) by extension 'python'
[0.472s] Level 1:colcon.colcon_core.package_identification:_identify(src/Fast-Planner/fast_planner) by extensions ['python_setup_py']
[0.472s] Level 1:colcon.colcon_core.package_identification:_identify(src/Fast-Planner/fast_planner) by extension 'python_setup_py'
[0.472s] Level 1:colcon.colcon_core.package_identification:_identify(src/Fast-Planner/fast_planner/bag) by extensions ['ignore', 'ignore_ament_install']
[0.472s] Level 1:colcon.colcon_core.package_identification:_identify(src/Fast-Planner/fast_planner/bag) by extension 'ignore'
[0.472s] Level 1:colcon.colcon_core.package_identification:_identify(src/Fast-Planner/fast_planner/bag) by extension 'ignore_ament_install'
[0.473s] Level 1:colcon.colcon_core.package_identification:_identify(src/Fast-Planner/fast_planner/bag) by extensions ['colcon_pkg']
[0.473s] Level 1:colcon.colcon_core.package_identification:_identify(src/Fast-Planner/fast_planner/bag) by extension 'colcon_pkg'
[0.473s] Level 1:colcon.colcon_core.package_identification:_identify(src/Fast-Planner/fast_planner/bag) by extensions ['colcon_meta']
[0.473s] Level 1:colcon.colcon_core.package_identification:_identify(src/Fast-Planner/fast_planner/bag) by extension 'colcon_meta'
[0.473s] Level 1:colcon.colcon_core.package_identification:_identify(src/Fast-Planner/fast_planner/bag) by extensions ['ros']
[0.473s] Level 1:colcon.colcon_core.package_identification:_identify(src/Fast-Planner/fast_planner/bag) by extension 'ros'
[0.473s] Level 1:colcon.colcon_core.package_identification:_identify(src/Fast-Planner/fast_planner/bag) by extensions ['cmake', 'python']
[0.473s] Level 1:colcon.colcon_core.package_identification:_identify(src/Fast-Planner/fast_planner/bag) by extension 'cmake'
[0.473s] Level 1:colcon.colcon_core.package_identification:_identify(src/Fast-Planner/fast_planner/bag) by extension 'python'
[0.473s] Level 1:colcon.colcon_core.package_identification:_identify(src/Fast-Planner/fast_planner/bag) by extensions ['python_setup_py']
[0.473s] Level 1:colcon.colcon_core.package_identification:_identify(src/Fast-Planner/fast_planner/bag) by extension 'python_setup_py'
[0.473s] Level 1:colcon.colcon_core.package_identification:_identify(src/Fast-Planner/fast_planner/bspline) by extensions ['ignore', 'ignore_ament_install']
[0.473s] Level 1:colcon.colcon_core.package_identification:_identify(src/Fast-Planner/fast_planner/bspline) by extension 'ignore'
[0.474s] Level 1:colcon.colcon_core.package_identification:_identify(src/Fast-Planner/fast_planner/bspline) by extension 'ignore_ament_install'
[0.474s] Level 1:colcon.colcon_core.package_identification:_identify(src/Fast-Planner/fast_planner/bspline) by extensions ['colcon_pkg']
[0.474s] Level 1:colcon.colcon_core.package_identification:_identify(src/Fast-Planner/fast_planner/bspline) by extension 'colcon_pkg'
[0.474s] Level 1:colcon.colcon_core.package_identification:_identify(src/Fast-Planner/fast_planner/bspline) by extensions ['colcon_meta']
[0.474s] Level 1:colcon.colcon_core.package_identification:_identify(src/Fast-Planner/fast_planner/bspline) by extension 'colcon_meta'
[0.474s] Level 1:colcon.colcon_core.package_identification:_identify(src/Fast-Planner/fast_planner/bspline) by extensions ['ros']
[0.474s] Level 1:colcon.colcon_core.package_identification:_identify(src/Fast-Planner/fast_planner/bspline) by extension 'ros'
[0.479s] DEBUG:colcon.colcon_core.package_identification:Package 'src/Fast-Planner/fast_planner/bspline' with type 'ros.ament_cmake' and name 'bspline'
[0.479s] Level 1:colcon.colcon_core.package_identification:_identify(src/Fast-Planner/fast_planner/bspline_opt) by extensions ['ignore', 'ignore_ament_install']
[0.479s] Level 1:colcon.colcon_core.package_identification:_identify(src/Fast-Planner/fast_planner/bspline_opt) by extension 'ignore'
[0.479s] Level 1:colcon.colcon_core.package_identification:_identify(src/Fast-Planner/fast_planner/bspline_opt) by extension 'ignore_ament_install'
[0.479s] Level 1:colcon.colcon_core.package_identification:_identify(src/Fast-Planner/fast_planner/bspline_opt) by extensions ['colcon_pkg']
[0.479s] Level 1:colcon.colcon_core.package_identification:_identify(src/Fast-Planner/fast_planner/bspline_opt) by extension 'colcon_pkg'
[0.479s] Level 1:colcon.colcon_core.package_identification:_identify(src/Fast-Planner/fast_planner/bspline_opt) by extensions ['colcon_meta']
[0.479s] Level 1:colcon.colcon_core.package_identification:_identify(src/Fast-Planner/fast_planner/bspline_opt) by extension 'colcon_meta'
[0.479s] Level 1:colcon.colcon_core.package_identification:_identify(src/Fast-Planner/fast_planner/bspline_opt) by extensions ['ros']
[0.480s] Level 1:colcon.colcon_core.package_identification:_identify(src/Fast-Planner/fast_planner/bspline_opt) by extension 'ros'
[0.481s] DEBUG:colcon.colcon_core.package_identification:Package 'src/Fast-Planner/fast_planner/bspline_opt' with type 'ros.ament_cmake' and name 'bspline_opt'
[0.481s] Level 1:colcon.colcon_core.package_identification:_identify(src/Fast-Planner/fast_planner/path_searching) by extensions ['ignore', 'ignore_ament_install']
[0.481s] Level 1:colcon.colcon_core.package_identification:_identify(src/Fast-Planner/fast_planner/path_searching) by extension 'ignore'
[0.481s] Level 1:colcon.colcon_core.package_identification:_identify(src/Fast-Planner/fast_planner/path_searching) by extension 'ignore_ament_install'
[0.481s] Level 1:colcon.colcon_core.package_identification:_identify(src/Fast-Planner/fast_planner/path_searching) by extensions ['colcon_pkg']
[0.481s] Level 1:colcon.colcon_core.package_identification:_identify(src/Fast-Planner/fast_planner/path_searching) by extension 'colcon_pkg'
[0.481s] Level 1:colcon.colcon_core.package_identification:_identify(src/Fast-Planner/fast_planner/path_searching) by extensions ['colcon_meta']
[0.481s] Level 1:colcon.colcon_core.package_identification:_identify(src/Fast-Planner/fast_planner/path_searching) by extension 'colcon_meta'
[0.482s] Level 1:colcon.colcon_core.package_identification:_identify(src/Fast-Planner/fast_planner/path_searching) by extensions ['ros']
[0.482s] Level 1:colcon.colcon_core.package_identification:_identify(src/Fast-Planner/fast_planner/path_searching) by extension 'ros'
[0.483s] DEBUG:colcon.colcon_core.package_identification:Package 'src/Fast-Planner/fast_planner/path_searching' with type 'ros.ament_cmake' and name 'path_searching'
[0.483s] Level 1:colcon.colcon_core.package_identification:_identify(src/Fast-Planner/fast_planner/plan_env) by extensions ['ignore', 'ignore_ament_install']
[0.483s] Level 1:colcon.colcon_core.package_identification:_identify(src/Fast-Planner/fast_planner/plan_env) by extension 'ignore'
[0.483s] Level 1:colcon.colcon_core.package_identification:_identify(src/Fast-Planner/fast_planner/plan_env) by extension 'ignore_ament_install'
[0.483s] Level 1:colcon.colcon_core.package_identification:_identify(src/Fast-Planner/fast_planner/plan_env) by extensions ['colcon_pkg']
[0.483s] Level 1:colcon.colcon_core.package_identification:_identify(src/Fast-Planner/fast_planner/plan_env) by extension 'colcon_pkg'
[0.483s] Level 1:colcon.colcon_core.package_identification:_identify(src/Fast-Planner/fast_planner/plan_env) by extensions ['colcon_meta']
[0.483s] Level 1:colcon.colcon_core.package_identification:_identify(src/Fast-Planner/fast_planner/plan_env) by extension 'colcon_meta'
[0.483s] Level 1:colcon.colcon_core.package_identification:_identify(src/Fast-Planner/fast_planner/plan_env) by extensions ['ros']
[0.483s] Level 1:colcon.colcon_core.package_identification:_identify(src/Fast-Planner/fast_planner/plan_env) by extension 'ros'
[0.484s] DEBUG:colcon.colcon_core.package_identification:Package 'src/Fast-Planner/fast_planner/plan_env' with type 'ros.ament_cmake' and name 'plan_env'
[0.485s] Level 1:colcon.colcon_core.package_identification:_identify(src/Fast-Planner/fast_planner/plan_manage) by extensions ['ignore', 'ignore_ament_install']
[0.485s] Level 1:colcon.colcon_core.package_identification:_identify(src/Fast-Planner/fast_planner/plan_manage) by extension 'ignore'
[0.485s] Level 1:colcon.colcon_core.package_identification:_identify(src/Fast-Planner/fast_planner/plan_manage) by extension 'ignore_ament_install'
[0.485s] Level 1:colcon.colcon_core.package_identification:_identify(src/Fast-Planner/fast_planner/plan_manage) by extensions ['colcon_pkg']
[0.485s] Level 1:colcon.colcon_core.package_identification:_identify(src/Fast-Planner/fast_planner/plan_manage) by extension 'colcon_pkg'
[0.485s] Level 1:colcon.colcon_core.package_identification:_identify(src/Fast-Planner/fast_planner/plan_manage) by extensions ['colcon_meta']
[0.485s] Level 1:colcon.colcon_core.package_identification:_identify(src/Fast-Planner/fast_planner/plan_manage) by extension 'colcon_meta'
[0.485s] Level 1:colcon.colcon_core.package_identification:_identify(src/Fast-Planner/fast_planner/plan_manage) by extensions ['ros']
[0.485s] Level 1:colcon.colcon_core.package_identification:_identify(src/Fast-Planner/fast_planner/plan_manage) by extension 'ros'
[0.487s] DEBUG:colcon.colcon_core.package_identification:Package 'src/Fast-Planner/fast_planner/plan_manage' with type 'ros.ament_cmake' and name 'plan_manage'
[0.488s] Level 1:colcon.colcon_core.package_identification:_identify(src/Fast-Planner/fast_planner/poly_traj) by extensions ['ignore', 'ignore_ament_install']
[0.488s] Level 1:colcon.colcon_core.package_identification:_identify(src/Fast-Planner/fast_planner/poly_traj) by extension 'ignore'
[0.488s] Level 1:colcon.colcon_core.package_identification:_identify(src/Fast-Planner/fast_planner/poly_traj) by extension 'ignore_ament_install'
[0.488s] Level 1:colcon.colcon_core.package_identification:_identify(src/Fast-Planner/fast_planner/poly_traj) by extensions ['colcon_pkg']
[0.488s] Level 1:colcon.colcon_core.package_identification:_identify(src/Fast-Planner/fast_planner/poly_traj) by extension 'colcon_pkg'
[0.488s] Level 1:colcon.colcon_core.package_identification:_identify(src/Fast-Planner/fast_planner/poly_traj) by extensions ['colcon_meta']
[0.488s] Level 1:colcon.colcon_core.package_identification:_identify(src/Fast-Planner/fast_planner/poly_traj) by extension 'colcon_meta'
[0.488s] Level 1:colcon.colcon_core.package_identification:_identify(src/Fast-Planner/fast_planner/poly_traj) by extensions ['ros']
[0.488s] Level 1:colcon.colcon_core.package_identification:_identify(src/Fast-Planner/fast_planner/poly_traj) by extension 'ros'
[0.489s] DEBUG:colcon.colcon_core.package_identification:Package 'src/Fast-Planner/fast_planner/poly_traj' with type 'ros.ament_cmake' and name 'poly_traj'
[0.489s] Level 1:colcon.colcon_core.package_identification:_identify(src/Fast-Planner/fast_planner/traj_utils) by extensions ['ignore', 'ignore_ament_install']
[0.489s] Level 1:colcon.colcon_core.package_identification:_identify(src/Fast-Planner/fast_planner/traj_utils) by extension 'ignore'
[0.489s] Level 1:colcon.colcon_core.package_identification:_identify(src/Fast-Planner/fast_planner/traj_utils) by extension 'ignore_ament_install'
[0.490s] Level 1:colcon.colcon_core.package_identification:_identify(src/Fast-Planner/fast_planner/traj_utils) by extensions ['colcon_pkg']
[0.490s] Level 1:colcon.colcon_core.package_identification:_identify(src/Fast-Planner/fast_planner/traj_utils) by extension 'colcon_pkg'
[0.490s] Level 1:colcon.colcon_core.package_identification:_identify(src/Fast-Planner/fast_planner/traj_utils) by extensions ['colcon_meta']
[0.490s] Level 1:colcon.colcon_core.package_identification:_identify(src/Fast-Planner/fast_planner/traj_utils) by extension 'colcon_meta'
[0.490s] Level 1:colcon.colcon_core.package_identification:_identify(src/Fast-Planner/fast_planner/traj_utils) by extensions ['ros']
[0.490s] Level 1:colcon.colcon_core.package_identification:_identify(src/Fast-Planner/fast_planner/traj_utils) by extension 'ros'
[0.491s] DEBUG:colcon.colcon_core.package_identification:Package 'src/Fast-Planner/fast_planner/traj_utils' with type 'ros.ament_cmake' and name 'traj_utils'
[0.491s] Level 1:colcon.colcon_core.package_identification:_identify(src/Fast-Planner/files) by extensions ['ignore', 'ignore_ament_install']
[0.491s] Level 1:colcon.colcon_core.package_identification:_identify(src/Fast-Planner/files) by extension 'ignore'
[0.491s] Level 1:colcon.colcon_core.package_identification:_identify(src/Fast-Planner/files) by extension 'ignore_ament_install'
[0.491s] Level 1:colcon.colcon_core.package_identification:_identify(src/Fast-Planner/files) by extensions ['colcon_pkg']
[0.491s] Level 1:colcon.colcon_core.package_identification:_identify(src/Fast-Planner/files) by extension 'colcon_pkg'
[0.491s] Level 1:colcon.colcon_core.package_identification:_identify(src/Fast-Planner/files) by extensions ['colcon_meta']
[0.492s] Level 1:colcon.colcon_core.package_identification:_identify(src/Fast-Planner/files) by extension 'colcon_meta'
[0.492s] Level 1:colcon.colcon_core.package_identification:_identify(src/Fast-Planner/files) by extensions ['ros']
[0.492s] Level 1:colcon.colcon_core.package_identification:_identify(src/Fast-Planner/files) by extension 'ros'
[0.492s] Level 1:colcon.colcon_core.package_identification:_identify(src/Fast-Planner/files) by extensions ['cmake', 'python']
[0.492s] Level 1:colcon.colcon_core.package_identification:_identify(src/Fast-Planner/files) by extension 'cmake'
[0.492s] Level 1:colcon.colcon_core.package_identification:_identify(src/Fast-Planner/files) by extension 'python'
[0.492s] Level 1:colcon.colcon_core.package_identification:_identify(src/Fast-Planner/files) by extensions ['python_setup_py']
[0.492s] Level 1:colcon.colcon_core.package_identification:_identify(src/Fast-Planner/files) by extension 'python_setup_py'
[0.492s] Level 1:colcon.colcon_core.package_identification:_identify(src/Fast-Planner/uav_simulator) by extensions ['ignore', 'ignore_ament_install']
[0.492s] Level 1:colcon.colcon_core.package_identification:_identify(src/Fast-Planner/uav_simulator) by extension 'ignore'
[0.492s] Level 1:colcon.colcon_core.package_identification:_identify(src/Fast-Planner/uav_simulator) by extension 'ignore_ament_install'
[0.493s] Level 1:colcon.colcon_core.package_identification:_identify(src/Fast-Planner/uav_simulator) by extensions ['colcon_pkg']
[0.493s] Level 1:colcon.colcon_core.package_identification:_identify(src/Fast-Planner/uav_simulator) by extension 'colcon_pkg'
[0.493s] Level 1:colcon.colcon_core.package_identification:_identify(src/Fast-Planner/uav_simulator) by extensions ['colcon_meta']
[0.493s] Level 1:colcon.colcon_core.package_identification:_identify(src/Fast-Planner/uav_simulator) by extension 'colcon_meta'
[0.493s] Level 1:colcon.colcon_core.package_identification:_identify(src/Fast-Planner/uav_simulator) by extensions ['ros']
[0.493s] Level 1:colcon.colcon_core.package_identification:_identify(src/Fast-Planner/uav_simulator) by extension 'ros'
[0.493s] Level 1:colcon.colcon_core.package_identification:_identify(src/Fast-Planner/uav_simulator) by extensions ['cmake', 'python']
[0.493s] Level 1:colcon.colcon_core.package_identification:_identify(src/Fast-Planner/uav_simulator) by extension 'cmake'
[0.493s] Level 1:colcon.colcon_core.package_identification:_identify(src/Fast-Planner/uav_simulator) by extension 'python'
[0.493s] Level 1:colcon.colcon_core.package_identification:_identify(src/Fast-Planner/uav_simulator) by extensions ['python_setup_py']
[0.493s] Level 1:colcon.colcon_core.package_identification:_identify(src/Fast-Planner/uav_simulator) by extension 'python_setup_py'
[0.493s] Level 1:colcon.colcon_core.package_identification:_identify(src/Fast-Planner/uav_simulator/Utils) by extensions ['ignore', 'ignore_ament_install']
[0.493s] Level 1:colcon.colcon_core.package_identification:_identify(src/Fast-Planner/uav_simulator/Utils) by extension 'ignore'
[0.494s] Level 1:colcon.colcon_core.package_identification:_identify(src/Fast-Planner/uav_simulator/Utils) by extension 'ignore_ament_install'
[0.494s] Level 1:colcon.colcon_core.package_identification:_identify(src/Fast-Planner/uav_simulator/Utils) by extensions ['colcon_pkg']
[0.494s] Level 1:colcon.colcon_core.package_identification:_identify(src/Fast-Planner/uav_simulator/Utils) by extension 'colcon_pkg'
[0.494s] Level 1:colcon.colcon_core.package_identification:_identify(src/Fast-Planner/uav_simulator/Utils) by extensions ['colcon_meta']
[0.494s] Level 1:colcon.colcon_core.package_identification:_identify(src/Fast-Planner/uav_simulator/Utils) by extension 'colcon_meta'
[0.494s] Level 1:colcon.colcon_core.package_identification:_identify(src/Fast-Planner/uav_simulator/Utils) by extensions ['ros']
[0.494s] Level 1:colcon.colcon_core.package_identification:_identify(src/Fast-Planner/uav_simulator/Utils) by extension 'ros'
[0.494s] Level 1:colcon.colcon_core.package_identification:_identify(src/Fast-Planner/uav_simulator/Utils) by extensions ['cmake', 'python']
[0.494s] Level 1:colcon.colcon_core.package_identification:_identify(src/Fast-Planner/uav_simulator/Utils) by extension 'cmake'
[0.494s] Level 1:colcon.colcon_core.package_identification:_identify(src/Fast-Planner/uav_simulator/Utils) by extension 'python'
[0.494s] Level 1:colcon.colcon_core.package_identification:_identify(src/Fast-Planner/uav_simulator/Utils) by extensions ['python_setup_py']
[0.494s] Level 1:colcon.colcon_core.package_identification:_identify(src/Fast-Planner/uav_simulator/Utils) by extension 'python_setup_py'
[0.494s] Level 1:colcon.colcon_core.package_identification:_identify(src/Fast-Planner/uav_simulator/Utils/cmake_utils) by extensions ['ignore', 'ignore_ament_install']
[0.495s] Level 1:colcon.colcon_core.package_identification:_identify(src/Fast-Planner/uav_simulator/Utils/cmake_utils) by extension 'ignore'
[0.495s] Level 1:colcon.colcon_core.package_identification:_identify(src/Fast-Planner/uav_simulator/Utils/cmake_utils) by extension 'ignore_ament_install'
[0.495s] Level 1:colcon.colcon_core.package_identification:_identify(src/Fast-Planner/uav_simulator/Utils/cmake_utils) by extensions ['colcon_pkg']
[0.495s] Level 1:colcon.colcon_core.package_identification:_identify(src/Fast-Planner/uav_simulator/Utils/cmake_utils) by extension 'colcon_pkg'
[0.495s] Level 1:colcon.colcon_core.package_identification:_identify(src/Fast-Planner/uav_simulator/Utils/cmake_utils) by extensions ['colcon_meta']
[0.495s] Level 1:colcon.colcon_core.package_identification:_identify(src/Fast-Planner/uav_simulator/Utils/cmake_utils) by extension 'colcon_meta'
[0.495s] Level 1:colcon.colcon_core.package_identification:_identify(src/Fast-Planner/uav_simulator/Utils/cmake_utils) by extensions ['ros']
[0.495s] Level 1:colcon.colcon_core.package_identification:_identify(src/Fast-Planner/uav_simulator/Utils/cmake_utils) by extension 'ros'
[0.496s] DEBUG:colcon.colcon_core.package_identification:Package 'src/Fast-Planner/uav_simulator/Utils/cmake_utils' with type 'ros.ament_cmake' and name 'cmake_utils'
[0.496s] Level 1:colcon.colcon_core.package_identification:_identify(src/Fast-Planner/uav_simulator/Utils/multi_map_server) by extensions ['ignore', 'ignore_ament_install']
[0.496s] Level 1:colcon.colcon_core.package_identification:_identify(src/Fast-Planner/uav_simulator/Utils/multi_map_server) by extension 'ignore'
[0.496s] Level 1:colcon.colcon_core.package_identification:_identify(src/Fast-Planner/uav_simulator/Utils/multi_map_server) by extension 'ignore_ament_install'
[0.496s] Level 1:colcon.colcon_core.package_identification:_identify(src/Fast-Planner/uav_simulator/Utils/multi_map_server) by extensions ['colcon_pkg']
[0.496s] Level 1:colcon.colcon_core.package_identification:_identify(src/Fast-Planner/uav_simulator/Utils/multi_map_server) by extension 'colcon_pkg'
[0.497s] Level 1:colcon.colcon_core.package_identification:_identify(src/Fast-Planner/uav_simulator/Utils/multi_map_server) by extensions ['colcon_meta']
[0.497s] Level 1:colcon.colcon_core.package_identification:_identify(src/Fast-Planner/uav_simulator/Utils/multi_map_server) by extension 'colcon_meta'
[0.497s] Level 1:colcon.colcon_core.package_identification:_identify(src/Fast-Planner/uav_simulator/Utils/multi_map_server) by extensions ['ros']
[0.497s] Level 1:colcon.colcon_core.package_identification:_identify(src/Fast-Planner/uav_simulator/Utils/multi_map_server) by extension 'ros'
[0.498s] DEBUG:colcon.colcon_core.package_identification:Package 'src/Fast-Planner/uav_simulator/Utils/multi_map_server' with type 'ros.ament_cmake' and name 'multi_map_server'
[0.499s] Level 1:colcon.colcon_core.package_identification:_identify(src/Fast-Planner/uav_simulator/Utils/odom_visualization) by extensions ['ignore', 'ignore_ament_install']
[0.499s] Level 1:colcon.colcon_core.package_identification:_identify(src/Fast-Planner/uav_simulator/Utils/odom_visualization) by extension 'ignore'
[0.499s] Level 1:colcon.colcon_core.package_identification:_identify(src/Fast-Planner/uav_simulator/Utils/odom_visualization) by extension 'ignore_ament_install'
[0.499s] Level 1:colcon.colcon_core.package_identification:_identify(src/Fast-Planner/uav_simulator/Utils/odom_visualization) by extensions ['colcon_pkg']
[0.499s] Level 1:colcon.colcon_core.package_identification:_identify(src/Fast-Planner/uav_simulator/Utils/odom_visualization) by extension 'colcon_pkg'
[0.499s] Level 1:colcon.colcon_core.package_identification:_identify(src/Fast-Planner/uav_simulator/Utils/odom_visualization) by extensions ['colcon_meta']
[0.499s] Level 1:colcon.colcon_core.package_identification:_identify(src/Fast-Planner/uav_simulator/Utils/odom_visualization) by extension 'colcon_meta'
[0.499s] Level 1:colcon.colcon_core.package_identification:_identify(src/Fast-Planner/uav_simulator/Utils/odom_visualization) by extensions ['ros']
[0.499s] Level 1:colcon.colcon_core.package_identification:_identify(src/Fast-Planner/uav_simulator/Utils/odom_visualization) by extension 'ros'
[0.501s] DEBUG:colcon.colcon_core.package_identification:Package 'src/Fast-Planner/uav_simulator/Utils/odom_visualization' with type 'ros.ament_cmake' and name 'odom_visualization'
[0.501s] Level 1:colcon.colcon_core.package_identification:_identify(src/Fast-Planner/uav_simulator/Utils/pose_utils) by extensions ['ignore', 'ignore_ament_install']
[0.502s] Level 1:colcon.colcon_core.package_identification:_identify(src/Fast-Planner/uav_simulator/Utils/pose_utils) by extension 'ignore'
[0.502s] Level 1:colcon.colcon_core.package_identification:_identify(src/Fast-Planner/uav_simulator/Utils/pose_utils) by extension 'ignore_ament_install'
[0.502s] Level 1:colcon.colcon_core.package_identification:_identify(src/Fast-Planner/uav_simulator/Utils/pose_utils) by extensions ['colcon_pkg']
[0.502s] Level 1:colcon.colcon_core.package_identification:_identify(src/Fast-Planner/uav_simulator/Utils/pose_utils) by extension 'colcon_pkg'
[0.502s] Level 1:colcon.colcon_core.package_identification:_identify(src/Fast-Planner/uav_simulator/Utils/pose_utils) by extensions ['colcon_meta']
[0.502s] Level 1:colcon.colcon_core.package_identification:_identify(src/Fast-Planner/uav_simulator/Utils/pose_utils) by extension 'colcon_meta'
[0.502s] Level 1:colcon.colcon_core.package_identification:_identify(src/Fast-Planner/uav_simulator/Utils/pose_utils) by extensions ['ros']
[0.502s] Level 1:colcon.colcon_core.package_identification:_identify(src/Fast-Planner/uav_simulator/Utils/pose_utils) by extension 'ros'
[0.503s] DEBUG:colcon.colcon_core.package_identification:Package 'src/Fast-Planner/uav_simulator/Utils/pose_utils' with type 'ros.ament_cmake' and name 'pose_utils'
[0.503s] Level 1:colcon.colcon_core.package_identification:_identify(src/Fast-Planner/uav_simulator/Utils/quadrotor_msgs) by extensions ['ignore', 'ignore_ament_install']
[0.503s] Level 1:colcon.colcon_core.package_identification:_identify(src/Fast-Planner/uav_simulator/Utils/quadrotor_msgs) by extension 'ignore'
[0.503s] Level 1:colcon.colcon_core.package_identification:_identify(src/Fast-Planner/uav_simulator/Utils/quadrotor_msgs) by extension 'ignore_ament_install'
[0.504s] Level 1:colcon.colcon_core.package_identification:_identify(src/Fast-Planner/uav_simulator/Utils/quadrotor_msgs) by extensions ['colcon_pkg']
[0.504s] Level 1:colcon.colcon_core.package_identification:_identify(src/Fast-Planner/uav_simulator/Utils/quadrotor_msgs) by extension 'colcon_pkg'
[0.504s] Level 1:colcon.colcon_core.package_identification:_identify(src/Fast-Planner/uav_simulator/Utils/quadrotor_msgs) by extensions ['colcon_meta']
[0.504s] Level 1:colcon.colcon_core.package_identification:_identify(src/Fast-Planner/uav_simulator/Utils/quadrotor_msgs) by extension 'colcon_meta'
[0.504s] Level 1:colcon.colcon_core.package_identification:_identify(src/Fast-Planner/uav_simulator/Utils/quadrotor_msgs) by extensions ['ros']
[0.504s] Level 1:colcon.colcon_core.package_identification:_identify(src/Fast-Planner/uav_simulator/Utils/quadrotor_msgs) by extension 'ros'
[0.505s] DEBUG:colcon.colcon_core.package_identification:Package 'src/Fast-Planner/uav_simulator/Utils/quadrotor_msgs' with type 'ros.ament_cmake' and name 'quadrotor_msgs'
[0.505s] Level 1:colcon.colcon_core.package_identification:_identify(src/Fast-Planner/uav_simulator/Utils/rviz_plugins) by extensions ['ignore', 'ignore_ament_install']
[0.505s] Level 1:colcon.colcon_core.package_identification:_identify(src/Fast-Planner/uav_simulator/Utils/rviz_plugins) by extension 'ignore'
[0.505s] Level 1:colcon.colcon_core.package_identification:_identify(src/Fast-Planner/uav_simulator/Utils/rviz_plugins) by extension 'ignore_ament_install'
[0.505s] Level 1:colcon.colcon_core.package_identification:_identify(src/Fast-Planner/uav_simulator/Utils/rviz_plugins) by extensions ['colcon_pkg']
[0.505s] Level 1:colcon.colcon_core.package_identification:_identify(src/Fast-Planner/uav_simulator/Utils/rviz_plugins) by extension 'colcon_pkg'
[0.505s] Level 1:colcon.colcon_core.package_identification:_identify(src/Fast-Planner/uav_simulator/Utils/rviz_plugins) by extensions ['colcon_meta']
[0.506s] Level 1:colcon.colcon_core.package_identification:_identify(src/Fast-Planner/uav_simulator/Utils/rviz_plugins) by extension 'colcon_meta'
[0.506s] Level 1:colcon.colcon_core.package_identification:_identify(src/Fast-Planner/uav_simulator/Utils/rviz_plugins) by extensions ['ros']
[0.506s] Level 1:colcon.colcon_core.package_identification:_identify(src/Fast-Planner/uav_simulator/Utils/rviz_plugins) by extension 'ros'
[0.507s] DEBUG:colcon.colcon_core.package_identification:Package 'src/Fast-Planner/uav_simulator/Utils/rviz_plugins' with type 'ros.ament_cmake' and name 'rviz_plugins'
[0.507s] Level 1:colcon.colcon_core.package_identification:_identify(src/Fast-Planner/uav_simulator/Utils/uav_utils) by extensions ['ignore', 'ignore_ament_install']
[0.507s] Level 1:colcon.colcon_core.package_identification:_identify(src/Fast-Planner/uav_simulator/Utils/uav_utils) by extension 'ignore'
[0.508s] Level 1:colcon.colcon_core.package_identification:_identify(src/Fast-Planner/uav_simulator/Utils/uav_utils) by extension 'ignore_ament_install'
[0.508s] Level 1:colcon.colcon_core.package_identification:_identify(src/Fast-Planner/uav_simulator/Utils/uav_utils) by extensions ['colcon_pkg']
[0.508s] Level 1:colcon.colcon_core.package_identification:_identify(src/Fast-Planner/uav_simulator/Utils/uav_utils) by extension 'colcon_pkg'
[0.508s] Level 1:colcon.colcon_core.package_identification:_identify(src/Fast-Planner/uav_simulator/Utils/uav_utils) by extensions ['colcon_meta']
[0.508s] Level 1:colcon.colcon_core.package_identification:_identify(src/Fast-Planner/uav_simulator/Utils/uav_utils) by extension 'colcon_meta'
[0.508s] Level 1:colcon.colcon_core.package_identification:_identify(src/Fast-Planner/uav_simulator/Utils/uav_utils) by extensions ['ros']
[0.508s] Level 1:colcon.colcon_core.package_identification:_identify(src/Fast-Planner/uav_simulator/Utils/uav_utils) by extension 'ros'
[0.509s] DEBUG:colcon.colcon_core.package_identification:Package 'src/Fast-Planner/uav_simulator/Utils/uav_utils' with type 'ros.ament_cmake' and name 'uav_utils'
[0.510s] Level 1:colcon.colcon_core.package_identification:_identify(src/Fast-Planner/uav_simulator/Utils/waypoint_generator) by extensions ['ignore', 'ignore_ament_install']
[0.510s] Level 1:colcon.colcon_core.package_identification:_identify(src/Fast-Planner/uav_simulator/Utils/waypoint_generator) by extension 'ignore'
[0.510s] Level 1:colcon.colcon_core.package_identification:_identify(src/Fast-Planner/uav_simulator/Utils/waypoint_generator) by extension 'ignore_ament_install'
[0.510s] Level 1:colcon.colcon_core.package_identification:_identify(src/Fast-Planner/uav_simulator/Utils/waypoint_generator) by extensions ['colcon_pkg']
[0.510s] Level 1:colcon.colcon_core.package_identification:_identify(src/Fast-Planner/uav_simulator/Utils/waypoint_generator) by extension 'colcon_pkg'
[0.510s] Level 1:colcon.colcon_core.package_identification:_identify(src/Fast-Planner/uav_simulator/Utils/waypoint_generator) by extensions ['colcon_meta']
[0.511s] Level 1:colcon.colcon_core.package_identification:_identify(src/Fast-Planner/uav_simulator/Utils/waypoint_generator) by extension 'colcon_meta'
[0.511s] Level 1:colcon.colcon_core.package_identification:_identify(src/Fast-Planner/uav_simulator/Utils/waypoint_generator) by extensions ['ros']
[0.511s] Level 1:colcon.colcon_core.package_identification:_identify(src/Fast-Planner/uav_simulator/Utils/waypoint_generator) by extension 'ros'
[0.513s] DEBUG:colcon.colcon_core.package_identification:Package 'src/Fast-Planner/uav_simulator/Utils/waypoint_generator' with type 'ros.ament_cmake' and name 'waypoint_generator'
[0.513s] Level 1:colcon.colcon_core.package_identification:_identify(src/Fast-Planner/uav_simulator/local_sensing) by extensions ['ignore', 'ignore_ament_install']
[0.513s] Level 1:colcon.colcon_core.package_identification:_identify(src/Fast-Planner/uav_simulator/local_sensing) by extension 'ignore'
[0.513s] Level 1:colcon.colcon_core.package_identification:_identify(src/Fast-Planner/uav_simulator/local_sensing) by extension 'ignore_ament_install'
[0.513s] Level 1:colcon.colcon_core.package_identification:_identify(src/Fast-Planner/uav_simulator/local_sensing) by extensions ['colcon_pkg']
[0.513s] Level 1:colcon.colcon_core.package_identification:_identify(src/Fast-Planner/uav_simulator/local_sensing) by extension 'colcon_pkg'
[0.513s] Level 1:colcon.colcon_core.package_identification:_identify(src/Fast-Planner/uav_simulator/local_sensing) by extensions ['colcon_meta']
[0.513s] Level 1:colcon.colcon_core.package_identification:_identify(src/Fast-Planner/uav_simulator/local_sensing) by extension 'colcon_meta'
[0.514s] Level 1:colcon.colcon_core.package_identification:_identify(src/Fast-Planner/uav_simulator/local_sensing) by extensions ['ros']
[0.514s] Level 1:colcon.colcon_core.package_identification:_identify(src/Fast-Planner/uav_simulator/local_sensing) by extension 'ros'
[0.516s] DEBUG:colcon.colcon_core.package_identification:Package 'src/Fast-Planner/uav_simulator/local_sensing' with type 'ros.ament_cmake' and name 'local_sensing_node'
[0.516s] Level 1:colcon.colcon_core.package_identification:_identify(src/Fast-Planner/uav_simulator/map_generator) by extensions ['ignore', 'ignore_ament_install']
[0.516s] Level 1:colcon.colcon_core.package_identification:_identify(src/Fast-Planner/uav_simulator/map_generator) by extension 'ignore'
[0.516s] Level 1:colcon.colcon_core.package_identification:_identify(src/Fast-Planner/uav_simulator/map_generator) by extension 'ignore_ament_install'
[0.516s] Level 1:colcon.colcon_core.package_identification:_identify(src/Fast-Planner/uav_simulator/map_generator) by extensions ['colcon_pkg']
[0.516s] Level 1:colcon.colcon_core.package_identification:_identify(src/Fast-Planner/uav_simulator/map_generator) by extension 'colcon_pkg'
[0.516s] Level 1:colcon.colcon_core.package_identification:_identify(src/Fast-Planner/uav_simulator/map_generator) by extensions ['colcon_meta']
[0.516s] Level 1:colcon.colcon_core.package_identification:_identify(src/Fast-Planner/uav_simulator/map_generator) by extension 'colcon_meta'
[0.517s] Level 1:colcon.colcon_core.package_identification:_identify(src/Fast-Planner/uav_simulator/map_generator) by extensions ['ros']
[0.517s] Level 1:colcon.colcon_core.package_identification:_identify(src/Fast-Planner/uav_simulator/map_generator) by extension 'ros'
[0.518s] DEBUG:colcon.colcon_core.package_identification:Package 'src/Fast-Planner/uav_simulator/map_generator' with type 'ros.ament_cmake' and name 'map_generator'
[0.518s] Level 1:colcon.colcon_core.package_identification:_identify(src/Fast-Planner/uav_simulator/so3_control) by extensions ['ignore', 'ignore_ament_install']
[0.518s] Level 1:colcon.colcon_core.package_identification:_identify(src/Fast-Planner/uav_simulator/so3_control) by extension 'ignore'
[0.518s] Level 1:colcon.colcon_core.package_identification:_identify(src/Fast-Planner/uav_simulator/so3_control) by extension 'ignore_ament_install'
[0.518s] Level 1:colcon.colcon_core.package_identification:_identify(src/Fast-Planner/uav_simulator/so3_control) by extensions ['colcon_pkg']
[0.519s] Level 1:colcon.colcon_core.package_identification:_identify(src/Fast-Planner/uav_simulator/so3_control) by extension 'colcon_pkg'
[0.519s] Level 1:colcon.colcon_core.package_identification:_identify(src/Fast-Planner/uav_simulator/so3_control) by extensions ['colcon_meta']
[0.519s] Level 1:colcon.colcon_core.package_identification:_identify(src/Fast-Planner/uav_simulator/so3_control) by extension 'colcon_meta'
[0.519s] Level 1:colcon.colcon_core.package_identification:_identify(src/Fast-Planner/uav_simulator/so3_control) by extensions ['ros']
[0.519s] Level 1:colcon.colcon_core.package_identification:_identify(src/Fast-Planner/uav_simulator/so3_control) by extension 'ros'
[0.520s] DEBUG:colcon.colcon_core.package_identification:Package 'src/Fast-Planner/uav_simulator/so3_control' with type 'ros.ament_cmake' and name 'so3_control'
[0.521s] Level 1:colcon.colcon_core.package_identification:_identify(src/Fast-Planner/uav_simulator/so3_disturbance_generator) by extensions ['ignore', 'ignore_ament_install']
[0.521s] Level 1:colcon.colcon_core.package_identification:_identify(src/Fast-Planner/uav_simulator/so3_disturbance_generator) by extension 'ignore'
[0.521s] Level 1:colcon.colcon_core.package_identification:_identify(src/Fast-Planner/uav_simulator/so3_disturbance_generator) by extension 'ignore_ament_install'
[0.521s] Level 1:colcon.colcon_core.package_identification:_identify(src/Fast-Planner/uav_simulator/so3_disturbance_generator) by extensions ['colcon_pkg']
[0.521s] Level 1:colcon.colcon_core.package_identification:_identify(src/Fast-Planner/uav_simulator/so3_disturbance_generator) by extension 'colcon_pkg'
[0.521s] Level 1:colcon.colcon_core.package_identification:_identify(src/Fast-Planner/uav_simulator/so3_disturbance_generator) by extensions ['colcon_meta']
[0.521s] Level 1:colcon.colcon_core.package_identification:_identify(src/Fast-Planner/uav_simulator/so3_disturbance_generator) by extension 'colcon_meta'
[0.521s] Level 1:colcon.colcon_core.package_identification:_identify(src/Fast-Planner/uav_simulator/so3_disturbance_generator) by extensions ['ros']
[0.521s] Level 1:colcon.colcon_core.package_identification:_identify(src/Fast-Planner/uav_simulator/so3_disturbance_generator) by extension 'ros'
[0.523s] DEBUG:colcon.colcon_core.package_identification:Package 'src/Fast-Planner/uav_simulator/so3_disturbance_generator' with type 'ros.ament_cmake' and name 'so3_disturbance_generator'
[0.523s] Level 1:colcon.colcon_core.package_identification:_identify(src/Fast-Planner/uav_simulator/so3_quadrotor_simulator) by extensions ['ignore', 'ignore_ament_install']
[0.523s] Level 1:colcon.colcon_core.package_identification:_identify(src/Fast-Planner/uav_simulator/so3_quadrotor_simulator) by extension 'ignore'
[0.523s] Level 1:colcon.colcon_core.package_identification:_identify(src/Fast-Planner/uav_simulator/so3_quadrotor_simulator) by extension 'ignore_ament_install'
[0.523s] Level 1:colcon.colcon_core.package_identification:_identify(src/Fast-Planner/uav_simulator/so3_quadrotor_simulator) by extensions ['colcon_pkg']
[0.523s] Level 1:colcon.colcon_core.package_identification:_identify(src/Fast-Planner/uav_simulator/so3_quadrotor_simulator) by extension 'colcon_pkg'
[0.523s] Level 1:colcon.colcon_core.package_identification:_identify(src/Fast-Planner/uav_simulator/so3_quadrotor_simulator) by extensions ['colcon_meta']
[0.523s] Level 1:colcon.colcon_core.package_identification:_identify(src/Fast-Planner/uav_simulator/so3_quadrotor_simulator) by extension 'colcon_meta'
[0.523s] Level 1:colcon.colcon_core.package_identification:_identify(src/Fast-Planner/uav_simulator/so3_quadrotor_simulator) by extensions ['ros']
[0.523s] Level 1:colcon.colcon_core.package_identification:_identify(src/Fast-Planner/uav_simulator/so3_quadrotor_simulator) by extension 'ros'
[0.524s] DEBUG:colcon.colcon_core.package_identification:Package 'src/Fast-Planner/uav_simulator/so3_quadrotor_simulator' with type 'ros.ament_cmake' and name 'so3_quadrotor_simulator'
[0.525s] Level 1:colcon.colcon_core.package_discovery:discover_packages(recursive) using defaults
[0.525s] Level 1:colcon.colcon_core.package_discovery:discover_packages(ignore) discover
[0.525s] Level 1:colcon.colcon_core.package_discovery:discover_packages(ignore) using defaults
[0.525s] Level 1:colcon.colcon_core.package_discovery:discover_packages(path) discover
[0.525s] Level 1:colcon.colcon_core.package_discovery:discover_packages(path) using defaults
[0.594s] Level 1:colcon.colcon_core.package_discovery:discover_packages(prefix_path) check parameters
[0.594s] Level 1:colcon.colcon_core.package_discovery:discover_packages(prefix_path) discover
[0.598s] DEBUG:colcon.colcon_installed_package_information.package_discovery:Found 9 installed packages in /root/colcon_ws/install
[0.600s] DEBUG:colcon.colcon_installed_package_information.package_discovery:Found 287 installed packages in /opt/ros/humble
[0.602s] Level 1:colcon.colcon_core.package_discovery:discover_packages(prefix_path) using defaults
[0.666s] Level 5:colcon.colcon_core.verb:set package 'cmake_utils' build argument 'cmake_args' from command line to 'None'
[0.666s] Level 5:colcon.colcon_core.verb:set package 'cmake_utils' build argument 'cmake_target' from command line to 'None'
[0.666s] Level 5:colcon.colcon_core.verb:set package 'cmake_utils' build argument 'cmake_target_skip_unavailable' from command line to 'False'
[0.666s] Level 5:colcon.colcon_core.verb:set package 'cmake_utils' build argument 'cmake_clean_cache' from command line to 'False'
[0.666s] Level 5:colcon.colcon_core.verb:set package 'cmake_utils' build argument 'cmake_clean_first' from command line to 'False'
[0.666s] Level 5:colcon.colcon_core.verb:set package 'cmake_utils' build argument 'cmake_force_configure' from command line to 'False'
[0.666s] Level 5:colcon.colcon_core.verb:set package 'cmake_utils' build argument 'ament_cmake_args' from command line to 'None'
[0.666s] Level 5:colcon.colcon_core.verb:set package 'cmake_utils' build argument 'catkin_cmake_args' from command line to 'None'
[0.666s] Level 5:colcon.colcon_core.verb:set package 'cmake_utils' build argument 'catkin_skip_building_tests' from command line to 'False'
[0.667s] DEBUG:colcon.colcon_core.verb:Building package 'cmake_utils' with the following arguments: {'ament_cmake_args': None, 'build_base': '/root/colcon_ws/build/cmake_utils', 'catkin_cmake_args': None, 'catkin_skip_building_tests': False, 'cmake_args': None, 'cmake_clean_cache': False, 'cmake_clean_first': False, 'cmake_force_configure': False, 'cmake_target': None, 'cmake_target_skip_unavailable': False, 'install_base': '/root/colcon_ws/install/cmake_utils', 'merge_install': False, 'path': '/root/colcon_ws/src/Fast-Planner/uav_simulator/Utils/cmake_utils', 'symlink_install': False, 'test_result_base': None}
[0.667s] Level 5:colcon.colcon_core.verb:set package 'map_generator' build argument 'cmake_args' from command line to 'None'
[0.667s] Level 5:colcon.colcon_core.verb:set package 'map_generator' build argument 'cmake_target' from command line to 'None'
[0.667s] Level 5:colcon.colcon_core.verb:set package 'map_generator' build argument 'cmake_target_skip_unavailable' from command line to 'False'
[0.667s] Level 5:colcon.colcon_core.verb:set package 'map_generator' build argument 'cmake_clean_cache' from command line to 'False'
[0.667s] Level 5:colcon.colcon_core.verb:set package 'map_generator' build argument 'cmake_clean_first' from command line to 'False'
[0.667s] Level 5:colcon.colcon_core.verb:set package 'map_generator' build argument 'cmake_force_configure' from command line to 'False'
[0.667s] Level 5:colcon.colcon_core.verb:set package 'map_generator' build argument 'ament_cmake_args' from command line to 'None'
[0.667s] Level 5:colcon.colcon_core.verb:set package 'map_generator' build argument 'catkin_cmake_args' from command line to 'None'
[0.667s] Level 5:colcon.colcon_core.verb:set package 'map_generator' build argument 'catkin_skip_building_tests' from command line to 'False'
[0.667s] DEBUG:colcon.colcon_core.verb:Building package 'map_generator' with the following arguments: {'ament_cmake_args': None, 'build_base': '/root/colcon_ws/build/map_generator', 'catkin_cmake_args': None, 'catkin_skip_building_tests': False, 'cmake_args': None, 'cmake_clean_cache': False, 'cmake_clean_first': False, 'cmake_force_configure': False, 'cmake_target': None, 'cmake_target_skip_unavailable': False, 'install_base': '/root/colcon_ws/install/map_generator', 'merge_install': False, 'path': '/root/colcon_ws/src/Fast-Planner/uav_simulator/map_generator', 'symlink_install': False, 'test_result_base': None}
[0.668s] Level 5:colcon.colcon_core.verb:set package 'plan_env' build argument 'cmake_args' from command line to 'None'
[0.668s] Level 5:colcon.colcon_core.verb:set package 'plan_env' build argument 'cmake_target' from command line to 'None'
[0.668s] Level 5:colcon.colcon_core.verb:set package 'plan_env' build argument 'cmake_target_skip_unavailable' from command line to 'False'
[0.668s] Level 5:colcon.colcon_core.verb:set package 'plan_env' build argument 'cmake_clean_cache' from command line to 'False'
[0.668s] Level 5:colcon.colcon_core.verb:set package 'plan_env' build argument 'cmake_clean_first' from command line to 'False'
[0.668s] Level 5:colcon.colcon_core.verb:set package 'plan_env' build argument 'cmake_force_configure' from command line to 'False'
[0.668s] Level 5:colcon.colcon_core.verb:set package 'plan_env' build argument 'ament_cmake_args' from command line to 'None'
[0.668s] Level 5:colcon.colcon_core.verb:set package 'plan_env' build argument 'catkin_cmake_args' from command line to 'None'
[0.668s] Level 5:colcon.colcon_core.verb:set package 'plan_env' build argument 'catkin_skip_building_tests' from command line to 'False'
[0.668s] DEBUG:colcon.colcon_core.verb:Building package 'plan_env' with the following arguments: {'ament_cmake_args': None, 'build_base': '/root/colcon_ws/build/plan_env', 'catkin_cmake_args': None, 'catkin_skip_building_tests': False, 'cmake_args': None, 'cmake_clean_cache': False, 'cmake_clean_first': False, 'cmake_force_configure': False, 'cmake_target': None, 'cmake_target_skip_unavailable': False, 'install_base': '/root/colcon_ws/install/plan_env', 'merge_install': False, 'path': '/root/colcon_ws/src/Fast-Planner/fast_planner/plan_env', 'symlink_install': False, 'test_result_base': None}
[0.669s] Level 5:colcon.colcon_core.verb:set package 'poly_traj' build argument 'cmake_args' from command line to 'None'
[0.669s] Level 5:colcon.colcon_core.verb:set package 'poly_traj' build argument 'cmake_target' from command line to 'None'
[0.669s] Level 5:colcon.colcon_core.verb:set package 'poly_traj' build argument 'cmake_target_skip_unavailable' from command line to 'False'
[0.669s] Level 5:colcon.colcon_core.verb:set package 'poly_traj' build argument 'cmake_clean_cache' from command line to 'False'
[0.669s] Level 5:colcon.colcon_core.verb:set package 'poly_traj' build argument 'cmake_clean_first' from command line to 'False'
[0.669s] Level 5:colcon.colcon_core.verb:set package 'poly_traj' build argument 'cmake_force_configure' from command line to 'False'
[0.669s] Level 5:colcon.colcon_core.verb:set package 'poly_traj' build argument 'ament_cmake_args' from command line to 'None'
[0.669s] Level 5:colcon.colcon_core.verb:set package 'poly_traj' build argument 'catkin_cmake_args' from command line to 'None'
[0.669s] Level 5:colcon.colcon_core.verb:set package 'poly_traj' build argument 'catkin_skip_building_tests' from command line to 'False'
[0.669s] DEBUG:colcon.colcon_core.verb:Building package 'poly_traj' with the following arguments: {'ament_cmake_args': None, 'build_base': '/root/colcon_ws/build/poly_traj', 'catkin_cmake_args': None, 'catkin_skip_building_tests': False, 'cmake_args': None, 'cmake_clean_cache': False, 'cmake_clean_first': False, 'cmake_force_configure': False, 'cmake_target': None, 'cmake_target_skip_unavailable': False, 'install_base': '/root/colcon_ws/install/poly_traj', 'merge_install': False, 'path': '/root/colcon_ws/src/Fast-Planner/fast_planner/poly_traj', 'symlink_install': False, 'test_result_base': None}
[0.670s] Level 5:colcon.colcon_core.verb:set package 'pose_utils' build argument 'cmake_args' from command line to 'None'
[0.670s] Level 5:colcon.colcon_core.verb:set package 'pose_utils' build argument 'cmake_target' from command line to 'None'
[0.670s] Level 5:colcon.colcon_core.verb:set package 'pose_utils' build argument 'cmake_target_skip_unavailable' from command line to 'False'
[0.670s] Level 5:colcon.colcon_core.verb:set package 'pose_utils' build argument 'cmake_clean_cache' from command line to 'False'
[0.670s] Level 5:colcon.colcon_core.verb:set package 'pose_utils' build argument 'cmake_clean_first' from command line to 'False'
[0.670s] Level 5:colcon.colcon_core.verb:set package 'pose_utils' build argument 'cmake_force_configure' from command line to 'False'
[0.670s] Level 5:colcon.colcon_core.verb:set package 'pose_utils' build argument 'ament_cmake_args' from command line to 'None'
[0.670s] Level 5:colcon.colcon_core.verb:set package 'pose_utils' build argument 'catkin_cmake_args' from command line to 'None'
[0.670s] Level 5:colcon.colcon_core.verb:set package 'pose_utils' build argument 'catkin_skip_building_tests' from command line to 'False'
[0.670s] DEBUG:colcon.colcon_core.verb:Building package 'pose_utils' with the following arguments: {'ament_cmake_args': None, 'build_base': '/root/colcon_ws/build/pose_utils', 'catkin_cmake_args': None, 'catkin_skip_building_tests': False, 'cmake_args': None, 'cmake_clean_cache': False, 'cmake_clean_first': False, 'cmake_force_configure': False, 'cmake_target': None, 'cmake_target_skip_unavailable': False, 'install_base': '/root/colcon_ws/install/pose_utils', 'merge_install': False, 'path': '/root/colcon_ws/src/Fast-Planner/uav_simulator/Utils/pose_utils', 'symlink_install': False, 'test_result_base': None}
[0.670s] Level 5:colcon.colcon_core.verb:set package 'quadrotor_msgs' build argument 'cmake_args' from command line to 'None'
[0.671s] Level 5:colcon.colcon_core.verb:set package 'quadrotor_msgs' build argument 'cmake_target' from command line to 'None'
[0.671s] Level 5:colcon.colcon_core.verb:set package 'quadrotor_msgs' build argument 'cmake_target_skip_unavailable' from command line to 'False'
[0.671s] Level 5:colcon.colcon_core.verb:set package 'quadrotor_msgs' build argument 'cmake_clean_cache' from command line to 'False'
[0.671s] Level 5:colcon.colcon_core.verb:set package 'quadrotor_msgs' build argument 'cmake_clean_first' from command line to 'False'
[0.671s] Level 5:colcon.colcon_core.verb:set package 'quadrotor_msgs' build argument 'cmake_force_configure' from command line to 'False'
[0.671s] Level 5:colcon.colcon_core.verb:set package 'quadrotor_msgs' build argument 'ament_cmake_args' from command line to 'None'
[0.671s] Level 5:colcon.colcon_core.verb:set package 'quadrotor_msgs' build argument 'catkin_cmake_args' from command line to 'None'
[0.671s] Level 5:colcon.colcon_core.verb:set package 'quadrotor_msgs' build argument 'catkin_skip_building_tests' from command line to 'False'
[0.671s] DEBUG:colcon.colcon_core.verb:Building package 'quadrotor_msgs' with the following arguments: {'ament_cmake_args': None, 'build_base': '/root/colcon_ws/build/quadrotor_msgs', 'catkin_cmake_args': None, 'catkin_skip_building_tests': False, 'cmake_args': None, 'cmake_clean_cache': False, 'cmake_clean_first': False, 'cmake_force_configure': False, 'cmake_target': None, 'cmake_target_skip_unavailable': False, 'install_base': '/root/colcon_ws/install/quadrotor_msgs', 'merge_install': False, 'path': '/root/colcon_ws/src/Fast-Planner/uav_simulator/Utils/quadrotor_msgs', 'symlink_install': False, 'test_result_base': None}
[0.671s] Level 5:colcon.colcon_core.verb:set package 'waypoint_generator' build argument 'cmake_args' from command line to 'None'
[0.671s] Level 5:colcon.colcon_core.verb:set package 'waypoint_generator' build argument 'cmake_target' from command line to 'None'
[0.671s] Level 5:colcon.colcon_core.verb:set package 'waypoint_generator' build argument 'cmake_target_skip_unavailable' from command line to 'False'
[0.671s] Level 5:colcon.colcon_core.verb:set package 'waypoint_generator' build argument 'cmake_clean_cache' from command line to 'False'
[0.671s] Level 5:colcon.colcon_core.verb:set package 'waypoint_generator' build argument 'cmake_clean_first' from command line to 'False'
[0.671s] Level 5:colcon.colcon_core.verb:set package 'waypoint_generator' build argument 'cmake_force_configure' from command line to 'False'
[0.672s] Level 5:colcon.colcon_core.verb:set package 'waypoint_generator' build argument 'ament_cmake_args' from command line to 'None'
[0.672s] Level 5:colcon.colcon_core.verb:set package 'waypoint_generator' build argument 'catkin_cmake_args' from command line to 'None'
[0.672s] Level 5:colcon.colcon_core.verb:set package 'waypoint_generator' build argument 'catkin_skip_building_tests' from command line to 'False'
[0.672s] DEBUG:colcon.colcon_core.verb:Building package 'waypoint_generator' with the following arguments: {'ament_cmake_args': None, 'build_base': '/root/colcon_ws/build/waypoint_generator', 'catkin_cmake_args': None, 'catkin_skip_building_tests': False, 'cmake_args': None, 'cmake_clean_cache': False, 'cmake_clean_first': False, 'cmake_force_configure': False, 'cmake_target': None, 'cmake_target_skip_unavailable': False, 'install_base': '/root/colcon_ws/install/waypoint_generator', 'merge_install': False, 'path': '/root/colcon_ws/src/Fast-Planner/uav_simulator/Utils/waypoint_generator', 'symlink_install': False, 'test_result_base': None}
[0.672s] Level 5:colcon.colcon_core.verb:set package 'bspline' build argument 'cmake_args' from command line to 'None'
[0.672s] Level 5:colcon.colcon_core.verb:set package 'bspline' build argument 'cmake_target' from command line to 'None'
[0.672s] Level 5:colcon.colcon_core.verb:set package 'bspline' build argument 'cmake_target_skip_unavailable' from command line to 'False'
[0.672s] Level 5:colcon.colcon_core.verb:set package 'bspline' build argument 'cmake_clean_cache' from command line to 'False'
[0.672s] Level 5:colcon.colcon_core.verb:set package 'bspline' build argument 'cmake_clean_first' from command line to 'False'
[0.672s] Level 5:colcon.colcon_core.verb:set package 'bspline' build argument 'cmake_force_configure' from command line to 'False'
[0.672s] Level 5:colcon.colcon_core.verb:set package 'bspline' build argument 'ament_cmake_args' from command line to 'None'
[0.672s] Level 5:colcon.colcon_core.verb:set package 'bspline' build argument 'catkin_cmake_args' from command line to 'None'
[0.672s] Level 5:colcon.colcon_core.verb:set package 'bspline' build argument 'catkin_skip_building_tests' from command line to 'False'
[0.672s] DEBUG:colcon.colcon_core.verb:Building package 'bspline' with the following arguments: {'ament_cmake_args': None, 'build_base': '/root/colcon_ws/build/bspline', 'catkin_cmake_args': None, 'catkin_skip_building_tests': False, 'cmake_args': None, 'cmake_clean_cache': False, 'cmake_clean_first': False, 'cmake_force_configure': False, 'cmake_target': None, 'cmake_target_skip_unavailable': False, 'install_base': '/root/colcon_ws/install/bspline', 'merge_install': False, 'path': '/root/colcon_ws/src/Fast-Planner/fast_planner/bspline', 'symlink_install': False, 'test_result_base': None}
[0.673s] Level 5:colcon.colcon_core.verb:set package 'bspline_opt' build argument 'cmake_args' from command line to 'None'
[0.673s] Level 5:colcon.colcon_core.verb:set package 'bspline_opt' build argument 'cmake_target' from command line to 'None'
[0.673s] Level 5:colcon.colcon_core.verb:set package 'bspline_opt' build argument 'cmake_target_skip_unavailable' from command line to 'False'
[0.673s] Level 5:colcon.colcon_core.verb:set package 'bspline_opt' build argument 'cmake_clean_cache' from command line to 'False'
[0.673s] Level 5:colcon.colcon_core.verb:set package 'bspline_opt' build argument 'cmake_clean_first' from command line to 'False'
[0.673s] Level 5:colcon.colcon_core.verb:set package 'bspline_opt' build argument 'cmake_force_configure' from command line to 'False'
[0.673s] Level 5:colcon.colcon_core.verb:set package 'bspline_opt' build argument 'ament_cmake_args' from command line to 'None'
[0.673s] Level 5:colcon.colcon_core.verb:set package 'bspline_opt' build argument 'catkin_cmake_args' from command line to 'None'
[0.673s] Level 5:colcon.colcon_core.verb:set package 'bspline_opt' build argument 'catkin_skip_building_tests' from command line to 'False'
[0.673s] DEBUG:colcon.colcon_core.verb:Building package 'bspline_opt' with the following arguments: {'ament_cmake_args': None, 'build_base': '/root/colcon_ws/build/bspline_opt', 'catkin_cmake_args': None, 'catkin_skip_building_tests': False, 'cmake_args': None, 'cmake_clean_cache': False, 'cmake_clean_first': False, 'cmake_force_configure': False, 'cmake_target': None, 'cmake_target_skip_unavailable': False, 'install_base': '/root/colcon_ws/install/bspline_opt', 'merge_install': False, 'path': '/root/colcon_ws/src/Fast-Planner/fast_planner/bspline_opt', 'symlink_install': False, 'test_result_base': None}
[0.674s] Level 5:colcon.colcon_core.verb:set package 'local_sensing_node' build argument 'cmake_args' from command line to 'None'
[0.674s] Level 5:colcon.colcon_core.verb:set package 'local_sensing_node' build argument 'cmake_target' from command line to 'None'
[0.674s] Level 5:colcon.colcon_core.verb:set package 'local_sensing_node' build argument 'cmake_target_skip_unavailable' from command line to 'False'
[0.674s] Level 5:colcon.colcon_core.verb:set package 'local_sensing_node' build argument 'cmake_clean_cache' from command line to 'False'
[0.674s] Level 5:colcon.colcon_core.verb:set package 'local_sensing_node' build argument 'cmake_clean_first' from command line to 'False'
[0.674s] Level 5:colcon.colcon_core.verb:set package 'local_sensing_node' build argument 'cmake_force_configure' from command line to 'False'
[0.674s] Level 5:colcon.colcon_core.verb:set package 'local_sensing_node' build argument 'ament_cmake_args' from command line to 'None'
[0.674s] Level 5:colcon.colcon_core.verb:set package 'local_sensing_node' build argument 'catkin_cmake_args' from command line to 'None'
[0.674s] Level 5:colcon.colcon_core.verb:set package 'local_sensing_node' build argument 'catkin_skip_building_tests' from command line to 'False'
[0.674s] DEBUG:colcon.colcon_core.verb:Building package 'local_sensing_node' with the following arguments: {'ament_cmake_args': None, 'build_base': '/root/colcon_ws/build/local_sensing_node', 'catkin_cmake_args': None, 'catkin_skip_building_tests': False, 'cmake_args': None, 'cmake_clean_cache': False, 'cmake_clean_first': False, 'cmake_force_configure': False, 'cmake_target': None, 'cmake_target_skip_unavailable': False, 'install_base': '/root/colcon_ws/install/local_sensing_node', 'merge_install': False, 'path': '/root/colcon_ws/src/Fast-Planner/uav_simulator/local_sensing', 'symlink_install': False, 'test_result_base': None}
[0.675s] Level 5:colcon.colcon_core.verb:set package 'multi_map_server' build argument 'cmake_args' from command line to 'None'
[0.675s] Level 5:colcon.colcon_core.verb:set package 'multi_map_server' build argument 'cmake_target' from command line to 'None'
[0.675s] Level 5:colcon.colcon_core.verb:set package 'multi_map_server' build argument 'cmake_target_skip_unavailable' from command line to 'False'
[0.675s] Level 5:colcon.colcon_core.verb:set package 'multi_map_server' build argument 'cmake_clean_cache' from command line to 'False'
[0.675s] Level 5:colcon.colcon_core.verb:set package 'multi_map_server' build argument 'cmake_clean_first' from command line to 'False'
[0.675s] Level 5:colcon.colcon_core.verb:set package 'multi_map_server' build argument 'cmake_force_configure' from command line to 'False'
[0.675s] Level 5:colcon.colcon_core.verb:set package 'multi_map_server' build argument 'ament_cmake_args' from command line to 'None'
[0.675s] Level 5:colcon.colcon_core.verb:set package 'multi_map_server' build argument 'catkin_cmake_args' from command line to 'None'
[0.675s] Level 5:colcon.colcon_core.verb:set package 'multi_map_server' build argument 'catkin_skip_building_tests' from command line to 'False'
[0.675s] DEBUG:colcon.colcon_core.verb:Building package 'multi_map_server' with the following arguments: {'ament_cmake_args': None, 'build_base': '/root/colcon_ws/build/multi_map_server', 'catkin_cmake_args': None, 'catkin_skip_building_tests': False, 'cmake_args': None, 'cmake_clean_cache': False, 'cmake_clean_first': False, 'cmake_force_configure': False, 'cmake_target': None, 'cmake_target_skip_unavailable': False, 'install_base': '/root/colcon_ws/install/multi_map_server', 'merge_install': False, 'path': '/root/colcon_ws/src/Fast-Planner/uav_simulator/Utils/multi_map_server', 'symlink_install': False, 'test_result_base': None}
[0.675s] Level 5:colcon.colcon_core.verb:set package 'odom_visualization' build argument 'cmake_args' from command line to 'None'
[0.675s] Level 5:colcon.colcon_core.verb:set package 'odom_visualization' build argument 'cmake_target' from command line to 'None'
[0.675s] Level 5:colcon.colcon_core.verb:set package 'odom_visualization' build argument 'cmake_target_skip_unavailable' from command line to 'False'
[0.676s] Level 5:colcon.colcon_core.verb:set package 'odom_visualization' build argument 'cmake_clean_cache' from command line to 'False'
[0.676s] Level 5:colcon.colcon_core.verb:set package 'odom_visualization' build argument 'cmake_clean_first' from command line to 'False'
[0.676s] Level 5:colcon.colcon_core.verb:set package 'odom_visualization' build argument 'cmake_force_configure' from command line to 'False'
[0.676s] Level 5:colcon.colcon_core.verb:set package 'odom_visualization' build argument 'ament_cmake_args' from command line to 'None'
[0.676s] Level 5:colcon.colcon_core.verb:set package 'odom_visualization' build argument 'catkin_cmake_args' from command line to 'None'
[0.676s] Level 5:colcon.colcon_core.verb:set package 'odom_visualization' build argument 'catkin_skip_building_tests' from command line to 'False'
[0.676s] DEBUG:colcon.colcon_core.verb:Building package 'odom_visualization' with the following arguments: {'ament_cmake_args': None, 'build_base': '/root/colcon_ws/build/odom_visualization', 'catkin_cmake_args': None, 'catkin_skip_building_tests': False, 'cmake_args': None, 'cmake_clean_cache': False, 'cmake_clean_first': False, 'cmake_force_configure': False, 'cmake_target': None, 'cmake_target_skip_unavailable': False, 'install_base': '/root/colcon_ws/install/odom_visualization', 'merge_install': False, 'path': '/root/colcon_ws/src/Fast-Planner/uav_simulator/Utils/odom_visualization', 'symlink_install': False, 'test_result_base': None}
[0.676s] Level 5:colcon.colcon_core.verb:set package 'path_searching' build argument 'cmake_args' from command line to 'None'
[0.676s] Level 5:colcon.colcon_core.verb:set package 'path_searching' build argument 'cmake_target' from command line to 'None'
[0.676s] Level 5:colcon.colcon_core.verb:set package 'path_searching' build argument 'cmake_target_skip_unavailable' from command line to 'False'
[0.676s] Level 5:colcon.colcon_core.verb:set package 'path_searching' build argument 'cmake_clean_cache' from command line to 'False'
[0.676s] Level 5:colcon.colcon_core.verb:set package 'path_searching' build argument 'cmake_clean_first' from command line to 'False'
[0.676s] Level 5:colcon.colcon_core.verb:set package 'path_searching' build argument 'cmake_force_configure' from command line to 'False'
[0.676s] Level 5:colcon.colcon_core.verb:set package 'path_searching' build argument 'ament_cmake_args' from command line to 'None'
[0.676s] Level 5:colcon.colcon_core.verb:set package 'path_searching' build argument 'catkin_cmake_args' from command line to 'None'
[0.677s] Level 5:colcon.colcon_core.verb:set package 'path_searching' build argument 'catkin_skip_building_tests' from command line to 'False'
[0.677s] DEBUG:colcon.colcon_core.verb:Building package 'path_searching' with the following arguments: {'ament_cmake_args': None, 'build_base': '/root/colcon_ws/build/path_searching', 'catkin_cmake_args': None, 'catkin_skip_building_tests': False, 'cmake_args': None, 'cmake_clean_cache': False, 'cmake_clean_first': False, 'cmake_force_configure': False, 'cmake_target': None, 'cmake_target_skip_unavailable': False, 'install_base': '/root/colcon_ws/install/path_searching', 'merge_install': False, 'path': '/root/colcon_ws/src/Fast-Planner/fast_planner/path_searching', 'symlink_install': False, 'test_result_base': None}
[0.677s] Level 5:colcon.colcon_core.verb:set package 'so3_control' build argument 'cmake_args' from command line to 'None'
[0.677s] Level 5:colcon.colcon_core.verb:set package 'so3_control' build argument 'cmake_target' from command line to 'None'
[0.677s] Level 5:colcon.colcon_core.verb:set package 'so3_control' build argument 'cmake_target_skip_unavailable' from command line to 'False'
[0.677s] Level 5:colcon.colcon_core.verb:set package 'so3_control' build argument 'cmake_clean_cache' from command line to 'False'
[0.677s] Level 5:colcon.colcon_core.verb:set package 'so3_control' build argument 'cmake_clean_first' from command line to 'False'
[0.677s] Level 5:colcon.colcon_core.verb:set package 'so3_control' build argument 'cmake_force_configure' from command line to 'False'
[0.677s] Level 5:colcon.colcon_core.verb:set package 'so3_control' build argument 'ament_cmake_args' from command line to 'None'
[0.677s] Level 5:colcon.colcon_core.verb:set package 'so3_control' build argument 'catkin_cmake_args' from command line to 'None'
[0.677s] Level 5:colcon.colcon_core.verb:set package 'so3_control' build argument 'catkin_skip_building_tests' from command line to 'False'
[0.677s] DEBUG:colcon.colcon_core.verb:Building package 'so3_control' with the following arguments: {'ament_cmake_args': None, 'build_base': '/root/colcon_ws/build/so3_control', 'catkin_cmake_args': None, 'catkin_skip_building_tests': False, 'cmake_args': None, 'cmake_clean_cache': False, 'cmake_clean_first': False, 'cmake_force_configure': False, 'cmake_target': None, 'cmake_target_skip_unavailable': False, 'install_base': '/root/colcon_ws/install/so3_control', 'merge_install': False, 'path': '/root/colcon_ws/src/Fast-Planner/uav_simulator/so3_control', 'symlink_install': False, 'test_result_base': None}
[0.678s] Level 5:colcon.colcon_core.verb:set package 'so3_disturbance_generator' build argument 'cmake_args' from command line to 'None'
[0.678s] Level 5:colcon.colcon_core.verb:set package 'so3_disturbance_generator' build argument 'cmake_target' from command line to 'None'
[0.678s] Level 5:colcon.colcon_core.verb:set package 'so3_disturbance_generator' build argument 'cmake_target_skip_unavailable' from command line to 'False'
[0.678s] Level 5:colcon.colcon_core.verb:set package 'so3_disturbance_generator' build argument 'cmake_clean_cache' from command line to 'False'
[0.678s] Level 5:colcon.colcon_core.verb:set package 'so3_disturbance_generator' build argument 'cmake_clean_first' from command line to 'False'
[0.678s] Level 5:colcon.colcon_core.verb:set package 'so3_disturbance_generator' build argument 'cmake_force_configure' from command line to 'False'
[0.678s] Level 5:colcon.colcon_core.verb:set package 'so3_disturbance_generator' build argument 'ament_cmake_args' from command line to 'None'
[0.678s] Level 5:colcon.colcon_core.verb:set package 'so3_disturbance_generator' build argument 'catkin_cmake_args' from command line to 'None'
[0.678s] Level 5:colcon.colcon_core.verb:set package 'so3_disturbance_generator' build argument 'catkin_skip_building_tests' from command line to 'False'
[0.678s] DEBUG:colcon.colcon_core.verb:Building package 'so3_disturbance_generator' with the following arguments: {'ament_cmake_args': None, 'build_base': '/root/colcon_ws/build/so3_disturbance_generator', 'catkin_cmake_args': None, 'catkin_skip_building_tests': False, 'cmake_args': None, 'cmake_clean_cache': False, 'cmake_clean_first': False, 'cmake_force_configure': False, 'cmake_target': None, 'cmake_target_skip_unavailable': False, 'install_base': '/root/colcon_ws/install/so3_disturbance_generator', 'merge_install': False, 'path': '/root/colcon_ws/src/Fast-Planner/uav_simulator/so3_disturbance_generator', 'symlink_install': False, 'test_result_base': None}
[0.679s] Level 5:colcon.colcon_core.verb:set package 'uav_utils' build argument 'cmake_args' from command line to 'None'
[0.679s] Level 5:colcon.colcon_core.verb:set package 'uav_utils' build argument 'cmake_target' from command line to 'None'
[0.679s] Level 5:colcon.colcon_core.verb:set package 'uav_utils' build argument 'cmake_target_skip_unavailable' from command line to 'False'
[0.679s] Level 5:colcon.colcon_core.verb:set package 'uav_utils' build argument 'cmake_clean_cache' from command line to 'False'
[0.679s] Level 5:colcon.colcon_core.verb:set package 'uav_utils' build argument 'cmake_clean_first' from command line to 'False'
[0.679s] Level 5:colcon.colcon_core.verb:set package 'uav_utils' build argument 'cmake_force_configure' from command line to 'False'
[0.679s] Level 5:colcon.colcon_core.verb:set package 'uav_utils' build argument 'ament_cmake_args' from command line to 'None'
[0.679s] Level 5:colcon.colcon_core.verb:set package 'uav_utils' build argument 'catkin_cmake_args' from command line to 'None'
[0.679s] Level 5:colcon.colcon_core.verb:set package 'uav_utils' build argument 'catkin_skip_building_tests' from command line to 'False'
[0.679s] DEBUG:colcon.colcon_core.verb:Building package 'uav_utils' with the following arguments: {'ament_cmake_args': None, 'build_base': '/root/colcon_ws/build/uav_utils', 'catkin_cmake_args': None, 'catkin_skip_building_tests': False, 'cmake_args': None, 'cmake_clean_cache': False, 'cmake_clean_first': False, 'cmake_force_configure': False, 'cmake_target': None, 'cmake_target_skip_unavailable': False, 'install_base': '/root/colcon_ws/install/uav_utils', 'merge_install': False, 'path': '/root/colcon_ws/src/Fast-Planner/uav_simulator/Utils/uav_utils', 'symlink_install': False, 'test_result_base': None}
[0.679s] Level 5:colcon.colcon_core.verb:set package 'rviz_plugins' build argument 'cmake_args' from command line to 'None'
[0.679s] Level 5:colcon.colcon_core.verb:set package 'rviz_plugins' build argument 'cmake_target' from command line to 'None'
[0.679s] Level 5:colcon.colcon_core.verb:set package 'rviz_plugins' build argument 'cmake_target_skip_unavailable' from command line to 'False'
[0.680s] Level 5:colcon.colcon_core.verb:set package 'rviz_plugins' build argument 'cmake_clean_cache' from command line to 'False'
[0.680s] Level 5:colcon.colcon_core.verb:set package 'rviz_plugins' build argument 'cmake_clean_first' from command line to 'False'
[0.680s] Level 5:colcon.colcon_core.verb:set package 'rviz_plugins' build argument 'cmake_force_configure' from command line to 'False'
[0.680s] Level 5:colcon.colcon_core.verb:set package 'rviz_plugins' build argument 'ament_cmake_args' from command line to 'None'
[0.680s] Level 5:colcon.colcon_core.verb:set package 'rviz_plugins' build argument 'catkin_cmake_args' from command line to 'None'
[0.680s] Level 5:colcon.colcon_core.verb:set package 'rviz_plugins' build argument 'catkin_skip_building_tests' from command line to 'False'
[0.680s] DEBUG:colcon.colcon_core.verb:Building package 'rviz_plugins' with the following arguments: {'ament_cmake_args': None, 'build_base': '/root/colcon_ws/build/rviz_plugins', 'catkin_cmake_args': None, 'catkin_skip_building_tests': False, 'cmake_args': None, 'cmake_clean_cache': False, 'cmake_clean_first': False, 'cmake_force_configure': False, 'cmake_target': None, 'cmake_target_skip_unavailable': False, 'install_base': '/root/colcon_ws/install/rviz_plugins', 'merge_install': False, 'path': '/root/colcon_ws/src/Fast-Planner/uav_simulator/Utils/rviz_plugins', 'symlink_install': False, 'test_result_base': None}
[0.680s] Level 5:colcon.colcon_core.verb:set package 'so3_quadrotor_simulator' build argument 'cmake_args' from command line to 'None'
[0.680s] Level 5:colcon.colcon_core.verb:set package 'so3_quadrotor_simulator' build argument 'cmake_target' from command line to 'None'
[0.680s] Level 5:colcon.colcon_core.verb:set package 'so3_quadrotor_simulator' build argument 'cmake_target_skip_unavailable' from command line to 'False'
[0.680s] Level 5:colcon.colcon_core.verb:set package 'so3_quadrotor_simulator' build argument 'cmake_clean_cache' from command line to 'False'
[0.680s] Level 5:colcon.colcon_core.verb:set package 'so3_quadrotor_simulator' build argument 'cmake_clean_first' from command line to 'False'
[0.680s] Level 5:colcon.colcon_core.verb:set package 'so3_quadrotor_simulator' build argument 'cmake_force_configure' from command line to 'False'
[0.680s] Level 5:colcon.colcon_core.verb:set package 'so3_quadrotor_simulator' build argument 'ament_cmake_args' from command line to 'None'
[0.681s] Level 5:colcon.colcon_core.verb:set package 'so3_quadrotor_simulator' build argument 'catkin_cmake_args' from command line to 'None'
[0.681s] Level 5:colcon.colcon_core.verb:set package 'so3_quadrotor_simulator' build argument 'catkin_skip_building_tests' from command line to 'False'
[0.681s] DEBUG:colcon.colcon_core.verb:Building package 'so3_quadrotor_simulator' with the following arguments: {'ament_cmake_args': None, 'build_base': '/root/colcon_ws/build/so3_quadrotor_simulator', 'catkin_cmake_args': None, 'catkin_skip_building_tests': False, 'cmake_args': None, 'cmake_clean_cache': False, 'cmake_clean_first': False, 'cmake_force_configure': False, 'cmake_target': None, 'cmake_target_skip_unavailable': False, 'install_base': '/root/colcon_ws/install/so3_quadrotor_simulator', 'merge_install': False, 'path': '/root/colcon_ws/src/Fast-Planner/uav_simulator/so3_quadrotor_simulator', 'symlink_install': False, 'test_result_base': None}
[0.681s] Level 5:colcon.colcon_core.verb:set package 'traj_utils' build argument 'cmake_args' from command line to 'None'
[0.681s] Level 5:colcon.colcon_core.verb:set package 'traj_utils' build argument 'cmake_target' from command line to 'None'
[0.681s] Level 5:colcon.colcon_core.verb:set package 'traj_utils' build argument 'cmake_target_skip_unavailable' from command line to 'False'
[0.681s] Level 5:colcon.colcon_core.verb:set package 'traj_utils' build argument 'cmake_clean_cache' from command line to 'False'
[0.681s] Level 5:colcon.colcon_core.verb:set package 'traj_utils' build argument 'cmake_clean_first' from command line to 'False'
[0.681s] Level 5:colcon.colcon_core.verb:set package 'traj_utils' build argument 'cmake_force_configure' from command line to 'False'
[0.681s] Level 5:colcon.colcon_core.verb:set package 'traj_utils' build argument 'ament_cmake_args' from command line to 'None'
[0.681s] Level 5:colcon.colcon_core.verb:set package 'traj_utils' build argument 'catkin_cmake_args' from command line to 'None'
[0.681s] Level 5:colcon.colcon_core.verb:set package 'traj_utils' build argument 'catkin_skip_building_tests' from command line to 'False'
[0.681s] DEBUG:colcon.colcon_core.verb:Building package 'traj_utils' with the following arguments: {'ament_cmake_args': None, 'build_base': '/root/colcon_ws/build/traj_utils', 'catkin_cmake_args': None, 'catkin_skip_building_tests': False, 'cmake_args': None, 'cmake_clean_cache': False, 'cmake_clean_first': False, 'cmake_force_configure': False, 'cmake_target': None, 'cmake_target_skip_unavailable': False, 'install_base': '/root/colcon_ws/install/traj_utils', 'merge_install': False, 'path': '/root/colcon_ws/src/Fast-Planner/fast_planner/traj_utils', 'symlink_install': False, 'test_result_base': None}
[0.682s] Level 5:colcon.colcon_core.verb:set package 'plan_manage' build argument 'cmake_args' from command line to 'None'
[0.682s] Level 5:colcon.colcon_core.verb:set package 'plan_manage' build argument 'cmake_target' from command line to 'None'
[0.682s] Level 5:colcon.colcon_core.verb:set package 'plan_manage' build argument 'cmake_target_skip_unavailable' from command line to 'False'
[0.682s] Level 5:colcon.colcon_core.verb:set package 'plan_manage' build argument 'cmake_clean_cache' from command line to 'False'
[0.682s] Level 5:colcon.colcon_core.verb:set package 'plan_manage' build argument 'cmake_clean_first' from command line to 'False'
[0.682s] Level 5:colcon.colcon_core.verb:set package 'plan_manage' build argument 'cmake_force_configure' from command line to 'False'
[0.682s] Level 5:colcon.colcon_core.verb:set package 'plan_manage' build argument 'ament_cmake_args' from command line to 'None'
[0.682s] Level 5:colcon.colcon_core.verb:set package 'plan_manage' build argument 'catkin_cmake_args' from command line to 'None'
[0.682s] Level 5:colcon.colcon_core.verb:set package 'plan_manage' build argument 'catkin_skip_building_tests' from command line to 'False'
[0.682s] DEBUG:colcon.colcon_core.verb:Building package 'plan_manage' with the following arguments: {'ament_cmake_args': None, 'build_base': '/root/colcon_ws/build/plan_manage', 'catkin_cmake_args': None, 'catkin_skip_building_tests': False, 'cmake_args': None, 'cmake_clean_cache': False, 'cmake_clean_first': False, 'cmake_force_configure': False, 'cmake_target': None, 'cmake_target_skip_unavailable': False, 'install_base': '/root/colcon_ws/install/plan_manage', 'merge_install': False, 'path': '/root/colcon_ws/src/Fast-Planner/fast_planner/plan_manage', 'symlink_install': False, 'test_result_base': None}
[0.682s] INFO:colcon.colcon_core.executor:Executing jobs using 'parallel' executor
[0.685s] DEBUG:colcon.colcon_parallel_executor.executor.parallel:run_until_complete
[0.686s] INFO:colcon.colcon_ros.task.ament_cmake.build:Building ROS package in '/root/colcon_ws/src/Fast-Planner/uav_simulator/Utils/quadrotor_msgs' with build type 'ament_cmake'
[0.686s] INFO:colcon.colcon_cmake.task.cmake.build:Building CMake package in '/root/colcon_ws/src/Fast-Planner/uav_simulator/Utils/quadrotor_msgs'
[0.692s] INFO:colcon.colcon_core.plugin_system:Skipping extension 'colcon_core.shell.bat': Not used on non-Windows systems
[0.692s] INFO:colcon.colcon_core.shell:Skip shell extension 'powershell' for command environment: Not usable outside of PowerShell
[0.692s] DEBUG:colcon.colcon_core.shell:Skip shell extension 'dsv' for command environment
[0.698s] INFO:colcon.colcon_ros.task.ament_cmake.build:Building ROS package in '/root/colcon_ws/src/Fast-Planner/fast_planner/plan_env' with build type 'ament_cmake'
[0.699s] INFO:colcon.colcon_cmake.task.cmake.build:Building CMake package in '/root/colcon_ws/src/Fast-Planner/fast_planner/plan_env'
[0.699s] INFO:colcon.colcon_core.shell:Skip shell extension 'powershell' for command environment: Not usable outside of PowerShell
[0.699s] DEBUG:colcon.colcon_core.shell:Skip shell extension 'dsv' for command environment
[0.705s] INFO:colcon.colcon_ros.task.ament_cmake.build:Building ROS package in '/root/colcon_ws/src/Fast-Planner/uav_simulator/Utils/pose_utils' with build type 'ament_cmake'
[0.705s] INFO:colcon.colcon_cmake.task.cmake.build:Building CMake package in '/root/colcon_ws/src/Fast-Planner/uav_simulator/Utils/pose_utils'
[0.706s] INFO:colcon.colcon_core.shell:Skip shell extension 'powershell' for command environment: Not usable outside of PowerShell
[0.706s] DEBUG:colcon.colcon_core.shell:Skip shell extension 'dsv' for command environment
[0.711s] INFO:colcon.colcon_ros.task.ament_cmake.build:Building ROS package in '/root/colcon_ws/src/Fast-Planner/uav_simulator/Utils/cmake_utils' with build type 'ament_cmake'
[0.711s] INFO:colcon.colcon_cmake.task.cmake.build:Building CMake package in '/root/colcon_ws/src/Fast-Planner/uav_simulator/Utils/cmake_utils'
[0.712s] INFO:colcon.colcon_core.shell:Skip shell extension 'powershell' for command environment: Not usable outside of PowerShell
[0.712s] DEBUG:colcon.colcon_core.shell:Skip shell extension 'dsv' for command environment
[0.717s] INFO:colcon.colcon_ros.task.ament_cmake.build:Building ROS package in '/root/colcon_ws/src/Fast-Planner/fast_planner/poly_traj' with build type 'ament_cmake'
[0.717s] INFO:colcon.colcon_cmake.task.cmake.build:Building CMake package in '/root/colcon_ws/src/Fast-Planner/fast_planner/poly_traj'
[0.718s] INFO:colcon.colcon_core.shell:Skip shell extension 'powershell' for command environment: Not usable outside of PowerShell
[0.718s] DEBUG:colcon.colcon_core.shell:Skip shell extension 'dsv' for command environment
[0.723s] INFO:colcon.colcon_ros.task.ament_cmake.build:Building ROS package in '/root/colcon_ws/src/Fast-Planner/uav_simulator/map_generator' with build type 'ament_cmake'
[0.724s] INFO:colcon.colcon_cmake.task.cmake.build:Building CMake package in '/root/colcon_ws/src/Fast-Planner/uav_simulator/map_generator'
[0.724s] INFO:colcon.colcon_core.shell:Skip shell extension 'powershell' for command environment: Not usable outside of PowerShell
[0.724s] DEBUG:colcon.colcon_core.shell:Skip shell extension 'dsv' for command environment
[0.730s] INFO:colcon.colcon_ros.task.ament_cmake.build:Building ROS package in '/root/colcon_ws/src/Fast-Planner/uav_simulator/Utils/waypoint_generator' with build type 'ament_cmake'
[0.730s] INFO:colcon.colcon_cmake.task.cmake.build:Building CMake package in '/root/colcon_ws/src/Fast-Planner/uav_simulator/Utils/waypoint_generator'
[0.730s] INFO:colcon.colcon_core.shell:Skip shell extension 'powershell' for command environment: Not usable outside of PowerShell
[0.730s] DEBUG:colcon.colcon_core.shell:Skip shell extension 'dsv' for command environment
[0.751s] DEBUG:colcon.colcon_core.event_handler.log_command:Invoking command in '/root/colcon_ws/build/quadrotor_msgs': CMAKE_PREFIX_PATH=/opt/ros/humble /usr/bin/cmake --build /root/colcon_ws/build/quadrotor_msgs -- -j8 -l8
[0.757s] DEBUG:colcon.colcon_core.event_handler.log_command:Invoking command in '/root/colcon_ws/build/plan_env': CMAKE_PREFIX_PATH=/opt/ros/humble /usr/bin/cmake --build /root/colcon_ws/build/plan_env -- -j8 -l8
[0.762s] DEBUG:colcon.colcon_core.event_handler.log_command:Invoking command in '/root/colcon_ws/build/pose_utils': CMAKE_PREFIX_PATH=/opt/ros/humble /usr/bin/cmake --build /root/colcon_ws/build/pose_utils -- -j8 -l8
[0.768s] DEBUG:colcon.colcon_core.event_handler.log_command:Invoking command in '/root/colcon_ws/build/cmake_utils': CMAKE_PREFIX_PATH=/opt/ros/humble /usr/bin/cmake --build /root/colcon_ws/build/cmake_utils -- -j8 -l8
[0.780s] DEBUG:colcon.colcon_core.event_handler.log_command:Invoking command in '/root/colcon_ws/build/poly_traj': CMAKE_PREFIX_PATH=/opt/ros/humble /usr/bin/cmake --build /root/colcon_ws/build/poly_traj -- -j8 -l8
[0.781s] DEBUG:colcon.colcon_core.event_handler.log_command:Invoking command in '/root/colcon_ws/build/map_generator': CMAKE_PREFIX_PATH=/opt/ros/humble /usr/bin/cmake --build /root/colcon_ws/build/map_generator -- -j8 -l8
[0.794s] DEBUG:colcon.colcon_core.event_handler.log_command:Invoking command in '/root/colcon_ws/build/waypoint_generator': CMAKE_PREFIX_PATH=/opt/ros/humble /usr/bin/cmake --build /root/colcon_ws/build/waypoint_generator -- -j8 -l8
[0.859s] DEBUG:colcon.colcon_core.event_handler.log_command:Invoked command in '/root/colcon_ws/build/cmake_utils' returned '0': CMAKE_PREFIX_PATH=/opt/ros/humble /usr/bin/cmake --build /root/colcon_ws/build/cmake_utils -- -j8 -l8
[0.873s] DEBUG:colcon.colcon_core.event_handler.log_command:Invoking command in '/root/colcon_ws/build/cmake_utils': CMAKE_PREFIX_PATH=/opt/ros/humble /usr/bin/cmake --install /root/colcon_ws/build/cmake_utils
[0.935s] DEBUG:colcon.colcon_core.event_handler.log_command:Invoked command in '/root/colcon_ws/build/pose_utils' returned '0': CMAKE_PREFIX_PATH=/opt/ros/humble /usr/bin/cmake --build /root/colcon_ws/build/pose_utils -- -j8 -l8
[0.935s] DEBUG:colcon.colcon_core.event_handler.log_command:Invoking command in '/root/colcon_ws/build/pose_utils': CMAKE_PREFIX_PATH=/opt/ros/humble /usr/bin/cmake --install /root/colcon_ws/build/pose_utils
[0.951s] Level 1:colcon.colcon_core.environment:create_environment_scripts_only(cmake_utils)
[0.953s] DEBUG:colcon.colcon_core.event_handler.log_command:Invoked command in '/root/colcon_ws/build/cmake_utils' returned '0': CMAKE_PREFIX_PATH=/opt/ros/humble /usr/bin/cmake --install /root/colcon_ws/build/cmake_utils
[0.972s] Level 1:colcon.colcon_core.environment:checking '/root/colcon_ws/install/cmake_utils' for CMake module files
[0.973s] Level 1:colcon.colcon_core.environment:checking '/root/colcon_ws/install/cmake_utils' for CMake config files
[0.974s] Level 1:colcon.colcon_core.shell:create_environment_hook('cmake_utils', 'cmake_prefix_path')
[0.974s] INFO:colcon.colcon_core.shell:Creating environment hook '/root/colcon_ws/install/cmake_utils/share/cmake_utils/hook/cmake_prefix_path.ps1'
[0.976s] INFO:colcon.colcon_core.shell:Creating environment descriptor '/root/colcon_ws/install/cmake_utils/share/cmake_utils/hook/cmake_prefix_path.dsv'
[0.977s] INFO:colcon.colcon_core.shell:Creating environment hook '/root/colcon_ws/install/cmake_utils/share/cmake_utils/hook/cmake_prefix_path.sh'
[0.979s] Level 1:colcon.colcon_core.environment:checking '/root/colcon_ws/install/cmake_utils/bin'
[0.979s] Level 1:colcon.colcon_core.environment:checking '/root/colcon_ws/install/cmake_utils/lib/pkgconfig/cmake_utils.pc'
[0.980s] Level 1:colcon.colcon_core.environment:checking '/root/colcon_ws/install/cmake_utils/lib/python3.10/site-packages'
[0.980s] Level 1:colcon.colcon_core.environment:checking '/root/colcon_ws/install/cmake_utils/bin'
[0.981s] INFO:colcon.colcon_core.shell:Creating package script '/root/colcon_ws/install/cmake_utils/share/cmake_utils/package.ps1'
[0.983s] INFO:colcon.colcon_core.shell:Creating package descriptor '/root/colcon_ws/install/cmake_utils/share/cmake_utils/package.dsv'
[0.986s] INFO:colcon.colcon_core.shell:Creating package script '/root/colcon_ws/install/cmake_utils/share/cmake_utils/package.sh'
[0.991s] INFO:colcon.colcon_core.shell:Creating package script '/root/colcon_ws/install/cmake_utils/share/cmake_utils/package.bash'
[0.993s] INFO:colcon.colcon_core.shell:Creating package script '/root/colcon_ws/install/cmake_utils/share/cmake_utils/package.zsh'
[0.995s] Level 1:colcon.colcon_core.environment:create_file_with_runtime_dependencies(/root/colcon_ws/install/cmake_utils/share/colcon-core/packages/cmake_utils)
[0.998s] Level 1:colcon.colcon_core.environment:create_environment_scripts_only(cmake_utils)
[0.998s] Level 1:colcon.colcon_core.environment:checking '/root/colcon_ws/install/cmake_utils' for CMake module files
[0.999s] Level 1:colcon.colcon_core.environment:checking '/root/colcon_ws/install/cmake_utils' for CMake config files
[0.999s] Level 1:colcon.colcon_core.shell:create_environment_hook('cmake_utils', 'cmake_prefix_path')
[1.000s] INFO:colcon.colcon_core.shell:Creating environment hook '/root/colcon_ws/install/cmake_utils/share/cmake_utils/hook/cmake_prefix_path.ps1'
[1.006s] INFO:colcon.colcon_core.shell:Creating environment descriptor '/root/colcon_ws/install/cmake_utils/share/cmake_utils/hook/cmake_prefix_path.dsv'
[1.007s] INFO:colcon.colcon_core.shell:Creating environment hook '/root/colcon_ws/install/cmake_utils/share/cmake_utils/hook/cmake_prefix_path.sh'
[1.009s] Level 1:colcon.colcon_core.environment:checking '/root/colcon_ws/install/cmake_utils/bin'
[1.009s] Level 1:colcon.colcon_core.environment:checking '/root/colcon_ws/install/cmake_utils/lib/pkgconfig/cmake_utils.pc'
[1.010s] Level 1:colcon.colcon_core.environment:checking '/root/colcon_ws/install/cmake_utils/lib/python3.10/site-packages'
[1.010s] Level 1:colcon.colcon_core.environment:checking '/root/colcon_ws/install/cmake_utils/bin'
[1.011s] INFO:colcon.colcon_core.shell:Creating package script '/root/colcon_ws/install/cmake_utils/share/cmake_utils/package.ps1'
[1.012s] INFO:colcon.colcon_core.shell:Creating package descriptor '/root/colcon_ws/install/cmake_utils/share/cmake_utils/package.dsv'
[1.013s] INFO:colcon.colcon_core.shell:Creating package script '/root/colcon_ws/install/cmake_utils/share/cmake_utils/package.sh'
[1.013s] INFO:colcon.colcon_core.shell:Creating package script '/root/colcon_ws/install/cmake_utils/share/cmake_utils/package.bash'
[1.014s] INFO:colcon.colcon_core.shell:Creating package script '/root/colcon_ws/install/cmake_utils/share/cmake_utils/package.zsh'
[1.015s] Level 1:colcon.colcon_core.environment:create_file_with_runtime_dependencies(/root/colcon_ws/install/cmake_utils/share/colcon-core/packages/cmake_utils)
[1.018s] INFO:colcon.colcon_ros.task.ament_cmake.build:Building ROS package in '/root/colcon_ws/src/Fast-Planner/uav_simulator/Utils/uav_utils' with build type 'ament_cmake'
[1.018s] INFO:colcon.colcon_cmake.task.cmake.build:Building CMake package in '/root/colcon_ws/src/Fast-Planner/uav_simulator/Utils/uav_utils'
[1.019s] INFO:colcon.colcon_core.shell:Skip shell extension 'powershell' for command environment: Not usable outside of PowerShell
[1.019s] DEBUG:colcon.colcon_core.shell:Skip shell extension 'dsv' for command environment
[1.037s] DEBUG:colcon.colcon_core.event_handler.log_command:Invoked command in '/root/colcon_ws/build/poly_traj' returned '0': CMAKE_PREFIX_PATH=/opt/ros/humble /usr/bin/cmake --build /root/colcon_ws/build/poly_traj -- -j8 -l8
[1.040s] DEBUG:colcon.colcon_core.event_handler.log_command:Invoking command in '/root/colcon_ws/build/poly_traj': CMAKE_PREFIX_PATH=/opt/ros/humble /usr/bin/cmake --install /root/colcon_ws/build/poly_traj
[1.049s] DEBUG:colcon.colcon_core.event_handler.log_command:Invoked command in '/root/colcon_ws/build/waypoint_generator' returned '0': CMAKE_PREFIX_PATH=/opt/ros/humble /usr/bin/cmake --build /root/colcon_ws/build/waypoint_generator -- -j8 -l8
[1.050s] DEBUG:colcon.colcon_core.event_handler.log_command:Invoking command in '/root/colcon_ws/build/waypoint_generator': CMAKE_PREFIX_PATH=/opt/ros/humble /usr/bin/cmake --install /root/colcon_ws/build/waypoint_generator
[1.058s] Level 1:colcon.colcon_core.environment:create_environment_scripts_only(pose_utils)
[1.058s] Level 1:colcon.colcon_core.environment:checking '/root/colcon_ws/install/pose_utils' for CMake module files
[1.059s] Level 1:colcon.colcon_core.environment:checking '/root/colcon_ws/install/pose_utils' for CMake config files
[1.060s] Level 1:colcon.colcon_core.shell:create_environment_hook('pose_utils', 'cmake_prefix_path')
[1.060s] INFO:colcon.colcon_core.shell:Creating environment hook '/root/colcon_ws/install/pose_utils/share/pose_utils/hook/cmake_prefix_path.ps1'
[1.063s] DEBUG:colcon.colcon_core.event_handler.log_command:Invoked command in '/root/colcon_ws/build/pose_utils' returned '0': CMAKE_PREFIX_PATH=/opt/ros/humble /usr/bin/cmake --install /root/colcon_ws/build/pose_utils
[1.067s] INFO:colcon.colcon_core.shell:Creating environment descriptor '/root/colcon_ws/install/pose_utils/share/pose_utils/hook/cmake_prefix_path.dsv'
[1.069s] INFO:colcon.colcon_core.shell:Creating environment hook '/root/colcon_ws/install/pose_utils/share/pose_utils/hook/cmake_prefix_path.sh'
[1.070s] Level 1:colcon.colcon_core.environment:checking '/root/colcon_ws/install/pose_utils/lib'
[1.071s] Level 1:colcon.colcon_core.environment:checking '/root/colcon_ws/install/pose_utils/bin'
[1.071s] Level 1:colcon.colcon_core.environment:checking '/root/colcon_ws/install/pose_utils/lib/pkgconfig/pose_utils.pc'
[1.072s] Level 1:colcon.colcon_core.environment:checking '/root/colcon_ws/install/pose_utils/lib/python3.10/site-packages'
[1.072s] Level 1:colcon.colcon_core.environment:checking '/root/colcon_ws/install/pose_utils/bin'
[1.073s] INFO:colcon.colcon_core.shell:Creating package script '/root/colcon_ws/install/pose_utils/share/pose_utils/package.ps1'
[1.074s] INFO:colcon.colcon_core.shell:Creating package descriptor '/root/colcon_ws/install/pose_utils/share/pose_utils/package.dsv'
[1.075s] INFO:colcon.colcon_core.shell:Creating package script '/root/colcon_ws/install/pose_utils/share/pose_utils/package.sh'
[1.080s] INFO:colcon.colcon_core.shell:Creating package script '/root/colcon_ws/install/pose_utils/share/pose_utils/package.bash'
[1.081s] INFO:colcon.colcon_core.shell:Creating package script '/root/colcon_ws/install/pose_utils/share/pose_utils/package.zsh'
[1.082s] Level 1:colcon.colcon_core.environment:create_file_with_runtime_dependencies(/root/colcon_ws/install/pose_utils/share/colcon-core/packages/pose_utils)
[1.083s] Level 1:colcon.colcon_core.environment:create_environment_scripts_only(pose_utils)
[1.084s] Level 1:colcon.colcon_core.environment:checking '/root/colcon_ws/install/pose_utils' for CMake module files
[1.085s] Level 1:colcon.colcon_core.environment:checking '/root/colcon_ws/install/pose_utils' for CMake config files
[1.085s] Level 1:colcon.colcon_core.shell:create_environment_hook('pose_utils', 'cmake_prefix_path')
[1.086s] INFO:colcon.colcon_core.shell:Creating environment hook '/root/colcon_ws/install/pose_utils/share/pose_utils/hook/cmake_prefix_path.ps1'
[1.087s] INFO:colcon.colcon_core.shell:Creating environment descriptor '/root/colcon_ws/install/pose_utils/share/pose_utils/hook/cmake_prefix_path.dsv'
[1.088s] INFO:colcon.colcon_core.shell:Creating environment hook '/root/colcon_ws/install/pose_utils/share/pose_utils/hook/cmake_prefix_path.sh'
[1.089s] Level 1:colcon.colcon_core.environment:checking '/root/colcon_ws/install/pose_utils/lib'
[1.089s] Level 1:colcon.colcon_core.environment:checking '/root/colcon_ws/install/pose_utils/bin'
[1.089s] Level 1:colcon.colcon_core.environment:checking '/root/colcon_ws/install/pose_utils/lib/pkgconfig/pose_utils.pc'
[1.089s] Level 1:colcon.colcon_core.environment:checking '/root/colcon_ws/install/pose_utils/lib/python3.10/site-packages'
[1.090s] Level 1:colcon.colcon_core.environment:checking '/root/colcon_ws/install/pose_utils/bin'
[1.091s] INFO:colcon.colcon_core.shell:Creating package script '/root/colcon_ws/install/pose_utils/share/pose_utils/package.ps1'
[1.092s] INFO:colcon.colcon_core.shell:Creating package descriptor '/root/colcon_ws/install/pose_utils/share/pose_utils/package.dsv'
[1.094s] INFO:colcon.colcon_core.shell:Creating package script '/root/colcon_ws/install/pose_utils/share/pose_utils/package.sh'
[1.095s] INFO:colcon.colcon_core.shell:Creating package script '/root/colcon_ws/install/pose_utils/share/pose_utils/package.bash'
[1.095s] INFO:colcon.colcon_core.shell:Creating package script '/root/colcon_ws/install/pose_utils/share/pose_utils/package.zsh'
[1.096s] Level 1:colcon.colcon_core.environment:create_file_with_runtime_dependencies(/root/colcon_ws/install/pose_utils/share/colcon-core/packages/pose_utils)
[1.098s] INFO:colcon.colcon_ros.task.ament_cmake.build:Building ROS package in '/root/colcon_ws/src/Fast-Planner/uav_simulator/so3_disturbance_generator' with build type 'ament_cmake'
[1.098s] INFO:colcon.colcon_cmake.task.cmake.build:Building CMake package in '/root/colcon_ws/src/Fast-Planner/uav_simulator/so3_disturbance_generator'
[1.099s] INFO:colcon.colcon_core.shell:Skip shell extension 'powershell' for command environment: Not usable outside of PowerShell
[1.099s] DEBUG:colcon.colcon_core.shell:Skip shell extension 'dsv' for command environment
[1.117s] DEBUG:colcon.colcon_core.event_handler.log_command:Invoking command in '/root/colcon_ws/build/uav_utils': AMENT_PREFIX_PATH=/root/colcon_ws/install/cmake_utils:${AMENT_PREFIX_PATH} CMAKE_PREFIX_PATH=/root/colcon_ws/install/cmake_utils:/opt/ros/humble /usr/bin/cmake --build /root/colcon_ws/build/uav_utils -- -j8 -l8
[1.129s] Level 1:colcon.colcon_core.environment:create_environment_scripts_only(waypoint_generator)
[1.129s] DEBUG:colcon.colcon_core.event_handler.log_command:Invoked command in '/root/colcon_ws/build/waypoint_generator' returned '0': CMAKE_PREFIX_PATH=/opt/ros/humble /usr/bin/cmake --install /root/colcon_ws/build/waypoint_generator
[1.130s] Level 1:colcon.colcon_core.environment:checking '/root/colcon_ws/install/waypoint_generator' for CMake module files
[1.131s] Level 1:colcon.colcon_core.environment:checking '/root/colcon_ws/install/waypoint_generator' for CMake config files
[1.131s] Level 1:colcon.colcon_core.shell:create_environment_hook('waypoint_generator', 'cmake_prefix_path')
[1.132s] INFO:colcon.colcon_core.shell:Creating environment hook '/root/colcon_ws/install/waypoint_generator/share/waypoint_generator/hook/cmake_prefix_path.ps1'
[1.133s] INFO:colcon.colcon_core.shell:Creating environment descriptor '/root/colcon_ws/install/waypoint_generator/share/waypoint_generator/hook/cmake_prefix_path.dsv'
[1.134s] INFO:colcon.colcon_core.shell:Creating environment hook '/root/colcon_ws/install/waypoint_generator/share/waypoint_generator/hook/cmake_prefix_path.sh'
[1.135s] Level 1:colcon.colcon_core.environment:checking '/root/colcon_ws/install/waypoint_generator/lib'
[1.135s] Level 1:colcon.colcon_core.environment:checking '/root/colcon_ws/install/waypoint_generator/bin'
[1.135s] Level 1:colcon.colcon_core.environment:checking '/root/colcon_ws/install/waypoint_generator/lib/pkgconfig/waypoint_generator.pc'
[1.136s] Level 1:colcon.colcon_core.environment:checking '/root/colcon_ws/install/waypoint_generator/lib/python3.10/site-packages'
[1.136s] Level 1:colcon.colcon_core.environment:checking '/root/colcon_ws/install/waypoint_generator/bin'
[1.137s] INFO:colcon.colcon_core.shell:Creating package script '/root/colcon_ws/install/waypoint_generator/share/waypoint_generator/package.ps1'
[1.138s] INFO:colcon.colcon_core.shell:Creating package descriptor '/root/colcon_ws/install/waypoint_generator/share/waypoint_generator/package.dsv'
[1.138s] INFO:colcon.colcon_core.shell:Creating package script '/root/colcon_ws/install/waypoint_generator/share/waypoint_generator/package.sh'
[1.139s] INFO:colcon.colcon_core.shell:Creating package script '/root/colcon_ws/install/waypoint_generator/share/waypoint_generator/package.bash'
[1.140s] INFO:colcon.colcon_core.shell:Creating package script '/root/colcon_ws/install/waypoint_generator/share/waypoint_generator/package.zsh'
[1.140s] Level 1:colcon.colcon_core.environment:create_file_with_runtime_dependencies(/root/colcon_ws/install/waypoint_generator/share/colcon-core/packages/waypoint_generator)
[1.141s] Level 1:colcon.colcon_core.environment:create_environment_scripts_only(waypoint_generator)
[1.142s] Level 1:colcon.colcon_core.environment:checking '/root/colcon_ws/install/waypoint_generator' for CMake module files
[1.142s] Level 1:colcon.colcon_core.environment:checking '/root/colcon_ws/install/waypoint_generator' for CMake config files
[1.143s] Level 1:colcon.colcon_core.shell:create_environment_hook('waypoint_generator', 'cmake_prefix_path')
[1.143s] INFO:colcon.colcon_core.shell:Creating environment hook '/root/colcon_ws/install/waypoint_generator/share/waypoint_generator/hook/cmake_prefix_path.ps1'
[1.144s] INFO:colcon.colcon_core.shell:Creating environment descriptor '/root/colcon_ws/install/waypoint_generator/share/waypoint_generator/hook/cmake_prefix_path.dsv'
[1.145s] INFO:colcon.colcon_core.shell:Creating environment hook '/root/colcon_ws/install/waypoint_generator/share/waypoint_generator/hook/cmake_prefix_path.sh'
[1.146s] Level 1:colcon.colcon_core.environment:checking '/root/colcon_ws/install/waypoint_generator/lib'
[1.146s] Level 1:colcon.colcon_core.environment:checking '/root/colcon_ws/install/waypoint_generator/bin'
[1.146s] Level 1:colcon.colcon_core.environment:checking '/root/colcon_ws/install/waypoint_generator/lib/pkgconfig/waypoint_generator.pc'
[1.146s] Level 1:colcon.colcon_core.environment:checking '/root/colcon_ws/install/waypoint_generator/lib/python3.10/site-packages'
[1.147s] Level 1:colcon.colcon_core.environment:checking '/root/colcon_ws/install/waypoint_generator/bin'
[1.147s] INFO:colcon.colcon_core.shell:Creating package script '/root/colcon_ws/install/waypoint_generator/share/waypoint_generator/package.ps1'
[1.148s] INFO:colcon.colcon_core.shell:Creating package descriptor '/root/colcon_ws/install/waypoint_generator/share/waypoint_generator/package.dsv'
[1.149s] INFO:colcon.colcon_core.shell:Creating package script '/root/colcon_ws/install/waypoint_generator/share/waypoint_generator/package.sh'
[1.150s] INFO:colcon.colcon_core.shell:Creating package script '/root/colcon_ws/install/waypoint_generator/share/waypoint_generator/package.bash'
[1.151s] INFO:colcon.colcon_core.shell:Creating package script '/root/colcon_ws/install/waypoint_generator/share/waypoint_generator/package.zsh'
[1.151s] Level 1:colcon.colcon_core.environment:create_file_with_runtime_dependencies(/root/colcon_ws/install/waypoint_generator/share/colcon-core/packages/waypoint_generator)
[1.152s] Level 1:colcon.colcon_core.environment:create_environment_scripts_only(poly_traj)
[1.154s] DEBUG:colcon.colcon_core.event_handler.log_command:Invoked command in '/root/colcon_ws/build/poly_traj' returned '0': CMAKE_PREFIX_PATH=/opt/ros/humble /usr/bin/cmake --install /root/colcon_ws/build/poly_traj
[1.155s] Level 1:colcon.colcon_core.environment:checking '/root/colcon_ws/install/poly_traj' for CMake module files
[1.156s] Level 1:colcon.colcon_core.environment:checking '/root/colcon_ws/install/poly_traj' for CMake config files
[1.156s] Level 1:colcon.colcon_core.shell:create_environment_hook('poly_traj', 'cmake_prefix_path')
[1.156s] INFO:colcon.colcon_core.shell:Creating environment hook '/root/colcon_ws/install/poly_traj/share/poly_traj/hook/cmake_prefix_path.ps1'
[1.158s] INFO:colcon.colcon_core.shell:Creating environment descriptor '/root/colcon_ws/install/poly_traj/share/poly_traj/hook/cmake_prefix_path.dsv'
[1.160s] INFO:colcon.colcon_core.shell:Creating environment hook '/root/colcon_ws/install/poly_traj/share/poly_traj/hook/cmake_prefix_path.sh'
[1.161s] Level 1:colcon.colcon_core.environment:checking '/root/colcon_ws/install/poly_traj/lib'
[1.161s] Level 1:colcon.colcon_core.environment:checking '/root/colcon_ws/install/poly_traj/bin'
[1.161s] Level 1:colcon.colcon_core.environment:checking '/root/colcon_ws/install/poly_traj/lib/pkgconfig/poly_traj.pc'
[1.162s] Level 1:colcon.colcon_core.environment:checking '/root/colcon_ws/install/poly_traj/lib/python3.10/site-packages'
[1.163s] Level 1:colcon.colcon_core.environment:checking '/root/colcon_ws/install/poly_traj/bin'
[1.163s] INFO:colcon.colcon_core.shell:Creating package script '/root/colcon_ws/install/poly_traj/share/poly_traj/package.ps1'
[1.165s] INFO:colcon.colcon_core.shell:Creating package descriptor '/root/colcon_ws/install/poly_traj/share/poly_traj/package.dsv'
[1.169s] INFO:colcon.colcon_core.shell:Creating package script '/root/colcon_ws/install/poly_traj/share/poly_traj/package.sh'
[1.170s] INFO:colcon.colcon_core.shell:Creating package script '/root/colcon_ws/install/poly_traj/share/poly_traj/package.bash'
[1.171s] INFO:colcon.colcon_core.shell:Creating package script '/root/colcon_ws/install/poly_traj/share/poly_traj/package.zsh'
[1.172s] Level 1:colcon.colcon_core.environment:create_file_with_runtime_dependencies(/root/colcon_ws/install/poly_traj/share/colcon-core/packages/poly_traj)
[1.173s] Level 1:colcon.colcon_core.environment:create_environment_scripts_only(poly_traj)
[1.174s] Level 1:colcon.colcon_core.environment:checking '/root/colcon_ws/install/poly_traj' for CMake module files
[1.174s] Level 1:colcon.colcon_core.environment:checking '/root/colcon_ws/install/poly_traj' for CMake config files
[1.175s] Level 1:colcon.colcon_core.shell:create_environment_hook('poly_traj', 'cmake_prefix_path')
[1.175s] INFO:colcon.colcon_core.shell:Creating environment hook '/root/colcon_ws/install/poly_traj/share/poly_traj/hook/cmake_prefix_path.ps1'
[1.176s] INFO:colcon.colcon_core.shell:Creating environment descriptor '/root/colcon_ws/install/poly_traj/share/poly_traj/hook/cmake_prefix_path.dsv'
[1.177s] INFO:colcon.colcon_core.shell:Creating environment hook '/root/colcon_ws/install/poly_traj/share/poly_traj/hook/cmake_prefix_path.sh'
[1.178s] Level 1:colcon.colcon_core.environment:checking '/root/colcon_ws/install/poly_traj/lib'
[1.178s] Level 1:colcon.colcon_core.environment:checking '/root/colcon_ws/install/poly_traj/bin'
[1.178s] Level 1:colcon.colcon_core.environment:checking '/root/colcon_ws/install/poly_traj/lib/pkgconfig/poly_traj.pc'
[1.179s] Level 1:colcon.colcon_core.environment:checking '/root/colcon_ws/install/poly_traj/lib/python3.10/site-packages'
[1.179s] Level 1:colcon.colcon_core.environment:checking '/root/colcon_ws/install/poly_traj/bin'
[1.180s] INFO:colcon.colcon_core.shell:Creating package script '/root/colcon_ws/install/poly_traj/share/poly_traj/package.ps1'
[1.181s] INFO:colcon.colcon_core.shell:Creating package descriptor '/root/colcon_ws/install/poly_traj/share/poly_traj/package.dsv'
[1.182s] INFO:colcon.colcon_core.shell:Creating package script '/root/colcon_ws/install/poly_traj/share/poly_traj/package.sh'
[1.183s] INFO:colcon.colcon_core.shell:Creating package script '/root/colcon_ws/install/poly_traj/share/poly_traj/package.bash'
[1.184s] INFO:colcon.colcon_core.shell:Creating package script '/root/colcon_ws/install/poly_traj/share/poly_traj/package.zsh'
[1.185s] Level 1:colcon.colcon_core.environment:create_file_with_runtime_dependencies(/root/colcon_ws/install/poly_traj/share/colcon-core/packages/poly_traj)
[1.191s] DEBUG:colcon.colcon_core.event_handler.log_command:Invoking command in '/root/colcon_ws/build/so3_disturbance_generator': AMENT_PREFIX_PATH=/root/colcon_ws/install/pose_utils:${AMENT_PREFIX_PATH} CMAKE_PREFIX_PATH=/root/colcon_ws/install/pose_utils:/opt/ros/humble LD_LIBRARY_PATH=/root/colcon_ws/install/pose_utils/lib:${LD_LIBRARY_PATH} /usr/bin/cmake --build /root/colcon_ws/build/so3_disturbance_generator -- -j8 -l8
[1.224s] DEBUG:colcon.colcon_core.event_handler.log_command:Invoked command in '/root/colcon_ws/build/uav_utils' returned '0': AMENT_PREFIX_PATH=/root/colcon_ws/install/cmake_utils:${AMENT_PREFIX_PATH} CMAKE_PREFIX_PATH=/root/colcon_ws/install/cmake_utils:/opt/ros/humble /usr/bin/cmake --build /root/colcon_ws/build/uav_utils -- -j8 -l8
[1.224s] DEBUG:colcon.colcon_core.event_handler.log_command:Invoking command in '/root/colcon_ws/build/uav_utils': AMENT_PREFIX_PATH=/root/colcon_ws/install/cmake_utils:${AMENT_PREFIX_PATH} CMAKE_PREFIX_PATH=/root/colcon_ws/install/cmake_utils:/opt/ros/humble /usr/bin/cmake --install /root/colcon_ws/build/uav_utils
[1.253s] Level 1:colcon.colcon_core.environment:create_environment_scripts_only(uav_utils)
[1.254s] Level 1:colcon.colcon_core.environment:checking '/root/colcon_ws/install/uav_utils' for CMake module files
[1.254s] DEBUG:colcon.colcon_core.event_handler.log_command:Invoked command in '/root/colcon_ws/build/uav_utils' returned '0': AMENT_PREFIX_PATH=/root/colcon_ws/install/cmake_utils:${AMENT_PREFIX_PATH} CMAKE_PREFIX_PATH=/root/colcon_ws/install/cmake_utils:/opt/ros/humble /usr/bin/cmake --install /root/colcon_ws/build/uav_utils
[1.255s] Level 1:colcon.colcon_core.environment:checking '/root/colcon_ws/install/uav_utils' for CMake config files
[1.255s] Level 1:colcon.colcon_core.shell:create_environment_hook('uav_utils', 'cmake_prefix_path')
[1.256s] INFO:colcon.colcon_core.shell:Creating environment hook '/root/colcon_ws/install/uav_utils/share/uav_utils/hook/cmake_prefix_path.ps1'
[1.257s] INFO:colcon.colcon_core.shell:Creating environment descriptor '/root/colcon_ws/install/uav_utils/share/uav_utils/hook/cmake_prefix_path.dsv'
[1.257s] INFO:colcon.colcon_core.shell:Creating environment hook '/root/colcon_ws/install/uav_utils/share/uav_utils/hook/cmake_prefix_path.sh'
[1.258s] Level 1:colcon.colcon_core.environment:checking '/root/colcon_ws/install/uav_utils/bin'
[1.259s] Level 1:colcon.colcon_core.environment:checking '/root/colcon_ws/install/uav_utils/lib/pkgconfig/uav_utils.pc'
[1.259s] Level 1:colcon.colcon_core.environment:checking '/root/colcon_ws/install/uav_utils/lib/python3.10/site-packages'
[1.259s] Level 1:colcon.colcon_core.environment:checking '/root/colcon_ws/install/uav_utils/bin'
[1.260s] INFO:colcon.colcon_core.shell:Creating package script '/root/colcon_ws/install/uav_utils/share/uav_utils/package.ps1'
[1.261s] INFO:colcon.colcon_core.shell:Creating package descriptor '/root/colcon_ws/install/uav_utils/share/uav_utils/package.dsv'
[1.262s] INFO:colcon.colcon_core.shell:Creating package script '/root/colcon_ws/install/uav_utils/share/uav_utils/package.sh'
[1.262s] INFO:colcon.colcon_core.shell:Creating package script '/root/colcon_ws/install/uav_utils/share/uav_utils/package.bash'
[1.263s] INFO:colcon.colcon_core.shell:Creating package script '/root/colcon_ws/install/uav_utils/share/uav_utils/package.zsh'
[1.263s] Level 1:colcon.colcon_core.environment:create_file_with_runtime_dependencies(/root/colcon_ws/install/uav_utils/share/colcon-core/packages/uav_utils)
[1.264s] Level 1:colcon.colcon_core.environment:create_environment_scripts_only(uav_utils)
[1.265s] Level 1:colcon.colcon_core.environment:checking '/root/colcon_ws/install/uav_utils' for CMake module files
[1.266s] Level 1:colcon.colcon_core.environment:checking '/root/colcon_ws/install/uav_utils' for CMake config files
[1.266s] Level 1:colcon.colcon_core.shell:create_environment_hook('uav_utils', 'cmake_prefix_path')
[1.267s] INFO:colcon.colcon_core.shell:Creating environment hook '/root/colcon_ws/install/uav_utils/share/uav_utils/hook/cmake_prefix_path.ps1'
[1.267s] INFO:colcon.colcon_core.shell:Creating environment descriptor '/root/colcon_ws/install/uav_utils/share/uav_utils/hook/cmake_prefix_path.dsv'
[1.268s] INFO:colcon.colcon_core.shell:Creating environment hook '/root/colcon_ws/install/uav_utils/share/uav_utils/hook/cmake_prefix_path.sh'
[1.269s] Level 1:colcon.colcon_core.environment:checking '/root/colcon_ws/install/uav_utils/bin'
[1.269s] Level 1:colcon.colcon_core.environment:checking '/root/colcon_ws/install/uav_utils/lib/pkgconfig/uav_utils.pc'
[1.269s] Level 1:colcon.colcon_core.environment:checking '/root/colcon_ws/install/uav_utils/lib/python3.10/site-packages'
[1.270s] Level 1:colcon.colcon_core.environment:checking '/root/colcon_ws/install/uav_utils/bin'
[1.270s] INFO:colcon.colcon_core.shell:Creating package script '/root/colcon_ws/install/uav_utils/share/uav_utils/package.ps1'
[1.271s] INFO:colcon.colcon_core.shell:Creating package descriptor '/root/colcon_ws/install/uav_utils/share/uav_utils/package.dsv'
[1.272s] INFO:colcon.colcon_core.shell:Creating package script '/root/colcon_ws/install/uav_utils/share/uav_utils/package.sh'
[1.273s] INFO:colcon.colcon_core.shell:Creating package script '/root/colcon_ws/install/uav_utils/share/uav_utils/package.bash'
[1.275s] INFO:colcon.colcon_core.shell:Creating package script '/root/colcon_ws/install/uav_utils/share/uav_utils/package.zsh'
[1.276s] Level 1:colcon.colcon_core.environment:create_file_with_runtime_dependencies(/root/colcon_ws/install/uav_utils/share/colcon-core/packages/uav_utils)
[1.360s] DEBUG:colcon.colcon_core.event_handler.log_command:Invoked command in '/root/colcon_ws/build/so3_disturbance_generator' returned '0': AMENT_PREFIX_PATH=/root/colcon_ws/install/pose_utils:${AMENT_PREFIX_PATH} CMAKE_PREFIX_PATH=/root/colcon_ws/install/pose_utils:/opt/ros/humble LD_LIBRARY_PATH=/root/colcon_ws/install/pose_utils/lib:${LD_LIBRARY_PATH} /usr/bin/cmake --build /root/colcon_ws/build/so3_disturbance_generator -- -j8 -l8
[1.362s] DEBUG:colcon.colcon_core.event_handler.log_command:Invoking command in '/root/colcon_ws/build/so3_disturbance_generator': AMENT_PREFIX_PATH=/root/colcon_ws/install/pose_utils:${AMENT_PREFIX_PATH} CMAKE_PREFIX_PATH=/root/colcon_ws/install/pose_utils:/opt/ros/humble LD_LIBRARY_PATH=/root/colcon_ws/install/pose_utils/lib:${LD_LIBRARY_PATH} /usr/bin/cmake --install /root/colcon_ws/build/so3_disturbance_generator
[1.382s] Level 1:colcon.colcon_core.environment:create_environment_scripts_only(so3_disturbance_generator)
[1.383s] Level 1:colcon.colcon_core.environment:checking '/root/colcon_ws/install/so3_disturbance_generator' for CMake module files
[1.384s] DEBUG:colcon.colcon_core.event_handler.log_command:Invoked command in '/root/colcon_ws/build/so3_disturbance_generator' returned '0': AMENT_PREFIX_PATH=/root/colcon_ws/install/pose_utils:${AMENT_PREFIX_PATH} CMAKE_PREFIX_PATH=/root/colcon_ws/install/pose_utils:/opt/ros/humble LD_LIBRARY_PATH=/root/colcon_ws/install/pose_utils/lib:${LD_LIBRARY_PATH} /usr/bin/cmake --install /root/colcon_ws/build/so3_disturbance_generator
[1.385s] Level 1:colcon.colcon_core.environment:checking '/root/colcon_ws/install/so3_disturbance_generator' for CMake config files
[1.385s] Level 1:colcon.colcon_core.shell:create_environment_hook('so3_disturbance_generator', 'cmake_prefix_path')
[1.386s] INFO:colcon.colcon_core.shell:Creating environment hook '/root/colcon_ws/install/so3_disturbance_generator/share/so3_disturbance_generator/hook/cmake_prefix_path.ps1'
[1.387s] INFO:colcon.colcon_core.shell:Creating environment descriptor '/root/colcon_ws/install/so3_disturbance_generator/share/so3_disturbance_generator/hook/cmake_prefix_path.dsv'
[1.388s] INFO:colcon.colcon_core.shell:Creating environment hook '/root/colcon_ws/install/so3_disturbance_generator/share/so3_disturbance_generator/hook/cmake_prefix_path.sh'
[1.389s] Level 1:colcon.colcon_core.environment:checking '/root/colcon_ws/install/so3_disturbance_generator/lib'
[1.389s] Level 1:colcon.colcon_core.environment:checking '/root/colcon_ws/install/so3_disturbance_generator/bin'
[1.389s] Level 1:colcon.colcon_core.environment:checking '/root/colcon_ws/install/so3_disturbance_generator/lib/pkgconfig/so3_disturbance_generator.pc'
[1.390s] Level 1:colcon.colcon_core.environment:checking '/root/colcon_ws/install/so3_disturbance_generator/lib/python3.10/site-packages'
[1.390s] Level 1:colcon.colcon_core.environment:checking '/root/colcon_ws/install/so3_disturbance_generator/bin'
[1.391s] INFO:colcon.colcon_core.shell:Creating package script '/root/colcon_ws/install/so3_disturbance_generator/share/so3_disturbance_generator/package.ps1'
[1.392s] INFO:colcon.colcon_core.shell:Creating package descriptor '/root/colcon_ws/install/so3_disturbance_generator/share/so3_disturbance_generator/package.dsv'
[1.394s] INFO:colcon.colcon_core.shell:Creating package script '/root/colcon_ws/install/so3_disturbance_generator/share/so3_disturbance_generator/package.sh'
[1.395s] INFO:colcon.colcon_core.shell:Creating package script '/root/colcon_ws/install/so3_disturbance_generator/share/so3_disturbance_generator/package.bash'
[1.395s] INFO:colcon.colcon_core.shell:Creating package script '/root/colcon_ws/install/so3_disturbance_generator/share/so3_disturbance_generator/package.zsh'
[1.396s] Level 1:colcon.colcon_core.environment:create_file_with_runtime_dependencies(/root/colcon_ws/install/so3_disturbance_generator/share/colcon-core/packages/so3_disturbance_generator)
[1.397s] Level 1:colcon.colcon_core.environment:create_environment_scripts_only(so3_disturbance_generator)
[1.398s] Level 1:colcon.colcon_core.environment:checking '/root/colcon_ws/install/so3_disturbance_generator' for CMake module files
[1.398s] Level 1:colcon.colcon_core.environment:checking '/root/colcon_ws/install/so3_disturbance_generator' for CMake config files
[1.399s] Level 1:colcon.colcon_core.shell:create_environment_hook('so3_disturbance_generator', 'cmake_prefix_path')
[1.399s] INFO:colcon.colcon_core.shell:Creating environment hook '/root/colcon_ws/install/so3_disturbance_generator/share/so3_disturbance_generator/hook/cmake_prefix_path.ps1'
[1.400s] INFO:colcon.colcon_core.shell:Creating environment descriptor '/root/colcon_ws/install/so3_disturbance_generator/share/so3_disturbance_generator/hook/cmake_prefix_path.dsv'
[1.404s] INFO:colcon.colcon_core.shell:Creating environment hook '/root/colcon_ws/install/so3_disturbance_generator/share/so3_disturbance_generator/hook/cmake_prefix_path.sh'
[1.406s] Level 1:colcon.colcon_core.environment:checking '/root/colcon_ws/install/so3_disturbance_generator/lib'
[1.407s] Level 1:colcon.colcon_core.environment:checking '/root/colcon_ws/install/so3_disturbance_generator/bin'
[1.407s] Level 1:colcon.colcon_core.environment:checking '/root/colcon_ws/install/so3_disturbance_generator/lib/pkgconfig/so3_disturbance_generator.pc'
[1.408s] Level 1:colcon.colcon_core.environment:checking '/root/colcon_ws/install/so3_disturbance_generator/lib/python3.10/site-packages'
[1.409s] Level 1:colcon.colcon_core.environment:checking '/root/colcon_ws/install/so3_disturbance_generator/bin'
[1.411s] INFO:colcon.colcon_core.shell:Creating package script '/root/colcon_ws/install/so3_disturbance_generator/share/so3_disturbance_generator/package.ps1'
[1.413s] INFO:colcon.colcon_core.shell:Creating package descriptor '/root/colcon_ws/install/so3_disturbance_generator/share/so3_disturbance_generator/package.dsv'
[1.414s] INFO:colcon.colcon_core.shell:Creating package script '/root/colcon_ws/install/so3_disturbance_generator/share/so3_disturbance_generator/package.sh'
[1.415s] INFO:colcon.colcon_core.shell:Creating package script '/root/colcon_ws/install/so3_disturbance_generator/share/so3_disturbance_generator/package.bash'
[1.416s] INFO:colcon.colcon_core.shell:Creating package script '/root/colcon_ws/install/so3_disturbance_generator/share/so3_disturbance_generator/package.zsh'
[1.417s] Level 1:colcon.colcon_core.environment:create_file_with_runtime_dependencies(/root/colcon_ws/install/so3_disturbance_generator/share/colcon-core/packages/so3_disturbance_generator)
[1.531s] DEBUG:colcon.colcon_core.event_handler.log_command:Invoked command in '/root/colcon_ws/build/quadrotor_msgs' returned '0': CMAKE_PREFIX_PATH=/opt/ros/humble /usr/bin/cmake --build /root/colcon_ws/build/quadrotor_msgs -- -j8 -l8
[1.534s] DEBUG:colcon.colcon_core.event_handler.log_command:Invoking command in '/root/colcon_ws/build/quadrotor_msgs': CMAKE_PREFIX_PATH=/opt/ros/humble /usr/bin/cmake --install /root/colcon_ws/build/quadrotor_msgs
[1.660s] Level 1:colcon.colcon_core.environment:create_environment_scripts_only(quadrotor_msgs)
[1.661s] Level 1:colcon.colcon_core.environment:checking '/root/colcon_ws/install/quadrotor_msgs' for CMake module files
[1.661s] DEBUG:colcon.colcon_core.event_handler.log_command:Invoked command in '/root/colcon_ws/build/quadrotor_msgs' returned '0': CMAKE_PREFIX_PATH=/opt/ros/humble /usr/bin/cmake --install /root/colcon_ws/build/quadrotor_msgs
[1.663s] Level 1:colcon.colcon_core.environment:checking '/root/colcon_ws/install/quadrotor_msgs' for CMake config files
[1.664s] Level 1:colcon.colcon_core.shell:create_environment_hook('quadrotor_msgs', 'cmake_prefix_path')
[1.665s] INFO:colcon.colcon_core.shell:Creating environment hook '/root/colcon_ws/install/quadrotor_msgs/share/quadrotor_msgs/hook/cmake_prefix_path.ps1'
[1.666s] INFO:colcon.colcon_core.shell:Creating environment descriptor '/root/colcon_ws/install/quadrotor_msgs/share/quadrotor_msgs/hook/cmake_prefix_path.dsv'
[1.667s] INFO:colcon.colcon_core.shell:Creating environment hook '/root/colcon_ws/install/quadrotor_msgs/share/quadrotor_msgs/hook/cmake_prefix_path.sh'
[1.668s] Level 1:colcon.colcon_core.environment:checking '/root/colcon_ws/install/quadrotor_msgs/lib'
[1.668s] Level 1:colcon.colcon_core.shell:create_environment_hook('quadrotor_msgs', 'ld_library_path_lib')
[1.669s] INFO:colcon.colcon_core.shell:Creating environment hook '/root/colcon_ws/install/quadrotor_msgs/share/quadrotor_msgs/hook/ld_library_path_lib.ps1'
[1.670s] INFO:colcon.colcon_core.shell:Creating environment descriptor '/root/colcon_ws/install/quadrotor_msgs/share/quadrotor_msgs/hook/ld_library_path_lib.dsv'
[1.671s] INFO:colcon.colcon_core.shell:Creating environment hook '/root/colcon_ws/install/quadrotor_msgs/share/quadrotor_msgs/hook/ld_library_path_lib.sh'
[1.671s] Level 1:colcon.colcon_core.environment:checking '/root/colcon_ws/install/quadrotor_msgs/bin'
[1.671s] Level 1:colcon.colcon_core.environment:checking '/root/colcon_ws/install/quadrotor_msgs/lib/pkgconfig/quadrotor_msgs.pc'
[1.672s] Level 1:colcon.colcon_core.environment:checking '/root/colcon_ws/install/quadrotor_msgs/lib/python3.10/site-packages'
[1.672s] Level 1:colcon.colcon_core.environment:checking '/root/colcon_ws/install/quadrotor_msgs/bin'
[1.673s] INFO:colcon.colcon_core.shell:Creating package script '/root/colcon_ws/install/quadrotor_msgs/share/quadrotor_msgs/package.ps1'
[1.674s] INFO:colcon.colcon_core.shell:Creating package descriptor '/root/colcon_ws/install/quadrotor_msgs/share/quadrotor_msgs/package.dsv'
[1.675s] INFO:colcon.colcon_core.shell:Creating package script '/root/colcon_ws/install/quadrotor_msgs/share/quadrotor_msgs/package.sh'
[1.675s] INFO:colcon.colcon_core.shell:Creating package script '/root/colcon_ws/install/quadrotor_msgs/share/quadrotor_msgs/package.bash'
[1.676s] INFO:colcon.colcon_core.shell:Creating package script '/root/colcon_ws/install/quadrotor_msgs/share/quadrotor_msgs/package.zsh'
[1.677s] Level 1:colcon.colcon_core.environment:create_file_with_runtime_dependencies(/root/colcon_ws/install/quadrotor_msgs/share/colcon-core/packages/quadrotor_msgs)
[1.678s] Level 1:colcon.colcon_core.environment:create_environment_scripts_only(quadrotor_msgs)
[1.678s] Level 1:colcon.colcon_core.environment:checking '/root/colcon_ws/install/quadrotor_msgs' for CMake module files
[1.679s] Level 1:colcon.colcon_core.environment:checking '/root/colcon_ws/install/quadrotor_msgs' for CMake config files
[1.680s] Level 1:colcon.colcon_core.shell:create_environment_hook('quadrotor_msgs', 'cmake_prefix_path')
[1.680s] INFO:colcon.colcon_core.shell:Creating environment hook '/root/colcon_ws/install/quadrotor_msgs/share/quadrotor_msgs/hook/cmake_prefix_path.ps1'
[1.681s] INFO:colcon.colcon_core.shell:Creating environment descriptor '/root/colcon_ws/install/quadrotor_msgs/share/quadrotor_msgs/hook/cmake_prefix_path.dsv'
[1.682s] INFO:colcon.colcon_core.shell:Creating environment hook '/root/colcon_ws/install/quadrotor_msgs/share/quadrotor_msgs/hook/cmake_prefix_path.sh'
[1.683s] Level 1:colcon.colcon_core.environment:checking '/root/colcon_ws/install/quadrotor_msgs/lib'
[1.683s] Level 1:colcon.colcon_core.shell:create_environment_hook('quadrotor_msgs', 'ld_library_path_lib')
[1.684s] INFO:colcon.colcon_core.shell:Creating environment hook '/root/colcon_ws/install/quadrotor_msgs/share/quadrotor_msgs/hook/ld_library_path_lib.ps1'
[1.684s] INFO:colcon.colcon_core.shell:Creating environment descriptor '/root/colcon_ws/install/quadrotor_msgs/share/quadrotor_msgs/hook/ld_library_path_lib.dsv'
[1.685s] INFO:colcon.colcon_core.shell:Creating environment hook '/root/colcon_ws/install/quadrotor_msgs/share/quadrotor_msgs/hook/ld_library_path_lib.sh'
[1.686s] Level 1:colcon.colcon_core.environment:checking '/root/colcon_ws/install/quadrotor_msgs/bin'
[1.686s] Level 1:colcon.colcon_core.environment:checking '/root/colcon_ws/install/quadrotor_msgs/lib/pkgconfig/quadrotor_msgs.pc'
[1.687s] Level 1:colcon.colcon_core.environment:checking '/root/colcon_ws/install/quadrotor_msgs/lib/python3.10/site-packages'
[1.687s] Level 1:colcon.colcon_core.environment:checking '/root/colcon_ws/install/quadrotor_msgs/bin'
[1.688s] INFO:colcon.colcon_core.shell:Creating package script '/root/colcon_ws/install/quadrotor_msgs/share/quadrotor_msgs/package.ps1'
[1.689s] INFO:colcon.colcon_core.shell:Creating package descriptor '/root/colcon_ws/install/quadrotor_msgs/share/quadrotor_msgs/package.dsv'
[1.690s] INFO:colcon.colcon_core.shell:Creating package script '/root/colcon_ws/install/quadrotor_msgs/share/quadrotor_msgs/package.sh'
[1.691s] INFO:colcon.colcon_core.shell:Creating package script '/root/colcon_ws/install/quadrotor_msgs/share/quadrotor_msgs/package.bash'
[1.692s] INFO:colcon.colcon_core.shell:Creating package script '/root/colcon_ws/install/quadrotor_msgs/share/quadrotor_msgs/package.zsh'
[1.692s] Level 1:colcon.colcon_core.environment:create_file_with_runtime_dependencies(/root/colcon_ws/install/quadrotor_msgs/share/colcon-core/packages/quadrotor_msgs)
[1.693s] INFO:colcon.colcon_ros.task.ament_cmake.build:Building ROS package in '/root/colcon_ws/src/Fast-Planner/uav_simulator/Utils/multi_map_server' with build type 'ament_cmake'
[1.694s] INFO:colcon.colcon_cmake.task.cmake.build:Building CMake package in '/root/colcon_ws/src/Fast-Planner/uav_simulator/Utils/multi_map_server'
[1.694s] INFO:colcon.colcon_core.shell:Skip shell extension 'powershell' for command environment: Not usable outside of PowerShell
[1.694s] DEBUG:colcon.colcon_core.shell:Skip shell extension 'dsv' for command environment
[1.702s] INFO:colcon.colcon_ros.task.ament_cmake.build:Building ROS package in '/root/colcon_ws/src/Fast-Planner/uav_simulator/local_sensing' with build type 'ament_cmake'
[1.702s] INFO:colcon.colcon_cmake.task.cmake.build:Building CMake package in '/root/colcon_ws/src/Fast-Planner/uav_simulator/local_sensing'
[1.703s] INFO:colcon.colcon_core.shell:Skip shell extension 'powershell' for command environment: Not usable outside of PowerShell
[1.703s] DEBUG:colcon.colcon_core.shell:Skip shell extension 'dsv' for command environment
[1.710s] INFO:colcon.colcon_ros.task.ament_cmake.build:Building ROS package in '/root/colcon_ws/src/Fast-Planner/uav_simulator/Utils/odom_visualization' with build type 'ament_cmake'
[1.712s] INFO:colcon.colcon_cmake.task.cmake.build:Building CMake package in '/root/colcon_ws/src/Fast-Planner/uav_simulator/Utils/odom_visualization'
[1.713s] INFO:colcon.colcon_core.shell:Skip shell extension 'powershell' for command environment: Not usable outside of PowerShell
[1.713s] DEBUG:colcon.colcon_core.shell:Skip shell extension 'dsv' for command environment
[1.726s] INFO:colcon.colcon_ros.task.ament_cmake.build:Building ROS package in '/root/colcon_ws/src/Fast-Planner/uav_simulator/so3_control' with build type 'ament_cmake'
[1.727s] INFO:colcon.colcon_cmake.task.cmake.build:Building CMake package in '/root/colcon_ws/src/Fast-Planner/uav_simulator/so3_control'
[1.728s] INFO:colcon.colcon_core.shell:Skip shell extension 'powershell' for command environment: Not usable outside of PowerShell
[1.728s] DEBUG:colcon.colcon_core.shell:Skip shell extension 'dsv' for command environment
[1.737s] INFO:colcon.colcon_ros.task.ament_cmake.build:Building ROS package in '/root/colcon_ws/src/Fast-Planner/uav_simulator/so3_quadrotor_simulator' with build type 'ament_cmake'
[1.738s] INFO:colcon.colcon_cmake.task.cmake.build:Building CMake package in '/root/colcon_ws/src/Fast-Planner/uav_simulator/so3_quadrotor_simulator'
[1.739s] INFO:colcon.colcon_core.shell:Skip shell extension 'powershell' for command environment: Not usable outside of PowerShell
[1.739s] DEBUG:colcon.colcon_core.shell:Skip shell extension 'dsv' for command environment
[1.755s] DEBUG:colcon.colcon_core.event_handler.log_command:Invoking command in '/root/colcon_ws/build/multi_map_server': AMENT_PREFIX_PATH=/root/colcon_ws/install/quadrotor_msgs:/root/colcon_ws/install/pose_utils:${AMENT_PREFIX_PATH} CMAKE_PREFIX_PATH=/root/colcon_ws/install/quadrotor_msgs:/root/colcon_ws/install/pose_utils:/opt/ros/humble LD_LIBRARY_PATH=/root/colcon_ws/install/quadrotor_msgs/lib:/root/colcon_ws/install/pose_utils/lib:${LD_LIBRARY_PATH} PYTHONPATH=/root/colcon_ws/install/quadrotor_msgs/local/lib/python3.10/dist-packages:${PYTHONPATH} /usr/bin/cmake --build /root/colcon_ws/build/multi_map_server -- -j8 -l8
[1.762s] DEBUG:colcon.colcon_core.event_handler.log_command:Invoking command in '/root/colcon_ws/build/local_sensing_node': AMENT_PREFIX_PATH=/root/colcon_ws/install/quadrotor_msgs:${AMENT_PREFIX_PATH} CMAKE_PREFIX_PATH=/root/colcon_ws/install/quadrotor_msgs:/opt/ros/humble LD_LIBRARY_PATH=/root/colcon_ws/install/quadrotor_msgs/lib:${LD_LIBRARY_PATH} PYTHONPATH=/root/colcon_ws/install/quadrotor_msgs/local/lib/python3.10/dist-packages:${PYTHONPATH} /usr/bin/cmake --build /root/colcon_ws/build/local_sensing_node -- -j8 -l8
[1.765s] DEBUG:colcon.colcon_core.event_handler.log_command:Invoking command in '/root/colcon_ws/build/odom_visualization': AMENT_PREFIX_PATH=/root/colcon_ws/install/quadrotor_msgs:/root/colcon_ws/install/pose_utils:${AMENT_PREFIX_PATH} CMAKE_PREFIX_PATH=/root/colcon_ws/install/quadrotor_msgs:/root/colcon_ws/install/pose_utils:/opt/ros/humble LD_LIBRARY_PATH=/root/colcon_ws/install/quadrotor_msgs/lib:/root/colcon_ws/install/pose_utils/lib:${LD_LIBRARY_PATH} PYTHONPATH=/root/colcon_ws/install/quadrotor_msgs/local/lib/python3.10/dist-packages:${PYTHONPATH} /usr/bin/cmake --build /root/colcon_ws/build/odom_visualization -- -j8 -l8
[1.780s] DEBUG:colcon.colcon_core.event_handler.log_command:Invoking command in '/root/colcon_ws/build/so3_control': AMENT_PREFIX_PATH=/root/colcon_ws/install/quadrotor_msgs:/root/colcon_ws/install/cmake_utils:${AMENT_PREFIX_PATH} CMAKE_PREFIX_PATH=/root/colcon_ws/install/quadrotor_msgs:/root/colcon_ws/install/cmake_utils:/opt/ros/humble LD_LIBRARY_PATH=/root/colcon_ws/install/quadrotor_msgs/lib:${LD_LIBRARY_PATH} PYTHONPATH=/root/colcon_ws/install/quadrotor_msgs/local/lib/python3.10/dist-packages:${PYTHONPATH} /usr/bin/cmake --build /root/colcon_ws/build/so3_control -- -j8 -l8
[1.797s] DEBUG:colcon.colcon_core.event_handler.log_command:Invoking command in '/root/colcon_ws/build/so3_quadrotor_simulator': AMENT_PREFIX_PATH=/root/colcon_ws/install/uav_utils:/root/colcon_ws/install/quadrotor_msgs:/root/colcon_ws/install/cmake_utils:${AMENT_PREFIX_PATH} CMAKE_PREFIX_PATH=/root/colcon_ws/install/uav_utils:/root/colcon_ws/install/quadrotor_msgs:/root/colcon_ws/install/cmake_utils:/opt/ros/humble LD_LIBRARY_PATH=/root/colcon_ws/install/quadrotor_msgs/lib:${LD_LIBRARY_PATH} PYTHONPATH=/root/colcon_ws/install/quadrotor_msgs/local/lib/python3.10/dist-packages:${PYTHONPATH} /usr/bin/cmake --build /root/colcon_ws/build/so3_quadrotor_simulator -- -j8 -l8
[2.029s] DEBUG:colcon.colcon_core.event_handler.log_command:Invoked command in '/root/colcon_ws/build/odom_visualization' returned '0': AMENT_PREFIX_PATH=/root/colcon_ws/install/quadrotor_msgs:/root/colcon_ws/install/pose_utils:${AMENT_PREFIX_PATH} CMAKE_PREFIX_PATH=/root/colcon_ws/install/quadrotor_msgs:/root/colcon_ws/install/pose_utils:/opt/ros/humble LD_LIBRARY_PATH=/root/colcon_ws/install/quadrotor_msgs/lib:/root/colcon_ws/install/pose_utils/lib:${LD_LIBRARY_PATH} PYTHONPATH=/root/colcon_ws/install/quadrotor_msgs/local/lib/python3.10/dist-packages:${PYTHONPATH} /usr/bin/cmake --build /root/colcon_ws/build/odom_visualization -- -j8 -l8
[2.033s] DEBUG:colcon.colcon_core.event_handler.log_command:Invoking command in '/root/colcon_ws/build/odom_visualization': AMENT_PREFIX_PATH=/root/colcon_ws/install/quadrotor_msgs:/root/colcon_ws/install/pose_utils:${AMENT_PREFIX_PATH} CMAKE_PREFIX_PATH=/root/colcon_ws/install/quadrotor_msgs:/root/colcon_ws/install/pose_utils:/opt/ros/humble LD_LIBRARY_PATH=/root/colcon_ws/install/quadrotor_msgs/lib:/root/colcon_ws/install/pose_utils/lib:${LD_LIBRARY_PATH} PYTHONPATH=/root/colcon_ws/install/quadrotor_msgs/local/lib/python3.10/dist-packages:${PYTHONPATH} /usr/bin/cmake --install /root/colcon_ws/build/odom_visualization
[2.155s] DEBUG:colcon.colcon_core.event_handler.log_command:Invoked command in '/root/colcon_ws/build/so3_control' returned '0': AMENT_PREFIX_PATH=/root/colcon_ws/install/quadrotor_msgs:/root/colcon_ws/install/cmake_utils:${AMENT_PREFIX_PATH} CMAKE_PREFIX_PATH=/root/colcon_ws/install/quadrotor_msgs:/root/colcon_ws/install/cmake_utils:/opt/ros/humble LD_LIBRARY_PATH=/root/colcon_ws/install/quadrotor_msgs/lib:${LD_LIBRARY_PATH} PYTHONPATH=/root/colcon_ws/install/quadrotor_msgs/local/lib/python3.10/dist-packages:${PYTHONPATH} /usr/bin/cmake --build /root/colcon_ws/build/so3_control -- -j8 -l8
[2.156s] DEBUG:colcon.colcon_core.event_handler.log_command:Invoking command in '/root/colcon_ws/build/so3_control': AMENT_PREFIX_PATH=/root/colcon_ws/install/quadrotor_msgs:/root/colcon_ws/install/cmake_utils:${AMENT_PREFIX_PATH} CMAKE_PREFIX_PATH=/root/colcon_ws/install/quadrotor_msgs:/root/colcon_ws/install/cmake_utils:/opt/ros/humble LD_LIBRARY_PATH=/root/colcon_ws/install/quadrotor_msgs/lib:${LD_LIBRARY_PATH} PYTHONPATH=/root/colcon_ws/install/quadrotor_msgs/local/lib/python3.10/dist-packages:${PYTHONPATH} /usr/bin/cmake --install /root/colcon_ws/build/so3_control
[2.170s] Level 1:colcon.colcon_core.environment:create_environment_scripts_only(odom_visualization)
[2.171s] Level 1:colcon.colcon_core.environment:checking '/root/colcon_ws/install/odom_visualization' for CMake module files
[2.171s] Level 1:colcon.colcon_core.environment:checking '/root/colcon_ws/install/odom_visualization' for CMake config files
[2.172s] Level 1:colcon.colcon_core.shell:create_environment_hook('odom_visualization', 'cmake_prefix_path')
[2.172s] INFO:colcon.colcon_core.shell:Creating environment hook '/root/colcon_ws/install/odom_visualization/share/odom_visualization/hook/cmake_prefix_path.ps1'
[2.173s] INFO:colcon.colcon_core.shell:Creating environment descriptor '/root/colcon_ws/install/odom_visualization/share/odom_visualization/hook/cmake_prefix_path.dsv'
[2.174s] INFO:colcon.colcon_core.shell:Creating environment hook '/root/colcon_ws/install/odom_visualization/share/odom_visualization/hook/cmake_prefix_path.sh'
[2.175s] Level 1:colcon.colcon_core.environment:checking '/root/colcon_ws/install/odom_visualization/lib'
[2.175s] Level 1:colcon.colcon_core.environment:checking '/root/colcon_ws/install/odom_visualization/bin'
[2.175s] Level 1:colcon.colcon_core.environment:checking '/root/colcon_ws/install/odom_visualization/lib/pkgconfig/odom_visualization.pc'
[2.176s] Level 1:colcon.colcon_core.environment:checking '/root/colcon_ws/install/odom_visualization/lib/python3.10/site-packages'
[2.177s] DEBUG:colcon.colcon_core.event_handler.log_command:Invoked command in '/root/colcon_ws/build/odom_visualization' returned '0': AMENT_PREFIX_PATH=/root/colcon_ws/install/quadrotor_msgs:/root/colcon_ws/install/pose_utils:${AMENT_PREFIX_PATH} CMAKE_PREFIX_PATH=/root/colcon_ws/install/quadrotor_msgs:/root/colcon_ws/install/pose_utils:/opt/ros/humble LD_LIBRARY_PATH=/root/colcon_ws/install/quadrotor_msgs/lib:/root/colcon_ws/install/pose_utils/lib:${LD_LIBRARY_PATH} PYTHONPATH=/root/colcon_ws/install/quadrotor_msgs/local/lib/python3.10/dist-packages:${PYTHONPATH} /usr/bin/cmake --install /root/colcon_ws/build/odom_visualization
[2.177s] Level 1:colcon.colcon_core.environment:checking '/root/colcon_ws/install/odom_visualization/bin'
[2.178s] INFO:colcon.colcon_core.shell:Creating package script '/root/colcon_ws/install/odom_visualization/share/odom_visualization/package.ps1'
[2.179s] INFO:colcon.colcon_core.shell:Creating package descriptor '/root/colcon_ws/install/odom_visualization/share/odom_visualization/package.dsv'
[2.180s] INFO:colcon.colcon_core.shell:Creating package script '/root/colcon_ws/install/odom_visualization/share/odom_visualization/package.sh'
[2.181s] INFO:colcon.colcon_core.shell:Creating package script '/root/colcon_ws/install/odom_visualization/share/odom_visualization/package.bash'
[2.181s] INFO:colcon.colcon_core.shell:Creating package script '/root/colcon_ws/install/odom_visualization/share/odom_visualization/package.zsh'
[2.182s] Level 1:colcon.colcon_core.environment:create_file_with_runtime_dependencies(/root/colcon_ws/install/odom_visualization/share/colcon-core/packages/odom_visualization)
[2.184s] Level 1:colcon.colcon_core.environment:create_environment_scripts_only(odom_visualization)
[2.185s] Level 1:colcon.colcon_core.environment:checking '/root/colcon_ws/install/odom_visualization' for CMake module files
[2.186s] Level 1:colcon.colcon_core.environment:checking '/root/colcon_ws/install/odom_visualization' for CMake config files
[2.186s] Level 1:colcon.colcon_core.shell:create_environment_hook('odom_visualization', 'cmake_prefix_path')
[2.186s] INFO:colcon.colcon_core.shell:Creating environment hook '/root/colcon_ws/install/odom_visualization/share/odom_visualization/hook/cmake_prefix_path.ps1'
[2.187s] INFO:colcon.colcon_core.shell:Creating environment descriptor '/root/colcon_ws/install/odom_visualization/share/odom_visualization/hook/cmake_prefix_path.dsv'
[2.188s] INFO:colcon.colcon_core.shell:Creating environment hook '/root/colcon_ws/install/odom_visualization/share/odom_visualization/hook/cmake_prefix_path.sh'
[2.202s] Level 1:colcon.colcon_core.environment:checking '/root/colcon_ws/install/odom_visualization/lib'
[2.202s] Level 1:colcon.colcon_core.environment:checking '/root/colcon_ws/install/odom_visualization/bin'
[2.202s] Level 1:colcon.colcon_core.environment:checking '/root/colcon_ws/install/odom_visualization/lib/pkgconfig/odom_visualization.pc'
[2.203s] Level 1:colcon.colcon_core.environment:checking '/root/colcon_ws/install/odom_visualization/lib/python3.10/site-packages'
[2.203s] Level 1:colcon.colcon_core.environment:checking '/root/colcon_ws/install/odom_visualization/bin'
[2.204s] INFO:colcon.colcon_core.shell:Creating package script '/root/colcon_ws/install/odom_visualization/share/odom_visualization/package.ps1'
[2.205s] INFO:colcon.colcon_core.shell:Creating package descriptor '/root/colcon_ws/install/odom_visualization/share/odom_visualization/package.dsv'
[2.206s] INFO:colcon.colcon_core.shell:Creating package script '/root/colcon_ws/install/odom_visualization/share/odom_visualization/package.sh'
[2.207s] INFO:colcon.colcon_core.shell:Creating package script '/root/colcon_ws/install/odom_visualization/share/odom_visualization/package.bash'
[2.208s] INFO:colcon.colcon_core.shell:Creating package script '/root/colcon_ws/install/odom_visualization/share/odom_visualization/package.zsh'
[2.209s] Level 1:colcon.colcon_core.environment:create_file_with_runtime_dependencies(/root/colcon_ws/install/odom_visualization/share/colcon-core/packages/odom_visualization)
[2.231s] Level 1:colcon.colcon_core.environment:create_environment_scripts_only(so3_control)
[2.232s] DEBUG:colcon.colcon_core.event_handler.log_command:Invoked command in '/root/colcon_ws/build/so3_control' returned '0': AMENT_PREFIX_PATH=/root/colcon_ws/install/quadrotor_msgs:/root/colcon_ws/install/cmake_utils:${AMENT_PREFIX_PATH} CMAKE_PREFIX_PATH=/root/colcon_ws/install/quadrotor_msgs:/root/colcon_ws/install/cmake_utils:/opt/ros/humble LD_LIBRARY_PATH=/root/colcon_ws/install/quadrotor_msgs/lib:${LD_LIBRARY_PATH} PYTHONPATH=/root/colcon_ws/install/quadrotor_msgs/local/lib/python3.10/dist-packages:${PYTHONPATH} /usr/bin/cmake --install /root/colcon_ws/build/so3_control
[2.233s] Level 1:colcon.colcon_core.environment:checking '/root/colcon_ws/install/so3_control' for CMake module files
[2.234s] Level 1:colcon.colcon_core.environment:checking '/root/colcon_ws/install/so3_control' for CMake config files
[2.234s] Level 1:colcon.colcon_core.shell:create_environment_hook('so3_control', 'cmake_prefix_path')
[2.235s] INFO:colcon.colcon_core.shell:Creating environment hook '/root/colcon_ws/install/so3_control/share/so3_control/hook/cmake_prefix_path.ps1'
[2.241s] INFO:colcon.colcon_core.shell:Creating environment descriptor '/root/colcon_ws/install/so3_control/share/so3_control/hook/cmake_prefix_path.dsv'
[2.242s] INFO:colcon.colcon_core.shell:Creating environment hook '/root/colcon_ws/install/so3_control/share/so3_control/hook/cmake_prefix_path.sh'
[2.243s] Level 1:colcon.colcon_core.environment:checking '/root/colcon_ws/install/so3_control/lib'
[2.244s] Level 1:colcon.colcon_core.environment:checking '/root/colcon_ws/install/so3_control/bin'
[2.244s] Level 1:colcon.colcon_core.environment:checking '/root/colcon_ws/install/so3_control/lib/pkgconfig/so3_control.pc'
[2.244s] Level 1:colcon.colcon_core.environment:checking '/root/colcon_ws/install/so3_control/lib/python3.10/site-packages'
[2.245s] Level 1:colcon.colcon_core.environment:checking '/root/colcon_ws/install/so3_control/bin'
[2.246s] INFO:colcon.colcon_core.shell:Creating package script '/root/colcon_ws/install/so3_control/share/so3_control/package.ps1'
[2.247s] INFO:colcon.colcon_core.shell:Creating package descriptor '/root/colcon_ws/install/so3_control/share/so3_control/package.dsv'
[2.257s] INFO:colcon.colcon_core.shell:Creating package script '/root/colcon_ws/install/so3_control/share/so3_control/package.sh'
[2.259s] INFO:colcon.colcon_core.shell:Creating package script '/root/colcon_ws/install/so3_control/share/so3_control/package.bash'
[2.259s] INFO:colcon.colcon_core.shell:Creating package script '/root/colcon_ws/install/so3_control/share/so3_control/package.zsh'
[2.260s] Level 1:colcon.colcon_core.environment:create_file_with_runtime_dependencies(/root/colcon_ws/install/so3_control/share/colcon-core/packages/so3_control)
[2.262s] Level 1:colcon.colcon_core.environment:create_environment_scripts_only(so3_control)
[2.262s] Level 1:colcon.colcon_core.environment:checking '/root/colcon_ws/install/so3_control' for CMake module files
[2.263s] Level 1:colcon.colcon_core.environment:checking '/root/colcon_ws/install/so3_control' for CMake config files
[2.265s] Level 1:colcon.colcon_core.shell:create_environment_hook('so3_control', 'cmake_prefix_path')
[2.266s] INFO:colcon.colcon_core.shell:Creating environment hook '/root/colcon_ws/install/so3_control/share/so3_control/hook/cmake_prefix_path.ps1'
[2.267s] INFO:colcon.colcon_core.shell:Creating environment descriptor '/root/colcon_ws/install/so3_control/share/so3_control/hook/cmake_prefix_path.dsv'
[2.268s] INFO:colcon.colcon_core.shell:Creating environment hook '/root/colcon_ws/install/so3_control/share/so3_control/hook/cmake_prefix_path.sh'
[2.269s] Level 1:colcon.colcon_core.environment:checking '/root/colcon_ws/install/so3_control/lib'
[2.269s] Level 1:colcon.colcon_core.environment:checking '/root/colcon_ws/install/so3_control/bin'
[2.269s] Level 1:colcon.colcon_core.environment:checking '/root/colcon_ws/install/so3_control/lib/pkgconfig/so3_control.pc'
[2.269s] Level 1:colcon.colcon_core.environment:checking '/root/colcon_ws/install/so3_control/lib/python3.10/site-packages'
[2.270s] Level 1:colcon.colcon_core.environment:checking '/root/colcon_ws/install/so3_control/bin'
[2.270s] INFO:colcon.colcon_core.shell:Creating package script '/root/colcon_ws/install/so3_control/share/so3_control/package.ps1'
[2.271s] INFO:colcon.colcon_core.shell:Creating package descriptor '/root/colcon_ws/install/so3_control/share/so3_control/package.dsv'
[2.284s] INFO:colcon.colcon_core.shell:Creating package script '/root/colcon_ws/install/so3_control/share/so3_control/package.sh'
[2.285s] INFO:colcon.colcon_core.shell:Creating package script '/root/colcon_ws/install/so3_control/share/so3_control/package.bash'
[2.286s] INFO:colcon.colcon_core.shell:Creating package script '/root/colcon_ws/install/so3_control/share/so3_control/package.zsh'
[2.286s] Level 1:colcon.colcon_core.environment:create_file_with_runtime_dependencies(/root/colcon_ws/install/so3_control/share/colcon-core/packages/so3_control)
[4.175s] Level 1:colcon.colcon_core.environment:create_environment_scripts_only(so3_quadrotor_simulator)
[4.175s] Level 1:colcon.colcon_core.environment:checking '/root/colcon_ws/install/so3_quadrotor_simulator' for CMake module files
[4.176s] Level 1:colcon.colcon_core.environment:checking '/root/colcon_ws/install/so3_quadrotor_simulator' for CMake config files
[4.177s] Level 1:colcon.colcon_core.environment:checking '/root/colcon_ws/install/so3_quadrotor_simulator/bin'
[4.177s] Level 1:colcon.colcon_core.environment:checking '/root/colcon_ws/install/so3_quadrotor_simulator/lib/pkgconfig/so3_quadrotor_simulator.pc'
[4.178s] Level 1:colcon.colcon_core.environment:checking '/root/colcon_ws/install/so3_quadrotor_simulator/lib/python3.10/site-packages'
[4.178s] Level 1:colcon.colcon_core.environment:checking '/root/colcon_ws/install/so3_quadrotor_simulator/bin'
[4.179s] INFO:colcon.colcon_core.shell:Creating package script '/root/colcon_ws/install/so3_quadrotor_simulator/share/so3_quadrotor_simulator/package.ps1'
[4.181s] DEBUG:colcon.colcon_core.event_handler.log_command:Invoked command in '/root/colcon_ws/build/so3_quadrotor_simulator' returned '2': AMENT_PREFIX_PATH=/root/colcon_ws/install/uav_utils:/root/colcon_ws/install/quadrotor_msgs:/root/colcon_ws/install/cmake_utils:${AMENT_PREFIX_PATH} CMAKE_PREFIX_PATH=/root/colcon_ws/install/uav_utils:/root/colcon_ws/install/quadrotor_msgs:/root/colcon_ws/install/cmake_utils:/opt/ros/humble LD_LIBRARY_PATH=/root/colcon_ws/install/quadrotor_msgs/lib:${LD_LIBRARY_PATH} PYTHONPATH=/root/colcon_ws/install/quadrotor_msgs/local/lib/python3.10/dist-packages:${PYTHONPATH} /usr/bin/cmake --build /root/colcon_ws/build/so3_quadrotor_simulator -- -j8 -l8
[4.185s] INFO:colcon.colcon_core.shell:Creating package descriptor '/root/colcon_ws/install/so3_quadrotor_simulator/share/so3_quadrotor_simulator/package.dsv'
[4.187s] INFO:colcon.colcon_core.shell:Creating package script '/root/colcon_ws/install/so3_quadrotor_simulator/share/so3_quadrotor_simulator/package.sh'
[4.189s] INFO:colcon.colcon_core.shell:Creating package script '/root/colcon_ws/install/so3_quadrotor_simulator/share/so3_quadrotor_simulator/package.bash'
[4.192s] INFO:colcon.colcon_core.shell:Creating package script '/root/colcon_ws/install/so3_quadrotor_simulator/share/so3_quadrotor_simulator/package.zsh'
[4.194s] Level 1:colcon.colcon_core.environment:create_file_with_runtime_dependencies(/root/colcon_ws/install/so3_quadrotor_simulator/share/colcon-core/packages/so3_quadrotor_simulator)
[43.501s] DEBUG:colcon.colcon_parallel_executor.executor.parallel:closing loop
[43.502s] DEBUG:colcon.colcon_parallel_executor.executor.parallel:loop closed
[43.502s] DEBUG:colcon.colcon_parallel_executor.executor.parallel:run_until_complete finished with '2'
[43.503s] DEBUG:colcon.colcon_core.event_reactor:joining thread
[43.529s] INFO:colcon.colcon_core.plugin_system:Skipping extension 'colcon_notification.desktop_notification.notify_send': Could not find 'notify-send'
[43.529s] INFO:colcon.colcon_core.plugin_system:Skipping extension 'colcon_notification.desktop_notification.terminal_notifier': Not used on non-Darwin systems
[43.530s] INFO:colcon.colcon_core.plugin_system:Skipping extension 'colcon_notification.desktop_notification.win32': Not used on non-Windows systems
[43.530s] INFO:colcon.colcon_notification.desktop_notification:Sending desktop notification using 'notify2'
[43.544s] DEBUG:colcon.colcon_notification.desktop_notification.notify2:Failed to initialize notify2: org.freedesktop.DBus.Error.Spawn.ExecFailed: /usr/bin/dbus-launch terminated abnormally without any error message
[43.546s] DEBUG:colcon.colcon_core.event_reactor:joined thread
[43.548s] INFO:colcon.colcon_core.shell:Creating prefix script '/root/colcon_ws/install/local_setup.ps1'
[43.551s] INFO:colcon.colcon_core.shell:Creating prefix util module '/root/colcon_ws/install/_local_setup_util_ps1.py'
[43.554s] INFO:colcon.colcon_core.shell:Creating prefix chain script '/root/colcon_ws/install/setup.ps1'
[43.556s] INFO:colcon.colcon_core.shell:Creating prefix script '/root/colcon_ws/install/local_setup.sh'
[43.557s] INFO:colcon.colcon_core.shell:Creating prefix util module '/root/colcon_ws/install/_local_setup_util_sh.py'
[43.558s] INFO:colcon.colcon_core.shell:Creating prefix chain script '/root/colcon_ws/install/setup.sh'
[43.560s] INFO:colcon.colcon_core.shell:Creating prefix script '/root/colcon_ws/install/local_setup.bash'
[43.561s] INFO:colcon.colcon_core.shell:Creating prefix chain script '/root/colcon_ws/install/setup.bash'
[43.562s] INFO:colcon.colcon_core.shell:Creating prefix script '/root/colcon_ws/install/local_setup.zsh'
[43.563s] INFO:colcon.colcon_core.shell:Creating prefix chain script '/root/colcon_ws/install/setup.zsh'
