[0.183s] DEBUG:colcon:Command line arguments: ['/usr/bin/colcon', 'build']
[0.184s] DEBUG:colcon:Parsed command line arguments: Namespace(log_base=None, log_level=None, verb_name='build', build_base='build', install_base='install', merge_install=False, symlink_install=False, test_result_base=None, continue_on_error=False, executor='parallel', parallel_workers=8, event_handlers=None, ignore_user_meta=False, metas=['./colcon.meta'], base_paths=['.'], packages_ignore=None, packages_ignore_regex=None, paths=None, packages_up_to=None, packages_up_to_regex=None, packages_above=None, packages_above_and_dependencies=None, packages_above_depth=None, packages_select_by_dep=None, packages_skip_by_dep=None, packages_skip_up_to=None, packages_select_build_failed=False, packages_skip_build_finished=False, packages_select_test_failures=False, packages_skip_test_passed=False, packages_select=None, packages_skip=None, packages_select_regex=None, packages_skip_regex=None, packages_start=None, packages_end=None, allow_overriding=[], cmake_args=None, cmake_target=None, cmake_target_skip_unavailable=False, cmake_clean_cache=False, cmake_clean_first=False, cmake_force_configure=False, ament_cmake_args=None, catkin_cmake_args=None, catkin_skip_building_tests=False, verb_parser=<colcon_defaults.argument_parser.defaults.DefaultArgumentsDecorator object at 0xffffa2fea8f0>, verb_extension=<colcon_core.verb.build.BuildVerb object at 0xffffa2fea320>, main=<bound method BuildVerb.main of <colcon_core.verb.build.BuildVerb object at 0xffffa2fea320>>)
[0.443s] Level 1:colcon.colcon_core.package_discovery:discover_packages(colcon_meta) check parameters
[0.444s] Level 1:colcon.colcon_core.package_discovery:discover_packages(recursive) check parameters
[0.444s] Level 1:colcon.colcon_core.package_discovery:discover_packages(ignore) check parameters
[0.444s] Level 1:colcon.colcon_core.package_discovery:discover_packages(path) check parameters
[0.444s] Level 1:colcon.colcon_core.package_discovery:discover_packages(colcon_meta) discover
[0.444s] Level 1:colcon.colcon_core.package_discovery:discover_packages(recursive) discover
[0.444s] INFO:colcon.colcon_core.package_discovery:Crawling recursively for packages in '/root/colcon_ws'
[0.445s] Level 1:colcon.colcon_core.package_identification:_identify(.) by extensions ['ignore', 'ignore_ament_install']
[0.445s] Level 1:colcon.colcon_core.package_identification:_identify(.) by extension 'ignore'
[0.445s] Level 1:colcon.colcon_core.package_identification:_identify(.) by extension 'ignore_ament_install'
[0.446s] Level 1:colcon.colcon_core.package_identification:_identify(.) by extensions ['colcon_pkg']
[0.446s] Level 1:colcon.colcon_core.package_identification:_identify(.) by extension 'colcon_pkg'
[0.446s] Level 1:colcon.colcon_core.package_identification:_identify(.) by extensions ['colcon_meta']
[0.446s] Level 1:colcon.colcon_core.package_identification:_identify(.) by extension 'colcon_meta'
[0.446s] Level 1:colcon.colcon_core.package_identification:_identify(.) by extensions ['ros']
[0.446s] Level 1:colcon.colcon_core.package_identification:_identify(.) by extension 'ros'
[0.466s] Level 1:colcon.colcon_core.package_identification:_identify(.) by extensions ['cmake', 'python']
[0.466s] Level 1:colcon.colcon_core.package_identification:_identify(.) by extension 'cmake'
[0.466s] Level 1:colcon.colcon_core.package_identification:_identify(.) by extension 'python'
[0.466s] Level 1:colcon.colcon_core.package_identification:_identify(.) by extensions ['python_setup_py']
[0.467s] Level 1:colcon.colcon_core.package_identification:_identify(.) by extension 'python_setup_py'
[0.467s] Level 1:colcon.colcon_core.package_identification:_identify(backup) by extensions ['ignore', 'ignore_ament_install']
[0.467s] Level 1:colcon.colcon_core.package_identification:_identify(backup) by extension 'ignore'
[0.467s] Level 1:colcon.colcon_core.package_identification:_identify(backup) by extension 'ignore_ament_install'
[0.467s] Level 1:colcon.colcon_core.package_identification:_identify(backup) by extensions ['colcon_pkg']
[0.467s] Level 1:colcon.colcon_core.package_identification:_identify(backup) by extension 'colcon_pkg'
[0.467s] Level 1:colcon.colcon_core.package_identification:_identify(backup) by extensions ['colcon_meta']
[0.467s] Level 1:colcon.colcon_core.package_identification:_identify(backup) by extension 'colcon_meta'
[0.467s] Level 1:colcon.colcon_core.package_identification:_identify(backup) by extensions ['ros']
[0.468s] Level 1:colcon.colcon_core.package_identification:_identify(backup) by extension 'ros'
[0.468s] Level 1:colcon.colcon_core.package_identification:_identify(backup) by extensions ['cmake', 'python']
[0.468s] Level 1:colcon.colcon_core.package_identification:_identify(backup) by extension 'cmake'
[0.468s] Level 1:colcon.colcon_core.package_identification:_identify(backup) by extension 'python'
[0.468s] Level 1:colcon.colcon_core.package_identification:_identify(backup) by extensions ['python_setup_py']
[0.468s] Level 1:colcon.colcon_core.package_identification:_identify(backup) by extension 'python_setup_py'
[0.468s] Level 1:colcon.colcon_core.package_identification:_identify(backup/fptestv1) by extensions ['ignore', 'ignore_ament_install']
[0.468s] Level 1:colcon.colcon_core.package_identification:_identify(backup/fptestv1) by extension 'ignore'
[0.468s] Level 1:colcon.colcon_core.package_identification:_identify(backup/fptestv1) by extension 'ignore_ament_install'
[0.468s] Level 1:colcon.colcon_core.package_identification:_identify(backup/fptestv1) by extensions ['colcon_pkg']
[0.468s] Level 1:colcon.colcon_core.package_identification:_identify(backup/fptestv1) by extension 'colcon_pkg'
[0.469s] Level 1:colcon.colcon_core.package_identification:_identify(backup/fptestv1) by extensions ['colcon_meta']
[0.469s] Level 1:colcon.colcon_core.package_identification:_identify(backup/fptestv1) by extension 'colcon_meta'
[0.469s] Level 1:colcon.colcon_core.package_identification:_identify(backup/fptestv1) by extensions ['ros']
[0.469s] Level 1:colcon.colcon_core.package_identification:_identify(backup/fptestv1) by extension 'ros'
[0.469s] Level 1:colcon.colcon_core.package_identification:_identify(backup/fptestv1) by extensions ['cmake', 'python']
[0.469s] Level 1:colcon.colcon_core.package_identification:_identify(backup/fptestv1) by extension 'cmake'
[0.469s] Level 1:colcon.colcon_core.package_identification:_identify(backup/fptestv1) by extension 'python'
[0.469s] Level 1:colcon.colcon_core.package_identification:_identify(backup/fptestv1) by extensions ['python_setup_py']
[0.469s] Level 1:colcon.colcon_core.package_identification:_identify(backup/fptestv1) by extension 'python_setup_py'
[0.469s] Level 1:colcon.colcon_core.package_identification:_identify(backup/fptestv1/fastapi_planner) by extensions ['ignore', 'ignore_ament_install']
[0.469s] Level 1:colcon.colcon_core.package_identification:_identify(backup/fptestv1/fastapi_planner) by extension 'ignore'
[0.469s] Level 1:colcon.colcon_core.package_identification:_identify(backup/fptestv1/fastapi_planner) by extension 'ignore_ament_install'
[0.470s] Level 1:colcon.colcon_core.package_identification:_identify(backup/fptestv1/fastapi_planner) by extensions ['colcon_pkg']
[0.470s] Level 1:colcon.colcon_core.package_identification:_identify(backup/fptestv1/fastapi_planner) by extension 'colcon_pkg'
[0.470s] Level 1:colcon.colcon_core.package_identification:_identify(backup/fptestv1/fastapi_planner) by extensions ['colcon_meta']
[0.470s] Level 1:colcon.colcon_core.package_identification:_identify(backup/fptestv1/fastapi_planner) by extension 'colcon_meta'
[0.470s] Level 1:colcon.colcon_core.package_identification:_identify(backup/fptestv1/fastapi_planner) by extensions ['ros']
[0.470s] Level 1:colcon.colcon_core.package_identification:_identify(backup/fptestv1/fastapi_planner) by extension 'ros'
[0.470s] Level 1:colcon.colcon_core.package_identification:_identify(backup/fptestv1/fastapi_planner) by extensions ['cmake', 'python']
[0.470s] Level 1:colcon.colcon_core.package_identification:_identify(backup/fptestv1/fastapi_planner) by extension 'cmake'
[0.470s] Level 1:colcon.colcon_core.package_identification:_identify(backup/fptestv1/fastapi_planner) by extension 'python'
[0.470s] Level 1:colcon.colcon_core.package_identification:_identify(backup/fptestv1/fastapi_planner) by extensions ['python_setup_py']
[0.470s] Level 1:colcon.colcon_core.package_identification:_identify(backup/fptestv1/fastapi_planner) by extension 'python_setup_py'
[0.470s] Level 1:colcon.colcon_core.package_identification:_identify(backup/fptestv1/fastapi_planner/__pycache__) by extensions ['ignore', 'ignore_ament_install']
[0.471s] Level 1:colcon.colcon_core.package_identification:_identify(backup/fptestv1/fastapi_planner/__pycache__) by extension 'ignore'
[0.471s] Level 1:colcon.colcon_core.package_identification:_identify(backup/fptestv1/fastapi_planner/__pycache__) by extension 'ignore_ament_install'
[0.471s] Level 1:colcon.colcon_core.package_identification:_identify(backup/fptestv1/fastapi_planner/__pycache__) by extensions ['colcon_pkg']
[0.471s] Level 1:colcon.colcon_core.package_identification:_identify(backup/fptestv1/fastapi_planner/__pycache__) by extension 'colcon_pkg'
[0.471s] Level 1:colcon.colcon_core.package_identification:_identify(backup/fptestv1/fastapi_planner/__pycache__) by extensions ['colcon_meta']
[0.471s] Level 1:colcon.colcon_core.package_identification:_identify(backup/fptestv1/fastapi_planner/__pycache__) by extension 'colcon_meta'
[0.471s] Level 1:colcon.colcon_core.package_identification:_identify(backup/fptestv1/fastapi_planner/__pycache__) by extensions ['ros']
[0.471s] Level 1:colcon.colcon_core.package_identification:_identify(backup/fptestv1/fastapi_planner/__pycache__) by extension 'ros'
[0.471s] Level 1:colcon.colcon_core.package_identification:_identify(backup/fptestv1/fastapi_planner/__pycache__) by extensions ['cmake', 'python']
[0.471s] Level 1:colcon.colcon_core.package_identification:_identify(backup/fptestv1/fastapi_planner/__pycache__) by extension 'cmake'
[0.471s] Level 1:colcon.colcon_core.package_identification:_identify(backup/fptestv1/fastapi_planner/__pycache__) by extension 'python'
[0.471s] Level 1:colcon.colcon_core.package_identification:_identify(backup/fptestv1/fastapi_planner/__pycache__) by extensions ['python_setup_py']
[0.471s] Level 1:colcon.colcon_core.package_identification:_identify(backup/fptestv1/fastapi_planner/__pycache__) by extension 'python_setup_py'
[0.472s] Level 1:colcon.colcon_core.package_identification:_identify(build) by extensions ['ignore', 'ignore_ament_install']
[0.472s] Level 1:colcon.colcon_core.package_identification:_identify(build) by extension 'ignore'
[0.472s] Level 1:colcon.colcon_core.package_identification:_identify(build) ignored
[0.472s] Level 1:colcon.colcon_core.package_identification:_identify(docs) by extensions ['ignore', 'ignore_ament_install']
[0.472s] Level 1:colcon.colcon_core.package_identification:_identify(docs) by extension 'ignore'
[0.472s] Level 1:colcon.colcon_core.package_identification:_identify(docs) by extension 'ignore_ament_install'
[0.472s] Level 1:colcon.colcon_core.package_identification:_identify(docs) by extensions ['colcon_pkg']
[0.472s] Level 1:colcon.colcon_core.package_identification:_identify(docs) by extension 'colcon_pkg'
[0.472s] Level 1:colcon.colcon_core.package_identification:_identify(docs) by extensions ['colcon_meta']
[0.472s] Level 1:colcon.colcon_core.package_identification:_identify(docs) by extension 'colcon_meta'
[0.473s] Level 1:colcon.colcon_core.package_identification:_identify(docs) by extensions ['ros']
[0.473s] Level 1:colcon.colcon_core.package_identification:_identify(docs) by extension 'ros'
[0.473s] Level 1:colcon.colcon_core.package_identification:_identify(docs) by extensions ['cmake', 'python']
[0.473s] Level 1:colcon.colcon_core.package_identification:_identify(docs) by extension 'cmake'
[0.473s] Level 1:colcon.colcon_core.package_identification:_identify(docs) by extension 'python'
[0.473s] Level 1:colcon.colcon_core.package_identification:_identify(docs) by extensions ['python_setup_py']
[0.473s] Level 1:colcon.colcon_core.package_identification:_identify(docs) by extension 'python_setup_py'
[0.473s] Level 1:colcon.colcon_core.package_identification:_identify(fastapi_planner) by extensions ['ignore', 'ignore_ament_install']
[0.473s] Level 1:colcon.colcon_core.package_identification:_identify(fastapi_planner) by extension 'ignore'
[0.473s] Level 1:colcon.colcon_core.package_identification:_identify(fastapi_planner) by extension 'ignore_ament_install'
[0.473s] Level 1:colcon.colcon_core.package_identification:_identify(fastapi_planner) by extensions ['colcon_pkg']
[0.474s] Level 1:colcon.colcon_core.package_identification:_identify(fastapi_planner) by extension 'colcon_pkg'
[0.474s] Level 1:colcon.colcon_core.package_identification:_identify(fastapi_planner) by extensions ['colcon_meta']
[0.474s] Level 1:colcon.colcon_core.package_identification:_identify(fastapi_planner) by extension 'colcon_meta'
[0.474s] Level 1:colcon.colcon_core.package_identification:_identify(fastapi_planner) by extensions ['ros']
[0.474s] Level 1:colcon.colcon_core.package_identification:_identify(fastapi_planner) by extension 'ros'
[0.474s] Level 1:colcon.colcon_core.package_identification:_identify(fastapi_planner) by extensions ['cmake', 'python']
[0.474s] Level 1:colcon.colcon_core.package_identification:_identify(fastapi_planner) by extension 'cmake'
[0.474s] Level 1:colcon.colcon_core.package_identification:_identify(fastapi_planner) by extension 'python'
[0.474s] Level 1:colcon.colcon_core.package_identification:_identify(fastapi_planner) by extensions ['python_setup_py']
[0.474s] Level 1:colcon.colcon_core.package_identification:_identify(fastapi_planner) by extension 'python_setup_py'
[0.474s] Level 1:colcon.colcon_core.package_identification:_identify(fastapi_planner/__pycache__) by extensions ['ignore', 'ignore_ament_install']
[0.474s] Level 1:colcon.colcon_core.package_identification:_identify(fastapi_planner/__pycache__) by extension 'ignore'
[0.474s] Level 1:colcon.colcon_core.package_identification:_identify(fastapi_planner/__pycache__) by extension 'ignore_ament_install'
[0.475s] Level 1:colcon.colcon_core.package_identification:_identify(fastapi_planner/__pycache__) by extensions ['colcon_pkg']
[0.475s] Level 1:colcon.colcon_core.package_identification:_identify(fastapi_planner/__pycache__) by extension 'colcon_pkg'
[0.475s] Level 1:colcon.colcon_core.package_identification:_identify(fastapi_planner/__pycache__) by extensions ['colcon_meta']
[0.475s] Level 1:colcon.colcon_core.package_identification:_identify(fastapi_planner/__pycache__) by extension 'colcon_meta'
[0.475s] Level 1:colcon.colcon_core.package_identification:_identify(fastapi_planner/__pycache__) by extensions ['ros']
[0.475s] Level 1:colcon.colcon_core.package_identification:_identify(fastapi_planner/__pycache__) by extension 'ros'
[0.475s] Level 1:colcon.colcon_core.package_identification:_identify(fastapi_planner/__pycache__) by extensions ['cmake', 'python']
[0.475s] Level 1:colcon.colcon_core.package_identification:_identify(fastapi_planner/__pycache__) by extension 'cmake'
[0.475s] Level 1:colcon.colcon_core.package_identification:_identify(fastapi_planner/__pycache__) by extension 'python'
[0.475s] Level 1:colcon.colcon_core.package_identification:_identify(fastapi_planner/__pycache__) by extensions ['python_setup_py']
[0.475s] Level 1:colcon.colcon_core.package_identification:_identify(fastapi_planner/__pycache__) by extension 'python_setup_py'
[0.475s] Level 1:colcon.colcon_core.package_identification:_identify(install) by extensions ['ignore', 'ignore_ament_install']
[0.476s] Level 1:colcon.colcon_core.package_identification:_identify(install) by extension 'ignore'
[0.476s] Level 1:colcon.colcon_core.package_identification:_identify(install) ignored
[0.476s] Level 1:colcon.colcon_core.package_identification:_identify(log) by extensions ['ignore', 'ignore_ament_install']
[0.476s] Level 1:colcon.colcon_core.package_identification:_identify(log) by extension 'ignore'
[0.476s] Level 1:colcon.colcon_core.package_identification:_identify(log) ignored
[0.476s] Level 1:colcon.colcon_core.package_identification:_identify(src) by extensions ['ignore', 'ignore_ament_install']
[0.476s] Level 1:colcon.colcon_core.package_identification:_identify(src) by extension 'ignore'
[0.476s] Level 1:colcon.colcon_core.package_identification:_identify(src) by extension 'ignore_ament_install'
[0.476s] Level 1:colcon.colcon_core.package_identification:_identify(src) by extensions ['colcon_pkg']
[0.476s] Level 1:colcon.colcon_core.package_identification:_identify(src) by extension 'colcon_pkg'
[0.477s] Level 1:colcon.colcon_core.package_identification:_identify(src) by extensions ['colcon_meta']
[0.477s] Level 1:colcon.colcon_core.package_identification:_identify(src) by extension 'colcon_meta'
[0.477s] Level 1:colcon.colcon_core.package_identification:_identify(src) by extensions ['ros']
[0.477s] Level 1:colcon.colcon_core.package_identification:_identify(src) by extension 'ros'
[0.477s] Level 1:colcon.colcon_core.package_identification:_identify(src) by extensions ['cmake', 'python']
[0.477s] Level 1:colcon.colcon_core.package_identification:_identify(src) by extension 'cmake'
[0.477s] Level 1:colcon.colcon_core.package_identification:_identify(src) by extension 'python'
[0.477s] Level 1:colcon.colcon_core.package_identification:_identify(src) by extensions ['python_setup_py']
[0.477s] Level 1:colcon.colcon_core.package_identification:_identify(src) by extension 'python_setup_py'
[0.477s] Level 1:colcon.colcon_core.package_identification:_identify(src/Fast-Planner) by extensions ['ignore', 'ignore_ament_install']
[0.477s] Level 1:colcon.colcon_core.package_identification:_identify(src/Fast-Planner) by extension 'ignore'
[0.477s] Level 1:colcon.colcon_core.package_identification:_identify(src/Fast-Planner) by extension 'ignore_ament_install'
[0.478s] Level 1:colcon.colcon_core.package_identification:_identify(src/Fast-Planner) by extensions ['colcon_pkg']
[0.478s] Level 1:colcon.colcon_core.package_identification:_identify(src/Fast-Planner) by extension 'colcon_pkg'
[0.478s] Level 1:colcon.colcon_core.package_identification:_identify(src/Fast-Planner) by extensions ['colcon_meta']
[0.478s] Level 1:colcon.colcon_core.package_identification:_identify(src/Fast-Planner) by extension 'colcon_meta'
[0.478s] Level 1:colcon.colcon_core.package_identification:_identify(src/Fast-Planner) by extensions ['ros']
[0.478s] Level 1:colcon.colcon_core.package_identification:_identify(src/Fast-Planner) by extension 'ros'
[0.478s] Level 1:colcon.colcon_core.package_identification:_identify(src/Fast-Planner) by extensions ['cmake', 'python']
[0.478s] Level 1:colcon.colcon_core.package_identification:_identify(src/Fast-Planner) by extension 'cmake'
[0.478s] Level 1:colcon.colcon_core.package_identification:_identify(src/Fast-Planner) by extension 'python'
[0.478s] Level 1:colcon.colcon_core.package_identification:_identify(src/Fast-Planner) by extensions ['python_setup_py']
[0.478s] Level 1:colcon.colcon_core.package_identification:_identify(src/Fast-Planner) by extension 'python_setup_py'
[0.478s] Level 1:colcon.colcon_core.package_identification:_identify(src/Fast-Planner/fast_planner) by extensions ['ignore', 'ignore_ament_install']
[0.478s] Level 1:colcon.colcon_core.package_identification:_identify(src/Fast-Planner/fast_planner) by extension 'ignore'
[0.479s] Level 1:colcon.colcon_core.package_identification:_identify(src/Fast-Planner/fast_planner) by extension 'ignore_ament_install'
[0.479s] Level 1:colcon.colcon_core.package_identification:_identify(src/Fast-Planner/fast_planner) by extensions ['colcon_pkg']
[0.479s] Level 1:colcon.colcon_core.package_identification:_identify(src/Fast-Planner/fast_planner) by extension 'colcon_pkg'
[0.479s] Level 1:colcon.colcon_core.package_identification:_identify(src/Fast-Planner/fast_planner) by extensions ['colcon_meta']
[0.479s] Level 1:colcon.colcon_core.package_identification:_identify(src/Fast-Planner/fast_planner) by extension 'colcon_meta'
[0.479s] Level 1:colcon.colcon_core.package_identification:_identify(src/Fast-Planner/fast_planner) by extensions ['ros']
[0.479s] Level 1:colcon.colcon_core.package_identification:_identify(src/Fast-Planner/fast_planner) by extension 'ros'
[0.479s] Level 1:colcon.colcon_core.package_identification:_identify(src/Fast-Planner/fast_planner) by extensions ['cmake', 'python']
[0.479s] Level 1:colcon.colcon_core.package_identification:_identify(src/Fast-Planner/fast_planner) by extension 'cmake'
[0.479s] Level 1:colcon.colcon_core.package_identification:_identify(src/Fast-Planner/fast_planner) by extension 'python'
[0.479s] Level 1:colcon.colcon_core.package_identification:_identify(src/Fast-Planner/fast_planner) by extensions ['python_setup_py']
[0.479s] Level 1:colcon.colcon_core.package_identification:_identify(src/Fast-Planner/fast_planner) by extension 'python_setup_py'
[0.479s] Level 1:colcon.colcon_core.package_identification:_identify(src/Fast-Planner/fast_planner/bag) by extensions ['ignore', 'ignore_ament_install']
[0.480s] Level 1:colcon.colcon_core.package_identification:_identify(src/Fast-Planner/fast_planner/bag) by extension 'ignore'
[0.480s] Level 1:colcon.colcon_core.package_identification:_identify(src/Fast-Planner/fast_planner/bag) by extension 'ignore_ament_install'
[0.480s] Level 1:colcon.colcon_core.package_identification:_identify(src/Fast-Planner/fast_planner/bag) by extensions ['colcon_pkg']
[0.480s] Level 1:colcon.colcon_core.package_identification:_identify(src/Fast-Planner/fast_planner/bag) by extension 'colcon_pkg'
[0.480s] Level 1:colcon.colcon_core.package_identification:_identify(src/Fast-Planner/fast_planner/bag) by extensions ['colcon_meta']
[0.480s] Level 1:colcon.colcon_core.package_identification:_identify(src/Fast-Planner/fast_planner/bag) by extension 'colcon_meta'
[0.480s] Level 1:colcon.colcon_core.package_identification:_identify(src/Fast-Planner/fast_planner/bag) by extensions ['ros']
[0.480s] Level 1:colcon.colcon_core.package_identification:_identify(src/Fast-Planner/fast_planner/bag) by extension 'ros'
[0.480s] Level 1:colcon.colcon_core.package_identification:_identify(src/Fast-Planner/fast_planner/bag) by extensions ['cmake', 'python']
[0.480s] Level 1:colcon.colcon_core.package_identification:_identify(src/Fast-Planner/fast_planner/bag) by extension 'cmake'
[0.480s] Level 1:colcon.colcon_core.package_identification:_identify(src/Fast-Planner/fast_planner/bag) by extension 'python'
[0.480s] Level 1:colcon.colcon_core.package_identification:_identify(src/Fast-Planner/fast_planner/bag) by extensions ['python_setup_py']
[0.480s] Level 1:colcon.colcon_core.package_identification:_identify(src/Fast-Planner/fast_planner/bag) by extension 'python_setup_py'
[0.481s] Level 1:colcon.colcon_core.package_identification:_identify(src/Fast-Planner/fast_planner/bspline) by extensions ['ignore', 'ignore_ament_install']
[0.481s] Level 1:colcon.colcon_core.package_identification:_identify(src/Fast-Planner/fast_planner/bspline) by extension 'ignore'
[0.481s] Level 1:colcon.colcon_core.package_identification:_identify(src/Fast-Planner/fast_planner/bspline) by extension 'ignore_ament_install'
[0.481s] Level 1:colcon.colcon_core.package_identification:_identify(src/Fast-Planner/fast_planner/bspline) by extensions ['colcon_pkg']
[0.481s] Level 1:colcon.colcon_core.package_identification:_identify(src/Fast-Planner/fast_planner/bspline) by extension 'colcon_pkg'
[0.481s] Level 1:colcon.colcon_core.package_identification:_identify(src/Fast-Planner/fast_planner/bspline) by extensions ['colcon_meta']
[0.481s] Level 1:colcon.colcon_core.package_identification:_identify(src/Fast-Planner/fast_planner/bspline) by extension 'colcon_meta'
[0.481s] Level 1:colcon.colcon_core.package_identification:_identify(src/Fast-Planner/fast_planner/bspline) by extensions ['ros']
[0.481s] Level 1:colcon.colcon_core.package_identification:_identify(src/Fast-Planner/fast_planner/bspline) by extension 'ros'
[0.487s] DEBUG:colcon.colcon_core.package_identification:Package 'src/Fast-Planner/fast_planner/bspline' with type 'ros.ament_cmake' and name 'bspline'
[0.487s] Level 1:colcon.colcon_core.package_identification:_identify(src/Fast-Planner/fast_planner/bspline_opt) by extensions ['ignore', 'ignore_ament_install']
[0.488s] Level 1:colcon.colcon_core.package_identification:_identify(src/Fast-Planner/fast_planner/bspline_opt) by extension 'ignore'
[0.488s] Level 1:colcon.colcon_core.package_identification:_identify(src/Fast-Planner/fast_planner/bspline_opt) by extension 'ignore_ament_install'
[0.488s] Level 1:colcon.colcon_core.package_identification:_identify(src/Fast-Planner/fast_planner/bspline_opt) by extensions ['colcon_pkg']
[0.488s] Level 1:colcon.colcon_core.package_identification:_identify(src/Fast-Planner/fast_planner/bspline_opt) by extension 'colcon_pkg'
[0.488s] Level 1:colcon.colcon_core.package_identification:_identify(src/Fast-Planner/fast_planner/bspline_opt) by extensions ['colcon_meta']
[0.488s] Level 1:colcon.colcon_core.package_identification:_identify(src/Fast-Planner/fast_planner/bspline_opt) by extension 'colcon_meta'
[0.488s] Level 1:colcon.colcon_core.package_identification:_identify(src/Fast-Planner/fast_planner/bspline_opt) by extensions ['ros']
[0.488s] Level 1:colcon.colcon_core.package_identification:_identify(src/Fast-Planner/fast_planner/bspline_opt) by extension 'ros'
[0.490s] DEBUG:colcon.colcon_core.package_identification:Package 'src/Fast-Planner/fast_planner/bspline_opt' with type 'ros.ament_cmake' and name 'bspline_opt'
[0.490s] Level 1:colcon.colcon_core.package_identification:_identify(src/Fast-Planner/fast_planner/path_searching) by extensions ['ignore', 'ignore_ament_install']
[0.490s] Level 1:colcon.colcon_core.package_identification:_identify(src/Fast-Planner/fast_planner/path_searching) by extension 'ignore'
[0.490s] Level 1:colcon.colcon_core.package_identification:_identify(src/Fast-Planner/fast_planner/path_searching) by extension 'ignore_ament_install'
[0.490s] Level 1:colcon.colcon_core.package_identification:_identify(src/Fast-Planner/fast_planner/path_searching) by extensions ['colcon_pkg']
[0.490s] Level 1:colcon.colcon_core.package_identification:_identify(src/Fast-Planner/fast_planner/path_searching) by extension 'colcon_pkg'
[0.490s] Level 1:colcon.colcon_core.package_identification:_identify(src/Fast-Planner/fast_planner/path_searching) by extensions ['colcon_meta']
[0.490s] Level 1:colcon.colcon_core.package_identification:_identify(src/Fast-Planner/fast_planner/path_searching) by extension 'colcon_meta'
[0.490s] Level 1:colcon.colcon_core.package_identification:_identify(src/Fast-Planner/fast_planner/path_searching) by extensions ['ros']
[0.491s] Level 1:colcon.colcon_core.package_identification:_identify(src/Fast-Planner/fast_planner/path_searching) by extension 'ros'
[0.492s] DEBUG:colcon.colcon_core.package_identification:Package 'src/Fast-Planner/fast_planner/path_searching' with type 'ros.ament_cmake' and name 'path_searching'
[0.492s] Level 1:colcon.colcon_core.package_identification:_identify(src/Fast-Planner/fast_planner/plan_env) by extensions ['ignore', 'ignore_ament_install']
[0.492s] Level 1:colcon.colcon_core.package_identification:_identify(src/Fast-Planner/fast_planner/plan_env) by extension 'ignore'
[0.492s] Level 1:colcon.colcon_core.package_identification:_identify(src/Fast-Planner/fast_planner/plan_env) by extension 'ignore_ament_install'
[0.492s] Level 1:colcon.colcon_core.package_identification:_identify(src/Fast-Planner/fast_planner/plan_env) by extensions ['colcon_pkg']
[0.492s] Level 1:colcon.colcon_core.package_identification:_identify(src/Fast-Planner/fast_planner/plan_env) by extension 'colcon_pkg'
[0.492s] Level 1:colcon.colcon_core.package_identification:_identify(src/Fast-Planner/fast_planner/plan_env) by extensions ['colcon_meta']
[0.492s] Level 1:colcon.colcon_core.package_identification:_identify(src/Fast-Planner/fast_planner/plan_env) by extension 'colcon_meta'
[0.492s] Level 1:colcon.colcon_core.package_identification:_identify(src/Fast-Planner/fast_planner/plan_env) by extensions ['ros']
[0.493s] Level 1:colcon.colcon_core.package_identification:_identify(src/Fast-Planner/fast_planner/plan_env) by extension 'ros'
[0.494s] DEBUG:colcon.colcon_core.package_identification:Package 'src/Fast-Planner/fast_planner/plan_env' with type 'ros.ament_cmake' and name 'plan_env'
[0.494s] Level 1:colcon.colcon_core.package_identification:_identify(src/Fast-Planner/fast_planner/plan_manage) by extensions ['ignore', 'ignore_ament_install']
[0.494s] Level 1:colcon.colcon_core.package_identification:_identify(src/Fast-Planner/fast_planner/plan_manage) by extension 'ignore'
[0.494s] Level 1:colcon.colcon_core.package_identification:_identify(src/Fast-Planner/fast_planner/plan_manage) by extension 'ignore_ament_install'
[0.494s] Level 1:colcon.colcon_core.package_identification:_identify(src/Fast-Planner/fast_planner/plan_manage) by extensions ['colcon_pkg']
[0.494s] Level 1:colcon.colcon_core.package_identification:_identify(src/Fast-Planner/fast_planner/plan_manage) by extension 'colcon_pkg'
[0.494s] Level 1:colcon.colcon_core.package_identification:_identify(src/Fast-Planner/fast_planner/plan_manage) by extensions ['colcon_meta']
[0.494s] Level 1:colcon.colcon_core.package_identification:_identify(src/Fast-Planner/fast_planner/plan_manage) by extension 'colcon_meta'
[0.494s] Level 1:colcon.colcon_core.package_identification:_identify(src/Fast-Planner/fast_planner/plan_manage) by extensions ['ros']
[0.494s] Level 1:colcon.colcon_core.package_identification:_identify(src/Fast-Planner/fast_planner/plan_manage) by extension 'ros'
[0.497s] DEBUG:colcon.colcon_core.package_identification:Package 'src/Fast-Planner/fast_planner/plan_manage' with type 'ros.ament_cmake' and name 'plan_manage'
[0.497s] Level 1:colcon.colcon_core.package_identification:_identify(src/Fast-Planner/fast_planner/poly_traj) by extensions ['ignore', 'ignore_ament_install']
[0.497s] Level 1:colcon.colcon_core.package_identification:_identify(src/Fast-Planner/fast_planner/poly_traj) by extension 'ignore'
[0.497s] Level 1:colcon.colcon_core.package_identification:_identify(src/Fast-Planner/fast_planner/poly_traj) by extension 'ignore_ament_install'
[0.497s] Level 1:colcon.colcon_core.package_identification:_identify(src/Fast-Planner/fast_planner/poly_traj) by extensions ['colcon_pkg']
[0.497s] Level 1:colcon.colcon_core.package_identification:_identify(src/Fast-Planner/fast_planner/poly_traj) by extension 'colcon_pkg'
[0.497s] Level 1:colcon.colcon_core.package_identification:_identify(src/Fast-Planner/fast_planner/poly_traj) by extensions ['colcon_meta']
[0.497s] Level 1:colcon.colcon_core.package_identification:_identify(src/Fast-Planner/fast_planner/poly_traj) by extension 'colcon_meta'
[0.497s] Level 1:colcon.colcon_core.package_identification:_identify(src/Fast-Planner/fast_planner/poly_traj) by extensions ['ros']
[0.497s] Level 1:colcon.colcon_core.package_identification:_identify(src/Fast-Planner/fast_planner/poly_traj) by extension 'ros'
[0.498s] DEBUG:colcon.colcon_core.package_identification:Package 'src/Fast-Planner/fast_planner/poly_traj' with type 'ros.ament_cmake' and name 'poly_traj'
[0.498s] Level 1:colcon.colcon_core.package_identification:_identify(src/Fast-Planner/fast_planner/traj_utils) by extensions ['ignore', 'ignore_ament_install']
[0.498s] Level 1:colcon.colcon_core.package_identification:_identify(src/Fast-Planner/fast_planner/traj_utils) by extension 'ignore'
[0.499s] Level 1:colcon.colcon_core.package_identification:_identify(src/Fast-Planner/fast_planner/traj_utils) by extension 'ignore_ament_install'
[0.499s] Level 1:colcon.colcon_core.package_identification:_identify(src/Fast-Planner/fast_planner/traj_utils) by extensions ['colcon_pkg']
[0.499s] Level 1:colcon.colcon_core.package_identification:_identify(src/Fast-Planner/fast_planner/traj_utils) by extension 'colcon_pkg'
[0.499s] Level 1:colcon.colcon_core.package_identification:_identify(src/Fast-Planner/fast_planner/traj_utils) by extensions ['colcon_meta']
[0.499s] Level 1:colcon.colcon_core.package_identification:_identify(src/Fast-Planner/fast_planner/traj_utils) by extension 'colcon_meta'
[0.499s] Level 1:colcon.colcon_core.package_identification:_identify(src/Fast-Planner/fast_planner/traj_utils) by extensions ['ros']
[0.499s] Level 1:colcon.colcon_core.package_identification:_identify(src/Fast-Planner/fast_planner/traj_utils) by extension 'ros'
[0.500s] DEBUG:colcon.colcon_core.package_identification:Package 'src/Fast-Planner/fast_planner/traj_utils' with type 'ros.ament_cmake' and name 'traj_utils'
[0.500s] Level 1:colcon.colcon_core.package_identification:_identify(src/Fast-Planner/files) by extensions ['ignore', 'ignore_ament_install']
[0.500s] Level 1:colcon.colcon_core.package_identification:_identify(src/Fast-Planner/files) by extension 'ignore'
[0.500s] Level 1:colcon.colcon_core.package_identification:_identify(src/Fast-Planner/files) by extension 'ignore_ament_install'
[0.501s] Level 1:colcon.colcon_core.package_identification:_identify(src/Fast-Planner/files) by extensions ['colcon_pkg']
[0.501s] Level 1:colcon.colcon_core.package_identification:_identify(src/Fast-Planner/files) by extension 'colcon_pkg'
[0.501s] Level 1:colcon.colcon_core.package_identification:_identify(src/Fast-Planner/files) by extensions ['colcon_meta']
[0.501s] Level 1:colcon.colcon_core.package_identification:_identify(src/Fast-Planner/files) by extension 'colcon_meta'
[0.501s] Level 1:colcon.colcon_core.package_identification:_identify(src/Fast-Planner/files) by extensions ['ros']
[0.501s] Level 1:colcon.colcon_core.package_identification:_identify(src/Fast-Planner/files) by extension 'ros'
[0.501s] Level 1:colcon.colcon_core.package_identification:_identify(src/Fast-Planner/files) by extensions ['cmake', 'python']
[0.501s] Level 1:colcon.colcon_core.package_identification:_identify(src/Fast-Planner/files) by extension 'cmake'
[0.501s] Level 1:colcon.colcon_core.package_identification:_identify(src/Fast-Planner/files) by extension 'python'
[0.501s] Level 1:colcon.colcon_core.package_identification:_identify(src/Fast-Planner/files) by extensions ['python_setup_py']
[0.501s] Level 1:colcon.colcon_core.package_identification:_identify(src/Fast-Planner/files) by extension 'python_setup_py'
[0.501s] Level 1:colcon.colcon_core.package_identification:_identify(src/Fast-Planner/uav_simulator) by extensions ['ignore', 'ignore_ament_install']
[0.502s] Level 1:colcon.colcon_core.package_identification:_identify(src/Fast-Planner/uav_simulator) by extension 'ignore'
[0.502s] Level 1:colcon.colcon_core.package_identification:_identify(src/Fast-Planner/uav_simulator) by extension 'ignore_ament_install'
[0.502s] Level 1:colcon.colcon_core.package_identification:_identify(src/Fast-Planner/uav_simulator) by extensions ['colcon_pkg']
[0.502s] Level 1:colcon.colcon_core.package_identification:_identify(src/Fast-Planner/uav_simulator) by extension 'colcon_pkg'
[0.502s] Level 1:colcon.colcon_core.package_identification:_identify(src/Fast-Planner/uav_simulator) by extensions ['colcon_meta']
[0.502s] Level 1:colcon.colcon_core.package_identification:_identify(src/Fast-Planner/uav_simulator) by extension 'colcon_meta'
[0.502s] Level 1:colcon.colcon_core.package_identification:_identify(src/Fast-Planner/uav_simulator) by extensions ['ros']
[0.502s] Level 1:colcon.colcon_core.package_identification:_identify(src/Fast-Planner/uav_simulator) by extension 'ros'
[0.502s] Level 1:colcon.colcon_core.package_identification:_identify(src/Fast-Planner/uav_simulator) by extensions ['cmake', 'python']
[0.502s] Level 1:colcon.colcon_core.package_identification:_identify(src/Fast-Planner/uav_simulator) by extension 'cmake'
[0.502s] Level 1:colcon.colcon_core.package_identification:_identify(src/Fast-Planner/uav_simulator) by extension 'python'
[0.502s] Level 1:colcon.colcon_core.package_identification:_identify(src/Fast-Planner/uav_simulator) by extensions ['python_setup_py']
[0.502s] Level 1:colcon.colcon_core.package_identification:_identify(src/Fast-Planner/uav_simulator) by extension 'python_setup_py'
[0.503s] Level 1:colcon.colcon_core.package_identification:_identify(src/Fast-Planner/uav_simulator/Utils) by extensions ['ignore', 'ignore_ament_install']
[0.503s] Level 1:colcon.colcon_core.package_identification:_identify(src/Fast-Planner/uav_simulator/Utils) by extension 'ignore'
[0.503s] Level 1:colcon.colcon_core.package_identification:_identify(src/Fast-Planner/uav_simulator/Utils) by extension 'ignore_ament_install'
[0.503s] Level 1:colcon.colcon_core.package_identification:_identify(src/Fast-Planner/uav_simulator/Utils) by extensions ['colcon_pkg']
[0.503s] Level 1:colcon.colcon_core.package_identification:_identify(src/Fast-Planner/uav_simulator/Utils) by extension 'colcon_pkg'
[0.503s] Level 1:colcon.colcon_core.package_identification:_identify(src/Fast-Planner/uav_simulator/Utils) by extensions ['colcon_meta']
[0.503s] Level 1:colcon.colcon_core.package_identification:_identify(src/Fast-Planner/uav_simulator/Utils) by extension 'colcon_meta'
[0.503s] Level 1:colcon.colcon_core.package_identification:_identify(src/Fast-Planner/uav_simulator/Utils) by extensions ['ros']
[0.503s] Level 1:colcon.colcon_core.package_identification:_identify(src/Fast-Planner/uav_simulator/Utils) by extension 'ros'
[0.503s] Level 1:colcon.colcon_core.package_identification:_identify(src/Fast-Planner/uav_simulator/Utils) by extensions ['cmake', 'python']
[0.503s] Level 1:colcon.colcon_core.package_identification:_identify(src/Fast-Planner/uav_simulator/Utils) by extension 'cmake'
[0.503s] Level 1:colcon.colcon_core.package_identification:_identify(src/Fast-Planner/uav_simulator/Utils) by extension 'python'
[0.504s] Level 1:colcon.colcon_core.package_identification:_identify(src/Fast-Planner/uav_simulator/Utils) by extensions ['python_setup_py']
[0.504s] Level 1:colcon.colcon_core.package_identification:_identify(src/Fast-Planner/uav_simulator/Utils) by extension 'python_setup_py'
[0.504s] Level 1:colcon.colcon_core.package_identification:_identify(src/Fast-Planner/uav_simulator/Utils/cmake_utils) by extensions ['ignore', 'ignore_ament_install']
[0.504s] Level 1:colcon.colcon_core.package_identification:_identify(src/Fast-Planner/uav_simulator/Utils/cmake_utils) by extension 'ignore'
[0.504s] Level 1:colcon.colcon_core.package_identification:_identify(src/Fast-Planner/uav_simulator/Utils/cmake_utils) by extension 'ignore_ament_install'
[0.504s] Level 1:colcon.colcon_core.package_identification:_identify(src/Fast-Planner/uav_simulator/Utils/cmake_utils) by extensions ['colcon_pkg']
[0.504s] Level 1:colcon.colcon_core.package_identification:_identify(src/Fast-Planner/uav_simulator/Utils/cmake_utils) by extension 'colcon_pkg'
[0.504s] Level 1:colcon.colcon_core.package_identification:_identify(src/Fast-Planner/uav_simulator/Utils/cmake_utils) by extensions ['colcon_meta']
[0.504s] Level 1:colcon.colcon_core.package_identification:_identify(src/Fast-Planner/uav_simulator/Utils/cmake_utils) by extension 'colcon_meta'
[0.504s] Level 1:colcon.colcon_core.package_identification:_identify(src/Fast-Planner/uav_simulator/Utils/cmake_utils) by extensions ['ros']
[0.504s] Level 1:colcon.colcon_core.package_identification:_identify(src/Fast-Planner/uav_simulator/Utils/cmake_utils) by extension 'ros'
[0.505s] DEBUG:colcon.colcon_core.package_identification:Package 'src/Fast-Planner/uav_simulator/Utils/cmake_utils' with type 'ros.ament_cmake' and name 'cmake_utils'
[0.505s] Level 1:colcon.colcon_core.package_identification:_identify(src/Fast-Planner/uav_simulator/Utils/multi_map_server) by extensions ['ignore', 'ignore_ament_install']
[0.505s] Level 1:colcon.colcon_core.package_identification:_identify(src/Fast-Planner/uav_simulator/Utils/multi_map_server) by extension 'ignore'
[0.506s] Level 1:colcon.colcon_core.package_identification:_identify(src/Fast-Planner/uav_simulator/Utils/multi_map_server) by extension 'ignore_ament_install'
[0.506s] Level 1:colcon.colcon_core.package_identification:_identify(src/Fast-Planner/uav_simulator/Utils/multi_map_server) by extensions ['colcon_pkg']
[0.506s] Level 1:colcon.colcon_core.package_identification:_identify(src/Fast-Planner/uav_simulator/Utils/multi_map_server) by extension 'colcon_pkg'
[0.506s] Level 1:colcon.colcon_core.package_identification:_identify(src/Fast-Planner/uav_simulator/Utils/multi_map_server) by extensions ['colcon_meta']
[0.506s] Level 1:colcon.colcon_core.package_identification:_identify(src/Fast-Planner/uav_simulator/Utils/multi_map_server) by extension 'colcon_meta'
[0.506s] Level 1:colcon.colcon_core.package_identification:_identify(src/Fast-Planner/uav_simulator/Utils/multi_map_server) by extensions ['ros']
[0.506s] Level 1:colcon.colcon_core.package_identification:_identify(src/Fast-Planner/uav_simulator/Utils/multi_map_server) by extension 'ros'
[0.508s] DEBUG:colcon.colcon_core.package_identification:Package 'src/Fast-Planner/uav_simulator/Utils/multi_map_server' with type 'ros.ament_cmake' and name 'multi_map_server'
[0.508s] Level 1:colcon.colcon_core.package_identification:_identify(src/Fast-Planner/uav_simulator/Utils/odom_visualization) by extensions ['ignore', 'ignore_ament_install']
[0.508s] Level 1:colcon.colcon_core.package_identification:_identify(src/Fast-Planner/uav_simulator/Utils/odom_visualization) by extension 'ignore'
[0.508s] Level 1:colcon.colcon_core.package_identification:_identify(src/Fast-Planner/uav_simulator/Utils/odom_visualization) by extension 'ignore_ament_install'
[0.508s] Level 1:colcon.colcon_core.package_identification:_identify(src/Fast-Planner/uav_simulator/Utils/odom_visualization) by extensions ['colcon_pkg']
[0.508s] Level 1:colcon.colcon_core.package_identification:_identify(src/Fast-Planner/uav_simulator/Utils/odom_visualization) by extension 'colcon_pkg'
[0.508s] Level 1:colcon.colcon_core.package_identification:_identify(src/Fast-Planner/uav_simulator/Utils/odom_visualization) by extensions ['colcon_meta']
[0.509s] Level 1:colcon.colcon_core.package_identification:_identify(src/Fast-Planner/uav_simulator/Utils/odom_visualization) by extension 'colcon_meta'
[0.509s] Level 1:colcon.colcon_core.package_identification:_identify(src/Fast-Planner/uav_simulator/Utils/odom_visualization) by extensions ['ros']
[0.509s] Level 1:colcon.colcon_core.package_identification:_identify(src/Fast-Planner/uav_simulator/Utils/odom_visualization) by extension 'ros'
[0.510s] DEBUG:colcon.colcon_core.package_identification:Package 'src/Fast-Planner/uav_simulator/Utils/odom_visualization' with type 'ros.ament_cmake' and name 'odom_visualization'
[0.511s] Level 1:colcon.colcon_core.package_identification:_identify(src/Fast-Planner/uav_simulator/Utils/pose_utils) by extensions ['ignore', 'ignore_ament_install']
[0.511s] Level 1:colcon.colcon_core.package_identification:_identify(src/Fast-Planner/uav_simulator/Utils/pose_utils) by extension 'ignore'
[0.511s] Level 1:colcon.colcon_core.package_identification:_identify(src/Fast-Planner/uav_simulator/Utils/pose_utils) by extension 'ignore_ament_install'
[0.511s] Level 1:colcon.colcon_core.package_identification:_identify(src/Fast-Planner/uav_simulator/Utils/pose_utils) by extensions ['colcon_pkg']
[0.511s] Level 1:colcon.colcon_core.package_identification:_identify(src/Fast-Planner/uav_simulator/Utils/pose_utils) by extension 'colcon_pkg'
[0.511s] Level 1:colcon.colcon_core.package_identification:_identify(src/Fast-Planner/uav_simulator/Utils/pose_utils) by extensions ['colcon_meta']
[0.511s] Level 1:colcon.colcon_core.package_identification:_identify(src/Fast-Planner/uav_simulator/Utils/pose_utils) by extension 'colcon_meta'
[0.511s] Level 1:colcon.colcon_core.package_identification:_identify(src/Fast-Planner/uav_simulator/Utils/pose_utils) by extensions ['ros']
[0.511s] Level 1:colcon.colcon_core.package_identification:_identify(src/Fast-Planner/uav_simulator/Utils/pose_utils) by extension 'ros'
[0.512s] DEBUG:colcon.colcon_core.package_identification:Package 'src/Fast-Planner/uav_simulator/Utils/pose_utils' with type 'ros.ament_cmake' and name 'pose_utils'
[0.512s] Level 1:colcon.colcon_core.package_identification:_identify(src/Fast-Planner/uav_simulator/Utils/quadrotor_msgs) by extensions ['ignore', 'ignore_ament_install']
[0.512s] Level 1:colcon.colcon_core.package_identification:_identify(src/Fast-Planner/uav_simulator/Utils/quadrotor_msgs) by extension 'ignore'
[0.512s] Level 1:colcon.colcon_core.package_identification:_identify(src/Fast-Planner/uav_simulator/Utils/quadrotor_msgs) by extension 'ignore_ament_install'
[0.512s] Level 1:colcon.colcon_core.package_identification:_identify(src/Fast-Planner/uav_simulator/Utils/quadrotor_msgs) by extensions ['colcon_pkg']
[0.513s] Level 1:colcon.colcon_core.package_identification:_identify(src/Fast-Planner/uav_simulator/Utils/quadrotor_msgs) by extension 'colcon_pkg'
[0.513s] Level 1:colcon.colcon_core.package_identification:_identify(src/Fast-Planner/uav_simulator/Utils/quadrotor_msgs) by extensions ['colcon_meta']
[0.513s] Level 1:colcon.colcon_core.package_identification:_identify(src/Fast-Planner/uav_simulator/Utils/quadrotor_msgs) by extension 'colcon_meta'
[0.513s] Level 1:colcon.colcon_core.package_identification:_identify(src/Fast-Planner/uav_simulator/Utils/quadrotor_msgs) by extensions ['ros']
[0.513s] Level 1:colcon.colcon_core.package_identification:_identify(src/Fast-Planner/uav_simulator/Utils/quadrotor_msgs) by extension 'ros'
[0.514s] DEBUG:colcon.colcon_core.package_identification:Package 'src/Fast-Planner/uav_simulator/Utils/quadrotor_msgs' with type 'ros.ament_cmake' and name 'quadrotor_msgs'
[0.514s] Level 1:colcon.colcon_core.package_identification:_identify(src/Fast-Planner/uav_simulator/Utils/rviz_plugins) by extensions ['ignore', 'ignore_ament_install']
[0.514s] Level 1:colcon.colcon_core.package_identification:_identify(src/Fast-Planner/uav_simulator/Utils/rviz_plugins) by extension 'ignore'
[0.514s] Level 1:colcon.colcon_core.package_identification:_identify(src/Fast-Planner/uav_simulator/Utils/rviz_plugins) by extension 'ignore_ament_install'
[0.514s] Level 1:colcon.colcon_core.package_identification:_identify(src/Fast-Planner/uav_simulator/Utils/rviz_plugins) by extensions ['colcon_pkg']
[0.514s] Level 1:colcon.colcon_core.package_identification:_identify(src/Fast-Planner/uav_simulator/Utils/rviz_plugins) by extension 'colcon_pkg'
[0.514s] Level 1:colcon.colcon_core.package_identification:_identify(src/Fast-Planner/uav_simulator/Utils/rviz_plugins) by extensions ['colcon_meta']
[0.514s] Level 1:colcon.colcon_core.package_identification:_identify(src/Fast-Planner/uav_simulator/Utils/rviz_plugins) by extension 'colcon_meta'
[0.514s] Level 1:colcon.colcon_core.package_identification:_identify(src/Fast-Planner/uav_simulator/Utils/rviz_plugins) by extensions ['ros']
[0.515s] Level 1:colcon.colcon_core.package_identification:_identify(src/Fast-Planner/uav_simulator/Utils/rviz_plugins) by extension 'ros'
[0.516s] DEBUG:colcon.colcon_core.package_identification:Package 'src/Fast-Planner/uav_simulator/Utils/rviz_plugins' with type 'ros.ament_cmake' and name 'rviz_plugins'
[0.516s] Level 1:colcon.colcon_core.package_identification:_identify(src/Fast-Planner/uav_simulator/Utils/uav_utils) by extensions ['ignore', 'ignore_ament_install']
[0.516s] Level 1:colcon.colcon_core.package_identification:_identify(src/Fast-Planner/uav_simulator/Utils/uav_utils) by extension 'ignore'
[0.516s] Level 1:colcon.colcon_core.package_identification:_identify(src/Fast-Planner/uav_simulator/Utils/uav_utils) by extension 'ignore_ament_install'
[0.516s] Level 1:colcon.colcon_core.package_identification:_identify(src/Fast-Planner/uav_simulator/Utils/uav_utils) by extensions ['colcon_pkg']
[0.517s] Level 1:colcon.colcon_core.package_identification:_identify(src/Fast-Planner/uav_simulator/Utils/uav_utils) by extension 'colcon_pkg'
[0.517s] Level 1:colcon.colcon_core.package_identification:_identify(src/Fast-Planner/uav_simulator/Utils/uav_utils) by extensions ['colcon_meta']
[0.517s] Level 1:colcon.colcon_core.package_identification:_identify(src/Fast-Planner/uav_simulator/Utils/uav_utils) by extension 'colcon_meta'
[0.517s] Level 1:colcon.colcon_core.package_identification:_identify(src/Fast-Planner/uav_simulator/Utils/uav_utils) by extensions ['ros']
[0.517s] Level 1:colcon.colcon_core.package_identification:_identify(src/Fast-Planner/uav_simulator/Utils/uav_utils) by extension 'ros'
[0.518s] DEBUG:colcon.colcon_core.package_identification:Package 'src/Fast-Planner/uav_simulator/Utils/uav_utils' with type 'ros.ament_cmake' and name 'uav_utils'
[0.518s] Level 1:colcon.colcon_core.package_identification:_identify(src/Fast-Planner/uav_simulator/Utils/waypoint_generator) by extensions ['ignore', 'ignore_ament_install']
[0.518s] Level 1:colcon.colcon_core.package_identification:_identify(src/Fast-Planner/uav_simulator/Utils/waypoint_generator) by extension 'ignore'
[0.518s] Level 1:colcon.colcon_core.package_identification:_identify(src/Fast-Planner/uav_simulator/Utils/waypoint_generator) by extension 'ignore_ament_install'
[0.518s] Level 1:colcon.colcon_core.package_identification:_identify(src/Fast-Planner/uav_simulator/Utils/waypoint_generator) by extensions ['colcon_pkg']
[0.518s] Level 1:colcon.colcon_core.package_identification:_identify(src/Fast-Planner/uav_simulator/Utils/waypoint_generator) by extension 'colcon_pkg'
[0.518s] Level 1:colcon.colcon_core.package_identification:_identify(src/Fast-Planner/uav_simulator/Utils/waypoint_generator) by extensions ['colcon_meta']
[0.519s] Level 1:colcon.colcon_core.package_identification:_identify(src/Fast-Planner/uav_simulator/Utils/waypoint_generator) by extension 'colcon_meta'
[0.519s] Level 1:colcon.colcon_core.package_identification:_identify(src/Fast-Planner/uav_simulator/Utils/waypoint_generator) by extensions ['ros']
[0.519s] Level 1:colcon.colcon_core.package_identification:_identify(src/Fast-Planner/uav_simulator/Utils/waypoint_generator) by extension 'ros'
[0.520s] DEBUG:colcon.colcon_core.package_identification:Package 'src/Fast-Planner/uav_simulator/Utils/waypoint_generator' with type 'ros.ament_cmake' and name 'waypoint_generator'
[0.520s] Level 1:colcon.colcon_core.package_identification:_identify(src/Fast-Planner/uav_simulator/local_sensing) by extensions ['ignore', 'ignore_ament_install']
[0.520s] Level 1:colcon.colcon_core.package_identification:_identify(src/Fast-Planner/uav_simulator/local_sensing) by extension 'ignore'
[0.521s] Level 1:colcon.colcon_core.package_identification:_identify(src/Fast-Planner/uav_simulator/local_sensing) by extension 'ignore_ament_install'
[0.521s] Level 1:colcon.colcon_core.package_identification:_identify(src/Fast-Planner/uav_simulator/local_sensing) by extensions ['colcon_pkg']
[0.521s] Level 1:colcon.colcon_core.package_identification:_identify(src/Fast-Planner/uav_simulator/local_sensing) by extension 'colcon_pkg'
[0.521s] Level 1:colcon.colcon_core.package_identification:_identify(src/Fast-Planner/uav_simulator/local_sensing) by extensions ['colcon_meta']
[0.521s] Level 1:colcon.colcon_core.package_identification:_identify(src/Fast-Planner/uav_simulator/local_sensing) by extension 'colcon_meta'
[0.521s] Level 1:colcon.colcon_core.package_identification:_identify(src/Fast-Planner/uav_simulator/local_sensing) by extensions ['ros']
[0.521s] Level 1:colcon.colcon_core.package_identification:_identify(src/Fast-Planner/uav_simulator/local_sensing) by extension 'ros'
[0.524s] DEBUG:colcon.colcon_core.package_identification:Package 'src/Fast-Planner/uav_simulator/local_sensing' with type 'ros.ament_cmake' and name 'local_sensing_node'
[0.524s] Level 1:colcon.colcon_core.package_identification:_identify(src/Fast-Planner/uav_simulator/map_generator) by extensions ['ignore', 'ignore_ament_install']
[0.524s] Level 1:colcon.colcon_core.package_identification:_identify(src/Fast-Planner/uav_simulator/map_generator) by extension 'ignore'
[0.524s] Level 1:colcon.colcon_core.package_identification:_identify(src/Fast-Planner/uav_simulator/map_generator) by extension 'ignore_ament_install'
[0.525s] Level 1:colcon.colcon_core.package_identification:_identify(src/Fast-Planner/uav_simulator/map_generator) by extensions ['colcon_pkg']
[0.525s] Level 1:colcon.colcon_core.package_identification:_identify(src/Fast-Planner/uav_simulator/map_generator) by extension 'colcon_pkg'
[0.525s] Level 1:colcon.colcon_core.package_identification:_identify(src/Fast-Planner/uav_simulator/map_generator) by extensions ['colcon_meta']
[0.525s] Level 1:colcon.colcon_core.package_identification:_identify(src/Fast-Planner/uav_simulator/map_generator) by extension 'colcon_meta'
[0.525s] Level 1:colcon.colcon_core.package_identification:_identify(src/Fast-Planner/uav_simulator/map_generator) by extensions ['ros']
[0.525s] Level 1:colcon.colcon_core.package_identification:_identify(src/Fast-Planner/uav_simulator/map_generator) by extension 'ros'
[0.527s] DEBUG:colcon.colcon_core.package_identification:Package 'src/Fast-Planner/uav_simulator/map_generator' with type 'ros.ament_cmake' and name 'map_generator'
[0.527s] Level 1:colcon.colcon_core.package_identification:_identify(src/Fast-Planner/uav_simulator/so3_control) by extensions ['ignore', 'ignore_ament_install']
[0.527s] Level 1:colcon.colcon_core.package_identification:_identify(src/Fast-Planner/uav_simulator/so3_control) by extension 'ignore'
[0.527s] Level 1:colcon.colcon_core.package_identification:_identify(src/Fast-Planner/uav_simulator/so3_control) by extension 'ignore_ament_install'
[0.528s] Level 1:colcon.colcon_core.package_identification:_identify(src/Fast-Planner/uav_simulator/so3_control) by extensions ['colcon_pkg']
[0.528s] Level 1:colcon.colcon_core.package_identification:_identify(src/Fast-Planner/uav_simulator/so3_control) by extension 'colcon_pkg'
[0.528s] Level 1:colcon.colcon_core.package_identification:_identify(src/Fast-Planner/uav_simulator/so3_control) by extensions ['colcon_meta']
[0.528s] Level 1:colcon.colcon_core.package_identification:_identify(src/Fast-Planner/uav_simulator/so3_control) by extension 'colcon_meta'
[0.528s] Level 1:colcon.colcon_core.package_identification:_identify(src/Fast-Planner/uav_simulator/so3_control) by extensions ['ros']
[0.528s] Level 1:colcon.colcon_core.package_identification:_identify(src/Fast-Planner/uav_simulator/so3_control) by extension 'ros'
[0.530s] DEBUG:colcon.colcon_core.package_identification:Package 'src/Fast-Planner/uav_simulator/so3_control' with type 'ros.ament_cmake' and name 'so3_control'
[0.530s] Level 1:colcon.colcon_core.package_identification:_identify(src/Fast-Planner/uav_simulator/so3_disturbance_generator) by extensions ['ignore', 'ignore_ament_install']
[0.530s] Level 1:colcon.colcon_core.package_identification:_identify(src/Fast-Planner/uav_simulator/so3_disturbance_generator) by extension 'ignore'
[0.530s] Level 1:colcon.colcon_core.package_identification:_identify(src/Fast-Planner/uav_simulator/so3_disturbance_generator) by extension 'ignore_ament_install'
[0.530s] Level 1:colcon.colcon_core.package_identification:_identify(src/Fast-Planner/uav_simulator/so3_disturbance_generator) by extensions ['colcon_pkg']
[0.530s] Level 1:colcon.colcon_core.package_identification:_identify(src/Fast-Planner/uav_simulator/so3_disturbance_generator) by extension 'colcon_pkg'
[0.530s] Level 1:colcon.colcon_core.package_identification:_identify(src/Fast-Planner/uav_simulator/so3_disturbance_generator) by extensions ['colcon_meta']
[0.530s] Level 1:colcon.colcon_core.package_identification:_identify(src/Fast-Planner/uav_simulator/so3_disturbance_generator) by extension 'colcon_meta'
[0.530s] Level 1:colcon.colcon_core.package_identification:_identify(src/Fast-Planner/uav_simulator/so3_disturbance_generator) by extensions ['ros']
[0.530s] Level 1:colcon.colcon_core.package_identification:_identify(src/Fast-Planner/uav_simulator/so3_disturbance_generator) by extension 'ros'
[0.532s] DEBUG:colcon.colcon_core.package_identification:Package 'src/Fast-Planner/uav_simulator/so3_disturbance_generator' with type 'ros.ament_cmake' and name 'so3_disturbance_generator'
[0.532s] Level 1:colcon.colcon_core.package_identification:_identify(src/Fast-Planner/uav_simulator/so3_quadrotor_simulator) by extensions ['ignore', 'ignore_ament_install']
[0.532s] Level 1:colcon.colcon_core.package_identification:_identify(src/Fast-Planner/uav_simulator/so3_quadrotor_simulator) by extension 'ignore'
[0.532s] Level 1:colcon.colcon_core.package_identification:_identify(src/Fast-Planner/uav_simulator/so3_quadrotor_simulator) by extension 'ignore_ament_install'
[0.532s] Level 1:colcon.colcon_core.package_identification:_identify(src/Fast-Planner/uav_simulator/so3_quadrotor_simulator) by extensions ['colcon_pkg']
[0.532s] Level 1:colcon.colcon_core.package_identification:_identify(src/Fast-Planner/uav_simulator/so3_quadrotor_simulator) by extension 'colcon_pkg'
[0.533s] Level 1:colcon.colcon_core.package_identification:_identify(src/Fast-Planner/uav_simulator/so3_quadrotor_simulator) by extensions ['colcon_meta']
[0.533s] Level 1:colcon.colcon_core.package_identification:_identify(src/Fast-Planner/uav_simulator/so3_quadrotor_simulator) by extension 'colcon_meta'
[0.533s] Level 1:colcon.colcon_core.package_identification:_identify(src/Fast-Planner/uav_simulator/so3_quadrotor_simulator) by extensions ['ros']
[0.533s] Level 1:colcon.colcon_core.package_identification:_identify(src/Fast-Planner/uav_simulator/so3_quadrotor_simulator) by extension 'ros'
[0.534s] DEBUG:colcon.colcon_core.package_identification:Package 'src/Fast-Planner/uav_simulator/so3_quadrotor_simulator' with type 'ros.ament_cmake' and name 'so3_quadrotor_simulator'
[0.534s] Level 1:colcon.colcon_core.package_discovery:discover_packages(recursive) using defaults
[0.534s] Level 1:colcon.colcon_core.package_discovery:discover_packages(ignore) discover
[0.534s] Level 1:colcon.colcon_core.package_discovery:discover_packages(ignore) using defaults
[0.534s] Level 1:colcon.colcon_core.package_discovery:discover_packages(path) discover
[0.534s] Level 1:colcon.colcon_core.package_discovery:discover_packages(path) using defaults
[0.608s] Level 1:colcon.colcon_core.package_discovery:discover_packages(prefix_path) check parameters
[0.608s] Level 1:colcon.colcon_core.package_discovery:discover_packages(prefix_path) discover
[0.611s] DEBUG:colcon.colcon_installed_package_information.package_discovery:Found 4 installed packages in /root/colcon_ws/install
[0.613s] DEBUG:colcon.colcon_installed_package_information.package_discovery:Found 287 installed packages in /opt/ros/humble
[0.615s] Level 1:colcon.colcon_core.package_discovery:discover_packages(prefix_path) using defaults
[0.680s] Level 5:colcon.colcon_core.verb:set package 'cmake_utils' build argument 'cmake_args' from command line to 'None'
[0.680s] Level 5:colcon.colcon_core.verb:set package 'cmake_utils' build argument 'cmake_target' from command line to 'None'
[0.680s] Level 5:colcon.colcon_core.verb:set package 'cmake_utils' build argument 'cmake_target_skip_unavailable' from command line to 'False'
[0.680s] Level 5:colcon.colcon_core.verb:set package 'cmake_utils' build argument 'cmake_clean_cache' from command line to 'False'
[0.680s] Level 5:colcon.colcon_core.verb:set package 'cmake_utils' build argument 'cmake_clean_first' from command line to 'False'
[0.680s] Level 5:colcon.colcon_core.verb:set package 'cmake_utils' build argument 'cmake_force_configure' from command line to 'False'
[0.680s] Level 5:colcon.colcon_core.verb:set package 'cmake_utils' build argument 'ament_cmake_args' from command line to 'None'
[0.680s] Level 5:colcon.colcon_core.verb:set package 'cmake_utils' build argument 'catkin_cmake_args' from command line to 'None'
[0.680s] Level 5:colcon.colcon_core.verb:set package 'cmake_utils' build argument 'catkin_skip_building_tests' from command line to 'False'
[0.680s] DEBUG:colcon.colcon_core.verb:Building package 'cmake_utils' with the following arguments: {'ament_cmake_args': None, 'build_base': '/root/colcon_ws/build/cmake_utils', 'catkin_cmake_args': None, 'catkin_skip_building_tests': False, 'cmake_args': None, 'cmake_clean_cache': False, 'cmake_clean_first': False, 'cmake_force_configure': False, 'cmake_target': None, 'cmake_target_skip_unavailable': False, 'install_base': '/root/colcon_ws/install/cmake_utils', 'merge_install': False, 'path': '/root/colcon_ws/src/Fast-Planner/uav_simulator/Utils/cmake_utils', 'symlink_install': False, 'test_result_base': None}
[0.681s] Level 5:colcon.colcon_core.verb:set package 'map_generator' build argument 'cmake_args' from command line to 'None'
[0.681s] Level 5:colcon.colcon_core.verb:set package 'map_generator' build argument 'cmake_target' from command line to 'None'
[0.681s] Level 5:colcon.colcon_core.verb:set package 'map_generator' build argument 'cmake_target_skip_unavailable' from command line to 'False'
[0.681s] Level 5:colcon.colcon_core.verb:set package 'map_generator' build argument 'cmake_clean_cache' from command line to 'False'
[0.681s] Level 5:colcon.colcon_core.verb:set package 'map_generator' build argument 'cmake_clean_first' from command line to 'False'
[0.681s] Level 5:colcon.colcon_core.verb:set package 'map_generator' build argument 'cmake_force_configure' from command line to 'False'
[0.681s] Level 5:colcon.colcon_core.verb:set package 'map_generator' build argument 'ament_cmake_args' from command line to 'None'
[0.681s] Level 5:colcon.colcon_core.verb:set package 'map_generator' build argument 'catkin_cmake_args' from command line to 'None'
[0.681s] Level 5:colcon.colcon_core.verb:set package 'map_generator' build argument 'catkin_skip_building_tests' from command line to 'False'
[0.681s] DEBUG:colcon.colcon_core.verb:Building package 'map_generator' with the following arguments: {'ament_cmake_args': None, 'build_base': '/root/colcon_ws/build/map_generator', 'catkin_cmake_args': None, 'catkin_skip_building_tests': False, 'cmake_args': None, 'cmake_clean_cache': False, 'cmake_clean_first': False, 'cmake_force_configure': False, 'cmake_target': None, 'cmake_target_skip_unavailable': False, 'install_base': '/root/colcon_ws/install/map_generator', 'merge_install': False, 'path': '/root/colcon_ws/src/Fast-Planner/uav_simulator/map_generator', 'symlink_install': False, 'test_result_base': None}
[0.682s] Level 5:colcon.colcon_core.verb:set package 'plan_env' build argument 'cmake_args' from command line to 'None'
[0.682s] Level 5:colcon.colcon_core.verb:set package 'plan_env' build argument 'cmake_target' from command line to 'None'
[0.682s] Level 5:colcon.colcon_core.verb:set package 'plan_env' build argument 'cmake_target_skip_unavailable' from command line to 'False'
[0.682s] Level 5:colcon.colcon_core.verb:set package 'plan_env' build argument 'cmake_clean_cache' from command line to 'False'
[0.682s] Level 5:colcon.colcon_core.verb:set package 'plan_env' build argument 'cmake_clean_first' from command line to 'False'
[0.682s] Level 5:colcon.colcon_core.verb:set package 'plan_env' build argument 'cmake_force_configure' from command line to 'False'
[0.682s] Level 5:colcon.colcon_core.verb:set package 'plan_env' build argument 'ament_cmake_args' from command line to 'None'
[0.682s] Level 5:colcon.colcon_core.verb:set package 'plan_env' build argument 'catkin_cmake_args' from command line to 'None'
[0.682s] Level 5:colcon.colcon_core.verb:set package 'plan_env' build argument 'catkin_skip_building_tests' from command line to 'False'
[0.682s] DEBUG:colcon.colcon_core.verb:Building package 'plan_env' with the following arguments: {'ament_cmake_args': None, 'build_base': '/root/colcon_ws/build/plan_env', 'catkin_cmake_args': None, 'catkin_skip_building_tests': False, 'cmake_args': None, 'cmake_clean_cache': False, 'cmake_clean_first': False, 'cmake_force_configure': False, 'cmake_target': None, 'cmake_target_skip_unavailable': False, 'install_base': '/root/colcon_ws/install/plan_env', 'merge_install': False, 'path': '/root/colcon_ws/src/Fast-Planner/fast_planner/plan_env', 'symlink_install': False, 'test_result_base': None}
[0.683s] Level 5:colcon.colcon_core.verb:set package 'poly_traj' build argument 'cmake_args' from command line to 'None'
[0.683s] Level 5:colcon.colcon_core.verb:set package 'poly_traj' build argument 'cmake_target' from command line to 'None'
[0.683s] Level 5:colcon.colcon_core.verb:set package 'poly_traj' build argument 'cmake_target_skip_unavailable' from command line to 'False'
[0.683s] Level 5:colcon.colcon_core.verb:set package 'poly_traj' build argument 'cmake_clean_cache' from command line to 'False'
[0.683s] Level 5:colcon.colcon_core.verb:set package 'poly_traj' build argument 'cmake_clean_first' from command line to 'False'
[0.683s] Level 5:colcon.colcon_core.verb:set package 'poly_traj' build argument 'cmake_force_configure' from command line to 'False'
[0.683s] Level 5:colcon.colcon_core.verb:set package 'poly_traj' build argument 'ament_cmake_args' from command line to 'None'
[0.683s] Level 5:colcon.colcon_core.verb:set package 'poly_traj' build argument 'catkin_cmake_args' from command line to 'None'
[0.683s] Level 5:colcon.colcon_core.verb:set package 'poly_traj' build argument 'catkin_skip_building_tests' from command line to 'False'
[0.683s] DEBUG:colcon.colcon_core.verb:Building package 'poly_traj' with the following arguments: {'ament_cmake_args': None, 'build_base': '/root/colcon_ws/build/poly_traj', 'catkin_cmake_args': None, 'catkin_skip_building_tests': False, 'cmake_args': None, 'cmake_clean_cache': False, 'cmake_clean_first': False, 'cmake_force_configure': False, 'cmake_target': None, 'cmake_target_skip_unavailable': False, 'install_base': '/root/colcon_ws/install/poly_traj', 'merge_install': False, 'path': '/root/colcon_ws/src/Fast-Planner/fast_planner/poly_traj', 'symlink_install': False, 'test_result_base': None}
[0.683s] Level 5:colcon.colcon_core.verb:set package 'pose_utils' build argument 'cmake_args' from command line to 'None'
[0.683s] Level 5:colcon.colcon_core.verb:set package 'pose_utils' build argument 'cmake_target' from command line to 'None'
[0.683s] Level 5:colcon.colcon_core.verb:set package 'pose_utils' build argument 'cmake_target_skip_unavailable' from command line to 'False'
[0.683s] Level 5:colcon.colcon_core.verb:set package 'pose_utils' build argument 'cmake_clean_cache' from command line to 'False'
[0.684s] Level 5:colcon.colcon_core.verb:set package 'pose_utils' build argument 'cmake_clean_first' from command line to 'False'
[0.684s] Level 5:colcon.colcon_core.verb:set package 'pose_utils' build argument 'cmake_force_configure' from command line to 'False'
[0.684s] Level 5:colcon.colcon_core.verb:set package 'pose_utils' build argument 'ament_cmake_args' from command line to 'None'
[0.684s] Level 5:colcon.colcon_core.verb:set package 'pose_utils' build argument 'catkin_cmake_args' from command line to 'None'
[0.684s] Level 5:colcon.colcon_core.verb:set package 'pose_utils' build argument 'catkin_skip_building_tests' from command line to 'False'
[0.684s] DEBUG:colcon.colcon_core.verb:Building package 'pose_utils' with the following arguments: {'ament_cmake_args': None, 'build_base': '/root/colcon_ws/build/pose_utils', 'catkin_cmake_args': None, 'catkin_skip_building_tests': False, 'cmake_args': None, 'cmake_clean_cache': False, 'cmake_clean_first': False, 'cmake_force_configure': False, 'cmake_target': None, 'cmake_target_skip_unavailable': False, 'install_base': '/root/colcon_ws/install/pose_utils', 'merge_install': False, 'path': '/root/colcon_ws/src/Fast-Planner/uav_simulator/Utils/pose_utils', 'symlink_install': False, 'test_result_base': None}
[0.684s] Level 5:colcon.colcon_core.verb:set package 'quadrotor_msgs' build argument 'cmake_args' from command line to 'None'
[0.684s] Level 5:colcon.colcon_core.verb:set package 'quadrotor_msgs' build argument 'cmake_target' from command line to 'None'
[0.684s] Level 5:colcon.colcon_core.verb:set package 'quadrotor_msgs' build argument 'cmake_target_skip_unavailable' from command line to 'False'
[0.684s] Level 5:colcon.colcon_core.verb:set package 'quadrotor_msgs' build argument 'cmake_clean_cache' from command line to 'False'
[0.684s] Level 5:colcon.colcon_core.verb:set package 'quadrotor_msgs' build argument 'cmake_clean_first' from command line to 'False'
[0.684s] Level 5:colcon.colcon_core.verb:set package 'quadrotor_msgs' build argument 'cmake_force_configure' from command line to 'False'
[0.684s] Level 5:colcon.colcon_core.verb:set package 'quadrotor_msgs' build argument 'ament_cmake_args' from command line to 'None'
[0.684s] Level 5:colcon.colcon_core.verb:set package 'quadrotor_msgs' build argument 'catkin_cmake_args' from command line to 'None'
[0.684s] Level 5:colcon.colcon_core.verb:set package 'quadrotor_msgs' build argument 'catkin_skip_building_tests' from command line to 'False'
[0.685s] DEBUG:colcon.colcon_core.verb:Building package 'quadrotor_msgs' with the following arguments: {'ament_cmake_args': None, 'build_base': '/root/colcon_ws/build/quadrotor_msgs', 'catkin_cmake_args': None, 'catkin_skip_building_tests': False, 'cmake_args': None, 'cmake_clean_cache': False, 'cmake_clean_first': False, 'cmake_force_configure': False, 'cmake_target': None, 'cmake_target_skip_unavailable': False, 'install_base': '/root/colcon_ws/install/quadrotor_msgs', 'merge_install': False, 'path': '/root/colcon_ws/src/Fast-Planner/uav_simulator/Utils/quadrotor_msgs', 'symlink_install': False, 'test_result_base': None}
[0.685s] Level 5:colcon.colcon_core.verb:set package 'waypoint_generator' build argument 'cmake_args' from command line to 'None'
[0.685s] Level 5:colcon.colcon_core.verb:set package 'waypoint_generator' build argument 'cmake_target' from command line to 'None'
[0.685s] Level 5:colcon.colcon_core.verb:set package 'waypoint_generator' build argument 'cmake_target_skip_unavailable' from command line to 'False'
[0.685s] Level 5:colcon.colcon_core.verb:set package 'waypoint_generator' build argument 'cmake_clean_cache' from command line to 'False'
[0.685s] Level 5:colcon.colcon_core.verb:set package 'waypoint_generator' build argument 'cmake_clean_first' from command line to 'False'
[0.685s] Level 5:colcon.colcon_core.verb:set package 'waypoint_generator' build argument 'cmake_force_configure' from command line to 'False'
[0.685s] Level 5:colcon.colcon_core.verb:set package 'waypoint_generator' build argument 'ament_cmake_args' from command line to 'None'
[0.685s] Level 5:colcon.colcon_core.verb:set package 'waypoint_generator' build argument 'catkin_cmake_args' from command line to 'None'
[0.685s] Level 5:colcon.colcon_core.verb:set package 'waypoint_generator' build argument 'catkin_skip_building_tests' from command line to 'False'
[0.685s] DEBUG:colcon.colcon_core.verb:Building package 'waypoint_generator' with the following arguments: {'ament_cmake_args': None, 'build_base': '/root/colcon_ws/build/waypoint_generator', 'catkin_cmake_args': None, 'catkin_skip_building_tests': False, 'cmake_args': None, 'cmake_clean_cache': False, 'cmake_clean_first': False, 'cmake_force_configure': False, 'cmake_target': None, 'cmake_target_skip_unavailable': False, 'install_base': '/root/colcon_ws/install/waypoint_generator', 'merge_install': False, 'path': '/root/colcon_ws/src/Fast-Planner/uav_simulator/Utils/waypoint_generator', 'symlink_install': False, 'test_result_base': None}
[0.686s] Level 5:colcon.colcon_core.verb:set package 'bspline' build argument 'cmake_args' from command line to 'None'
[0.686s] Level 5:colcon.colcon_core.verb:set package 'bspline' build argument 'cmake_target' from command line to 'None'
[0.686s] Level 5:colcon.colcon_core.verb:set package 'bspline' build argument 'cmake_target_skip_unavailable' from command line to 'False'
[0.686s] Level 5:colcon.colcon_core.verb:set package 'bspline' build argument 'cmake_clean_cache' from command line to 'False'
[0.686s] Level 5:colcon.colcon_core.verb:set package 'bspline' build argument 'cmake_clean_first' from command line to 'False'
[0.686s] Level 5:colcon.colcon_core.verb:set package 'bspline' build argument 'cmake_force_configure' from command line to 'False'
[0.686s] Level 5:colcon.colcon_core.verb:set package 'bspline' build argument 'ament_cmake_args' from command line to 'None'
[0.686s] Level 5:colcon.colcon_core.verb:set package 'bspline' build argument 'catkin_cmake_args' from command line to 'None'
[0.686s] Level 5:colcon.colcon_core.verb:set package 'bspline' build argument 'catkin_skip_building_tests' from command line to 'False'
[0.686s] DEBUG:colcon.colcon_core.verb:Building package 'bspline' with the following arguments: {'ament_cmake_args': None, 'build_base': '/root/colcon_ws/build/bspline', 'catkin_cmake_args': None, 'catkin_skip_building_tests': False, 'cmake_args': None, 'cmake_clean_cache': False, 'cmake_clean_first': False, 'cmake_force_configure': False, 'cmake_target': None, 'cmake_target_skip_unavailable': False, 'install_base': '/root/colcon_ws/install/bspline', 'merge_install': False, 'path': '/root/colcon_ws/src/Fast-Planner/fast_planner/bspline', 'symlink_install': False, 'test_result_base': None}
[0.687s] Level 5:colcon.colcon_core.verb:set package 'bspline_opt' build argument 'cmake_args' from command line to 'None'
[0.687s] Level 5:colcon.colcon_core.verb:set package 'bspline_opt' build argument 'cmake_target' from command line to 'None'
[0.687s] Level 5:colcon.colcon_core.verb:set package 'bspline_opt' build argument 'cmake_target_skip_unavailable' from command line to 'False'
[0.687s] Level 5:colcon.colcon_core.verb:set package 'bspline_opt' build argument 'cmake_clean_cache' from command line to 'False'
[0.687s] Level 5:colcon.colcon_core.verb:set package 'bspline_opt' build argument 'cmake_clean_first' from command line to 'False'
[0.687s] Level 5:colcon.colcon_core.verb:set package 'bspline_opt' build argument 'cmake_force_configure' from command line to 'False'
[0.687s] Level 5:colcon.colcon_core.verb:set package 'bspline_opt' build argument 'ament_cmake_args' from command line to 'None'
[0.687s] Level 5:colcon.colcon_core.verb:set package 'bspline_opt' build argument 'catkin_cmake_args' from command line to 'None'
[0.687s] Level 5:colcon.colcon_core.verb:set package 'bspline_opt' build argument 'catkin_skip_building_tests' from command line to 'False'
[0.687s] DEBUG:colcon.colcon_core.verb:Building package 'bspline_opt' with the following arguments: {'ament_cmake_args': None, 'build_base': '/root/colcon_ws/build/bspline_opt', 'catkin_cmake_args': None, 'catkin_skip_building_tests': False, 'cmake_args': None, 'cmake_clean_cache': False, 'cmake_clean_first': False, 'cmake_force_configure': False, 'cmake_target': None, 'cmake_target_skip_unavailable': False, 'install_base': '/root/colcon_ws/install/bspline_opt', 'merge_install': False, 'path': '/root/colcon_ws/src/Fast-Planner/fast_planner/bspline_opt', 'symlink_install': False, 'test_result_base': None}
[0.687s] Level 5:colcon.colcon_core.verb:set package 'local_sensing_node' build argument 'cmake_args' from command line to 'None'
[0.687s] Level 5:colcon.colcon_core.verb:set package 'local_sensing_node' build argument 'cmake_target' from command line to 'None'
[0.687s] Level 5:colcon.colcon_core.verb:set package 'local_sensing_node' build argument 'cmake_target_skip_unavailable' from command line to 'False'
[0.688s] Level 5:colcon.colcon_core.verb:set package 'local_sensing_node' build argument 'cmake_clean_cache' from command line to 'False'
[0.688s] Level 5:colcon.colcon_core.verb:set package 'local_sensing_node' build argument 'cmake_clean_first' from command line to 'False'
[0.688s] Level 5:colcon.colcon_core.verb:set package 'local_sensing_node' build argument 'cmake_force_configure' from command line to 'False'
[0.688s] Level 5:colcon.colcon_core.verb:set package 'local_sensing_node' build argument 'ament_cmake_args' from command line to 'None'
[0.688s] Level 5:colcon.colcon_core.verb:set package 'local_sensing_node' build argument 'catkin_cmake_args' from command line to 'None'
[0.688s] Level 5:colcon.colcon_core.verb:set package 'local_sensing_node' build argument 'catkin_skip_building_tests' from command line to 'False'
[0.688s] DEBUG:colcon.colcon_core.verb:Building package 'local_sensing_node' with the following arguments: {'ament_cmake_args': None, 'build_base': '/root/colcon_ws/build/local_sensing_node', 'catkin_cmake_args': None, 'catkin_skip_building_tests': False, 'cmake_args': None, 'cmake_clean_cache': False, 'cmake_clean_first': False, 'cmake_force_configure': False, 'cmake_target': None, 'cmake_target_skip_unavailable': False, 'install_base': '/root/colcon_ws/install/local_sensing_node', 'merge_install': False, 'path': '/root/colcon_ws/src/Fast-Planner/uav_simulator/local_sensing', 'symlink_install': False, 'test_result_base': None}
[0.688s] Level 5:colcon.colcon_core.verb:set package 'multi_map_server' build argument 'cmake_args' from command line to 'None'
[0.688s] Level 5:colcon.colcon_core.verb:set package 'multi_map_server' build argument 'cmake_target' from command line to 'None'
[0.688s] Level 5:colcon.colcon_core.verb:set package 'multi_map_server' build argument 'cmake_target_skip_unavailable' from command line to 'False'
[0.688s] Level 5:colcon.colcon_core.verb:set package 'multi_map_server' build argument 'cmake_clean_cache' from command line to 'False'
[0.688s] Level 5:colcon.colcon_core.verb:set package 'multi_map_server' build argument 'cmake_clean_first' from command line to 'False'
[0.688s] Level 5:colcon.colcon_core.verb:set package 'multi_map_server' build argument 'cmake_force_configure' from command line to 'False'
[0.688s] Level 5:colcon.colcon_core.verb:set package 'multi_map_server' build argument 'ament_cmake_args' from command line to 'None'
[0.688s] Level 5:colcon.colcon_core.verb:set package 'multi_map_server' build argument 'catkin_cmake_args' from command line to 'None'
[0.689s] Level 5:colcon.colcon_core.verb:set package 'multi_map_server' build argument 'catkin_skip_building_tests' from command line to 'False'
[0.689s] DEBUG:colcon.colcon_core.verb:Building package 'multi_map_server' with the following arguments: {'ament_cmake_args': None, 'build_base': '/root/colcon_ws/build/multi_map_server', 'catkin_cmake_args': None, 'catkin_skip_building_tests': False, 'cmake_args': None, 'cmake_clean_cache': False, 'cmake_clean_first': False, 'cmake_force_configure': False, 'cmake_target': None, 'cmake_target_skip_unavailable': False, 'install_base': '/root/colcon_ws/install/multi_map_server', 'merge_install': False, 'path': '/root/colcon_ws/src/Fast-Planner/uav_simulator/Utils/multi_map_server', 'symlink_install': False, 'test_result_base': None}
[0.689s] Level 5:colcon.colcon_core.verb:set package 'odom_visualization' build argument 'cmake_args' from command line to 'None'
[0.689s] Level 5:colcon.colcon_core.verb:set package 'odom_visualization' build argument 'cmake_target' from command line to 'None'
[0.689s] Level 5:colcon.colcon_core.verb:set package 'odom_visualization' build argument 'cmake_target_skip_unavailable' from command line to 'False'
[0.689s] Level 5:colcon.colcon_core.verb:set package 'odom_visualization' build argument 'cmake_clean_cache' from command line to 'False'
[0.689s] Level 5:colcon.colcon_core.verb:set package 'odom_visualization' build argument 'cmake_clean_first' from command line to 'False'
[0.689s] Level 5:colcon.colcon_core.verb:set package 'odom_visualization' build argument 'cmake_force_configure' from command line to 'False'
[0.689s] Level 5:colcon.colcon_core.verb:set package 'odom_visualization' build argument 'ament_cmake_args' from command line to 'None'
[0.689s] Level 5:colcon.colcon_core.verb:set package 'odom_visualization' build argument 'catkin_cmake_args' from command line to 'None'
[0.689s] Level 5:colcon.colcon_core.verb:set package 'odom_visualization' build argument 'catkin_skip_building_tests' from command line to 'False'
[0.689s] DEBUG:colcon.colcon_core.verb:Building package 'odom_visualization' with the following arguments: {'ament_cmake_args': None, 'build_base': '/root/colcon_ws/build/odom_visualization', 'catkin_cmake_args': None, 'catkin_skip_building_tests': False, 'cmake_args': None, 'cmake_clean_cache': False, 'cmake_clean_first': False, 'cmake_force_configure': False, 'cmake_target': None, 'cmake_target_skip_unavailable': False, 'install_base': '/root/colcon_ws/install/odom_visualization', 'merge_install': False, 'path': '/root/colcon_ws/src/Fast-Planner/uav_simulator/Utils/odom_visualization', 'symlink_install': False, 'test_result_base': None}
[0.690s] Level 5:colcon.colcon_core.verb:set package 'path_searching' build argument 'cmake_args' from command line to 'None'
[0.690s] Level 5:colcon.colcon_core.verb:set package 'path_searching' build argument 'cmake_target' from command line to 'None'
[0.690s] Level 5:colcon.colcon_core.verb:set package 'path_searching' build argument 'cmake_target_skip_unavailable' from command line to 'False'
[0.690s] Level 5:colcon.colcon_core.verb:set package 'path_searching' build argument 'cmake_clean_cache' from command line to 'False'
[0.690s] Level 5:colcon.colcon_core.verb:set package 'path_searching' build argument 'cmake_clean_first' from command line to 'False'
[0.690s] Level 5:colcon.colcon_core.verb:set package 'path_searching' build argument 'cmake_force_configure' from command line to 'False'
[0.690s] Level 5:colcon.colcon_core.verb:set package 'path_searching' build argument 'ament_cmake_args' from command line to 'None'
[0.690s] Level 5:colcon.colcon_core.verb:set package 'path_searching' build argument 'catkin_cmake_args' from command line to 'None'
[0.690s] Level 5:colcon.colcon_core.verb:set package 'path_searching' build argument 'catkin_skip_building_tests' from command line to 'False'
[0.690s] DEBUG:colcon.colcon_core.verb:Building package 'path_searching' with the following arguments: {'ament_cmake_args': None, 'build_base': '/root/colcon_ws/build/path_searching', 'catkin_cmake_args': None, 'catkin_skip_building_tests': False, 'cmake_args': None, 'cmake_clean_cache': False, 'cmake_clean_first': False, 'cmake_force_configure': False, 'cmake_target': None, 'cmake_target_skip_unavailable': False, 'install_base': '/root/colcon_ws/install/path_searching', 'merge_install': False, 'path': '/root/colcon_ws/src/Fast-Planner/fast_planner/path_searching', 'symlink_install': False, 'test_result_base': None}
[0.691s] Level 5:colcon.colcon_core.verb:set package 'so3_control' build argument 'cmake_args' from command line to 'None'
[0.691s] Level 5:colcon.colcon_core.verb:set package 'so3_control' build argument 'cmake_target' from command line to 'None'
[0.691s] Level 5:colcon.colcon_core.verb:set package 'so3_control' build argument 'cmake_target_skip_unavailable' from command line to 'False'
[0.691s] Level 5:colcon.colcon_core.verb:set package 'so3_control' build argument 'cmake_clean_cache' from command line to 'False'
[0.691s] Level 5:colcon.colcon_core.verb:set package 'so3_control' build argument 'cmake_clean_first' from command line to 'False'
[0.691s] Level 5:colcon.colcon_core.verb:set package 'so3_control' build argument 'cmake_force_configure' from command line to 'False'
[0.691s] Level 5:colcon.colcon_core.verb:set package 'so3_control' build argument 'ament_cmake_args' from command line to 'None'
[0.691s] Level 5:colcon.colcon_core.verb:set package 'so3_control' build argument 'catkin_cmake_args' from command line to 'None'
[0.691s] Level 5:colcon.colcon_core.verb:set package 'so3_control' build argument 'catkin_skip_building_tests' from command line to 'False'
[0.691s] DEBUG:colcon.colcon_core.verb:Building package 'so3_control' with the following arguments: {'ament_cmake_args': None, 'build_base': '/root/colcon_ws/build/so3_control', 'catkin_cmake_args': None, 'catkin_skip_building_tests': False, 'cmake_args': None, 'cmake_clean_cache': False, 'cmake_clean_first': False, 'cmake_force_configure': False, 'cmake_target': None, 'cmake_target_skip_unavailable': False, 'install_base': '/root/colcon_ws/install/so3_control', 'merge_install': False, 'path': '/root/colcon_ws/src/Fast-Planner/uav_simulator/so3_control', 'symlink_install': False, 'test_result_base': None}
[0.691s] Level 5:colcon.colcon_core.verb:set package 'so3_disturbance_generator' build argument 'cmake_args' from command line to 'None'
[0.691s] Level 5:colcon.colcon_core.verb:set package 'so3_disturbance_generator' build argument 'cmake_target' from command line to 'None'
[0.692s] Level 5:colcon.colcon_core.verb:set package 'so3_disturbance_generator' build argument 'cmake_target_skip_unavailable' from command line to 'False'
[0.692s] Level 5:colcon.colcon_core.verb:set package 'so3_disturbance_generator' build argument 'cmake_clean_cache' from command line to 'False'
[0.692s] Level 5:colcon.colcon_core.verb:set package 'so3_disturbance_generator' build argument 'cmake_clean_first' from command line to 'False'
[0.692s] Level 5:colcon.colcon_core.verb:set package 'so3_disturbance_generator' build argument 'cmake_force_configure' from command line to 'False'
[0.692s] Level 5:colcon.colcon_core.verb:set package 'so3_disturbance_generator' build argument 'ament_cmake_args' from command line to 'None'
[0.692s] Level 5:colcon.colcon_core.verb:set package 'so3_disturbance_generator' build argument 'catkin_cmake_args' from command line to 'None'
[0.692s] Level 5:colcon.colcon_core.verb:set package 'so3_disturbance_generator' build argument 'catkin_skip_building_tests' from command line to 'False'
[0.692s] DEBUG:colcon.colcon_core.verb:Building package 'so3_disturbance_generator' with the following arguments: {'ament_cmake_args': None, 'build_base': '/root/colcon_ws/build/so3_disturbance_generator', 'catkin_cmake_args': None, 'catkin_skip_building_tests': False, 'cmake_args': None, 'cmake_clean_cache': False, 'cmake_clean_first': False, 'cmake_force_configure': False, 'cmake_target': None, 'cmake_target_skip_unavailable': False, 'install_base': '/root/colcon_ws/install/so3_disturbance_generator', 'merge_install': False, 'path': '/root/colcon_ws/src/Fast-Planner/uav_simulator/so3_disturbance_generator', 'symlink_install': False, 'test_result_base': None}
[0.692s] Level 5:colcon.colcon_core.verb:set package 'uav_utils' build argument 'cmake_args' from command line to 'None'
[0.692s] Level 5:colcon.colcon_core.verb:set package 'uav_utils' build argument 'cmake_target' from command line to 'None'
[0.692s] Level 5:colcon.colcon_core.verb:set package 'uav_utils' build argument 'cmake_target_skip_unavailable' from command line to 'False'
[0.692s] Level 5:colcon.colcon_core.verb:set package 'uav_utils' build argument 'cmake_clean_cache' from command line to 'False'
[0.692s] Level 5:colcon.colcon_core.verb:set package 'uav_utils' build argument 'cmake_clean_first' from command line to 'False'
[0.692s] Level 5:colcon.colcon_core.verb:set package 'uav_utils' build argument 'cmake_force_configure' from command line to 'False'
[0.692s] Level 5:colcon.colcon_core.verb:set package 'uav_utils' build argument 'ament_cmake_args' from command line to 'None'
[0.693s] Level 5:colcon.colcon_core.verb:set package 'uav_utils' build argument 'catkin_cmake_args' from command line to 'None'
[0.693s] Level 5:colcon.colcon_core.verb:set package 'uav_utils' build argument 'catkin_skip_building_tests' from command line to 'False'
[0.693s] DEBUG:colcon.colcon_core.verb:Building package 'uav_utils' with the following arguments: {'ament_cmake_args': None, 'build_base': '/root/colcon_ws/build/uav_utils', 'catkin_cmake_args': None, 'catkin_skip_building_tests': False, 'cmake_args': None, 'cmake_clean_cache': False, 'cmake_clean_first': False, 'cmake_force_configure': False, 'cmake_target': None, 'cmake_target_skip_unavailable': False, 'install_base': '/root/colcon_ws/install/uav_utils', 'merge_install': False, 'path': '/root/colcon_ws/src/Fast-Planner/uav_simulator/Utils/uav_utils', 'symlink_install': False, 'test_result_base': None}
[0.693s] Level 5:colcon.colcon_core.verb:set package 'rviz_plugins' build argument 'cmake_args' from command line to 'None'
[0.693s] Level 5:colcon.colcon_core.verb:set package 'rviz_plugins' build argument 'cmake_target' from command line to 'None'
[0.693s] Level 5:colcon.colcon_core.verb:set package 'rviz_plugins' build argument 'cmake_target_skip_unavailable' from command line to 'False'
[0.693s] Level 5:colcon.colcon_core.verb:set package 'rviz_plugins' build argument 'cmake_clean_cache' from command line to 'False'
[0.693s] Level 5:colcon.colcon_core.verb:set package 'rviz_plugins' build argument 'cmake_clean_first' from command line to 'False'
[0.693s] Level 5:colcon.colcon_core.verb:set package 'rviz_plugins' build argument 'cmake_force_configure' from command line to 'False'
[0.693s] Level 5:colcon.colcon_core.verb:set package 'rviz_plugins' build argument 'ament_cmake_args' from command line to 'None'
[0.693s] Level 5:colcon.colcon_core.verb:set package 'rviz_plugins' build argument 'catkin_cmake_args' from command line to 'None'
[0.693s] Level 5:colcon.colcon_core.verb:set package 'rviz_plugins' build argument 'catkin_skip_building_tests' from command line to 'False'
[0.693s] DEBUG:colcon.colcon_core.verb:Building package 'rviz_plugins' with the following arguments: {'ament_cmake_args': None, 'build_base': '/root/colcon_ws/build/rviz_plugins', 'catkin_cmake_args': None, 'catkin_skip_building_tests': False, 'cmake_args': None, 'cmake_clean_cache': False, 'cmake_clean_first': False, 'cmake_force_configure': False, 'cmake_target': None, 'cmake_target_skip_unavailable': False, 'install_base': '/root/colcon_ws/install/rviz_plugins', 'merge_install': False, 'path': '/root/colcon_ws/src/Fast-Planner/uav_simulator/Utils/rviz_plugins', 'symlink_install': False, 'test_result_base': None}
[0.694s] Level 5:colcon.colcon_core.verb:set package 'so3_quadrotor_simulator' build argument 'cmake_args' from command line to 'None'
[0.694s] Level 5:colcon.colcon_core.verb:set package 'so3_quadrotor_simulator' build argument 'cmake_target' from command line to 'None'
[0.694s] Level 5:colcon.colcon_core.verb:set package 'so3_quadrotor_simulator' build argument 'cmake_target_skip_unavailable' from command line to 'False'
[0.694s] Level 5:colcon.colcon_core.verb:set package 'so3_quadrotor_simulator' build argument 'cmake_clean_cache' from command line to 'False'
[0.694s] Level 5:colcon.colcon_core.verb:set package 'so3_quadrotor_simulator' build argument 'cmake_clean_first' from command line to 'False'
[0.694s] Level 5:colcon.colcon_core.verb:set package 'so3_quadrotor_simulator' build argument 'cmake_force_configure' from command line to 'False'
[0.694s] Level 5:colcon.colcon_core.verb:set package 'so3_quadrotor_simulator' build argument 'ament_cmake_args' from command line to 'None'
[0.694s] Level 5:colcon.colcon_core.verb:set package 'so3_quadrotor_simulator' build argument 'catkin_cmake_args' from command line to 'None'
[0.694s] Level 5:colcon.colcon_core.verb:set package 'so3_quadrotor_simulator' build argument 'catkin_skip_building_tests' from command line to 'False'
[0.694s] DEBUG:colcon.colcon_core.verb:Building package 'so3_quadrotor_simulator' with the following arguments: {'ament_cmake_args': None, 'build_base': '/root/colcon_ws/build/so3_quadrotor_simulator', 'catkin_cmake_args': None, 'catkin_skip_building_tests': False, 'cmake_args': None, 'cmake_clean_cache': False, 'cmake_clean_first': False, 'cmake_force_configure': False, 'cmake_target': None, 'cmake_target_skip_unavailable': False, 'install_base': '/root/colcon_ws/install/so3_quadrotor_simulator', 'merge_install': False, 'path': '/root/colcon_ws/src/Fast-Planner/uav_simulator/so3_quadrotor_simulator', 'symlink_install': False, 'test_result_base': None}
[0.695s] Level 5:colcon.colcon_core.verb:set package 'traj_utils' build argument 'cmake_args' from command line to 'None'
[0.695s] Level 5:colcon.colcon_core.verb:set package 'traj_utils' build argument 'cmake_target' from command line to 'None'
[0.695s] Level 5:colcon.colcon_core.verb:set package 'traj_utils' build argument 'cmake_target_skip_unavailable' from command line to 'False'
[0.695s] Level 5:colcon.colcon_core.verb:set package 'traj_utils' build argument 'cmake_clean_cache' from command line to 'False'
[0.695s] Level 5:colcon.colcon_core.verb:set package 'traj_utils' build argument 'cmake_clean_first' from command line to 'False'
[0.695s] Level 5:colcon.colcon_core.verb:set package 'traj_utils' build argument 'cmake_force_configure' from command line to 'False'
[0.695s] Level 5:colcon.colcon_core.verb:set package 'traj_utils' build argument 'ament_cmake_args' from command line to 'None'
[0.695s] Level 5:colcon.colcon_core.verb:set package 'traj_utils' build argument 'catkin_cmake_args' from command line to 'None'
[0.695s] Level 5:colcon.colcon_core.verb:set package 'traj_utils' build argument 'catkin_skip_building_tests' from command line to 'False'
[0.695s] DEBUG:colcon.colcon_core.verb:Building package 'traj_utils' with the following arguments: {'ament_cmake_args': None, 'build_base': '/root/colcon_ws/build/traj_utils', 'catkin_cmake_args': None, 'catkin_skip_building_tests': False, 'cmake_args': None, 'cmake_clean_cache': False, 'cmake_clean_first': False, 'cmake_force_configure': False, 'cmake_target': None, 'cmake_target_skip_unavailable': False, 'install_base': '/root/colcon_ws/install/traj_utils', 'merge_install': False, 'path': '/root/colcon_ws/src/Fast-Planner/fast_planner/traj_utils', 'symlink_install': False, 'test_result_base': None}
[0.695s] Level 5:colcon.colcon_core.verb:set package 'plan_manage' build argument 'cmake_args' from command line to 'None'
[0.696s] Level 5:colcon.colcon_core.verb:set package 'plan_manage' build argument 'cmake_target' from command line to 'None'
[0.696s] Level 5:colcon.colcon_core.verb:set package 'plan_manage' build argument 'cmake_target_skip_unavailable' from command line to 'False'
[0.696s] Level 5:colcon.colcon_core.verb:set package 'plan_manage' build argument 'cmake_clean_cache' from command line to 'False'
[0.696s] Level 5:colcon.colcon_core.verb:set package 'plan_manage' build argument 'cmake_clean_first' from command line to 'False'
[0.696s] Level 5:colcon.colcon_core.verb:set package 'plan_manage' build argument 'cmake_force_configure' from command line to 'False'
[0.696s] Level 5:colcon.colcon_core.verb:set package 'plan_manage' build argument 'ament_cmake_args' from command line to 'None'
[0.696s] Level 5:colcon.colcon_core.verb:set package 'plan_manage' build argument 'catkin_cmake_args' from command line to 'None'
[0.696s] Level 5:colcon.colcon_core.verb:set package 'plan_manage' build argument 'catkin_skip_building_tests' from command line to 'False'
[0.696s] DEBUG:colcon.colcon_core.verb:Building package 'plan_manage' with the following arguments: {'ament_cmake_args': None, 'build_base': '/root/colcon_ws/build/plan_manage', 'catkin_cmake_args': None, 'catkin_skip_building_tests': False, 'cmake_args': None, 'cmake_clean_cache': False, 'cmake_clean_first': False, 'cmake_force_configure': False, 'cmake_target': None, 'cmake_target_skip_unavailable': False, 'install_base': '/root/colcon_ws/install/plan_manage', 'merge_install': False, 'path': '/root/colcon_ws/src/Fast-Planner/fast_planner/plan_manage', 'symlink_install': False, 'test_result_base': None}
[0.696s] INFO:colcon.colcon_core.executor:Executing jobs using 'parallel' executor
[0.698s] DEBUG:colcon.colcon_parallel_executor.executor.parallel:run_until_complete
[0.699s] INFO:colcon.colcon_ros.task.ament_cmake.build:Building ROS package in '/root/colcon_ws/src/Fast-Planner/uav_simulator/Utils/quadrotor_msgs' with build type 'ament_cmake'
[0.699s] INFO:colcon.colcon_cmake.task.cmake.build:Building CMake package in '/root/colcon_ws/src/Fast-Planner/uav_simulator/Utils/quadrotor_msgs'
[0.705s] INFO:colcon.colcon_core.plugin_system:Skipping extension 'colcon_core.shell.bat': Not used on non-Windows systems
[0.706s] INFO:colcon.colcon_core.shell:Skip shell extension 'powershell' for command environment: Not usable outside of PowerShell
[0.706s] DEBUG:colcon.colcon_core.shell:Skip shell extension 'dsv' for command environment
[0.712s] INFO:colcon.colcon_ros.task.ament_cmake.build:Building ROS package in '/root/colcon_ws/src/Fast-Planner/fast_planner/plan_env' with build type 'ament_cmake'
[0.712s] INFO:colcon.colcon_cmake.task.cmake.build:Building CMake package in '/root/colcon_ws/src/Fast-Planner/fast_planner/plan_env'
[0.713s] INFO:colcon.colcon_core.shell:Skip shell extension 'powershell' for command environment: Not usable outside of PowerShell
[0.713s] DEBUG:colcon.colcon_core.shell:Skip shell extension 'dsv' for command environment
[0.718s] INFO:colcon.colcon_ros.task.ament_cmake.build:Building ROS package in '/root/colcon_ws/src/Fast-Planner/uav_simulator/Utils/pose_utils' with build type 'ament_cmake'
[0.719s] INFO:colcon.colcon_cmake.task.cmake.build:Building CMake package in '/root/colcon_ws/src/Fast-Planner/uav_simulator/Utils/pose_utils'
[0.719s] INFO:colcon.colcon_core.shell:Skip shell extension 'powershell' for command environment: Not usable outside of PowerShell
[0.719s] DEBUG:colcon.colcon_core.shell:Skip shell extension 'dsv' for command environment
[0.724s] INFO:colcon.colcon_ros.task.ament_cmake.build:Building ROS package in '/root/colcon_ws/src/Fast-Planner/uav_simulator/Utils/cmake_utils' with build type 'ament_cmake'
[0.724s] INFO:colcon.colcon_cmake.task.cmake.build:Building CMake package in '/root/colcon_ws/src/Fast-Planner/uav_simulator/Utils/cmake_utils'
[0.724s] INFO:colcon.colcon_core.shell:Skip shell extension 'powershell' for command environment: Not usable outside of PowerShell
[0.725s] DEBUG:colcon.colcon_core.shell:Skip shell extension 'dsv' for command environment
[0.730s] INFO:colcon.colcon_ros.task.ament_cmake.build:Building ROS package in '/root/colcon_ws/src/Fast-Planner/fast_planner/poly_traj' with build type 'ament_cmake'
[0.730s] INFO:colcon.colcon_cmake.task.cmake.build:Building CMake package in '/root/colcon_ws/src/Fast-Planner/fast_planner/poly_traj'
[0.731s] INFO:colcon.colcon_core.shell:Skip shell extension 'powershell' for command environment: Not usable outside of PowerShell
[0.731s] DEBUG:colcon.colcon_core.shell:Skip shell extension 'dsv' for command environment
[0.736s] INFO:colcon.colcon_ros.task.ament_cmake.build:Building ROS package in '/root/colcon_ws/src/Fast-Planner/uav_simulator/map_generator' with build type 'ament_cmake'
[0.736s] INFO:colcon.colcon_cmake.task.cmake.build:Building CMake package in '/root/colcon_ws/src/Fast-Planner/uav_simulator/map_generator'
[0.737s] INFO:colcon.colcon_core.shell:Skip shell extension 'powershell' for command environment: Not usable outside of PowerShell
[0.737s] DEBUG:colcon.colcon_core.shell:Skip shell extension 'dsv' for command environment
[0.742s] INFO:colcon.colcon_ros.task.ament_cmake.build:Building ROS package in '/root/colcon_ws/src/Fast-Planner/uav_simulator/Utils/waypoint_generator' with build type 'ament_cmake'
[0.742s] INFO:colcon.colcon_cmake.task.cmake.build:Building CMake package in '/root/colcon_ws/src/Fast-Planner/uav_simulator/Utils/waypoint_generator'
[0.742s] INFO:colcon.colcon_core.shell:Skip shell extension 'powershell' for command environment: Not usable outside of PowerShell
[0.743s] DEBUG:colcon.colcon_core.shell:Skip shell extension 'dsv' for command environment
[0.763s] DEBUG:colcon.colcon_core.event_handler.log_command:Invoking command in '/root/colcon_ws/build/quadrotor_msgs': CMAKE_PREFIX_PATH=/opt/ros/humble /usr/bin/cmake --build /root/colcon_ws/build/quadrotor_msgs -- -j8 -l8
[0.769s] DEBUG:colcon.colcon_core.event_handler.log_command:Invoking command in '/root/colcon_ws/build/plan_env': CMAKE_PREFIX_PATH=/opt/ros/humble /usr/bin/cmake --build /root/colcon_ws/build/plan_env -- -j8 -l8
[0.773s] DEBUG:colcon.colcon_core.event_handler.log_command:Invoking command in '/root/colcon_ws/build/pose_utils': CMAKE_PREFIX_PATH=/opt/ros/humble /usr/bin/cmake --build /root/colcon_ws/build/pose_utils -- -j8 -l8
[0.777s] DEBUG:colcon.colcon_core.event_handler.log_command:Invoking command in '/root/colcon_ws/build/cmake_utils': CMAKE_PREFIX_PATH=/opt/ros/humble /usr/bin/cmake --build /root/colcon_ws/build/cmake_utils -- -j8 -l8
[0.781s] DEBUG:colcon.colcon_core.event_handler.log_command:Invoking command in '/root/colcon_ws/build/poly_traj': CMAKE_PREFIX_PATH=/opt/ros/humble /usr/bin/cmake --build /root/colcon_ws/build/poly_traj -- -j8 -l8
[0.786s] DEBUG:colcon.colcon_core.event_handler.log_command:Invoking command in '/root/colcon_ws/build/map_generator': CMAKE_PREFIX_PATH=/opt/ros/humble /usr/bin/cmake --build /root/colcon_ws/build/map_generator -- -j8 -l8
[0.822s] DEBUG:colcon.colcon_core.event_handler.log_command:Invoking command in '/root/colcon_ws/build/waypoint_generator': CMAKE_PREFIX_PATH=/opt/ros/humble /usr/bin/cmake --build /root/colcon_ws/build/waypoint_generator -- -j8 -l8
[0.856s] DEBUG:colcon.colcon_core.event_handler.log_command:Invoked command in '/root/colcon_ws/build/cmake_utils' returned '0': CMAKE_PREFIX_PATH=/opt/ros/humble /usr/bin/cmake --build /root/colcon_ws/build/cmake_utils -- -j8 -l8
[0.890s] DEBUG:colcon.colcon_core.event_handler.log_command:Invoking command in '/root/colcon_ws/build/cmake_utils': CMAKE_PREFIX_PATH=/opt/ros/humble /usr/bin/cmake --install /root/colcon_ws/build/cmake_utils
[0.936s] DEBUG:colcon.colcon_core.event_handler.log_command:Invoked command in '/root/colcon_ws/build/pose_utils' returned '0': CMAKE_PREFIX_PATH=/opt/ros/humble /usr/bin/cmake --build /root/colcon_ws/build/pose_utils -- -j8 -l8
[0.937s] DEBUG:colcon.colcon_core.event_handler.log_command:Invoking command in '/root/colcon_ws/build/pose_utils': CMAKE_PREFIX_PATH=/opt/ros/humble /usr/bin/cmake --install /root/colcon_ws/build/pose_utils
[0.938s] Level 1:colcon.colcon_core.environment:create_environment_scripts_only(cmake_utils)
[0.944s] Level 1:colcon.colcon_core.environment:checking '/root/colcon_ws/install/cmake_utils' for CMake module files
[0.945s] Level 1:colcon.colcon_core.environment:checking '/root/colcon_ws/install/cmake_utils' for CMake config files
[0.946s] Level 1:colcon.colcon_core.shell:create_environment_hook('cmake_utils', 'cmake_prefix_path')
[0.946s] INFO:colcon.colcon_core.shell:Creating environment hook '/root/colcon_ws/install/cmake_utils/share/cmake_utils/hook/cmake_prefix_path.ps1'
[0.948s] INFO:colcon.colcon_core.shell:Creating environment descriptor '/root/colcon_ws/install/cmake_utils/share/cmake_utils/hook/cmake_prefix_path.dsv'
[0.945s] DEBUG:colcon.colcon_core.event_handler.log_command:Invoked command in '/root/colcon_ws/build/cmake_utils' returned '0': CMAKE_PREFIX_PATH=/opt/ros/humble /usr/bin/cmake --install /root/colcon_ws/build/cmake_utils
[0.957s] INFO:colcon.colcon_core.shell:Creating environment hook '/root/colcon_ws/install/cmake_utils/share/cmake_utils/hook/cmake_prefix_path.sh'
[0.959s] Level 1:colcon.colcon_core.environment:checking '/root/colcon_ws/install/cmake_utils/bin'
[0.960s] Level 1:colcon.colcon_core.environment:checking '/root/colcon_ws/install/cmake_utils/lib/pkgconfig/cmake_utils.pc'
[0.960s] Level 1:colcon.colcon_core.environment:checking '/root/colcon_ws/install/cmake_utils/lib/python3.10/site-packages'
[0.961s] Level 1:colcon.colcon_core.environment:checking '/root/colcon_ws/install/cmake_utils/bin'
[0.961s] INFO:colcon.colcon_core.shell:Creating package script '/root/colcon_ws/install/cmake_utils/share/cmake_utils/package.ps1'
[0.968s] INFO:colcon.colcon_core.shell:Creating package descriptor '/root/colcon_ws/install/cmake_utils/share/cmake_utils/package.dsv'
[0.978s] INFO:colcon.colcon_core.shell:Creating package script '/root/colcon_ws/install/cmake_utils/share/cmake_utils/package.sh'
[0.979s] INFO:colcon.colcon_core.shell:Creating package script '/root/colcon_ws/install/cmake_utils/share/cmake_utils/package.bash'
[0.981s] INFO:colcon.colcon_core.shell:Creating package script '/root/colcon_ws/install/cmake_utils/share/cmake_utils/package.zsh'
[0.983s] Level 1:colcon.colcon_core.environment:create_file_with_runtime_dependencies(/root/colcon_ws/install/cmake_utils/share/colcon-core/packages/cmake_utils)
[0.984s] Level 1:colcon.colcon_core.environment:create_environment_scripts_only(cmake_utils)
[0.985s] Level 1:colcon.colcon_core.environment:checking '/root/colcon_ws/install/cmake_utils' for CMake module files
[0.985s] Level 1:colcon.colcon_core.environment:checking '/root/colcon_ws/install/cmake_utils' for CMake config files
[0.986s] Level 1:colcon.colcon_core.shell:create_environment_hook('cmake_utils', 'cmake_prefix_path')
[0.986s] INFO:colcon.colcon_core.shell:Creating environment hook '/root/colcon_ws/install/cmake_utils/share/cmake_utils/hook/cmake_prefix_path.ps1'
[0.987s] INFO:colcon.colcon_core.shell:Creating environment descriptor '/root/colcon_ws/install/cmake_utils/share/cmake_utils/hook/cmake_prefix_path.dsv'
[0.988s] INFO:colcon.colcon_core.shell:Creating environment hook '/root/colcon_ws/install/cmake_utils/share/cmake_utils/hook/cmake_prefix_path.sh'
[0.990s] Level 1:colcon.colcon_core.environment:checking '/root/colcon_ws/install/cmake_utils/bin'
[0.990s] Level 1:colcon.colcon_core.environment:checking '/root/colcon_ws/install/cmake_utils/lib/pkgconfig/cmake_utils.pc'
[0.991s] Level 1:colcon.colcon_core.environment:checking '/root/colcon_ws/install/cmake_utils/lib/python3.10/site-packages'
[0.991s] Level 1:colcon.colcon_core.environment:checking '/root/colcon_ws/install/cmake_utils/bin'
[0.992s] INFO:colcon.colcon_core.shell:Creating package script '/root/colcon_ws/install/cmake_utils/share/cmake_utils/package.ps1'
[0.993s] INFO:colcon.colcon_core.shell:Creating package descriptor '/root/colcon_ws/install/cmake_utils/share/cmake_utils/package.dsv'
[0.994s] INFO:colcon.colcon_core.shell:Creating package script '/root/colcon_ws/install/cmake_utils/share/cmake_utils/package.sh'
[0.995s] INFO:colcon.colcon_core.shell:Creating package script '/root/colcon_ws/install/cmake_utils/share/cmake_utils/package.bash'
[0.996s] INFO:colcon.colcon_core.shell:Creating package script '/root/colcon_ws/install/cmake_utils/share/cmake_utils/package.zsh'
[0.996s] Level 1:colcon.colcon_core.environment:create_file_with_runtime_dependencies(/root/colcon_ws/install/cmake_utils/share/colcon-core/packages/cmake_utils)
[0.999s] INFO:colcon.colcon_ros.task.ament_cmake.build:Building ROS package in '/root/colcon_ws/src/Fast-Planner/uav_simulator/Utils/uav_utils' with build type 'ament_cmake'
[1.000s] INFO:colcon.colcon_cmake.task.cmake.build:Building CMake package in '/root/colcon_ws/src/Fast-Planner/uav_simulator/Utils/uav_utils'
[1.000s] INFO:colcon.colcon_core.shell:Skip shell extension 'powershell' for command environment: Not usable outside of PowerShell
[1.001s] DEBUG:colcon.colcon_core.shell:Skip shell extension 'dsv' for command environment
[1.010s] Level 1:colcon.colcon_core.environment:create_environment_scripts_only(pose_utils)
[1.011s] Level 1:colcon.colcon_core.environment:checking '/root/colcon_ws/install/pose_utils' for CMake module files
[1.013s] DEBUG:colcon.colcon_core.event_handler.log_command:Invoked command in '/root/colcon_ws/build/pose_utils' returned '0': CMAKE_PREFIX_PATH=/opt/ros/humble /usr/bin/cmake --install /root/colcon_ws/build/pose_utils
[1.014s] Level 1:colcon.colcon_core.environment:checking '/root/colcon_ws/install/pose_utils' for CMake config files
[1.014s] Level 1:colcon.colcon_core.shell:create_environment_hook('pose_utils', 'cmake_prefix_path')
[1.015s] INFO:colcon.colcon_core.shell:Creating environment hook '/root/colcon_ws/install/pose_utils/share/pose_utils/hook/cmake_prefix_path.ps1'
[1.016s] INFO:colcon.colcon_core.shell:Creating environment descriptor '/root/colcon_ws/install/pose_utils/share/pose_utils/hook/cmake_prefix_path.dsv'
[1.022s] INFO:colcon.colcon_core.shell:Creating environment hook '/root/colcon_ws/install/pose_utils/share/pose_utils/hook/cmake_prefix_path.sh'
[1.023s] Level 1:colcon.colcon_core.environment:checking '/root/colcon_ws/install/pose_utils/lib'
[1.024s] Level 1:colcon.colcon_core.environment:checking '/root/colcon_ws/install/pose_utils/bin'
[1.024s] Level 1:colcon.colcon_core.environment:checking '/root/colcon_ws/install/pose_utils/lib/pkgconfig/pose_utils.pc'
[1.024s] Level 1:colcon.colcon_core.environment:checking '/root/colcon_ws/install/pose_utils/lib/python3.10/site-packages'
[1.025s] Level 1:colcon.colcon_core.environment:checking '/root/colcon_ws/install/pose_utils/bin'
[1.026s] INFO:colcon.colcon_core.shell:Creating package script '/root/colcon_ws/install/pose_utils/share/pose_utils/package.ps1'
[1.027s] INFO:colcon.colcon_core.shell:Creating package descriptor '/root/colcon_ws/install/pose_utils/share/pose_utils/package.dsv'
[1.031s] INFO:colcon.colcon_core.shell:Creating package script '/root/colcon_ws/install/pose_utils/share/pose_utils/package.sh'
[1.032s] INFO:colcon.colcon_core.shell:Creating package script '/root/colcon_ws/install/pose_utils/share/pose_utils/package.bash'
[1.033s] INFO:colcon.colcon_core.shell:Creating package script '/root/colcon_ws/install/pose_utils/share/pose_utils/package.zsh'
[1.034s] Level 1:colcon.colcon_core.environment:create_file_with_runtime_dependencies(/root/colcon_ws/install/pose_utils/share/colcon-core/packages/pose_utils)
[1.035s] Level 1:colcon.colcon_core.environment:create_environment_scripts_only(pose_utils)
[1.036s] Level 1:colcon.colcon_core.environment:checking '/root/colcon_ws/install/pose_utils' for CMake module files
[1.037s] Level 1:colcon.colcon_core.environment:checking '/root/colcon_ws/install/pose_utils' for CMake config files
[1.037s] Level 1:colcon.colcon_core.shell:create_environment_hook('pose_utils', 'cmake_prefix_path')
[1.037s] INFO:colcon.colcon_core.shell:Creating environment hook '/root/colcon_ws/install/pose_utils/share/pose_utils/hook/cmake_prefix_path.ps1'
[1.039s] INFO:colcon.colcon_core.shell:Creating environment descriptor '/root/colcon_ws/install/pose_utils/share/pose_utils/hook/cmake_prefix_path.dsv'
[1.039s] INFO:colcon.colcon_core.shell:Creating environment hook '/root/colcon_ws/install/pose_utils/share/pose_utils/hook/cmake_prefix_path.sh'
[1.041s] Level 1:colcon.colcon_core.environment:checking '/root/colcon_ws/install/pose_utils/lib'
[1.041s] Level 1:colcon.colcon_core.environment:checking '/root/colcon_ws/install/pose_utils/bin'
[1.041s] Level 1:colcon.colcon_core.environment:checking '/root/colcon_ws/install/pose_utils/lib/pkgconfig/pose_utils.pc'
[1.041s] Level 1:colcon.colcon_core.environment:checking '/root/colcon_ws/install/pose_utils/lib/python3.10/site-packages'
[1.042s] Level 1:colcon.colcon_core.environment:checking '/root/colcon_ws/install/pose_utils/bin'
[1.042s] INFO:colcon.colcon_core.shell:Creating package script '/root/colcon_ws/install/pose_utils/share/pose_utils/package.ps1'
[1.044s] INFO:colcon.colcon_core.shell:Creating package descriptor '/root/colcon_ws/install/pose_utils/share/pose_utils/package.dsv'
[1.045s] INFO:colcon.colcon_core.shell:Creating package script '/root/colcon_ws/install/pose_utils/share/pose_utils/package.sh'
[1.046s] INFO:colcon.colcon_core.shell:Creating package script '/root/colcon_ws/install/pose_utils/share/pose_utils/package.bash'
[1.047s] INFO:colcon.colcon_core.shell:Creating package script '/root/colcon_ws/install/pose_utils/share/pose_utils/package.zsh'
[1.048s] Level 1:colcon.colcon_core.environment:create_file_with_runtime_dependencies(/root/colcon_ws/install/pose_utils/share/colcon-core/packages/pose_utils)
[1.051s] INFO:colcon.colcon_ros.task.ament_cmake.build:Building ROS package in '/root/colcon_ws/src/Fast-Planner/uav_simulator/so3_disturbance_generator' with build type 'ament_cmake'
[1.052s] INFO:colcon.colcon_cmake.task.cmake.build:Building CMake package in '/root/colcon_ws/src/Fast-Planner/uav_simulator/so3_disturbance_generator'
[1.052s] INFO:colcon.colcon_core.shell:Skip shell extension 'powershell' for command environment: Not usable outside of PowerShell
[1.052s] DEBUG:colcon.colcon_core.shell:Skip shell extension 'dsv' for command environment
[1.072s] DEBUG:colcon.colcon_core.event_handler.log_command:Invoked command in '/root/colcon_ws/build/waypoint_generator' returned '0': CMAKE_PREFIX_PATH=/opt/ros/humble /usr/bin/cmake --build /root/colcon_ws/build/waypoint_generator -- -j8 -l8
[1.076s] DEBUG:colcon.colcon_core.event_handler.log_command:Invoking command in '/root/colcon_ws/build/waypoint_generator': CMAKE_PREFIX_PATH=/opt/ros/humble /usr/bin/cmake --install /root/colcon_ws/build/waypoint_generator
[1.081s] DEBUG:colcon.colcon_core.event_handler.log_command:Invoking command in '/root/colcon_ws/build/uav_utils': AMENT_PREFIX_PATH=/root/colcon_ws/install/cmake_utils:${AMENT_PREFIX_PATH} CMAKE_PREFIX_PATH=/root/colcon_ws/install/cmake_utils:/opt/ros/humble /usr/bin/cmake --build /root/colcon_ws/build/uav_utils -- -j8 -l8
[1.100s] DEBUG:colcon.colcon_core.event_handler.log_command:Invoking command in '/root/colcon_ws/build/so3_disturbance_generator': AMENT_PREFIX_PATH=/root/colcon_ws/install/pose_utils:${AMENT_PREFIX_PATH} CMAKE_PREFIX_PATH=/root/colcon_ws/install/pose_utils:/opt/ros/humble LD_LIBRARY_PATH=/root/colcon_ws/install/pose_utils/lib:${LD_LIBRARY_PATH} /usr/bin/cmake --build /root/colcon_ws/build/so3_disturbance_generator -- -j8 -l8
[1.113s] Level 1:colcon.colcon_core.environment:create_environment_scripts_only(waypoint_generator)
[1.114s] Level 1:colcon.colcon_core.environment:checking '/root/colcon_ws/install/waypoint_generator' for CMake module files
[1.115s] Level 1:colcon.colcon_core.environment:checking '/root/colcon_ws/install/waypoint_generator' for CMake config files
[1.116s] Level 1:colcon.colcon_core.shell:create_environment_hook('waypoint_generator', 'cmake_prefix_path')
[1.116s] INFO:colcon.colcon_core.shell:Creating environment hook '/root/colcon_ws/install/waypoint_generator/share/waypoint_generator/hook/cmake_prefix_path.ps1'
[1.117s] DEBUG:colcon.colcon_core.event_handler.log_command:Invoked command in '/root/colcon_ws/build/waypoint_generator' returned '0': CMAKE_PREFIX_PATH=/opt/ros/humble /usr/bin/cmake --install /root/colcon_ws/build/waypoint_generator
[1.119s] INFO:colcon.colcon_core.shell:Creating environment descriptor '/root/colcon_ws/install/waypoint_generator/share/waypoint_generator/hook/cmake_prefix_path.dsv'
[1.120s] INFO:colcon.colcon_core.shell:Creating environment hook '/root/colcon_ws/install/waypoint_generator/share/waypoint_generator/hook/cmake_prefix_path.sh'
[1.121s] Level 1:colcon.colcon_core.environment:checking '/root/colcon_ws/install/waypoint_generator/lib'
[1.121s] Level 1:colcon.colcon_core.environment:checking '/root/colcon_ws/install/waypoint_generator/bin'
[1.121s] Level 1:colcon.colcon_core.environment:checking '/root/colcon_ws/install/waypoint_generator/lib/pkgconfig/waypoint_generator.pc'
[1.122s] Level 1:colcon.colcon_core.environment:checking '/root/colcon_ws/install/waypoint_generator/lib/python3.10/site-packages'
[1.122s] Level 1:colcon.colcon_core.environment:checking '/root/colcon_ws/install/waypoint_generator/bin'
[1.123s] INFO:colcon.colcon_core.shell:Creating package script '/root/colcon_ws/install/waypoint_generator/share/waypoint_generator/package.ps1'
[1.124s] INFO:colcon.colcon_core.shell:Creating package descriptor '/root/colcon_ws/install/waypoint_generator/share/waypoint_generator/package.dsv'
[1.125s] INFO:colcon.colcon_core.shell:Creating package script '/root/colcon_ws/install/waypoint_generator/share/waypoint_generator/package.sh'
[1.125s] INFO:colcon.colcon_core.shell:Creating package script '/root/colcon_ws/install/waypoint_generator/share/waypoint_generator/package.bash'
[1.126s] INFO:colcon.colcon_core.shell:Creating package script '/root/colcon_ws/install/waypoint_generator/share/waypoint_generator/package.zsh'
[1.127s] Level 1:colcon.colcon_core.environment:create_file_with_runtime_dependencies(/root/colcon_ws/install/waypoint_generator/share/colcon-core/packages/waypoint_generator)
[1.131s] Level 1:colcon.colcon_core.environment:create_environment_scripts_only(waypoint_generator)
[1.131s] Level 1:colcon.colcon_core.environment:checking '/root/colcon_ws/install/waypoint_generator' for CMake module files
[1.132s] Level 1:colcon.colcon_core.environment:checking '/root/colcon_ws/install/waypoint_generator' for CMake config files
[1.133s] Level 1:colcon.colcon_core.shell:create_environment_hook('waypoint_generator', 'cmake_prefix_path')
[1.133s] INFO:colcon.colcon_core.shell:Creating environment hook '/root/colcon_ws/install/waypoint_generator/share/waypoint_generator/hook/cmake_prefix_path.ps1'
[1.138s] INFO:colcon.colcon_core.shell:Creating environment descriptor '/root/colcon_ws/install/waypoint_generator/share/waypoint_generator/hook/cmake_prefix_path.dsv'
[1.140s] INFO:colcon.colcon_core.shell:Creating environment hook '/root/colcon_ws/install/waypoint_generator/share/waypoint_generator/hook/cmake_prefix_path.sh'
[1.142s] Level 1:colcon.colcon_core.environment:checking '/root/colcon_ws/install/waypoint_generator/lib'
[1.142s] Level 1:colcon.colcon_core.environment:checking '/root/colcon_ws/install/waypoint_generator/bin'
[1.142s] Level 1:colcon.colcon_core.environment:checking '/root/colcon_ws/install/waypoint_generator/lib/pkgconfig/waypoint_generator.pc'
[1.143s] Level 1:colcon.colcon_core.environment:checking '/root/colcon_ws/install/waypoint_generator/lib/python3.10/site-packages'
[1.144s] Level 1:colcon.colcon_core.environment:checking '/root/colcon_ws/install/waypoint_generator/bin'
[1.145s] INFO:colcon.colcon_core.shell:Creating package script '/root/colcon_ws/install/waypoint_generator/share/waypoint_generator/package.ps1'
[1.146s] INFO:colcon.colcon_core.shell:Creating package descriptor '/root/colcon_ws/install/waypoint_generator/share/waypoint_generator/package.dsv'
[1.147s] INFO:colcon.colcon_core.shell:Creating package script '/root/colcon_ws/install/waypoint_generator/share/waypoint_generator/package.sh'
[1.148s] INFO:colcon.colcon_core.shell:Creating package script '/root/colcon_ws/install/waypoint_generator/share/waypoint_generator/package.bash'
[1.149s] INFO:colcon.colcon_core.shell:Creating package script '/root/colcon_ws/install/waypoint_generator/share/waypoint_generator/package.zsh'
[1.150s] Level 1:colcon.colcon_core.environment:create_file_with_runtime_dependencies(/root/colcon_ws/install/waypoint_generator/share/colcon-core/packages/waypoint_generator)
[1.241s] DEBUG:colcon.colcon_core.event_handler.log_command:Invoked command in '/root/colcon_ws/build/uav_utils' returned '0': AMENT_PREFIX_PATH=/root/colcon_ws/install/cmake_utils:${AMENT_PREFIX_PATH} CMAKE_PREFIX_PATH=/root/colcon_ws/install/cmake_utils:/opt/ros/humble /usr/bin/cmake --build /root/colcon_ws/build/uav_utils -- -j8 -l8
[1.241s] DEBUG:colcon.colcon_core.event_handler.log_command:Invoking command in '/root/colcon_ws/build/uav_utils': AMENT_PREFIX_PATH=/root/colcon_ws/install/cmake_utils:${AMENT_PREFIX_PATH} CMAKE_PREFIX_PATH=/root/colcon_ws/install/cmake_utils:/opt/ros/humble /usr/bin/cmake --install /root/colcon_ws/build/uav_utils
[1.264s] Level 1:colcon.colcon_core.environment:create_environment_scripts_only(uav_utils)
[1.265s] Level 1:colcon.colcon_core.environment:checking '/root/colcon_ws/install/uav_utils' for CMake module files
[1.266s] Level 1:colcon.colcon_core.environment:checking '/root/colcon_ws/install/uav_utils' for CMake config files
[1.266s] Level 1:colcon.colcon_core.shell:create_environment_hook('uav_utils', 'cmake_prefix_path')
[1.267s] INFO:colcon.colcon_core.shell:Creating environment hook '/root/colcon_ws/install/uav_utils/share/uav_utils/hook/cmake_prefix_path.ps1'
[1.268s] INFO:colcon.colcon_core.shell:Creating environment descriptor '/root/colcon_ws/install/uav_utils/share/uav_utils/hook/cmake_prefix_path.dsv'
[1.269s] INFO:colcon.colcon_core.shell:Creating environment hook '/root/colcon_ws/install/uav_utils/share/uav_utils/hook/cmake_prefix_path.sh'
[1.270s] Level 1:colcon.colcon_core.environment:checking '/root/colcon_ws/install/uav_utils/bin'
[1.270s] Level 1:colcon.colcon_core.environment:checking '/root/colcon_ws/install/uav_utils/lib/pkgconfig/uav_utils.pc'
[1.271s] Level 1:colcon.colcon_core.environment:checking '/root/colcon_ws/install/uav_utils/lib/python3.10/site-packages'
[1.271s] Level 1:colcon.colcon_core.environment:checking '/root/colcon_ws/install/uav_utils/bin'
[1.272s] INFO:colcon.colcon_core.shell:Creating package script '/root/colcon_ws/install/uav_utils/share/uav_utils/package.ps1'
[1.275s] DEBUG:colcon.colcon_core.event_handler.log_command:Invoked command in '/root/colcon_ws/build/uav_utils' returned '0': AMENT_PREFIX_PATH=/root/colcon_ws/install/cmake_utils:${AMENT_PREFIX_PATH} CMAKE_PREFIX_PATH=/root/colcon_ws/install/cmake_utils:/opt/ros/humble /usr/bin/cmake --install /root/colcon_ws/build/uav_utils
[1.275s] INFO:colcon.colcon_core.shell:Creating package descriptor '/root/colcon_ws/install/uav_utils/share/uav_utils/package.dsv'
[1.277s] INFO:colcon.colcon_core.shell:Creating package script '/root/colcon_ws/install/uav_utils/share/uav_utils/package.sh'
[1.277s] INFO:colcon.colcon_core.shell:Creating package script '/root/colcon_ws/install/uav_utils/share/uav_utils/package.bash'
[1.278s] INFO:colcon.colcon_core.shell:Creating package script '/root/colcon_ws/install/uav_utils/share/uav_utils/package.zsh'
[1.279s] Level 1:colcon.colcon_core.environment:create_file_with_runtime_dependencies(/root/colcon_ws/install/uav_utils/share/colcon-core/packages/uav_utils)
[1.280s] Level 1:colcon.colcon_core.environment:create_environment_scripts_only(uav_utils)
[1.281s] Level 1:colcon.colcon_core.environment:checking '/root/colcon_ws/install/uav_utils' for CMake module files
[1.281s] Level 1:colcon.colcon_core.environment:checking '/root/colcon_ws/install/uav_utils' for CMake config files
[1.282s] Level 1:colcon.colcon_core.shell:create_environment_hook('uav_utils', 'cmake_prefix_path')
[1.282s] INFO:colcon.colcon_core.shell:Creating environment hook '/root/colcon_ws/install/uav_utils/share/uav_utils/hook/cmake_prefix_path.ps1'
[1.283s] INFO:colcon.colcon_core.shell:Creating environment descriptor '/root/colcon_ws/install/uav_utils/share/uav_utils/hook/cmake_prefix_path.dsv'
[1.284s] INFO:colcon.colcon_core.shell:Creating environment hook '/root/colcon_ws/install/uav_utils/share/uav_utils/hook/cmake_prefix_path.sh'
[1.285s] Level 1:colcon.colcon_core.environment:checking '/root/colcon_ws/install/uav_utils/bin'
[1.285s] Level 1:colcon.colcon_core.environment:checking '/root/colcon_ws/install/uav_utils/lib/pkgconfig/uav_utils.pc'
[1.285s] Level 1:colcon.colcon_core.environment:checking '/root/colcon_ws/install/uav_utils/lib/python3.10/site-packages'
[1.286s] Level 1:colcon.colcon_core.environment:checking '/root/colcon_ws/install/uav_utils/bin'
[1.286s] INFO:colcon.colcon_core.shell:Creating package script '/root/colcon_ws/install/uav_utils/share/uav_utils/package.ps1'
[1.287s] INFO:colcon.colcon_core.shell:Creating package descriptor '/root/colcon_ws/install/uav_utils/share/uav_utils/package.dsv'
[1.289s] INFO:colcon.colcon_core.shell:Creating package script '/root/colcon_ws/install/uav_utils/share/uav_utils/package.sh'
[1.290s] INFO:colcon.colcon_core.shell:Creating package script '/root/colcon_ws/install/uav_utils/share/uav_utils/package.bash'
[1.290s] INFO:colcon.colcon_core.shell:Creating package script '/root/colcon_ws/install/uav_utils/share/uav_utils/package.zsh'
[1.291s] Level 1:colcon.colcon_core.environment:create_file_with_runtime_dependencies(/root/colcon_ws/install/uav_utils/share/colcon-core/packages/uav_utils)
[1.358s] DEBUG:colcon.colcon_core.event_handler.log_command:Invoked command in '/root/colcon_ws/build/so3_disturbance_generator' returned '0': AMENT_PREFIX_PATH=/root/colcon_ws/install/pose_utils:${AMENT_PREFIX_PATH} CMAKE_PREFIX_PATH=/root/colcon_ws/install/pose_utils:/opt/ros/humble LD_LIBRARY_PATH=/root/colcon_ws/install/pose_utils/lib:${LD_LIBRARY_PATH} /usr/bin/cmake --build /root/colcon_ws/build/so3_disturbance_generator -- -j8 -l8
[1.358s] DEBUG:colcon.colcon_core.event_handler.log_command:Invoking command in '/root/colcon_ws/build/so3_disturbance_generator': AMENT_PREFIX_PATH=/root/colcon_ws/install/pose_utils:${AMENT_PREFIX_PATH} CMAKE_PREFIX_PATH=/root/colcon_ws/install/pose_utils:/opt/ros/humble LD_LIBRARY_PATH=/root/colcon_ws/install/pose_utils/lib:${LD_LIBRARY_PATH} /usr/bin/cmake --install /root/colcon_ws/build/so3_disturbance_generator
[1.397s] Level 1:colcon.colcon_core.environment:create_environment_scripts_only(so3_disturbance_generator)
[1.397s] Level 1:colcon.colcon_core.environment:checking '/root/colcon_ws/install/so3_disturbance_generator' for CMake module files
[1.398s] DEBUG:colcon.colcon_core.event_handler.log_command:Invoked command in '/root/colcon_ws/build/so3_disturbance_generator' returned '0': AMENT_PREFIX_PATH=/root/colcon_ws/install/pose_utils:${AMENT_PREFIX_PATH} CMAKE_PREFIX_PATH=/root/colcon_ws/install/pose_utils:/opt/ros/humble LD_LIBRARY_PATH=/root/colcon_ws/install/pose_utils/lib:${LD_LIBRARY_PATH} /usr/bin/cmake --install /root/colcon_ws/build/so3_disturbance_generator
[1.399s] Level 1:colcon.colcon_core.environment:checking '/root/colcon_ws/install/so3_disturbance_generator' for CMake config files
[1.399s] Level 1:colcon.colcon_core.shell:create_environment_hook('so3_disturbance_generator', 'cmake_prefix_path')
[1.399s] INFO:colcon.colcon_core.shell:Creating environment hook '/root/colcon_ws/install/so3_disturbance_generator/share/so3_disturbance_generator/hook/cmake_prefix_path.ps1'
[1.400s] INFO:colcon.colcon_core.shell:Creating environment descriptor '/root/colcon_ws/install/so3_disturbance_generator/share/so3_disturbance_generator/hook/cmake_prefix_path.dsv'
[1.401s] INFO:colcon.colcon_core.shell:Creating environment hook '/root/colcon_ws/install/so3_disturbance_generator/share/so3_disturbance_generator/hook/cmake_prefix_path.sh'
[1.402s] Level 1:colcon.colcon_core.environment:checking '/root/colcon_ws/install/so3_disturbance_generator/lib'
[1.402s] Level 1:colcon.colcon_core.environment:checking '/root/colcon_ws/install/so3_disturbance_generator/bin'
[1.402s] Level 1:colcon.colcon_core.environment:checking '/root/colcon_ws/install/so3_disturbance_generator/lib/pkgconfig/so3_disturbance_generator.pc'
[1.403s] Level 1:colcon.colcon_core.environment:checking '/root/colcon_ws/install/so3_disturbance_generator/lib/python3.10/site-packages'
[1.403s] Level 1:colcon.colcon_core.environment:checking '/root/colcon_ws/install/so3_disturbance_generator/bin'
[1.404s] INFO:colcon.colcon_core.shell:Creating package script '/root/colcon_ws/install/so3_disturbance_generator/share/so3_disturbance_generator/package.ps1'
[1.405s] INFO:colcon.colcon_core.shell:Creating package descriptor '/root/colcon_ws/install/so3_disturbance_generator/share/so3_disturbance_generator/package.dsv'
[1.406s] INFO:colcon.colcon_core.shell:Creating package script '/root/colcon_ws/install/so3_disturbance_generator/share/so3_disturbance_generator/package.sh'
[1.407s] INFO:colcon.colcon_core.shell:Creating package script '/root/colcon_ws/install/so3_disturbance_generator/share/so3_disturbance_generator/package.bash'
[1.408s] INFO:colcon.colcon_core.shell:Creating package script '/root/colcon_ws/install/so3_disturbance_generator/share/so3_disturbance_generator/package.zsh'
[1.408s] Level 1:colcon.colcon_core.environment:create_file_with_runtime_dependencies(/root/colcon_ws/install/so3_disturbance_generator/share/colcon-core/packages/so3_disturbance_generator)
[1.409s] Level 1:colcon.colcon_core.environment:create_environment_scripts_only(so3_disturbance_generator)
[1.410s] Level 1:colcon.colcon_core.environment:checking '/root/colcon_ws/install/so3_disturbance_generator' for CMake module files
[1.410s] Level 1:colcon.colcon_core.environment:checking '/root/colcon_ws/install/so3_disturbance_generator' for CMake config files
[1.411s] Level 1:colcon.colcon_core.shell:create_environment_hook('so3_disturbance_generator', 'cmake_prefix_path')
[1.411s] INFO:colcon.colcon_core.shell:Creating environment hook '/root/colcon_ws/install/so3_disturbance_generator/share/so3_disturbance_generator/hook/cmake_prefix_path.ps1'
[1.412s] INFO:colcon.colcon_core.shell:Creating environment descriptor '/root/colcon_ws/install/so3_disturbance_generator/share/so3_disturbance_generator/hook/cmake_prefix_path.dsv'
[1.412s] INFO:colcon.colcon_core.shell:Creating environment hook '/root/colcon_ws/install/so3_disturbance_generator/share/so3_disturbance_generator/hook/cmake_prefix_path.sh'
[1.413s] Level 1:colcon.colcon_core.environment:checking '/root/colcon_ws/install/so3_disturbance_generator/lib'
[1.414s] Level 1:colcon.colcon_core.environment:checking '/root/colcon_ws/install/so3_disturbance_generator/bin'
[1.414s] Level 1:colcon.colcon_core.environment:checking '/root/colcon_ws/install/so3_disturbance_generator/lib/pkgconfig/so3_disturbance_generator.pc'
[1.414s] Level 1:colcon.colcon_core.environment:checking '/root/colcon_ws/install/so3_disturbance_generator/lib/python3.10/site-packages'
[1.415s] Level 1:colcon.colcon_core.environment:checking '/root/colcon_ws/install/so3_disturbance_generator/bin'
[1.415s] INFO:colcon.colcon_core.shell:Creating package script '/root/colcon_ws/install/so3_disturbance_generator/share/so3_disturbance_generator/package.ps1'
[1.416s] INFO:colcon.colcon_core.shell:Creating package descriptor '/root/colcon_ws/install/so3_disturbance_generator/share/so3_disturbance_generator/package.dsv'
[1.417s] INFO:colcon.colcon_core.shell:Creating package script '/root/colcon_ws/install/so3_disturbance_generator/share/so3_disturbance_generator/package.sh'
[1.418s] INFO:colcon.colcon_core.shell:Creating package script '/root/colcon_ws/install/so3_disturbance_generator/share/so3_disturbance_generator/package.bash'
[1.419s] INFO:colcon.colcon_core.shell:Creating package script '/root/colcon_ws/install/so3_disturbance_generator/share/so3_disturbance_generator/package.zsh'
[1.419s] Level 1:colcon.colcon_core.environment:create_file_with_runtime_dependencies(/root/colcon_ws/install/so3_disturbance_generator/share/colcon-core/packages/so3_disturbance_generator)
[1.636s] DEBUG:colcon.colcon_core.event_handler.log_command:Invoked command in '/root/colcon_ws/build/quadrotor_msgs' returned '0': CMAKE_PREFIX_PATH=/opt/ros/humble /usr/bin/cmake --build /root/colcon_ws/build/quadrotor_msgs -- -j8 -l8
[1.637s] DEBUG:colcon.colcon_core.event_handler.log_command:Invoking command in '/root/colcon_ws/build/quadrotor_msgs': CMAKE_PREFIX_PATH=/opt/ros/humble /usr/bin/cmake --install /root/colcon_ws/build/quadrotor_msgs
[1.904s] Level 1:colcon.colcon_core.environment:create_environment_scripts_only(quadrotor_msgs)
[1.905s] Level 1:colcon.colcon_core.environment:checking '/root/colcon_ws/install/quadrotor_msgs' for CMake module files
[1.905s] DEBUG:colcon.colcon_core.event_handler.log_command:Invoked command in '/root/colcon_ws/build/quadrotor_msgs' returned '0': CMAKE_PREFIX_PATH=/opt/ros/humble /usr/bin/cmake --install /root/colcon_ws/build/quadrotor_msgs
[1.906s] Level 1:colcon.colcon_core.environment:checking '/root/colcon_ws/install/quadrotor_msgs' for CMake config files
[1.907s] Level 1:colcon.colcon_core.shell:create_environment_hook('quadrotor_msgs', 'cmake_prefix_path')
[1.908s] INFO:colcon.colcon_core.shell:Creating environment hook '/root/colcon_ws/install/quadrotor_msgs/share/quadrotor_msgs/hook/cmake_prefix_path.ps1'
[1.909s] INFO:colcon.colcon_core.shell:Creating environment descriptor '/root/colcon_ws/install/quadrotor_msgs/share/quadrotor_msgs/hook/cmake_prefix_path.dsv'
[1.910s] INFO:colcon.colcon_core.shell:Creating environment hook '/root/colcon_ws/install/quadrotor_msgs/share/quadrotor_msgs/hook/cmake_prefix_path.sh'
[1.910s] Level 1:colcon.colcon_core.environment:checking '/root/colcon_ws/install/quadrotor_msgs/lib'
[1.911s] Level 1:colcon.colcon_core.shell:create_environment_hook('quadrotor_msgs', 'ld_library_path_lib')
[1.911s] INFO:colcon.colcon_core.shell:Creating environment hook '/root/colcon_ws/install/quadrotor_msgs/share/quadrotor_msgs/hook/ld_library_path_lib.ps1'
[1.912s] INFO:colcon.colcon_core.shell:Creating environment descriptor '/root/colcon_ws/install/quadrotor_msgs/share/quadrotor_msgs/hook/ld_library_path_lib.dsv'
[1.912s] INFO:colcon.colcon_core.shell:Creating environment hook '/root/colcon_ws/install/quadrotor_msgs/share/quadrotor_msgs/hook/ld_library_path_lib.sh'
[1.913s] Level 1:colcon.colcon_core.environment:checking '/root/colcon_ws/install/quadrotor_msgs/bin'
[1.913s] Level 1:colcon.colcon_core.environment:checking '/root/colcon_ws/install/quadrotor_msgs/lib/pkgconfig/quadrotor_msgs.pc'
[1.913s] Level 1:colcon.colcon_core.environment:checking '/root/colcon_ws/install/quadrotor_msgs/lib/python3.10/site-packages'
[1.914s] Level 1:colcon.colcon_core.environment:checking '/root/colcon_ws/install/quadrotor_msgs/bin'
[1.914s] INFO:colcon.colcon_core.shell:Creating package script '/root/colcon_ws/install/quadrotor_msgs/share/quadrotor_msgs/package.ps1'
[1.915s] INFO:colcon.colcon_core.shell:Creating package descriptor '/root/colcon_ws/install/quadrotor_msgs/share/quadrotor_msgs/package.dsv'
[1.916s] INFO:colcon.colcon_core.shell:Creating package script '/root/colcon_ws/install/quadrotor_msgs/share/quadrotor_msgs/package.sh'
[1.917s] INFO:colcon.colcon_core.shell:Creating package script '/root/colcon_ws/install/quadrotor_msgs/share/quadrotor_msgs/package.bash'
[1.918s] INFO:colcon.colcon_core.shell:Creating package script '/root/colcon_ws/install/quadrotor_msgs/share/quadrotor_msgs/package.zsh'
[1.918s] Level 1:colcon.colcon_core.environment:create_file_with_runtime_dependencies(/root/colcon_ws/install/quadrotor_msgs/share/colcon-core/packages/quadrotor_msgs)
[1.919s] Level 1:colcon.colcon_core.environment:create_environment_scripts_only(quadrotor_msgs)
[1.920s] Level 1:colcon.colcon_core.environment:checking '/root/colcon_ws/install/quadrotor_msgs' for CMake module files
[1.922s] Level 1:colcon.colcon_core.environment:checking '/root/colcon_ws/install/quadrotor_msgs' for CMake config files
[1.924s] Level 1:colcon.colcon_core.shell:create_environment_hook('quadrotor_msgs', 'cmake_prefix_path')
[1.925s] INFO:colcon.colcon_core.shell:Creating environment hook '/root/colcon_ws/install/quadrotor_msgs/share/quadrotor_msgs/hook/cmake_prefix_path.ps1'
[1.926s] INFO:colcon.colcon_core.shell:Creating environment descriptor '/root/colcon_ws/install/quadrotor_msgs/share/quadrotor_msgs/hook/cmake_prefix_path.dsv'
[1.927s] INFO:colcon.colcon_core.shell:Creating environment hook '/root/colcon_ws/install/quadrotor_msgs/share/quadrotor_msgs/hook/cmake_prefix_path.sh'
[1.931s] Level 1:colcon.colcon_core.environment:checking '/root/colcon_ws/install/quadrotor_msgs/lib'
[1.931s] Level 1:colcon.colcon_core.shell:create_environment_hook('quadrotor_msgs', 'ld_library_path_lib')
[1.932s] INFO:colcon.colcon_core.shell:Creating environment hook '/root/colcon_ws/install/quadrotor_msgs/share/quadrotor_msgs/hook/ld_library_path_lib.ps1'
[1.934s] INFO:colcon.colcon_core.shell:Creating environment descriptor '/root/colcon_ws/install/quadrotor_msgs/share/quadrotor_msgs/hook/ld_library_path_lib.dsv'
[1.935s] INFO:colcon.colcon_core.shell:Creating environment hook '/root/colcon_ws/install/quadrotor_msgs/share/quadrotor_msgs/hook/ld_library_path_lib.sh'
[1.936s] Level 1:colcon.colcon_core.environment:checking '/root/colcon_ws/install/quadrotor_msgs/bin'
[1.937s] Level 1:colcon.colcon_core.environment:checking '/root/colcon_ws/install/quadrotor_msgs/lib/pkgconfig/quadrotor_msgs.pc'
[1.938s] Level 1:colcon.colcon_core.environment:checking '/root/colcon_ws/install/quadrotor_msgs/lib/python3.10/site-packages'
[1.939s] Level 1:colcon.colcon_core.environment:checking '/root/colcon_ws/install/quadrotor_msgs/bin'
[1.939s] INFO:colcon.colcon_core.shell:Creating package script '/root/colcon_ws/install/quadrotor_msgs/share/quadrotor_msgs/package.ps1'
[1.943s] INFO:colcon.colcon_core.shell:Creating package descriptor '/root/colcon_ws/install/quadrotor_msgs/share/quadrotor_msgs/package.dsv'
[1.944s] INFO:colcon.colcon_core.shell:Creating package script '/root/colcon_ws/install/quadrotor_msgs/share/quadrotor_msgs/package.sh'
[1.945s] INFO:colcon.colcon_core.shell:Creating package script '/root/colcon_ws/install/quadrotor_msgs/share/quadrotor_msgs/package.bash'
[1.946s] INFO:colcon.colcon_core.shell:Creating package script '/root/colcon_ws/install/quadrotor_msgs/share/quadrotor_msgs/package.zsh'
[1.947s] Level 1:colcon.colcon_core.environment:create_file_with_runtime_dependencies(/root/colcon_ws/install/quadrotor_msgs/share/colcon-core/packages/quadrotor_msgs)
[1.948s] INFO:colcon.colcon_ros.task.ament_cmake.build:Building ROS package in '/root/colcon_ws/src/Fast-Planner/uav_simulator/Utils/multi_map_server' with build type 'ament_cmake'
[1.948s] INFO:colcon.colcon_cmake.task.cmake.build:Building CMake package in '/root/colcon_ws/src/Fast-Planner/uav_simulator/Utils/multi_map_server'
[1.949s] INFO:colcon.colcon_core.shell:Skip shell extension 'powershell' for command environment: Not usable outside of PowerShell
[1.949s] DEBUG:colcon.colcon_core.shell:Skip shell extension 'dsv' for command environment
[1.967s] INFO:colcon.colcon_ros.task.ament_cmake.build:Building ROS package in '/root/colcon_ws/src/Fast-Planner/uav_simulator/local_sensing' with build type 'ament_cmake'
[1.969s] INFO:colcon.colcon_cmake.task.cmake.build:Building CMake package in '/root/colcon_ws/src/Fast-Planner/uav_simulator/local_sensing'
[1.969s] INFO:colcon.colcon_core.shell:Skip shell extension 'powershell' for command environment: Not usable outside of PowerShell
[1.970s] DEBUG:colcon.colcon_core.shell:Skip shell extension 'dsv' for command environment
[1.981s] INFO:colcon.colcon_ros.task.ament_cmake.build:Building ROS package in '/root/colcon_ws/src/Fast-Planner/uav_simulator/Utils/odom_visualization' with build type 'ament_cmake'
[1.982s] INFO:colcon.colcon_cmake.task.cmake.build:Building CMake package in '/root/colcon_ws/src/Fast-Planner/uav_simulator/Utils/odom_visualization'
[1.983s] INFO:colcon.colcon_core.shell:Skip shell extension 'powershell' for command environment: Not usable outside of PowerShell
[1.983s] DEBUG:colcon.colcon_core.shell:Skip shell extension 'dsv' for command environment
[1.991s] INFO:colcon.colcon_ros.task.ament_cmake.build:Building ROS package in '/root/colcon_ws/src/Fast-Planner/uav_simulator/so3_control' with build type 'ament_cmake'
[1.992s] INFO:colcon.colcon_cmake.task.cmake.build:Building CMake package in '/root/colcon_ws/src/Fast-Planner/uav_simulator/so3_control'
[1.992s] INFO:colcon.colcon_core.shell:Skip shell extension 'powershell' for command environment: Not usable outside of PowerShell
[1.992s] DEBUG:colcon.colcon_core.shell:Skip shell extension 'dsv' for command environment
[2.001s] INFO:colcon.colcon_ros.task.ament_cmake.build:Building ROS package in '/root/colcon_ws/src/Fast-Planner/uav_simulator/so3_quadrotor_simulator' with build type 'ament_cmake'
[2.001s] INFO:colcon.colcon_cmake.task.cmake.build:Building CMake package in '/root/colcon_ws/src/Fast-Planner/uav_simulator/so3_quadrotor_simulator'
[2.005s] INFO:colcon.colcon_core.shell:Skip shell extension 'powershell' for command environment: Not usable outside of PowerShell
[2.005s] DEBUG:colcon.colcon_core.shell:Skip shell extension 'dsv' for command environment
[2.022s] DEBUG:colcon.colcon_core.event_handler.log_command:Invoking command in '/root/colcon_ws/build/multi_map_server': AMENT_PREFIX_PATH=/root/colcon_ws/install/quadrotor_msgs:/root/colcon_ws/install/pose_utils:${AMENT_PREFIX_PATH} CMAKE_PREFIX_PATH=/root/colcon_ws/install/quadrotor_msgs:/root/colcon_ws/install/pose_utils:/opt/ros/humble LD_LIBRARY_PATH=/root/colcon_ws/install/quadrotor_msgs/lib:/root/colcon_ws/install/pose_utils/lib:${LD_LIBRARY_PATH} PYTHONPATH=/root/colcon_ws/install/quadrotor_msgs/local/lib/python3.10/dist-packages:${PYTHONPATH} /usr/bin/cmake /root/colcon_ws/src/Fast-Planner/uav_simulator/Utils/multi_map_server -DCMAKE_INSTALL_PREFIX=/root/colcon_ws/install/multi_map_server
[2.034s] DEBUG:colcon.colcon_core.event_handler.log_command:Invoking command in '/root/colcon_ws/build/local_sensing_node': AMENT_PREFIX_PATH=/root/colcon_ws/install/quadrotor_msgs:${AMENT_PREFIX_PATH} CMAKE_PREFIX_PATH=/root/colcon_ws/install/quadrotor_msgs:/opt/ros/humble LD_LIBRARY_PATH=/root/colcon_ws/install/quadrotor_msgs/lib:${LD_LIBRARY_PATH} PYTHONPATH=/root/colcon_ws/install/quadrotor_msgs/local/lib/python3.10/dist-packages:${PYTHONPATH} /usr/bin/cmake /root/colcon_ws/src/Fast-Planner/uav_simulator/local_sensing -DCMAKE_INSTALL_PREFIX=/root/colcon_ws/install/local_sensing_node
[2.051s] DEBUG:colcon.colcon_core.event_handler.log_command:Invoking command in '/root/colcon_ws/build/odom_visualization': AMENT_PREFIX_PATH=/root/colcon_ws/install/quadrotor_msgs:/root/colcon_ws/install/pose_utils:${AMENT_PREFIX_PATH} CMAKE_PREFIX_PATH=/root/colcon_ws/install/quadrotor_msgs:/root/colcon_ws/install/pose_utils:/opt/ros/humble LD_LIBRARY_PATH=/root/colcon_ws/install/quadrotor_msgs/lib:/root/colcon_ws/install/pose_utils/lib:${LD_LIBRARY_PATH} PYTHONPATH=/root/colcon_ws/install/quadrotor_msgs/local/lib/python3.10/dist-packages:${PYTHONPATH} /usr/bin/cmake /root/colcon_ws/src/Fast-Planner/uav_simulator/Utils/odom_visualization -DCMAKE_INSTALL_PREFIX=/root/colcon_ws/install/odom_visualization
[2.068s] DEBUG:colcon.colcon_core.event_handler.log_command:Invoking command in '/root/colcon_ws/build/so3_control': AMENT_PREFIX_PATH=/root/colcon_ws/install/quadrotor_msgs:/root/colcon_ws/install/cmake_utils:${AMENT_PREFIX_PATH} CMAKE_PREFIX_PATH=/root/colcon_ws/install/quadrotor_msgs:/root/colcon_ws/install/cmake_utils:/opt/ros/humble LD_LIBRARY_PATH=/root/colcon_ws/install/quadrotor_msgs/lib:${LD_LIBRARY_PATH} PYTHONPATH=/root/colcon_ws/install/quadrotor_msgs/local/lib/python3.10/dist-packages:${PYTHONPATH} /usr/bin/cmake /root/colcon_ws/src/Fast-Planner/uav_simulator/so3_control -DCMAKE_INSTALL_PREFIX=/root/colcon_ws/install/so3_control
[2.075s] DEBUG:colcon.colcon_core.event_handler.log_command:Invoking command in '/root/colcon_ws/build/so3_quadrotor_simulator': AMENT_PREFIX_PATH=/root/colcon_ws/install/uav_utils:/root/colcon_ws/install/quadrotor_msgs:/root/colcon_ws/install/cmake_utils:${AMENT_PREFIX_PATH} CMAKE_PREFIX_PATH=/root/colcon_ws/install/uav_utils:/root/colcon_ws/install/quadrotor_msgs:/root/colcon_ws/install/cmake_utils:/opt/ros/humble LD_LIBRARY_PATH=/root/colcon_ws/install/quadrotor_msgs/lib:${LD_LIBRARY_PATH} PYTHONPATH=/root/colcon_ws/install/quadrotor_msgs/local/lib/python3.10/dist-packages:${PYTHONPATH} /usr/bin/cmake /root/colcon_ws/src/Fast-Planner/uav_simulator/so3_quadrotor_simulator -DCMAKE_INSTALL_PREFIX=/root/colcon_ws/install/so3_quadrotor_simulator
[5.957s] DEBUG:colcon.colcon_core.event_handler.log_command:Invoked command in '/root/colcon_ws/build/odom_visualization' returned '0': AMENT_PREFIX_PATH=/root/colcon_ws/install/quadrotor_msgs:/root/colcon_ws/install/pose_utils:${AMENT_PREFIX_PATH} CMAKE_PREFIX_PATH=/root/colcon_ws/install/quadrotor_msgs:/root/colcon_ws/install/pose_utils:/opt/ros/humble LD_LIBRARY_PATH=/root/colcon_ws/install/quadrotor_msgs/lib:/root/colcon_ws/install/pose_utils/lib:${LD_LIBRARY_PATH} PYTHONPATH=/root/colcon_ws/install/quadrotor_msgs/local/lib/python3.10/dist-packages:${PYTHONPATH} /usr/bin/cmake /root/colcon_ws/src/Fast-Planner/uav_simulator/Utils/odom_visualization -DCMAKE_INSTALL_PREFIX=/root/colcon_ws/install/odom_visualization
[5.958s] DEBUG:colcon.colcon_core.event_handler.log_command:Invoking command in '/root/colcon_ws/build/odom_visualization': AMENT_PREFIX_PATH=/root/colcon_ws/install/quadrotor_msgs:/root/colcon_ws/install/pose_utils:${AMENT_PREFIX_PATH} CMAKE_PREFIX_PATH=/root/colcon_ws/install/quadrotor_msgs:/root/colcon_ws/install/pose_utils:/opt/ros/humble LD_LIBRARY_PATH=/root/colcon_ws/install/quadrotor_msgs/lib:/root/colcon_ws/install/pose_utils/lib:${LD_LIBRARY_PATH} PYTHONPATH=/root/colcon_ws/install/quadrotor_msgs/local/lib/python3.10/dist-packages:${PYTHONPATH} /usr/bin/cmake --build /root/colcon_ws/build/odom_visualization -- -j8 -l8
[5.958s] DEBUG:colcon.colcon_core.event_handler.log_command:Invoked command in '/root/colcon_ws/build/so3_control' returned '0': AMENT_PREFIX_PATH=/root/colcon_ws/install/quadrotor_msgs:/root/colcon_ws/install/cmake_utils:${AMENT_PREFIX_PATH} CMAKE_PREFIX_PATH=/root/colcon_ws/install/quadrotor_msgs:/root/colcon_ws/install/cmake_utils:/opt/ros/humble LD_LIBRARY_PATH=/root/colcon_ws/install/quadrotor_msgs/lib:${LD_LIBRARY_PATH} PYTHONPATH=/root/colcon_ws/install/quadrotor_msgs/local/lib/python3.10/dist-packages:${PYTHONPATH} /usr/bin/cmake /root/colcon_ws/src/Fast-Planner/uav_simulator/so3_control -DCMAKE_INSTALL_PREFIX=/root/colcon_ws/install/so3_control
[5.958s] DEBUG:colcon.colcon_core.event_handler.log_command:Invoking command in '/root/colcon_ws/build/so3_control': AMENT_PREFIX_PATH=/root/colcon_ws/install/quadrotor_msgs:/root/colcon_ws/install/cmake_utils:${AMENT_PREFIX_PATH} CMAKE_PREFIX_PATH=/root/colcon_ws/install/quadrotor_msgs:/root/colcon_ws/install/cmake_utils:/opt/ros/humble LD_LIBRARY_PATH=/root/colcon_ws/install/quadrotor_msgs/lib:${LD_LIBRARY_PATH} PYTHONPATH=/root/colcon_ws/install/quadrotor_msgs/local/lib/python3.10/dist-packages:${PYTHONPATH} /usr/bin/cmake --build /root/colcon_ws/build/so3_control -- -j8 -l8
[5.969s] DEBUG:colcon.colcon_core.event_handler.log_command:Invoked command in '/root/colcon_ws/build/so3_quadrotor_simulator' returned '0': AMENT_PREFIX_PATH=/root/colcon_ws/install/uav_utils:/root/colcon_ws/install/quadrotor_msgs:/root/colcon_ws/install/cmake_utils:${AMENT_PREFIX_PATH} CMAKE_PREFIX_PATH=/root/colcon_ws/install/uav_utils:/root/colcon_ws/install/quadrotor_msgs:/root/colcon_ws/install/cmake_utils:/opt/ros/humble LD_LIBRARY_PATH=/root/colcon_ws/install/quadrotor_msgs/lib:${LD_LIBRARY_PATH} PYTHONPATH=/root/colcon_ws/install/quadrotor_msgs/local/lib/python3.10/dist-packages:${PYTHONPATH} /usr/bin/cmake /root/colcon_ws/src/Fast-Planner/uav_simulator/so3_quadrotor_simulator -DCMAKE_INSTALL_PREFIX=/root/colcon_ws/install/so3_quadrotor_simulator
[5.970s] DEBUG:colcon.colcon_core.event_handler.log_command:Invoking command in '/root/colcon_ws/build/so3_quadrotor_simulator': AMENT_PREFIX_PATH=/root/colcon_ws/install/uav_utils:/root/colcon_ws/install/quadrotor_msgs:/root/colcon_ws/install/cmake_utils:${AMENT_PREFIX_PATH} CMAKE_PREFIX_PATH=/root/colcon_ws/install/uav_utils:/root/colcon_ws/install/quadrotor_msgs:/root/colcon_ws/install/cmake_utils:/opt/ros/humble LD_LIBRARY_PATH=/root/colcon_ws/install/quadrotor_msgs/lib:${LD_LIBRARY_PATH} PYTHONPATH=/root/colcon_ws/install/quadrotor_msgs/local/lib/python3.10/dist-packages:${PYTHONPATH} /usr/bin/cmake --build /root/colcon_ws/build/so3_quadrotor_simulator -- -j8 -l8
[7.406s] Level 1:colcon.colcon_core.environment:create_environment_scripts_only(odom_visualization)
[7.406s] Level 1:colcon.colcon_core.environment:checking '/root/colcon_ws/install/odom_visualization' for CMake module files
[7.407s] Level 1:colcon.colcon_core.environment:checking '/root/colcon_ws/install/odom_visualization' for CMake config files
[7.407s] Level 1:colcon.colcon_core.environment:checking '/root/colcon_ws/install/odom_visualization/bin'
[7.407s] Level 1:colcon.colcon_core.environment:checking '/root/colcon_ws/install/odom_visualization/lib/pkgconfig/odom_visualization.pc'
[7.408s] Level 1:colcon.colcon_core.environment:checking '/root/colcon_ws/install/odom_visualization/lib/python3.10/site-packages'
[7.408s] Level 1:colcon.colcon_core.environment:checking '/root/colcon_ws/install/odom_visualization/bin'
[7.409s] INFO:colcon.colcon_core.shell:Creating package script '/root/colcon_ws/install/odom_visualization/share/odom_visualization/package.ps1'
[7.411s] INFO:colcon.colcon_core.shell:Creating package descriptor '/root/colcon_ws/install/odom_visualization/share/odom_visualization/package.dsv'
[7.412s] INFO:colcon.colcon_core.shell:Creating package script '/root/colcon_ws/install/odom_visualization/share/odom_visualization/package.sh'
[7.413s] INFO:colcon.colcon_core.shell:Creating package script '/root/colcon_ws/install/odom_visualization/share/odom_visualization/package.bash'
[7.413s] INFO:colcon.colcon_core.shell:Creating package script '/root/colcon_ws/install/odom_visualization/share/odom_visualization/package.zsh'
[7.414s] Level 1:colcon.colcon_core.environment:create_file_with_runtime_dependencies(/root/colcon_ws/install/odom_visualization/share/colcon-core/packages/odom_visualization)
[7.416s] DEBUG:colcon.colcon_core.event_handler.log_command:Invoked command in '/root/colcon_ws/build/odom_visualization' returned '2': AMENT_PREFIX_PATH=/root/colcon_ws/install/quadrotor_msgs:/root/colcon_ws/install/pose_utils:${AMENT_PREFIX_PATH} CMAKE_PREFIX_PATH=/root/colcon_ws/install/quadrotor_msgs:/root/colcon_ws/install/pose_utils:/opt/ros/humble LD_LIBRARY_PATH=/root/colcon_ws/install/quadrotor_msgs/lib:/root/colcon_ws/install/pose_utils/lib:${LD_LIBRARY_PATH} PYTHONPATH=/root/colcon_ws/install/quadrotor_msgs/local/lib/python3.10/dist-packages:${PYTHONPATH} /usr/bin/cmake --build /root/colcon_ws/build/odom_visualization -- -j8 -l8
[61.155s] DEBUG:colcon.colcon_parallel_executor.executor.parallel:closing loop
[61.156s] DEBUG:colcon.colcon_parallel_executor.executor.parallel:loop closed
[61.156s] DEBUG:colcon.colcon_parallel_executor.executor.parallel:run_until_complete finished with '2'
[61.156s] DEBUG:colcon.colcon_core.event_reactor:joining thread
[61.180s] INFO:colcon.colcon_core.plugin_system:Skipping extension 'colcon_notification.desktop_notification.notify_send': Could not find 'notify-send'
[61.180s] INFO:colcon.colcon_core.plugin_system:Skipping extension 'colcon_notification.desktop_notification.terminal_notifier': Not used on non-Darwin systems
[61.181s] INFO:colcon.colcon_core.plugin_system:Skipping extension 'colcon_notification.desktop_notification.win32': Not used on non-Windows systems
[61.181s] INFO:colcon.colcon_notification.desktop_notification:Sending desktop notification using 'notify2'
[61.194s] DEBUG:colcon.colcon_notification.desktop_notification.notify2:Failed to initialize notify2: org.freedesktop.DBus.Error.Spawn.ExecFailed: /usr/bin/dbus-launch terminated abnormally without any error message
[61.195s] DEBUG:colcon.colcon_core.event_reactor:joined thread
[61.197s] INFO:colcon.colcon_core.shell:Creating prefix script '/root/colcon_ws/install/local_setup.ps1'
[61.203s] INFO:colcon.colcon_core.shell:Creating prefix util module '/root/colcon_ws/install/_local_setup_util_ps1.py'
[61.209s] INFO:colcon.colcon_core.shell:Creating prefix chain script '/root/colcon_ws/install/setup.ps1'
[61.212s] INFO:colcon.colcon_core.shell:Creating prefix script '/root/colcon_ws/install/local_setup.sh'
[61.215s] INFO:colcon.colcon_core.shell:Creating prefix util module '/root/colcon_ws/install/_local_setup_util_sh.py'
[61.217s] INFO:colcon.colcon_core.shell:Creating prefix chain script '/root/colcon_ws/install/setup.sh'
[61.221s] INFO:colcon.colcon_core.shell:Creating prefix script '/root/colcon_ws/install/local_setup.bash'
[61.223s] INFO:colcon.colcon_core.shell:Creating prefix chain script '/root/colcon_ws/install/setup.bash'
[61.226s] INFO:colcon.colcon_core.shell:Creating prefix script '/root/colcon_ws/install/local_setup.zsh'
[61.228s] INFO:colcon.colcon_core.shell:Creating prefix chain script '/root/colcon_ws/install/setup.zsh'
