[0.050s] Invoking command in '/root/colcon_ws/build/plan_env': CMAKE_PREFIX_PATH=/opt/ros/humble /usr/bin/cmake /root/colcon_ws/src/Fast-Planner/fast_planner/plan_env -DCMAKE_INSTALL_PREFIX=/root/colcon_ws/install/plan_env
[0.161s] -- The C compiler identification is GNU 11.4.0
[0.271s] -- The CXX compiler identification is GNU 11.4.0
[0.292s] -- Detecting C compiler ABI info
[0.448s] -- Detecting C compiler ABI info - done
[0.466s] -- Check for working C compiler: /usr/bin/cc - skipped
[0.467s] -- Detecting C compile features
[0.469s] -- Detecting C compile features - done
[0.475s] -- Detecting CXX compiler ABI info
[0.656s] -- Detecting CXX compiler ABI info - done
[0.674s] -- Check for working CXX compiler: /usr/bin/c++ - skipped
[0.675s] -- Detecting CXX compile features
[0.676s] -- Detecting CXX compile features - done
[0.686s] -- Found ament_cmake: 1.3.13 (/opt/ros/humble/share/ament_cmake/cmake)
[1.040s] -- Found Python3: /usr/bin/python3 (found version "3.10.12") found components: Interpreter 
[1.247s] -- Found rclcpp: 16.0.18 (/opt/ros/humble/share/rclcpp/cmake)
[1.320s] -- Found rosidl_generator_c: 3.1.8 (/opt/ros/humble/share/rosidl_generator_c/cmake)
[1.329s] -- Found rosidl_adapter: 3.1.8 (/opt/ros/humble/share/rosidl_adapter/cmake)
[1.346s] -- Found rosidl_generator_cpp: 3.1.8 (/opt/ros/humble/share/rosidl_generator_cpp/cmake)
[1.366s] -- Using all available rosidl_typesupport_c: rosidl_typesupport_fastrtps_c;rosidl_typesupport_introspection_c
[1.397s] -- Using all available rosidl_typesupport_cpp: rosidl_typesupport_fastrtps_cpp;rosidl_typesupport_introspection_cpp
[1.475s] -- Found rmw_implementation_cmake: 6.1.2 (/opt/ros/humble/share/rmw_implementation_cmake/cmake)
[1.480s] -- Found rmw_fastrtps_cpp: 6.2.10 (/opt/ros/humble/share/rmw_fastrtps_cpp/cmake)
[1.640s] -- Found OpenSSL: /usr/lib/aarch64-linux-gnu/libcrypto.so (found version "3.0.2")  
[1.699s] -- Found FastRTPS: /opt/ros/humble/include  
[1.786s] -- Using RMW implementation 'rmw_fastrtps_cpp' as default
[1.806s] -- Looking for pthread.h
[1.954s] -- Looking for pthread.h - found
[1.955s] -- Performing Test CMAKE_HAVE_LIBC_PTHREAD
[2.114s] -- Performing Test CMAKE_HAVE_LIBC_PTHREAD - Success
[2.118s] -- Found Threads: TRUE  
[2.211s] -- Found geometry_msgs: 4.9.1 (/opt/ros/humble/share/geometry_msgs/cmake)
[2.233s] -- Found nav_msgs: 4.9.1 (/opt/ros/humble/share/nav_msgs/cmake)
[2.269s] -- Found sensor_msgs: 4.9.1 (/opt/ros/humble/share/sensor_msgs/cmake)
[2.298s] -- Found visualization_msgs: 4.9.1 (/opt/ros/humble/share/visualization_msgs/cmake)
[2.332s] -- Found cv_bridge: 3.2.1 (/opt/ros/humble/share/cv_bridge/cmake)
[2.353s] -- Found message_filters: 4.3.14 (/opt/ros/humble/share/message_filters/cmake)
[2.364s] -- Found pcl_conversions: 2.4.5 (/opt/ros/humble/share/pcl_conversions/cmake)
[2.450s] -- Checking for module 'eigen3'
[2.480s] --   Found eigen3, version 3.4.0
[2.563s] -- Found Eigen: /usr/include/eigen3 (Required is at least version "3.1") 
[2.564s] -- Eigen found (include: /usr/include/eigen3, version: 3.4.0)
[2.648s] -- Checking for module 'flann'
[2.686s] --   Found flann, version 1.9.1
[2.782s] -- Found FLANN: /usr/lib/aarch64-linux-gnu/libflann_cpp.so  
[2.783s] -- FLANN found (include: /usr/include, lib: /usr/lib/aarch64-linux-gnu/libflann_cpp.so)
[5.140s] -- Checking for module 'libusb-1.0'
[5.197s] --   Found libusb-1.0, version 1.0.25
[5.328s] -- Found libusb: /usr/lib/aarch64-linux-gnu/libusb-1.0.so  
[5.330s] -- OpenNI found (version: 1.5.4.0, include: /usr/include/ni, lib: /usr/lib/libOpenNI.so;libusb::libusb)
[5.512s] -- OpenNI2 found (version: 2.2.0.33, include: /usr/include/openni2, lib: /usr/lib/aarch64-linux-gnu/libOpenNI2.so;libusb::libusb)
[5.828s] -- Eigen found (include: /usr/include/eigen3, version: 3.4.0)
[5.842s] -- OpenNI found (version: 1.5.4.0, include: /usr/include/ni, lib: /usr/lib/libOpenNI.so;libusb::libusb)
[5.858s] -- OpenNI2 found (version: 2.2.0.33, include: /usr/include/openni2, lib: /usr/lib/aarch64-linux-gnu/libOpenNI2.so;libusb::libusb)
[6.154s] -- Found Qhull version 8.0.2
[6.489s] -- OpenNI found (version: 1.5.4.0, include: /usr/include/ni, lib: /usr/lib/libOpenNI.so;libusb::libusb)
[6.882s] -- Found PCL_COMMON: /usr/lib/aarch64-linux-gnu/libpcl_common.so  
[6.883s] -- Found PCL_KDTREE: /usr/lib/aarch64-linux-gnu/libpcl_kdtree.so  
[6.885s] -- Found PCL_OCTREE: /usr/lib/aarch64-linux-gnu/libpcl_octree.so  
[6.887s] -- Found PCL_SEARCH: /usr/lib/aarch64-linux-gnu/libpcl_search.so  
[6.889s] -- Found PCL_SAMPLE_CONSENSUS: /usr/lib/aarch64-linux-gnu/libpcl_sample_consensus.so  
[6.891s] -- Found PCL_FILTERS: /usr/lib/aarch64-linux-gnu/libpcl_filters.so  
[6.891s] -- Found PCL_2D: /usr/include/pcl-1.12  
[6.892s] -- Found PCL_GEOMETRY: /usr/include/pcl-1.12  
[6.895s] -- Found PCL_IO: /usr/lib/aarch64-linux-gnu/libpcl_io.so  
[6.898s] -- Found PCL_FEATURES: /usr/lib/aarch64-linux-gnu/libpcl_features.so  
[6.902s] -- Found PCL_ML: /usr/lib/aarch64-linux-gnu/libpcl_ml.so  
[6.904s] -- Found PCL_SEGMENTATION: /usr/lib/aarch64-linux-gnu/libpcl_segmentation.so  
[6.906s] -- Found PCL_VISUALIZATION: /usr/lib/aarch64-linux-gnu/libpcl_visualization.so  
[6.908s] -- Found PCL_SURFACE: /usr/lib/aarch64-linux-gnu/libpcl_surface.so  
[6.909s] -- Found PCL_REGISTRATION: /usr/lib/aarch64-linux-gnu/libpcl_registration.so  
[6.911s] -- Found PCL_KEYPOINTS: /usr/lib/aarch64-linux-gnu/libpcl_keypoints.so  
[6.912s] -- Found PCL_TRACKING: /usr/lib/aarch64-linux-gnu/libpcl_tracking.so  
[6.914s] -- Found PCL_RECOGNITION: /usr/lib/aarch64-linux-gnu/libpcl_recognition.so  
[6.916s] -- Found PCL_STEREO: /usr/lib/aarch64-linux-gnu/libpcl_stereo.so  
[6.917s] -- Found PCL_APPS: /usr/lib/aarch64-linux-gnu/libpcl_apps.so  
[6.919s] -- Found PCL_IN_HAND_SCANNER: /usr/include/pcl-1.12  
[6.919s] -- Found PCL_MODELER: /usr/include/pcl-1.12  
[6.920s] -- Found PCL_POINT_CLOUD_EDITOR: /usr/include/pcl-1.12  
[6.921s] -- Found PCL_OUTOFCORE: /usr/lib/aarch64-linux-gnu/libpcl_outofcore.so  
[6.923s] -- Found PCL_PEOPLE: /usr/lib/aarch64-linux-gnu/libpcl_people.so  
[6.934s] -- Found OpenCV: /usr (found version "4.5.4") 
[6.959s] [33mCMake Warning (dev) at CMakeLists.txt:20 (find_package):
[6.960s]   Policy CMP0074 is not set: find_package uses <PackageName>_ROOT variables.
[6.960s]   Run "cmake --help-policy CMP0074" for policy details.  Use the cmake_policy
[6.960s]   command to set the policy and suppress this warning.
[6.960s] 
[6.960s]   CMake variable PCL_ROOT is set to:
[6.960s] 
[6.960s]     /usr
[6.960s] 
[6.960s]   For compatibility, CMake is ignoring the variable.
[6.960s] This warning is for project developers.  Use -Wno-dev to suppress it.
[6.960s] [0m
[7.167s] -- Configuring done
[7.265s] -- Generating done
[7.299s] -- Build files have been written to: /root/colcon_ws/build/plan_env
[7.383s] Invoked command in '/root/colcon_ws/build/plan_env' returned '0': CMAKE_PREFIX_PATH=/opt/ros/humble /usr/bin/cmake /root/colcon_ws/src/Fast-Planner/fast_planner/plan_env -DCMAKE_INSTALL_PREFIX=/root/colcon_ws/install/plan_env
[7.390s] Invoking command in '/root/colcon_ws/build/plan_env': CMAKE_PREFIX_PATH=/opt/ros/humble /usr/bin/cmake --build /root/colcon_ws/build/plan_env -- -j8 -l8
[7.546s] [ 25%] [32mBuilding CXX object CMakeFiles/plan_env.dir/src/sdf_map.cpp.o[0m
[7.582s] [ 50%] [32mBuilding CXX object CMakeFiles/plan_env.dir/src/raycast.cpp.o[0m
[7.599s] [ 75%] [32mBuilding CXX object CMakeFiles/plan_env.dir/src/edt_environment.cpp.o[0m
[22.864s] In file included from [01m[K/root/colcon_ws/src/Fast-Planner/fast_planner/plan_env/include/plan_env/edt_environment.h:35[m[K,
[22.865s]                  from [01m[K/root/colcon_ws/src/Fast-Planner/fast_planner/plan_env/src/edt_environment.cpp:26[m[K:
[22.865s] [01m[K/root/colcon_ws/src/Fast-Planner/fast_planner/plan_env/include/plan_env/obj_predictor.h:109:47:[m[K [01;31m[Kerror: [m[K‘[01m[KPoseStampedSharedPtr[m[K’ in namespace ‘[01m[Kgeometry_msgs::msg[m[K’ does not name a type
[22.865s]   109 |   void poseCallback(const geometry_msgs::msg::[01;31m[KPoseStampedSharedPtr[m[K& msg);
[22.865s]       |                                               [01;31m[K^~~~~~~~~~~~~~~~~~~~[m[K
[22.874s] [01m[K/root/colcon_ws/src/Fast-Planner/fast_planner/plan_env/include/plan_env/obj_predictor.h:135:30:[m[K [01;31m[Kerror: [m[Ktype/value mismatch at argument 1 in template parameter list for ‘[01m[Ktemplate<class _Tp, class _Alloc> class std::vector[m[K’
[22.875s]   135 |   vector<rclcpp::Subscription[01;31m[K>[m[K pose_subs_;
[22.875s]       |                              [01;31m[K^[m[K
[22.875s] [01m[K/root/colcon_ws/src/Fast-Planner/fast_planner/plan_env/include/plan_env/obj_predictor.h:135:30:[m[K [01;36m[Knote: [m[K  expected a type, got ‘[01m[KSubscription[m[K’
[22.875s] [01m[K/root/colcon_ws/src/Fast-Planner/fast_planner/plan_env/include/plan_env/obj_predictor.h:135:30:[m[K [01;31m[Kerror: [m[Ktemplate argument 2 is invalid
[22.875s] [01m[K/root/colcon_ws/src/Fast-Planner/fast_planner/plan_env/include/plan_env/obj_predictor.h:136:3:[m[K [01;31m[Kerror: [m[Kinvalid use of template-name ‘[01m[Krclcpp::Subscription[m[K’ without an argument list
[22.875s]   136 |   [01;31m[Krclcpp[m[K::Subscription marker_sub_;
[22.875s]       |   [01;31m[K^~~~~~[m[K
[22.875s] [01m[K/root/colcon_ws/src/Fast-Planner/fast_planner/plan_env/include/plan_env/obj_predictor.h:137:11:[m[K [01;31m[Kerror: [m[K‘[01m[KTimer[m[K’ in namespace ‘[01m[Krclcpp[m[K’ does not name a type; did you mean ‘[01m[KTime[m[K’?
[22.875s]   137 |   rclcpp::[01;31m[KTimer[m[K predict_timer_;
[22.875s]       |           [01;31m[K^~~~~[m[K
[22.876s]       |           [32m[KTime[m[K
[22.887s] [01m[K/root/colcon_ws/src/Fast-Planner/fast_planner/plan_env/include/plan_env/obj_predictor.h:145:54:[m[K [01;31m[Kerror: [m[K‘[01m[KMarkerSharedPtr[m[K’ in namespace ‘[01m[Kvisualization_msgs::msg[m[K’ does not name a type
[22.888s]   145 |   void markerCallback(const visualization_msgs::msg::[01;31m[KMarkerSharedPtr[m[K& msg);
[22.888s]       |                                                      [01;31m[K^~~~~~~~~~~~~~~[m[K
[22.888s] [01m[K/root/colcon_ws/src/Fast-Planner/fast_planner/plan_env/include/plan_env/obj_predictor.h:147:38:[m[K [01;31m[Kerror: [m[K‘[01m[KTimerEvent[m[K’ in namespace ‘[01m[Krclcpp[m[K’ does not name a type
[22.888s]   147 |   void predictCallback(const rclcpp::[01;31m[KTimerEvent[m[K& e);
[22.888s]       |                                      [01;31m[K^~~~~~~~~~[m[K
[25.572s] In file included from [01m[K/root/colcon_ws/src/Fast-Planner/fast_planner/plan_env/include/plan_env/edt_environment.h:36[m[K,
[25.572s]                  from [01m[K/root/colcon_ws/src/Fast-Planner/fast_planner/plan_env/src/edt_environment.cpp:26[m[K:
[25.572s] [01m[K/root/colcon_ws/src/Fast-Planner/fast_planner/plan_env/include/plan_env/sdf_map.h:239:50:[m[K [01;31m[Kerror: [m[K‘[01m[KImageSharedPtr[m[K’ in namespace ‘[01m[Ksensor_msgs::msg[m[K’ does not name a type
[25.573s]   239 |   void depthPoseCallback(const sensor_msgs::msg::[01;31m[KImageSharedPtr[m[K& img,
[25.573s]       |                                                  [01;31m[K^~~~~~~~~~~~~~[m[K
[25.573s] [01m[K/root/colcon_ws/src/Fast-Planner/fast_planner/plan_env/include/plan_env/sdf_map.h:240:52:[m[K [01;31m[Kerror: [m[K‘[01m[KPoseStampedSharedPtr[m[K’ in namespace ‘[01m[Kgeometry_msgs::msg[m[K’ does not name a type
[25.573s]   240 |                          const geometry_msgs::msg::[01;31m[KPoseStampedSharedPtr[m[K& pose);
[25.573s]       |                                                    [01;31m[K^~~~~~~~~~~~~~~~~~~~[m[K
[25.573s] [01m[K/root/colcon_ws/src/Fast-Planner/fast_planner/plan_env/include/plan_env/sdf_map.h:241:50:[m[K [01;31m[Kerror: [m[K‘[01m[KImageSharedPtr[m[K’ in namespace ‘[01m[Ksensor_msgs::msg[m[K’ does not name a type
[25.574s]   241 |   void depthOdomCallback(const sensor_msgs::msg::[01;31m[KImageSharedPtr[m[K& img, const nav_msgs::msg::OdometrySharedPtr& odom);
[25.574s]       |                                                  [01;31m[K^~~~~~~~~~~~~~[m[K
[25.574s] [01m[K/root/colcon_ws/src/Fast-Planner/fast_planner/plan_env/include/plan_env/sdf_map.h:241:92:[m[K [01;31m[Kerror: [m[K‘[01m[KOdometrySharedPtr[m[K’ in namespace ‘[01m[Knav_msgs::msg[m[K’ does not name a type
[25.574s]   241 |   void depthOdomCallback(const sensor_msgs::msg::ImageSharedPtr& img, const nav_msgs::msg::[01;31m[KOdometrySharedPtr[m[K& odom);
[25.574s]       |                                                                                            [01;31m[K^~~~~~~~~~~~~~~~~[m[K
[25.574s] [01m[K/root/colcon_ws/src/Fast-Planner/fast_planner/plan_env/include/plan_env/sdf_map.h:242:46:[m[K [01;31m[Kerror: [m[K‘[01m[KImageSharedPtr[m[K’ in namespace ‘[01m[Ksensor_msgs::msg[m[K’ does not name a type
[25.574s]   242 |   void depthCallback(const sensor_msgs::msg::[01;31m[KImageSharedPtr[m[K& img);
[25.574s]       |                                              [01;31m[K^~~~~~~~~~~~~~[m[K
[25.574s] [01m[K/root/colcon_ws/src/Fast-Planner/fast_planner/plan_env/include/plan_env/sdf_map.h:243:46:[m[K [01;31m[Kerror: [m[K‘[01m[KPointCloud2SharedPtr[m[K’ in namespace ‘[01m[Ksensor_msgs::msg[m[K’ does not name a type
[25.574s]   243 |   void cloudCallback(const sensor_msgs::msg::[01;31m[KPointCloud2SharedPtr[m[K& img);
[25.574s]       |                                              [01;31m[K^~~~~~~~~~~~~~~~~~~~[m[K
[25.574s] [01m[K/root/colcon_ws/src/Fast-Planner/fast_planner/plan_env/include/plan_env/sdf_map.h:244:47:[m[K [01;31m[Kerror: [m[K‘[01m[KPoseStampedSharedPtr[m[K’ in namespace ‘[01m[Kgeometry_msgs::msg[m[K’ does not name a type
[25.575s]   244 |   void poseCallback(const geometry_msgs::msg::[01;31m[KPoseStampedSharedPtr[m[K& pose);
[25.575s]       |                                               [01;31m[K^~~~~~~~~~~~~~~~~~~~[m[K
[25.575s] [01m[K/root/colcon_ws/src/Fast-Planner/fast_planner/plan_env/include/plan_env/sdf_map.h:245:42:[m[K [01;31m[Kerror: [m[K‘[01m[KOdometrySharedPtr[m[K’ in namespace ‘[01m[Knav_msgs::msg[m[K’ does not name a type
[25.575s]   245 |   void odomCallback(const nav_msgs::msg::[01;31m[KOdometrySharedPtr[m[K& odom);
[25.575s]       |                                          [01;31m[K^~~~~~~~~~~~~~~~~[m[K
[25.575s] [01m[K/root/colcon_ws/src/Fast-Planner/fast_planner/plan_env/include/plan_env/sdf_map.h:248:46:[m[K [01;31m[Kerror: [m[K‘[01m[KTimerEvent[m[K’ in namespace ‘[01m[Krclcpp[m[K’ does not name a type
[25.575s]   248 |   void updateOccupancyCallback(const rclcpp::[01;31m[KTimerEvent[m[K& /*event*/);
[25.575s]       |                                              [01;31m[K^~~~~~~~~~[m[K
[25.575s] [01m[K/root/colcon_ws/src/Fast-Planner/fast_planner/plan_env/include/plan_env/sdf_map.h:249:41:[m[K [01;31m[Kerror: [m[K‘[01m[KTimerEvent[m[K’ in namespace ‘[01m[Krclcpp[m[K’ does not name a type
[25.575s]   249 |   void updateESDFCallback(const rclcpp::[01;31m[KTimerEvent[m[K& /*event*/);
[25.575s]       |                                         [01;31m[K^~~~~~~~~~[m[K
[25.576s] [01m[K/root/colcon_ws/src/Fast-Planner/fast_planner/plan_env/include/plan_env/sdf_map.h:250:34:[m[K [01;31m[Kerror: [m[K‘[01m[KTimerEvent[m[K’ in namespace ‘[01m[Krclcpp[m[K’ does not name a type
[25.576s]   250 |   void visCallback(const rclcpp::[01;31m[KTimerEvent[m[K& /*event*/);
[25.576s]       |                                  [01;31m[K^~~~~~~~~~[m[K
[25.599s] [01m[K/root/colcon_ws/src/Fast-Planner/fast_planner/plan_env/include/plan_env/sdf_map.h:279:3:[m[K [01;31m[Kerror: [m[Kinvalid use of template-name ‘[01m[Krclcpp::Subscription[m[K’ without an argument list
[25.599s]   279 |   [01;31m[Krclcpp[m[K::Subscription indep_depth_sub_, indep_odom_sub_, indep_pose_sub_, indep_cloud_sub_;
[25.599s]       |   [01;31m[K^~~~~~[m[K
[25.599s] [01m[K/root/colcon_ws/src/Fast-Planner/fast_planner/plan_env/include/plan_env/sdf_map.h:279:3:[m[K [01;31m[Kerror: [m[Kinvalid use of template-name ‘[01m[Krclcpp::Subscription[m[K’ without an argument list
[25.600s] [01m[K/root/colcon_ws/src/Fast-Planner/fast_planner/plan_env/include/plan_env/sdf_map.h:279:3:[m[K [01;31m[Kerror: [m[Kinvalid use of template-name ‘[01m[Krclcpp::Subscription[m[K’ without an argument list
[25.600s] [01m[K/root/colcon_ws/src/Fast-Planner/fast_planner/plan_env/include/plan_env/sdf_map.h:279:3:[m[K [01;31m[Kerror: [m[Kinvalid use of template-name ‘[01m[Krclcpp::Subscription[m[K’ without an argument list
[25.600s] [01m[K/root/colcon_ws/src/Fast-Planner/fast_planner/plan_env/include/plan_env/sdf_map.h:280:3:[m[K [01;31m[Kerror: [m[Kinvalid use of template-name ‘[01m[Krclcpp::Publisher[m[K’ without an argument list
[25.600s]   280 |   [01;31m[Krclcpp[m[K::Publisher map_pub_, esdf_pub_, map_inf_pub_, update_range_pub_;
[25.600s]       |   [01;31m[K^~~~~~[m[K
[25.600s] [01m[K/root/colcon_ws/src/Fast-Planner/fast_planner/plan_env/include/plan_env/sdf_map.h:280:3:[m[K [01;31m[Kerror: [m[Kinvalid use of template-name ‘[01m[Krclcpp::Publisher[m[K’ without an argument list
[25.600s] [01m[K/root/colcon_ws/src/Fast-Planner/fast_planner/plan_env/include/plan_env/sdf_map.h:280:3:[m[K [01;31m[Kerror: [m[Kinvalid use of template-name ‘[01m[Krclcpp::Publisher[m[K’ without an argument list
[25.600s] [01m[K/root/colcon_ws/src/Fast-Planner/fast_planner/plan_env/include/plan_env/sdf_map.h:280:3:[m[K [01;31m[Kerror: [m[Kinvalid use of template-name ‘[01m[Krclcpp::Publisher[m[K’ without an argument list
[25.600s] [01m[K/root/colcon_ws/src/Fast-Planner/fast_planner/plan_env/include/plan_env/sdf_map.h:281:3:[m[K [01;31m[Kerror: [m[Kinvalid use of template-name ‘[01m[Krclcpp::Publisher[m[K’ without an argument list
[25.600s]   281 |   [01;31m[Krclcpp[m[K::Publisher unknown_pub_, depth_pub_;
[25.600s]       |   [01;31m[K^~~~~~[m[K
[25.601s] [01m[K/root/colcon_ws/src/Fast-Planner/fast_planner/plan_env/include/plan_env/sdf_map.h:281:3:[m[K [01;31m[Kerror: [m[Kinvalid use of template-name ‘[01m[Krclcpp::Publisher[m[K’ without an argument list
[25.601s] [01m[K/root/colcon_ws/src/Fast-Planner/fast_planner/plan_env/include/plan_env/sdf_map.h:282:11:[m[K [01;31m[Kerror: [m[K‘[01m[KTimer[m[K’ in namespace ‘[01m[Krclcpp[m[K’ does not name a type; did you mean ‘[01m[KTime[m[K’?
[25.601s]   282 |   rclcpp::[01;31m[KTimer[m[K occ_timer_, esdf_timer_, vis_timer_;
[25.601s]       |           [01;31m[K^~~~~[m[K
[25.601s]       |           [32m[KTime[m[K
[25.610s] [01m[K/root/colcon_ws/src/Fast-Planner/fast_planner/plan_env/include/plan_env/sdf_map.h:[m[K In constructor ‘[01m[KSDFMap::SDFMap()[m[K’:
[25.611s] [01m[K/root/colcon_ws/src/Fast-Planner/fast_planner/plan_env/include/plan_env/sdf_map.h:169:12:[m[K [01;31m[Kerror: [m[Kno matching function for call to ‘[01m[Krclcpp::Node::Node()[m[K’
[25.611s]   169 |   SDFMap() [01;31m[K{[m[K}
[25.611s]       |            [01;31m[K^[m[K
[25.618s] In file included from [01m[K/opt/ros/humble/include/rclcpp/rclcpp/executors/single_threaded_executor.hpp:28[m[K,
[25.619s]                  from [01m[K/opt/ros/humble/include/rclcpp/rclcpp/executors.hpp:22[m[K,
[25.619s]                  from [01m[K/opt/ros/humble/include/rclcpp/rclcpp/rclcpp.hpp:155[m[K,
[25.623s]                  from [01m[K/root/colcon_ws/src/Fast-Planner/fast_planner/plan_env/include/plan_env/edt_environment.h:32[m[K,
[25.625s]                  from [01m[K/root/colcon_ws/src/Fast-Planner/fast_planner/plan_env/src/edt_environment.cpp:26[m[K:
[25.625s] [01m[K/opt/ros/humble/include/rclcpp/rclcpp/node.hpp:1294:3:[m[K [01;36m[Knote: [m[Kcandidate: ‘[01m[Krclcpp::Node::Node(const rclcpp::Node&, const string&)[m[K’
[25.625s]  1294 |   [01;36m[KNode[m[K(
[25.625s]       |   [01;36m[K^~~~[m[K
[25.625s] [01m[K/opt/ros/humble/include/rclcpp/rclcpp/node.hpp:1294:3:[m[K [01;36m[Knote: [m[K  candidate expects 2 arguments, 0 provided
[25.625s] [01m[K/opt/ros/humble/include/rclcpp/rclcpp/node.hpp:101:12:[m[K [01;36m[Knote: [m[Kcandidate: ‘[01m[Krclcpp::Node::Node(const string&, const string&, const rclcpp::NodeOptions&)[m[K’
[25.625s]   101 |   explicit [01;36m[KNode[m[K(
[25.625s]       |            [01;36m[K^~~~[m[K
[25.626s] [01m[K/opt/ros/humble/include/rclcpp/rclcpp/node.hpp:101:12:[m[K [01;36m[Knote: [m[K  candidate expects 3 arguments, 0 provided
[25.626s] [01m[K/opt/ros/humble/include/rclcpp/rclcpp/node.hpp:89:12:[m[K [01;36m[Knote: [m[Kcandidate: ‘[01m[Krclcpp::Node::Node(const string&, const rclcpp::NodeOptions&)[m[K’
[25.626s]    89 |   explicit [01;36m[KNode[m[K(
[25.626s]       |            [01;36m[K^~~~[m[K
[25.626s] [01m[K/opt/ros/humble/include/rclcpp/rclcpp/node.hpp:89:12:[m[K [01;36m[Knote: [m[K  candidate expects 2 arguments, 0 provided
[25.846s] In file included from [01m[K/root/colcon_ws/src/Fast-Planner/fast_planner/plan_env/src/edt_environment.cpp:26[m[K:
[25.847s] [01m[K/root/colcon_ws/src/Fast-Planner/fast_planner/plan_env/include/plan_env/edt_environment.h:[m[K At global scope:
[25.847s] [01m[K/root/colcon_ws/src/Fast-Planner/fast_planner/plan_env/include/plan_env/edt_environment.h:62:11:[m[K [01;31m[Kerror: [m[K‘[01m[KSharedPtr[m[K’ in ‘[01m[Kclass SDFMap[m[K’ does not name a type
[25.847s]    62 |   SDFMap::[01;31m[KSharedPtr[m[K sdf_map_;
[25.847s]       |           [01;31m[K^~~~~~~~~[m[K
[25.847s] [01m[K/root/colcon_ws/src/Fast-Planner/fast_planner/plan_env/include/plan_env/edt_environment.h:65:15:[m[K [01;31m[Kerror: [m[K‘[01m[KSDFMap::SharedPtr[m[K’ has not been declared
[25.847s]    65 |   void setMap([01;31m[KSDFMap[m[K::SharedPtr map);
[25.847s]       |               [01;31m[K^~~~~~[m[K
[25.895s] [01m[K/root/colcon_ws/src/Fast-Planner/fast_planner/plan_env/include/plan_env/edt_environment.h:[m[K In member function ‘[01m[Kvoid fast_planner::EDTEnvironment::getMapRegion(Eigen::Vector3d&, Eigen::Vector3d&)[m[K’:
[25.895s] [01m[K/root/colcon_ws/src/Fast-Planner/fast_planner/plan_env/include/plan_env/edt_environment.h:75:5:[m[K [01;31m[Kerror: [m[K‘[01m[Ksdf_map_[m[K’ was not declared in this scope
[25.896s]    75 |     [01;31m[Ksdf_map_[m[K->getRegion(ori, size);
[25.896s]       |     [01;31m[K^~~~~~~~[m[K
[25.896s] [01m[K/root/colcon_ws/src/Fast-Planner/fast_planner/plan_env/src/edt_environment.cpp:[m[K At global scope:
[25.896s] [01m[K/root/colcon_ws/src/Fast-Planner/fast_planner/plan_env/src/edt_environment.cpp:34:6:[m[K [01;31m[Kerror: [m[Kno declaration matches ‘[01m[Kvoid fast_planner::EDTEnvironment::setMap(std::shared_ptr<SDFMap>)[m[K’
[25.896s]    34 | void [01;31m[KEDTEnvironment[m[K::setMap(shared_ptr<SDFMap> map) {
[25.896s]       |      [01;31m[K^~~~~~~~~~~~~~[m[K
[25.896s] In file included from [01m[K/root/colcon_ws/src/Fast-Planner/fast_planner/plan_env/src/edt_environment.cpp:26[m[K:
[25.896s] [01m[K/root/colcon_ws/src/Fast-Planner/fast_planner/plan_env/include/plan_env/edt_environment.h:65:8:[m[K [01;36m[Knote: [m[Kcandidate is: ‘[01m[Kvoid fast_planner::EDTEnvironment::setMap(int)[m[K’
[25.896s]    65 |   void [01;36m[KsetMap[m[K(SDFMap::SharedPtr map);
[25.896s]       |        [01;36m[K^~~~~~[m[K
[25.898s] [01m[K/root/colcon_ws/src/Fast-Planner/fast_planner/plan_env/include/plan_env/edt_environment.h:47:7:[m[K [01;36m[Knote: [m[K‘[01m[Kclass fast_planner::EDTEnvironment[m[K’ defined here
[25.898s]    47 | class [01;36m[KEDTEnvironment[m[K {
[25.898s]       |       [01;36m[K^~~~~~~~~~~~~~[m[K
[25.990s] [01m[K/root/colcon_ws/src/Fast-Planner/fast_planner/plan_env/src/edt_environment.cpp:[m[K In member function ‘[01m[Kdouble fast_planner::EDTEnvironment::minDistToAllBox(const Vector3d&, const double&)[m[K’:
[25.990s] [01m[K/root/colcon_ws/src/Fast-Planner/fast_planner/plan_env/src/edt_environment.cpp:66:21:[m[K [01;35m[Kwarning: [m[Kcomparison of integer expressions of different signedness: ‘[01m[Kint[m[K’ and ‘[01m[Kstd::vector<fast_planner::PolynomialPrediction>::size_type[m[K’ {aka ‘[01m[Klong unsigned int[m[K’} [[01;35m[K-Wsign-compare[m[K]
[25.991s]    66 |   for (int i = 0; [01;35m[Ki < obj_prediction_->size()[m[K; i++) {
[25.991s]       |                   [01;35m[K~~^~~~~~~~~~~~~~~~~~~~~~~~~[m[K
[26.034s] [01m[K/root/colcon_ws/src/Fast-Planner/fast_planner/plan_env/src/edt_environment.cpp:[m[K In member function ‘[01m[Kvoid fast_planner::EDTEnvironment::getSurroundDistance(Eigen::Vector3d (*)[2][2], double (*)[2][2])[m[K’:
[26.034s] [01m[K/root/colcon_ws/src/Fast-Planner/fast_planner/plan_env/src/edt_environment.cpp:78:26:[m[K [01;31m[Kerror: [m[K‘[01m[Ksdf_map_[m[K’ was not declared in this scope
[26.034s]    78 |         dists[x][y][z] = [01;31m[Ksdf_map_[m[K->getDistance(pts[x][y][z]);
[26.034s]       |                          [01;31m[K^~~~~~~~[m[K
[26.098s] [01m[K/root/colcon_ws/src/Fast-Planner/fast_planner/plan_env/src/edt_environment.cpp:[m[K In member function ‘[01m[Kvoid fast_planner::EDTEnvironment::evaluateEDTWithGrad(const Vector3d&, double, double&, Eigen::Vector3d&)[m[K’:
[26.099s] [01m[K/root/colcon_ws/src/Fast-Planner/fast_planner/plan_env/src/edt_environment.cpp:112:3:[m[K [01;31m[Kerror: [m[K‘[01m[Ksdf_map_[m[K’ was not declared in this scope
[26.099s]   112 |   [01;31m[Ksdf_map_[m[K->getSurroundPts(pos, sur_pts, diff);
[26.099s]       |   [01;31m[K^~~~~~~~[m[K
[26.132s] [01m[K/root/colcon_ws/src/Fast-Planner/fast_planner/plan_env/src/edt_environment.cpp:[m[K In member function ‘[01m[Kdouble fast_planner::EDTEnvironment::evaluateCoarseEDT(Eigen::Vector3d&, double)[m[K’:
[26.132s] [01m[K/root/colcon_ws/src/Fast-Planner/fast_planner/plan_env/src/edt_environment.cpp:121:15:[m[K [01;31m[Kerror: [m[K‘[01m[Ksdf_map_[m[K’ was not declared in this scope
[26.132s]   121 |   double d1 = [01;31m[Ksdf_map_[m[K->getDistance(pos);
[26.132s]       |               [01;31m[K^~~~~~~~[m[K
[26.832s] In file included from [01m[K/root/colcon_ws/src/Fast-Planner/fast_planner/plan_env/src/sdf_map.cpp:26[m[K:
[26.832s] [01m[K/root/colcon_ws/src/Fast-Planner/fast_planner/plan_env/include/plan_env/sdf_map.h:239:50:[m[K [01;31m[Kerror: [m[K‘[01m[KImageSharedPtr[m[K’ in namespace ‘[01m[Ksensor_msgs::msg[m[K’ does not name a type
[26.832s]   239 |   void depthPoseCallback(const sensor_msgs::msg::[01;31m[KImageSharedPtr[m[K& img,
[26.833s]       |                                                  [01;31m[K^~~~~~~~~~~~~~[m[K
[26.833s] [01m[K/root/colcon_ws/src/Fast-Planner/fast_planner/plan_env/include/plan_env/sdf_map.h:240:52:[m[K [01;31m[Kerror: [m[K‘[01m[KPoseStampedSharedPtr[m[K’ in namespace ‘[01m[Kgeometry_msgs::msg[m[K’ does not name a type
[26.833s]   240 |                          const geometry_msgs::msg::[01;31m[KPoseStampedSharedPtr[m[K& pose);
[26.834s]       |                                                    [01;31m[K^~~~~~~~~~~~~~~~~~~~[m[K
[26.834s] [01m[K/root/colcon_ws/src/Fast-Planner/fast_planner/plan_env/include/plan_env/sdf_map.h:241:50:[m[K [01;31m[Kerror: [m[K‘[01m[KImageSharedPtr[m[K’ in namespace ‘[01m[Ksensor_msgs::msg[m[K’ does not name a type
[26.834s]   241 |   void depthOdomCallback(const sensor_msgs::msg::[01;31m[KImageSharedPtr[m[K& img, const nav_msgs::msg::OdometrySharedPtr& odom);
[26.834s]       |                                                  [01;31m[K^~~~~~~~~~~~~~[m[K
[26.835s] [01m[K/root/colcon_ws/src/Fast-Planner/fast_planner/plan_env/include/plan_env/sdf_map.h:241:92:[m[K [01;31m[Kerror: [m[K‘[01m[KOdometrySharedPtr[m[K’ in namespace ‘[01m[Knav_msgs::msg[m[K’ does not name a type
[26.835s]   241 | (const sensor_msgs::msg::ImageSharedPtr& img, const nav_msgs::msg::[01;31m[KOdometrySharedPtr[m[K& odom);
[26.835s]       |                                                                    [01;31m[K^~~~~~~~~~~~~~~~~[m[K
[26.835s] 
[26.836s] [01m[K/root/colcon_ws/src/Fast-Planner/fast_planner/plan_env/include/plan_env/sdf_map.h:242:46:[m[K [01;31m[Kerror: [m[K‘[01m[KImageSharedPtr[m[K’ in namespace ‘[01m[Ksensor_msgs::msg[m[K’ does not name a type
[26.836s]   242 |   void depthCallback(const sensor_msgs::msg::[01;31m[KImageSharedPtr[m[K& img);
[26.836s]       |                                              [01;31m[K^~~~~~~~~~~~~~[m[K
[26.836s] [01m[K/root/colcon_ws/src/Fast-Planner/fast_planner/plan_env/include/plan_env/sdf_map.h:243:46:[m[K [01;31m[Kerror: [m[K‘[01m[KPointCloud2SharedPtr[m[K’ in namespace ‘[01m[Ksensor_msgs::msg[m[K’ does not name a type
[26.837s]   243 |   void cloudCallback(const sensor_msgs::msg::[01;31m[KPointCloud2SharedPtr[m[K& img);
[26.837s]       |                                              [01;31m[K^~~~~~~~~~~~~~~~~~~~[m[K
[26.837s] [01m[K/root/colcon_ws/src/Fast-Planner/fast_planner/plan_env/include/plan_env/sdf_map.h:244:47:[m[K [01;31m[Kerror: [m[K‘[01m[KPoseStampedSharedPtr[m[K’ in namespace ‘[01m[Kgeometry_msgs::msg[m[K’ does not name a type
[26.837s]   244 |   void poseCallback(const geometry_msgs::msg::[01;31m[KPoseStampedSharedPtr[m[K& pose);
[26.838s]       |                                               [01;31m[K^~~~~~~~~~~~~~~~~~~~[m[K
[26.838s] [01m[K/root/colcon_ws/src/Fast-Planner/fast_planner/plan_env/include/plan_env/sdf_map.h:245:42:[m[K [01;31m[Kerror: [m[K‘[01m[KOdometrySharedPtr[m[K’ in namespace ‘[01m[Knav_msgs::msg[m[K’ does not name a type
[26.838s]   245 |   void odomCallback(const nav_msgs::msg::[01;31m[KOdometrySharedPtr[m[K& odom);
[26.838s]       |                                          [01;31m[K^~~~~~~~~~~~~~~~~[m[K
[26.839s] [01m[K/root/colcon_ws/src/Fast-Planner/fast_planner/plan_env/include/plan_env/sdf_map.h:248:46:[m[K [01;31m[Kerror: [m[K‘[01m[KTimerEvent[m[K’ in namespace ‘[01m[Krclcpp[m[K’ does not name a type
[26.839s]   248 |   void updateOccupancyCallback(const rclcpp::[01;31m[KTimerEvent[m[K& /*event*/);
[26.839s]       |                                              [01;31m[K^~~~~~~~~~[m[K
[26.840s] [01m[K/root/colcon_ws/src/Fast-Planner/fast_planner/plan_env/include/plan_env/sdf_map.h:249:41:[m[K [01;31m[Kerror: [m[K‘[01m[KTimerEvent[m[K’ in namespace ‘[01m[Krclcpp[m[K’ does not name a type
[26.840s]   249 |   void updateESDFCallback(const rclcpp::[01;31m[KTimerEvent[m[K& /*event*/);
[26.841s]       |                                         [01;31m[K^~~~~~~~~~[m[K
[26.841s] [01m[K/root/colcon_ws/src/Fast-Planner/fast_planner/plan_env/include/plan_env/sdf_map.h:250:34:[m[K [01;31m[Kerror: [m[K‘[01m[KTimerEvent[m[K’ in namespace ‘[01m[Krclcpp[m[K’ does not name a type
[26.841s]   250 |   void visCallback(const rclcpp::[01;31m[KTimerEvent[m[K& /*event*/);
[26.842s]       |                                  [01;31m[K^~~~~~~~~~[m[K
[26.867s] [01m[K/root/colcon_ws/src/Fast-Planner/fast_planner/plan_env/include/plan_env/sdf_map.h:279:3:[m[K [01;31m[Kerror: [m[Kinvalid use of template-name ‘[01m[Krclcpp::Subscription[m[K’ without an argument list
[26.867s]   279 |   [01;31m[Krclcpp[m[K::Subscription indep_depth_sub_, indep_odom_sub_, indep_pose_sub_, indep_cloud_sub_;
[26.868s]       |   [01;31m[K^~~~~~[m[K
[26.868s] [01m[K/root/colcon_ws/src/Fast-Planner/fast_planner/plan_env/include/plan_env/sdf_map.h:279:3:[m[K [01;31m[Kerror: [m[Kinvalid use of template-name ‘[01m[Krclcpp::Subscription[m[K’ without an argument list
[26.868s] [01m[K/root/colcon_ws/src/Fast-Planner/fast_planner/plan_env/include/plan_env/sdf_map.h:279:3:[m[K [01;31m[Kerror: [m[Kinvalid use of template-name ‘[01m[Krclcpp::Subscription[m[K’ without an argument list
[26.869s] [01m[K/root/colcon_ws/src/Fast-Planner/fast_planner/plan_env/include/plan_env/sdf_map.h:279:3:[m[K [01;31m[Kerror: [m[Kinvalid use of template-name ‘[01m[Krclcpp::Subscription[m[K’ without an argument list
[26.869s] [01m[K/root/colcon_ws/src/Fast-Planner/fast_planner/plan_env/include/plan_env/sdf_map.h:280:3:[m[K [01;31m[Kerror: [m[Kinvalid use of template-name ‘[01m[Krclcpp::Publisher[m[K’ without an argument list
[26.869s]   280 |   [01;31m[Krclcpp[m[K::Publisher map_pub_, esdf_pub_, map_inf_pub_, update_range_pub_;
[26.869s]       |   [01;31m[K^~~~~~[m[K
[26.870s] [01m[K/root/colcon_ws/src/Fast-Planner/fast_planner/plan_env/include/plan_env/sdf_map.h:280:3:[m[K [01;31m[Kerror: [m[Kinvalid use of template-name ‘[01m[Krclcpp::Publisher[m[K’ without an argument list
[26.870s] [01m[K/root/colcon_ws/src/Fast-Planner/fast_planner/plan_env/include/plan_env/sdf_map.h:280:3:[m[K [01;31m[Kerror: [m[Kinvalid use of template-name ‘[01m[Krclcpp::Publisher[m[K’ without an argument list
[26.870s] [01m[K/root/colcon_ws/src/Fast-Planner/fast_planner/plan_env/include/plan_env/sdf_map.h:280:3:[m[K [01;31m[Kerror: [m[Kinvalid use of template-name ‘[01m[Krclcpp::Publisher[m[K’ without an argument list
[26.870s] [01m[K/root/colcon_ws/src/Fast-Planner/fast_planner/plan_env/include/plan_env/sdf_map.h:281:3:[m[K [01;31m[Kerror: [m[Kinvalid use of template-name ‘[01m[Krclcpp::Publisher[m[K’ without an argument list
[26.871s]   281 |   [01;31m[Krclcpp[m[K::Publisher unknown_pub_, depth_pub_;
[26.871s]       |   [01;31m[K^~~~~~[m[K
[26.871s] [01m[K/root/colcon_ws/src/Fast-Planner/fast_planner/plan_env/include/plan_env/sdf_map.h:281:3:[m[K [01;31m[Kerror: [m[Kinvalid use of template-name ‘[01m[Krclcpp::Publisher[m[K’ without an argument list
[26.872s] [01m[K/root/colcon_ws/src/Fast-Planner/fast_planner/plan_env/include/plan_env/sdf_map.h:282:11:[m[K [01;31m[Kerror: [m[K‘[01m[KTimer[m[K’ in namespace ‘[01m[Krclcpp[m[K’ does not name a type; did you mean ‘[01m[KTime[m[K’?
[26.872s]   282 |   rclcpp::[01;31m[KTimer[m[K occ_timer_, esdf_timer_, vis_timer_;
[26.872s]       |           [01;31m[K^~~~~[m[K
[26.872s]       |           [32m[KTime[m[K
[26.886s] [01m[K/root/colcon_ws/src/Fast-Planner/fast_planner/plan_env/include/plan_env/sdf_map.h:[m[K In constructor ‘[01m[KSDFMap::SDFMap()[m[K’:
[26.886s] [01m[K/root/colcon_ws/src/Fast-Planner/fast_planner/plan_env/include/plan_env/sdf_map.h:169:12:[m[K [01;31m[Kerror: [m[Kno matching function for call to ‘[01m[Krclcpp::Node::Node()[m[K’
[26.886s]   169 |   SDFMap() [01;31m[K{[m[K}
[26.887s]       |            [01;31m[K^[m[K
[26.887s] In file included from [01m[K/opt/ros/humble/include/rclcpp/rclcpp/executors/single_threaded_executor.hpp:28[m[K,
[26.887s]                  from [01m[K/opt/ros/humble/include/rclcpp/rclcpp/executors.hpp:22[m[K,
[26.888s]                  from [01m[K/opt/ros/humble/include/rclcpp/rclcpp/rclcpp.hpp:155[m[K,
[26.888s]                  from [01m[K/root/colcon_ws/src/Fast-Planner/fast_planner/plan_env/include/plan_env/sdf_map.h:37[m[K,
[26.888s]                  from [01m[K/root/colcon_ws/src/Fast-Planner/fast_planner/plan_env/src/sdf_map.cpp:26[m[K:
[26.888s] [01m[K/opt/ros/humble/include/rclcpp/rclcpp/node.hpp:1294:3:[m[K [01;36m[Knote: [m[Kcandidate: ‘[01m[Krclcpp::Node::Node(const rclcpp::Node&, const string&)[m[K’
[26.889s]  1294 |   [01;36m[KNode[m[K(
[26.889s]       |   [01;36m[K^~~~[m[K
[26.889s] [01m[K/opt/ros/humble/include/rclcpp/rclcpp/node.hpp:1294:3:[m[K [01;36m[Knote: [m[K  candidate expects 2 arguments, 0 provided
[26.889s] [01m[K/opt/ros/humble/include/rclcpp/rclcpp/node.hpp:101:12:[m[K [01;36m[Knote: [m[Kcandidate: ‘[01m[Krclcpp::Node::Node(const string&, const string&, const rclcpp::NodeOptions&)[m[K’
[26.890s]   101 |   explicit [01;36m[KNode[m[K(
[26.890s]       |            [01;36m[K^~~~[m[K
[26.890s] [01m[K/opt/ros/humble/include/rclcpp/rclcpp/node.hpp:101:12:[m[K [01;36m[Knote: [m[K  candidate expects 3 arguments, 0 provided
[26.890s] [01m[K/opt/ros/humble/include/rclcpp/rclcpp/node.hpp:89:12:[m[K [01;36m[Knote: [m[Kcandidate: ‘[01m[Krclcpp::Node::Node(const string&, const rclcpp::NodeOptions&)[m[K’
[26.891s]    89 |   explicit [01;36m[KNode[m[K(
[26.891s]       |            [01;36m[K^~~~[m[K
[26.891s] [01m[K/opt/ros/humble/include/rclcpp/rclcpp/node.hpp:89:12:[m[K [01;36m[Knote: [m[K  candidate expects 2 arguments, 0 provided
[27.158s] [01m[K/root/colcon_ws/src/Fast-Planner/fast_planner/plan_env/src/sdf_map.cpp:[m[K In member function ‘[01m[Kvoid SDFMap::initMap(rclcpp::Node&)[m[K’:
[27.158s] [01m[K/root/colcon_ws/src/Fast-Planner/fast_planner/plan_env/src/sdf_map.cpp:32:11:[m[K [01;31m[Kerror: [m[Kuse of deleted function ‘[01m[Krclcpp::Node& rclcpp::Node::operator=(const rclcpp::Node&)[m[K’
[27.158s]    32 |   node_ = [01;31m[Knh[m[K;
[27.158s]       |           [01;31m[K^~[m[K
[27.158s] In file included from [01m[K/opt/ros/humble/include/rclcpp/rclcpp/context.hpp:35[m[K,
[27.158s]                  from [01m[K/opt/ros/humble/include/rclcpp/rclcpp/executor.hpp:34[m[K,
[27.158s]                  from [01m[K/opt/ros/humble/include/rclcpp/rclcpp/executors/multi_threaded_executor.hpp:25[m[K,
[27.158s]                  from [01m[K/opt/ros/humble/include/rclcpp/rclcpp/executors.hpp:21[m[K,
[27.158s]                  from [01m[K/opt/ros/humble/include/rclcpp/rclcpp/rclcpp.hpp:155[m[K,
[27.158s]                  from [01m[K/root/colcon_ws/src/Fast-Planner/fast_planner/plan_env/include/plan_env/sdf_map.h:37[m[K,
[27.159s]                  from [01m[K/root/colcon_ws/src/Fast-Planner/fast_planner/plan_env/src/sdf_map.cpp:26[m[K:
[27.159s] [01m[K/opt/ros/humble/include/rclcpp/rclcpp/node.hpp:1299:3:[m[K [01;36m[Knote: [m[Kdeclared here
[27.159s]  1299 |   [01;36m[KRCLCPP_DISABLE_COPY[m[K(Node)
[27.159s]       |   [01;36m[K^~~~~~~~~~~~~~~~~~~[m[K
[27.159s] [01m[K/root/colcon_ws/src/Fast-Planner/fast_planner/plan_env/src/sdf_map.cpp:36:26:[m[K [01;31m[Kerror: [m[Kbase operand of ‘[01m[K->[m[K’ has non-pointer type ‘[01m[Krclcpp::Node[m[K’
[27.159s]    36 |   mp_.resolution_ = node_[01;31m[K->[m[Kdeclare_parameter("sdf_map/resolution", -1.0);
[27.159s]       |                          [01;31m[K^~[m[K
[27.159s] [01m[K/root/colcon_ws/src/Fast-Planner/fast_planner/plan_env/src/sdf_map.cpp:37:17:[m[K [01;31m[Kerror: [m[Kbase operand of ‘[01m[K->[m[K’ has non-pointer type ‘[01m[Krclcpp::Node[m[K’
[27.159s]    37 |   x_size = node_[01;31m[K->[m[Kdeclare_parameter("sdf_map/map_size_x", -1.0);
[27.159s]       |                 [01;31m[K^~[m[K
[27.159s] [01m[K/root/colcon_ws/src/Fast-Planner/fast_planner/plan_env/src/sdf_map.cpp:38:17:[m[K [01;31m[Kerror: [m[Kbase operand of ‘[01m[K->[m[K’ has non-pointer type ‘[01m[Krclcpp::Node[m[K’
[27.159s]    38 |   y_size = node_[01;31m[K->[m[Kdeclare_parameter("sdf_map/map_size_y", -1.0);
[27.160s]       |                 [01;31m[K^~[m[K
[27.160s] [01m[K/root/colcon_ws/src/Fast-Planner/fast_planner/plan_env/src/sdf_map.cpp:39:17:[m[K [01;31m[Kerror: [m[Kbase operand of ‘[01m[K->[m[K’ has non-pointer type ‘[01m[Krclcpp::Node[m[K’
[27.160s]    39 |   z_size = node_[01;31m[K->[m[Kdeclare_parameter("sdf_map/map_size_z", -1.0);
[27.160s]       |                 [01;31m[K^~[m[K
[27.160s] [01m[K/root/colcon_ws/src/Fast-Planner/fast_planner/plan_env/src/sdf_map.cpp:40:37:[m[K [01;31m[Kerror: [m[Kbase operand of ‘[01m[K->[m[K’ has non-pointer type ‘[01m[Krclcpp::Node[m[K’
[27.160s]    40 |   mp_.local_update_range_(0) = node_[01;31m[K->[m[Kdeclare_parameter("sdf_map/local_update_range_x", -1.0);
[27.160s]       |                                     [01;31m[K^~[m[K
[27.160s] [01m[K/root/colcon_ws/src/Fast-Planner/fast_planner/plan_env/src/sdf_map.cpp:41:37:[m[K [01;31m[Kerror: [m[Kbase operand of ‘[01m[K->[m[K’ has non-pointer type ‘[01m[Krclcpp::Node[m[K’
[27.161s]    41 |   mp_.local_update_range_(1) = node_[01;31m[K->[m[Kdeclare_parameter("sdf_map/local_update_range_y", -1.0);
[27.161s]       |                                     [01;31m[K^~[m[K
[27.161s] [01m[K/root/colcon_ws/src/Fast-Planner/fast_planner/plan_env/src/sdf_map.cpp:42:37:[m[K [01;31m[Kerror: [m[Kbase operand of ‘[01m[K->[m[K’ has non-pointer type ‘[01m[Krclcpp::Node[m[K’
[27.161s]    42 |   mp_.local_update_range_(2) = node_[01;31m[K->[m[Kdeclare_parameter("sdf_map/local_update_range_z", -1.0);
[27.161s]       |                                     [01;31m[K^~[m[K
[27.162s] [01m[K/root/colcon_ws/src/Fast-Planner/fast_planner/plan_env/src/sdf_map.cpp:43:35:[m[K [01;31m[Kerror: [m[Kbase operand of ‘[01m[K->[m[K’ has non-pointer type ‘[01m[Krclcpp::Node[m[K’
[27.162s]    43 |   mp_.obstacles_inflation_ = node_[01;31m[K->[m[Kdeclare_parameter("sdf_map/obstacles_inflation", -1.0);
[27.162s]       |                                   [01;31m[K^~[m[K
[27.162s] [01m[K/root/colcon_ws/src/Fast-Planner/fast_planner/plan_env/src/sdf_map.cpp:45:18:[m[K [01;31m[Kerror: [m[Kbase operand of ‘[01m[K->[m[K’ has non-pointer type ‘[01m[Krclcpp::Node[m[K’
[27.162s]    45 |   mp_.fx_ = node_[01;31m[K->[m[Kdeclare_parameter("sdf_map/fx", -1.0);
[27.162s]       |                  [01;31m[K^~[m[K
[27.162s] [01m[K/root/colcon_ws/src/Fast-Planner/fast_planner/plan_env/src/sdf_map.cpp:46:18:[m[K [01;31m[Kerror: [m[Kbase operand of ‘[01m[K->[m[K’ has non-pointer type ‘[01m[Krclcpp::Node[m[K’
[27.162s]    46 |   mp_.fy_ = node_[01;31m[K->[m[Kdeclare_parameter("sdf_map/fy", -1.0);
[27.162s]       |                  [01;31m[K^~[m[K
[27.162s] [01m[K/root/colcon_ws/src/Fast-Planner/fast_planner/plan_env/src/sdf_map.cpp:47:18:[m[K [01;31m[Kerror: [m[Kbase operand of ‘[01m[K->[m[K’ has non-pointer type ‘[01m[Krclcpp::Node[m[K’
[27.162s]    47 |   mp_.cx_ = node_[01;31m[K->[m[Kdeclare_parameter("sdf_map/cx", -1.0);
[27.163s]       |                  [01;31m[K^~[m[K
[27.163s] [01m[K/root/colcon_ws/src/Fast-Planner/fast_planner/plan_env/src/sdf_map.cpp:48:18:[m[K [01;31m[Kerror: [m[Kbase operand of ‘[01m[K->[m[K’ has non-pointer type ‘[01m[Krclcpp::Node[m[K’
[27.163s]    48 |   mp_.cy_ = node_[01;31m[K->[m[Kdeclare_parameter("sdf_map/cy", -1.0);
[27.163s]       |                  [01;31m[K^~[m[K
[27.163s] [01m[K/root/colcon_ws/src/Fast-Planner/fast_planner/plan_env/src/sdf_map.cpp:50:32:[m[K [01;31m[Kerror: [m[Kbase operand of ‘[01m[K->[m[K’ has non-pointer type ‘[01m[Krclcpp::Node[m[K’
[27.163s]    50 |   mp_.use_depth_filter_ = node_[01;31m[K->[m[Kdeclare_parameter("sdf_map/use_depth_filter", true);
[27.163s]       |                                [01;31m[K^~[m[K
[27.163s] [01m[K/root/colcon_ws/src/Fast-Planner/fast_planner/plan_env/src/sdf_map.cpp:51:38:[m[K [01;31m[Kerror: [m[Kbase operand of ‘[01m[K->[m[K’ has non-pointer type ‘[01m[Krclcpp::Node[m[K’
[27.163s]    51 |   mp_.depth_filter_tolerance_ = node_[01;31m[K->[m[Kdeclare_parameter("sdf_map/depth_filter_tolerance", -1.0);
[27.164s]       |                                      [01;31m[K^~[m[K
[27.164s] [01m[K/root/colcon_ws/src/Fast-Planner/fast_planner/plan_env/src/sdf_map.cpp:52:36:[m[K [01;31m[Kerror: [m[Kbase operand of ‘[01m[K->[m[K’ has non-pointer type ‘[01m[Krclcpp::Node[m[K’
[27.164s]    52 |   mp_.depth_filter_maxdist_ = node_[01;31m[K->[m[Kdeclare_parameter("sdf_map/depth_filter_maxdist", -1.0);
[27.164s]       |                                    [01;31m[K^~[m[K
[27.164s] [01m[K/root/colcon_ws/src/Fast-Planner/fast_planner/plan_env/src/sdf_map.cpp:53:36:[m[K [01;31m[Kerror: [m[Kbase operand of ‘[01m[K->[m[K’ has non-pointer type ‘[01m[Krclcpp::Node[m[K’
[27.164s]    53 |   mp_.depth_filter_mindist_ = node_[01;31m[K->[m[Kdeclare_parameter("sdf_map/depth_filter_mindist", -1.0);
[27.164s]       |                                    [01;31m[K^~[m[K
[27.164s] [01m[K/root/colcon_ws/src/Fast-Planner/fast_planner/plan_env/src/sdf_map.cpp:54:35:[m[K [01;31m[Kerror: [m[Kbase operand of ‘[01m[K->[m[K’ has non-pointer type ‘[01m[Krclcpp::Node[m[K’
[27.164s]    54 |   mp_.depth_filter_margin_ = node_[01;31m[K->[m[Kdeclare_parameter("sdf_map/depth_filter_margin", -1);
[27.164s]       |                                   [01;31m[K^~[m[K
[27.164s] [01m[K/root/colcon_ws/src/Fast-Planner/fast_planner/plan_env/src/sdf_map.cpp:55:38:[m[K [01;31m[Kerror: [m[Kbase operand of ‘[01m[K->[m[K’ has non-pointer type ‘[01m[Krclcpp::Node[m[K’
[27.165s]    55 |   mp_.k_depth_scaling_factor_ = node_[01;31m[K->[m[Kdeclare_parameter("sdf_map/k_depth_scaling_factor", -1.0);
[27.165s]       |                                      [01;31m[K^~[m[K
[27.165s] [01m[K/root/colcon_ws/src/Fast-Planner/fast_planner/plan_env/src/sdf_map.cpp:56:26:[m[K [01;31m[Kerror: [m[Kbase operand of ‘[01m[K->[m[K’ has non-pointer type ‘[01m[Krclcpp::Node[m[K’
[27.165s]    56 |   mp_.skip_pixel_ = node_[01;31m[K->[m[Kdeclare_parameter("sdf_map/skip_pixel", -1);
[27.165s]       |                          [01;31m[K^~[m[K
[27.165s] [01m[K/root/colcon_ws/src/Fast-Planner/fast_planner/plan_env/src/sdf_map.cpp:58:21:[m[K [01;31m[Kerror: [m[Kbase operand of ‘[01m[K->[m[K’ has non-pointer type ‘[01m[Krclcpp::Node[m[K’
[27.165s]    58 |   mp_.p_hit_ = node_[01;31m[K->[m[Kdeclare_parameter("sdf_map/p_hit", 0.70);
[27.165s]       |                     [01;31m[K^~[m[K
[27.165s] [01m[K/root/colcon_ws/src/Fast-Planner/fast_planner/plan_env/src/sdf_map.cpp:59:22:[m[K [01;31m[Kerror: [m[Kbase operand of ‘[01m[K->[m[K’ has non-pointer type ‘[01m[Krclcpp::Node[m[K’
[27.165s]    59 |   mp_.p_miss_ = node_[01;31m[K->[m[Kdeclare_parameter("sdf_map/p_miss", 0.35);
[27.165s]       |                      [01;31m[K^~[m[K
[27.165s] [01m[K/root/colcon_ws/src/Fast-Planner/fast_planner/plan_env/src/sdf_map.cpp:60:21:[m[K [01;31m[Kerror: [m[Kbase operand of ‘[01m[K->[m[K’ has non-pointer type ‘[01m[Krclcpp::Node[m[K’
[27.166s]    60 |   mp_.p_min_ = node_[01;31m[K->[m[Kdeclare_parameter("sdf_map/p_min", 0.12);
[27.166s]       |                     [01;31m[K^~[m[K
[27.166s] [01m[K/root/colcon_ws/src/Fast-Planner/fast_planner/plan_env/src/sdf_map.cpp:61:21:[m[K [01;31m[Kerror: [m[Kbase operand of ‘[01m[K->[m[K’ has non-pointer type ‘[01m[Krclcpp::Node[m[K’
[27.166s]    61 |   mp_.p_max_ = node_[01;31m[K->[m[Kdeclare_parameter("sdf_map/p_max", 0.97);
[27.166s]       |                     [01;31m[K^~[m[K
[27.166s] [01m[K/root/colcon_ws/src/Fast-Planner/fast_planner/plan_env/src/sdf_map.cpp:62:21:[m[K [01;31m[Kerror: [m[Kbase operand of ‘[01m[K->[m[K’ has non-pointer type ‘[01m[Krclcpp::Node[m[K’
[27.166s]    62 |   mp_.p_occ_ = node_[01;31m[K->[m[Kdeclare_parameter("sdf_map/p_occ", 0.80);
[27.166s]       |                     [01;31m[K^~[m[K
[27.166s] [01m[K/root/colcon_ws/src/Fast-Planner/fast_planner/plan_env/src/sdf_map.cpp:63:30:[m[K [01;31m[Kerror: [m[Kbase operand of ‘[01m[K->[m[K’ has non-pointer type ‘[01m[Krclcpp::Node[m[K’
[27.166s]    63 |   mp_.min_ray_length_ = node_[01;31m[K->[m[Kdeclare_parameter("sdf_map/min_ray_length", -0.1);
[27.166s]       |                              [01;31m[K^~[m[K
[27.166s] [01m[K/root/colcon_ws/src/Fast-Planner/fast_planner/plan_env/src/sdf_map.cpp:64:30:[m[K [01;31m[Kerror: [m[Kbase operand of ‘[01m[K->[m[K’ has non-pointer type ‘[01m[Krclcpp::Node[m[K’
[27.167s]    64 |   mp_.max_ray_length_ = node_[01;31m[K->[m[Kdeclare_parameter("sdf_map/max_ray_length", -0.1);
[27.167s]       |                              [01;31m[K^~[m[K
[27.167s] [01m[K/root/colcon_ws/src/Fast-Planner/fast_planner/plan_env/src/sdf_map.cpp:66:33:[m[K [01;31m[Kerror: [m[Kbase operand of ‘[01m[K->[m[K’ has non-pointer type ‘[01m[Krclcpp::Node[m[K’
[27.167s]    66 |   mp_.esdf_slice_height_ = node_[01;31m[K->[m[Kdeclare_parameter("sdf_map/esdf_slice_height", -0.1);
[27.167s]       |                                 [01;31m[K^~[m[K
[27.167s] [01m[K/root/colcon_ws/src/Fast-Planner/fast_planner/plan_env/src/sdf_map.cpp:67:45:[m[K [01;31m[Kerror: [m[Kbase operand of ‘[01m[K->[m[K’ has non-pointer type ‘[01m[Krclcpp::Node[m[K’
[27.167s]    67 |   mp_.visualization_truncate_height_ = node_[01;31m[K->[m[Kdeclare_parameter("sdf_map/visualization_truncate_height", -0.1);
[27.167s]       |                                             [01;31m[K^~[m[K
[27.167s] [01m[K/root/colcon_ws/src/Fast-Planner/fast_planner/plan_env/src/sdf_map.cpp:68:35:[m[K [01;31m[Kerror: [m[Kbase operand of ‘[01m[K->[m[K’ has non-pointer type ‘[01m[Krclcpp::Node[m[K’
[27.167s]    68 |   mp_.virtual_ceil_height_ = node_[01;31m[K->[m[Kdeclare_parameter("sdf_map/virtual_ceil_height", -0.1);
[27.167s]       |                                   [01;31m[K^~[m[K
[27.167s] [01m[K/root/colcon_ws/src/Fast-Planner/fast_planner/plan_env/src/sdf_map.cpp:70:29:[m[K [01;31m[Kerror: [m[Kbase operand of ‘[01m[K->[m[K’ has non-pointer type ‘[01m[Krclcpp::Node[m[K’
[27.168s]    70 |   mp_.show_occ_time_ = node_[01;31m[K->[m[Kdeclare_parameter("sdf_map/show_occ_time", false);
[27.168s]       |                             [01;31m[K^~[m[K
[27.168s] [01m[K/root/colcon_ws/src/Fast-Planner/fast_planner/plan_env/src/sdf_map.cpp:71:30:[m[K [01;31m[Kerror: [m[Kbase operand of ‘[01m[K->[m[K’ has non-pointer type ‘[01m[Krclcpp::Node[m[K’
[27.168s]    71 |   mp_.show_esdf_time_ = node_[01;31m[K->[m[Kdeclare_parameter("sdf_map/show_esdf_time", false);
[27.168s]       |                              [01;31m[K^~[m[K
[27.168s] [01m[K/root/colcon_ws/src/Fast-Planner/fast_planner/plan_env/src/sdf_map.cpp:72:25:[m[K [01;31m[Kerror: [m[Kbase operand of ‘[01m[K->[m[K’ has non-pointer type ‘[01m[Krclcpp::Node[m[K’
[27.168s]    72 |   mp_.pose_type_ = node_[01;31m[K->[m[Kdeclare_parameter("sdf_map/pose_type", 1);
[27.168s]       |                         [01;31m[K^~[m[K
[27.168s] [01m[K/root/colcon_ws/src/Fast-Planner/fast_planner/plan_env/src/sdf_map.cpp:74:24:[m[K [01;31m[Kerror: [m[Kbase operand of ‘[01m[K->[m[K’ has non-pointer type ‘[01m[Krclcpp::Node[m[K’
[27.168s]    74 |   mp_.frame_id_ = node_[01;31m[K->[m[Kdeclare_parameter("sdf_map/frame_id", string("world"));
[27.168s]       |                        [01;31m[K^~[m[K
[27.169s] [01m[K/root/colcon_ws/src/Fast-Planner/fast_planner/plan_env/src/sdf_map.cpp:75:35:[m[K [01;31m[Kerror: [m[Kbase operand of ‘[01m[K->[m[K’ has non-pointer type ‘[01m[Krclcpp::Node[m[K’
[27.169s]    75 |   mp_.local_bound_inflate_ = node_[01;31m[K->[m[Kdeclare_parameter("sdf_map/local_bound_inflate", 1.0);
[27.169s]       |                                   [01;31m[K^~[m[K
[27.169s] [01m[K/root/colcon_ws/src/Fast-Planner/fast_planner/plan_env/src/sdf_map.cpp:76:32:[m[K [01;31m[Kerror: [m[Kbase operand of ‘[01m[K->[m[K’ has non-pointer type ‘[01m[Krclcpp::Node[m[K’
[27.169s]    76 |   mp_.local_map_margin_ = node_[01;31m[K->[m[Kdeclare_parameter("sdf_map/local_map_margin", 1);
[27.169s]       |                                [01;31m[K^~[m[K
[27.169s] [01m[K/root/colcon_ws/src/Fast-Planner/fast_planner/plan_env/src/sdf_map.cpp:77:29:[m[K [01;31m[Kerror: [m[Kbase operand of ‘[01m[K->[m[K’ has non-pointer type ‘[01m[Krclcpp::Node[m[K’
[27.169s]    77 |   mp_.ground_height_ = node_[01;31m[K->[m[Kdeclare_parameter("sdf_map/ground_height", 1.0);
[27.169s]       |                             [01;31m[K^~[m[K
[27.452s] [01m[K/root/colcon_ws/src/Fast-Planner/fast_planner/plan_env/src/sdf_map.cpp:131:104:[m[K [01;31m[Kerror: [m[Kno matching function for call to ‘[01m[Kmessage_filters::Subscriber<sensor_msgs::msg::Image_<std::allocator<void> > >::Subscriber(rclcpp::Node&, const char [15], int)[m[K’
[27.452s]   131 | ge_filters::Subscriber<sensor_msgs::msg::Image>(node_, "/sdf_map/depth", 50[01;31m[K)[m[K);
[27.452s]       |                                                                            [01;31m[K^[m[K
[27.452s] 
[27.453s] In file included from [01m[K/root/colcon_ws/src/Fast-Planner/fast_planner/plan_env/include/plan_env/sdf_map.h:45[m[K,
[27.454s]                  from [01m[K/root/colcon_ws/src/Fast-Planner/fast_planner/plan_env/src/sdf_map.cpp:26[m[K:
[27.454s] [01m[K/opt/ros/humble/include/message_filters/message_filters/subscriber.h:203:3:[m[K [01;36m[Knote: [m[Kcandidate: ‘[01m[Kmessage_filters::Subscriber<M, NodeType>::Subscriber() [with M = sensor_msgs::msg::Image_<std::allocator<void> >; NodeType = rclcpp::Node][m[K’
[27.454s]   203 |   [01;36m[KSubscriber[m[K() = default;
[27.454s]       |   [01;36m[K^~~~~~~~~~[m[K
[27.454s] [01m[K/opt/ros/humble/include/message_filters/message_filters/subscriber.h:203:3:[m[K [01;36m[Knote: [m[K  candidate expects 0 arguments, 3 provided
[27.455s] [01m[K/opt/ros/humble/include/message_filters/message_filters/subscriber.h:191:3:[m[K [01;36m[Knote: [m[Kcandidate: ‘[01m[Kmessage_filters::Subscriber<M, NodeType>::Subscriber(NodeType*, const string&, rmw_qos_profile_t, rclcpp::SubscriptionOptions) [with M = sensor_msgs::msg::Image_<std::allocator<void> >; NodeType = rclcpp::Node; std::string = std::__cxx11::basic_string<char>; rmw_qos_profile_t = rmw_qos_profile_s; rclcpp::SubscriptionOptions = rclcpp::SubscriptionOptionsWithAllocator<std::allocator<void> >][m[K’
[27.455s]   191 |   [01;36m[KSubscriber[m[K(
[27.455s]       |   [01;36m[K^~~~~~~~~~[m[K
[27.455s] [01m[K/opt/ros/humble/include/message_filters/message_filters/subscriber.h:191:3:[m[K [01;36m[Knote: [m[K  candidate expects 4 arguments, 3 provided
[27.455s] [01m[K/opt/ros/humble/include/message_filters/message_filters/subscriber.h:182:3:[m[K [01;36m[Knote: [m[Kcandidate: ‘[01m[Kmessage_filters::Subscriber<M, NodeType>::Subscriber(message_filters::Subscriber<M, NodeType>::NodePtr, const string&, rmw_qos_profile_t, rclcpp::SubscriptionOptions) [with M = sensor_msgs::msg::Image_<std::allocator<void> >; NodeType = rclcpp::Node; message_filters::Subscriber<M, NodeType>::NodePtr = std::shared_ptr<rclcpp::Node>; std::string = std::__cxx11::basic_string<char>; rmw_qos_profile_t = rmw_qos_profile_s; rclcpp::SubscriptionOptions = rclcpp::SubscriptionOptionsWithAllocator<std::allocator<void> >][m[K’
[27.455s]   182 |   [01;36m[KSubscriber[m[K(
[27.455s]       |   [01;36m[K^~~~~~~~~~[m[K
[27.455s] [01m[K/opt/ros/humble/include/message_filters/message_filters/subscriber.h:182:3:[m[K [01;36m[Knote: [m[K  candidate expects 4 arguments, 3 provided
[27.455s] [01m[K/opt/ros/humble/include/message_filters/message_filters/subscriber.h:167:3:[m[K [01;36m[Knote: [m[Kcandidate: ‘[01m[Kmessage_filters::Subscriber<M, NodeType>::Subscriber(NodeType*, const string&, rmw_qos_profile_t) [with M = sensor_msgs::msg::Image_<std::allocator<void> >; NodeType = rclcpp::Node; std::string = std::__cxx11::basic_string<char>; rmw_qos_profile_t = rmw_qos_profile_s][m[K’
[27.455s]   167 |   [01;36m[KSubscriber[m[K(NodeType * node, const std::string& topic, const rmw_qos_profile_t qos = rmw_qos_profile_default)
[27.456s]       |   [01;36m[K^~~~~~~~~~[m[K
[27.457s] [01m[K/opt/ros/humble/include/message_filters/message_filters/subscriber.h:167:25:[m[K [01;36m[Knote: [m[K  no known conversion for argument 1 from ‘[01m[Krclcpp::Node[m[K’ to ‘[01m[Krclcpp::Node*[m[K’
[27.457s]   167 |   Subscriber([01;36m[KNodeType * node[m[K, const std::string& topic, const rmw_qos_profile_t qos = rmw_qos_profile_default)
[27.457s]       |              [01;36m[K~~~~~~~~~~~^~~~[m[K
[27.458s] [01m[K/opt/ros/humble/include/message_filters/message_filters/subscriber.h:162:3:[m[K [01;36m[Knote: [m[Kcandidate: ‘[01m[Kmessage_filters::Subscriber<M, NodeType>::Subscriber(message_filters::Subscriber<M, NodeType>::NodePtr, const string&, rmw_qos_profile_t) [with M = sensor_msgs::msg::Image_<std::allocator<void> >; NodeType = rclcpp::Node; message_filters::Subscriber<M, NodeType>::NodePtr = std::shared_ptr<rclcpp::Node>; std::string = std::__cxx11::basic_string<char>; rmw_qos_profile_t = rmw_qos_profile_s][m[K’
[27.458s]   162 |   [01;36m[KSubscriber[m[K(NodePtr node, const std::string& topic, const rmw_qos_profile_t qos = rmw_qos_profile_default)
[27.458s]       |   [01;36m[K^~~~~~~~~~[m[K
[27.458s] [01m[K/opt/ros/humble/include/message_filters/message_filters/subscriber.h:162:22:[m[K [01;36m[Knote: [m[K  no known conversion for argument 1 from ‘[01m[Krclcpp::Node[m[K’ to ‘[01m[Kmessage_filters::Subscriber<sensor_msgs::msg::Image_<std::allocator<void> > >::NodePtr[m[K’ {aka ‘[01m[Kstd::shared_ptr<rclcpp::Node>[m[K’}
[27.459s]   162 |   Subscriber([01;36m[KNodePtr node[m[K, const std::string& topic, const rmw_qos_profile_t qos = rmw_qos_profile_default)
[27.459s]       |              [01;36m[K~~~~~~~~^~~~[m[K
[27.808s] [01m[K/root/colcon_ws/src/Fast-Planner/fast_planner/plan_env/src/sdf_map.cpp:135:100:[m[K [01;31m[Kerror: [m[Kno matching function for call to ‘[01m[Kmessage_filters::Subscriber<geometry_msgs::msg::PoseStamped_<std::allocator<void> > >::Subscriber(rclcpp::Node&, const char [14], int)[m[K’
[27.808s]   135 | ers::Subscriber<geometry_msgs::msg::PoseStamped>(node_, "/sdf_map/pose", 25[01;31m[K)[m[K);
[27.809s]       |                                                                            [01;31m[K^[m[K
[27.809s] 
[27.809s] In file included from [01m[K/root/colcon_ws/src/Fast-Planner/fast_planner/plan_env/include/plan_env/sdf_map.h:45[m[K,
[27.809s]                  from [01m[K/root/colcon_ws/src/Fast-Planner/fast_planner/plan_env/src/sdf_map.cpp:26[m[K:
[27.809s] [01m[K/opt/ros/humble/include/message_filters/message_filters/subscriber.h:203:3:[m[K [01;36m[Knote: [m[Kcandidate: ‘[01m[Kmessage_filters::Subscriber<M, NodeType>::Subscriber() [with M = geometry_msgs::msg::PoseStamped_<std::allocator<void> >; NodeType = rclcpp::Node][m[K’
[27.809s]   203 |   [01;36m[KSubscriber[m[K() = default;
[27.809s]       |   [01;36m[K^~~~~~~~~~[m[K
[27.809s] [01m[K/opt/ros/humble/include/message_filters/message_filters/subscriber.h:203:3:[m[K [01;36m[Knote: [m[K  candidate expects 0 arguments, 3 provided
[27.809s] [01m[K/opt/ros/humble/include/message_filters/message_filters/subscriber.h:191:3:[m[K [01;36m[Knote: [m[Kcandidate: ‘[01m[Kmessage_filters::Subscriber<M, NodeType>::Subscriber(NodeType*, const string&, rmw_qos_profile_t, rclcpp::SubscriptionOptions) [with M = geometry_msgs::msg::PoseStamped_<std::allocator<void> >; NodeType = rclcpp::Node; std::string = std::__cxx11::basic_string<char>; rmw_qos_profile_t = rmw_qos_profile_s; rclcpp::SubscriptionOptions = rclcpp::SubscriptionOptionsWithAllocator<std::allocator<void> >][m[K’
[27.809s]   191 |   [01;36m[KSubscriber[m[K(
[27.809s]       |   [01;36m[K^~~~~~~~~~[m[K
[27.810s] [01m[K/opt/ros/humble/include/message_filters/message_filters/subscriber.h:191:3:[m[K [01;36m[Knote: [m[K  candidate expects 4 arguments, 3 provided
[27.810s] [01m[K/opt/ros/humble/include/message_filters/message_filters/subscriber.h:182:3:[m[K [01;36m[Knote: [m[Kcandidate: ‘[01m[Kmessage_filters::Subscriber<M, NodeType>::Subscriber(message_filters::Subscriber<M, NodeType>::NodePtr, const string&, rmw_qos_profile_t, rclcpp::SubscriptionOptions) [with M = geometry_msgs::msg::PoseStamped_<std::allocator<void> >; NodeType = rclcpp::Node; message_filters::Subscriber<M, NodeType>::NodePtr = std::shared_ptr<rclcpp::Node>; std::string = std::__cxx11::basic_string<char>; rmw_qos_profile_t = rmw_qos_profile_s; rclcpp::SubscriptionOptions = rclcpp::SubscriptionOptionsWithAllocator<std::allocator<void> >][m[K’
[27.810s]   182 |   [01;36m[KSubscriber[m[K(
[27.810s]       |   [01;36m[K^~~~~~~~~~[m[K
[27.810s] [01m[K/opt/ros/humble/include/message_filters/message_filters/subscriber.h:182:3:[m[K [01;36m[Knote: [m[K  candidate expects 4 arguments, 3 provided
[27.810s] [01m[K/opt/ros/humble/include/message_filters/message_filters/subscriber.h:167:3:[m[K [01;36m[Knote: [m[Kcandidate: ‘[01m[Kmessage_filters::Subscriber<M, NodeType>::Subscriber(NodeType*, const string&, rmw_qos_profile_t) [with M = geometry_msgs::msg::PoseStamped_<std::allocator<void> >; NodeType = rclcpp::Node; std::string = std::__cxx11::basic_string<char>; rmw_qos_profile_t = rmw_qos_profile_s][m[K’
[27.810s]   167 |   [01;36m[KSubscriber[m[K(NodeType * node, const std::string& topic, const rmw_qos_profile_t qos = rmw_qos_profile_default)
[27.810s]       |   [01;36m[K^~~~~~~~~~[m[K
[27.810s] [01m[K/opt/ros/humble/include/message_filters/message_filters/subscriber.h:167:25:[m[K [01;36m[Knote: [m[K  no known conversion for argument 1 from ‘[01m[Krclcpp::Node[m[K’ to ‘[01m[Krclcpp::Node*[m[K’
[27.810s]   167 |   Subscriber([01;36m[KNodeType * node[m[K, const std::string& topic, const rmw_qos_profile_t qos = rmw_qos_profile_default)
[27.811s]       |              [01;36m[K~~~~~~~~~~~^~~~[m[K
[27.811s] [01m[K/opt/ros/humble/include/message_filters/message_filters/subscriber.h:162:3:[m[K [01;36m[Knote: [m[Kcandidate: ‘[01m[Kmessage_filters::Subscriber<M, NodeType>::Subscriber(message_filters::Subscriber<M, NodeType>::NodePtr, const string&, rmw_qos_profile_t) [with M = geometry_msgs::msg::PoseStamped_<std::allocator<void> >; NodeType = rclcpp::Node; message_filters::Subscriber<M, NodeType>::NodePtr = std::shared_ptr<rclcpp::Node>; std::string = std::__cxx11::basic_string<char>; rmw_qos_profile_t = rmw_qos_profile_s][m[K’
[27.811s]   162 |   [01;36m[KSubscriber[m[K(NodePtr node, const std::string& topic, const rmw_qos_profile_t qos = rmw_qos_profile_default)
[27.811s]       |   [01;36m[K^~~~~~~~~~[m[K
[27.811s] [01m[K/opt/ros/humble/include/message_filters/message_filters/subscriber.h:162:22:[m[K [01;36m[Knote: [m[K  no known conversion for argument 1 from ‘[01m[Krclcpp::Node[m[K’ to ‘[01m[Kmessage_filters::Subscriber<geometry_msgs::msg::PoseStamped_<std::allocator<void> > >::NodePtr[m[K’ {aka ‘[01m[Kstd::shared_ptr<rclcpp::Node>[m[K’}
[27.811s]   162 |   Subscriber([01;36m[KNodePtr node[m[K, const std::string& topic, const rmw_qos_profile_t qos = rmw_qos_profile_default)
[27.811s]       |              [01;36m[K~~~~~~~~^~~~[m[K
[27.960s] [01m[K/root/colcon_ws/src/Fast-Planner/fast_planner/plan_env/src/sdf_map.cpp:139:47:[m[K [01;31m[Kerror: [m[K‘[01m[Kbind[m[K’ is not a member of ‘[01m[Kboost[m[K’; did you mean ‘[01m[Kfind[m[K’?
[27.961s]   139 |     sync_image_pose_->registerCallback(boost::[01;31m[Kbind[m[K(&SDFMap::depthPoseCallback, this, _1, _2));
[27.961s]       |                                               [01;31m[K^~~~[m[K
[27.961s]       |                                               [32m[Kfind[m[K
[27.966s] [01m[K/root/colcon_ws/src/Fast-Planner/fast_planner/plan_env/src/sdf_map.cpp:139:86:[m[K [01;31m[Kerror: [m[K‘[01m[K_1[m[K’ was not declared in this scope
[27.967s]   139 | ose_->registerCallback(boost::bind(&SDFMap::depthPoseCallback, this, [01;31m[K_1[m[K, _2));
[27.967s]       |                                                                      [01;31m[K^~[m[K
[27.967s] 
[27.967s] [01m[K/root/colcon_ws/src/Fast-Planner/fast_planner/plan_env/src/sdf_map.cpp:139:86:[m[K [01;36m[Knote: [m[Ksuggested alternatives:
[27.967s] In file included from [01m[K/usr/include/boost/mpl/aux_/include_preprocessed.hpp:37[m[K,
[27.967s]                  from [01m[K/usr/include/boost/mpl/placeholders.hpp:43[m[K,
[27.968s]                  from [01m[K/usr/include/boost/mpl/apply.hpp:24[m[K,
[27.968s]                  from [01m[K/usr/include/boost/mpl/aux_/iter_apply.hpp:17[m[K,
[27.968s]                  from [01m[K/usr/include/boost/mpl/aux_/find_if_pred.hpp:14[m[K,
[27.968s]                  from [01m[K/usr/include/boost/mpl/find_if.hpp:17[m[K,
[27.968s]                  from [01m[K/usr/include/boost/mpl/find.hpp:17[m[K,
[27.968s]                  from [01m[K/usr/include/boost/mpl/aux_/contains_impl.hpp:20[m[K,
[27.968s]                  from [01m[K/usr/include/boost/mpl/contains.hpp:20[m[K,
[27.968s]                  from [01m[K/usr/include/pcl-1.12/pcl/impl/point_types.hpp:49[m[K,
[27.968s]                  from [01m[K/usr/include/pcl-1.12/pcl/point_types.h:354[m[K,
[27.968s]                  from [01m[K/root/colcon_ws/src/Fast-Planner/fast_planner/plan_env/include/plan_env/sdf_map.h:42[m[K,
[27.968s]                  from [01m[K/root/colcon_ws/src/Fast-Planner/fast_planner/plan_env/src/sdf_map.cpp:26[m[K:
[27.969s] [01m[K/usr/include/boost/mpl/aux_/preprocessed/gcc/placeholders.hpp:29:16:[m[K [01;36m[Knote: [m[K  ‘[01m[Kmpl_::_1[m[K’
[27.969s]    29 | typedef arg<1> [01;36m[K_1[m[K;
[27.969s]       |                [01;36m[K^~[m[K
[27.969s] In file included from [01m[K/usr/include/eigen3/Eigen/Core:85[m[K,
[27.969s]                  from [01m[K/usr/include/eigen3/Eigen/Dense:1[m[K,
[27.969s]                  from [01m[K/usr/include/eigen3/Eigen/Eigen:1[m[K,
[27.969s]                  from [01m[K/root/colcon_ws/src/Fast-Planner/fast_planner/plan_env/include/plan_env/sdf_map.h:29[m[K,
[27.969s]                  from [01m[K/root/colcon_ws/src/Fast-Planner/fast_planner/plan_env/src/sdf_map.cpp:26[m[K:
[27.969s] [01m[K/usr/include/c++/11/functional:225:34:[m[K [01;36m[Knote: [m[K  ‘[01m[Kstd::placeholders::_1[m[K’
[27.969s]   225 |     extern const _Placeholder<1> [01;36m[K_1[m[K;
[27.970s]       |                                  [01;36m[K^~[m[K
[27.970s] In file included from [01m[K/usr/include/boost/mpl/aux_/include_preprocessed.hpp:37[m[K,
[27.970s]                  from [01m[K/usr/include/boost/mpl/placeholders.hpp:43[m[K,
[27.970s]                  from [01m[K/usr/include/boost/mpl/apply.hpp:24[m[K,
[27.970s]                  from [01m[K/usr/include/boost/mpl/aux_/iter_apply.hpp:17[m[K,
[27.970s]                  from [01m[K/usr/include/boost/mpl/aux_/find_if_pred.hpp:14[m[K,
[27.970s]                  from [01m[K/usr/include/boost/mpl/find_if.hpp:17[m[K,
[27.970s]                  from [01m[K/usr/include/boost/mpl/find.hpp:17[m[K,
[27.970s]                  from [01m[K/usr/include/boost/mpl/aux_/contains_impl.hpp:20[m[K,
[27.970s]                  from [01m[K/usr/include/boost/mpl/contains.hpp:20[m[K,
[27.970s]                  from [01m[K/usr/include/pcl-1.12/pcl/impl/point_types.hpp:49[m[K,
[27.970s]                  from [01m[K/usr/include/pcl-1.12/pcl/point_types.h:354[m[K,
[27.971s]                  from [01m[K/root/colcon_ws/src/Fast-Planner/fast_planner/plan_env/include/plan_env/sdf_map.h:42[m[K,
[27.971s]                  from [01m[K/root/colcon_ws/src/Fast-Planner/fast_planner/plan_env/src/sdf_map.cpp:26[m[K:
[27.971s] [01m[K/usr/include/boost/mpl/aux_/preprocessed/gcc/placeholders.hpp:29:16:[m[K [01;36m[Knote: [m[K  ‘[01m[Kmpl_::_1[m[K’
[27.971s]    29 | typedef arg<1> [01;36m[K_1[m[K;
[27.971s]       |                [01;36m[K^~[m[K
[27.971s] [01m[K/usr/include/boost/mpl/aux_/preprocessed/gcc/placeholders.hpp:29:16:[m[K [01;36m[Knote: [m[K  ‘[01m[Kmpl_::_1[m[K’
[27.973s] [01m[K/root/colcon_ws/src/Fast-Planner/fast_planner/plan_env/src/sdf_map.cpp:139:90:[m[K [01;31m[Kerror: [m[K‘[01m[K_2[m[K’ was not declared in this scope
[27.973s]   139 | ose_->registerCallback(boost::bind(&SDFMap::depthPoseCallback, this, _1, [01;31m[K_2[m[K));
[27.973s]       |                                                                          [01;31m[K^~[m[K
[27.973s] 
[27.973s] [01m[K/root/colcon_ws/src/Fast-Planner/fast_planner/plan_env/src/sdf_map.cpp:139:90:[m[K [01;36m[Knote: [m[Ksuggested alternatives:
[27.974s] In file included from [01m[K/usr/include/boost/mpl/aux_/include_preprocessed.hpp:37[m[K,
[27.974s]                  from [01m[K/usr/include/boost/mpl/placeholders.hpp:43[m[K,
[27.974s]                  from [01m[K/usr/include/boost/mpl/apply.hpp:24[m[K,
[27.974s]                  from [01m[K/usr/include/boost/mpl/aux_/iter_apply.hpp:17[m[K,
[27.974s]                  from [01m[K/usr/include/boost/mpl/aux_/find_if_pred.hpp:14[m[K,
[27.975s]                  from [01m[K/usr/include/boost/mpl/find_if.hpp:17[m[K,
[27.975s]                  from [01m[K/usr/include/boost/mpl/find.hpp:17[m[K,
[27.975s]                  from [01m[K/usr/include/boost/mpl/aux_/contains_impl.hpp:20[m[K,
[27.975s]                  from [01m[K/usr/include/boost/mpl/contains.hpp:20[m[K,
[27.975s]                  from [01m[K/usr/include/pcl-1.12/pcl/impl/point_types.hpp:49[m[K,
[27.975s]                  from [01m[K/usr/include/pcl-1.12/pcl/point_types.h:354[m[K,
[27.976s]                  from [01m[K/root/colcon_ws/src/Fast-Planner/fast_planner/plan_env/include/plan_env/sdf_map.h:42[m[K,
[27.976s]                  from [01m[K/root/colcon_ws/src/Fast-Planner/fast_planner/plan_env/src/sdf_map.cpp:26[m[K:
[27.976s] [01m[K/usr/include/boost/mpl/aux_/preprocessed/gcc/placeholders.hpp:42:16:[m[K [01;36m[Knote: [m[K  ‘[01m[Kmpl_::_2[m[K’
[27.976s]    42 | typedef arg<2> [01;36m[K_2[m[K;
[27.976s]       |                [01;36m[K^~[m[K
[27.977s] In file included from [01m[K/usr/include/eigen3/Eigen/Core:85[m[K,
[27.977s]                  from [01m[K/usr/include/eigen3/Eigen/Dense:1[m[K,
[27.977s]                  from [01m[K/usr/include/eigen3/Eigen/Eigen:1[m[K,
[27.977s]                  from [01m[K/root/colcon_ws/src/Fast-Planner/fast_planner/plan_env/include/plan_env/sdf_map.h:29[m[K,
[27.977s]                  from [01m[K/root/colcon_ws/src/Fast-Planner/fast_planner/plan_env/src/sdf_map.cpp:26[m[K:
[27.978s] [01m[K/usr/include/c++/11/functional:226:34:[m[K [01;36m[Knote: [m[K  ‘[01m[Kstd::placeholders::_2[m[K’
[27.978s]   226 |     extern const _Placeholder<2> [01;36m[K_2[m[K;
[27.979s]       |                                  [01;36m[K^~[m[K
[27.979s] In file included from [01m[K/usr/include/boost/mpl/aux_/include_preprocessed.hpp:37[m[K,
[27.979s]                  from [01m[K/usr/include/boost/mpl/placeholders.hpp:43[m[K,
[27.979s]                  from [01m[K/usr/include/boost/mpl/apply.hpp:24[m[K,
[27.980s]                  from [01m[K/usr/include/boost/mpl/aux_/iter_apply.hpp:17[m[K,
[27.980s]                  from [01m[K/usr/include/boost/mpl/aux_/find_if_pred.hpp:14[m[K,
[27.980s]                  from [01m[K/usr/include/boost/mpl/find_if.hpp:17[m[K,
[27.980s]                  from [01m[K/usr/include/boost/mpl/find.hpp:17[m[K,
[27.981s]                  from [01m[K/usr/include/boost/mpl/aux_/contains_impl.hpp:20[m[K,
[27.981s]                  from [01m[K/usr/include/boost/mpl/contains.hpp:20[m[K,
[27.981s]                  from [01m[K/usr/include/pcl-1.12/pcl/impl/point_types.hpp:49[m[K,
[27.981s]                  from [01m[K/usr/include/pcl-1.12/pcl/point_types.h:354[m[K,
[27.981s]                  from [01m[K/root/colcon_ws/src/Fast-Planner/fast_planner/plan_env/include/plan_env/sdf_map.h:42[m[K,
[27.981s]                  from [01m[K/root/colcon_ws/src/Fast-Planner/fast_planner/plan_env/src/sdf_map.cpp:26[m[K:
[27.982s] [01m[K/usr/include/boost/mpl/aux_/preprocessed/gcc/placeholders.hpp:42:16:[m[K [01;36m[Knote: [m[K  ‘[01m[Kmpl_::_2[m[K’
[27.982s]    42 | typedef arg<2> [01;36m[K_2[m[K;
[27.982s]       |                [01;36m[K^~[m[K
[27.983s] [01m[K/usr/include/boost/mpl/aux_/preprocessed/gcc/placeholders.hpp:42:16:[m[K [01;36m[Knote: [m[K  ‘[01m[Kmpl_::_2[m[K’
[28.130s] [01m[K/root/colcon_ws/src/Fast-Planner/fast_planner/plan_env/src/sdf_map.cpp:142:105:[m[K [01;31m[Kerror: [m[Kno matching function for call to ‘[01m[Kmessage_filters::Subscriber<nav_msgs::msg::Odometry_<std::allocator<void> > >::Subscriber(rclcpp::Node&, const char [14], int)[m[K’
[28.130s]   142 | ge_filters::Subscriber<nav_msgs::msg::Odometry>(node_, "/sdf_map/odom", 100[01;31m[K)[m[K);
[28.130s]       |                                                                            [01;31m[K^[m[K
[28.131s] 
[28.131s] In file included from [01m[K/root/colcon_ws/src/Fast-Planner/fast_planner/plan_env/include/plan_env/sdf_map.h:45[m[K,
[28.131s]                  from [01m[K/root/colcon_ws/src/Fast-Planner/fast_planner/plan_env/src/sdf_map.cpp:26[m[K:
[28.131s] [01m[K/opt/ros/humble/include/message_filters/message_filters/subscriber.h:203:3:[m[K [01;36m[Knote: [m[Kcandidate: ‘[01m[Kmessage_filters::Subscriber<M, NodeType>::Subscriber() [with M = nav_msgs::msg::Odometry_<std::allocator<void> >; NodeType = rclcpp::Node][m[K’
[28.131s]   203 |   [01;36m[KSubscriber[m[K() = default;
[28.131s]       |   [01;36m[K^~~~~~~~~~[m[K
[28.131s] [01m[K/opt/ros/humble/include/message_filters/message_filters/subscriber.h:203:3:[m[K [01;36m[Knote: [m[K  candidate expects 0 arguments, 3 provided
[28.131s] [01m[K/opt/ros/humble/include/message_filters/message_filters/subscriber.h:191:3:[m[K [01;36m[Knote: [m[Kcandidate: ‘[01m[Kmessage_filters::Subscriber<M, NodeType>::Subscriber(NodeType*, const string&, rmw_qos_profile_t, rclcpp::SubscriptionOptions) [with M = nav_msgs::msg::Odometry_<std::allocator<void> >; NodeType = rclcpp::Node; std::string = std::__cxx11::basic_string<char>; rmw_qos_profile_t = rmw_qos_profile_s; rclcpp::SubscriptionOptions = rclcpp::SubscriptionOptionsWithAllocator<std::allocator<void> >][m[K’
[28.131s]   191 |   [01;36m[KSubscriber[m[K(
[28.131s]       |   [01;36m[K^~~~~~~~~~[m[K
[28.131s] [01m[K/opt/ros/humble/include/message_filters/message_filters/subscriber.h:191:3:[m[K [01;36m[Knote: [m[K  candidate expects 4 arguments, 3 provided
[28.132s] [01m[K/opt/ros/humble/include/message_filters/message_filters/subscriber.h:182:3:[m[K [01;36m[Knote: [m[Kcandidate: ‘[01m[Kmessage_filters::Subscriber<M, NodeType>::Subscriber(message_filters::Subscriber<M, NodeType>::NodePtr, const string&, rmw_qos_profile_t, rclcpp::SubscriptionOptions) [with M = nav_msgs::msg::Odometry_<std::allocator<void> >; NodeType = rclcpp::Node; message_filters::Subscriber<M, NodeType>::NodePtr = std::shared_ptr<rclcpp::Node>; std::string = std::__cxx11::basic_string<char>; rmw_qos_profile_t = rmw_qos_profile_s; rclcpp::SubscriptionOptions = rclcpp::SubscriptionOptionsWithAllocator<std::allocator<void> >][m[K’
[28.132s]   182 |   [01;36m[KSubscriber[m[K(
[28.132s]       |   [01;36m[K^~~~~~~~~~[m[K
[28.132s] [01m[K/opt/ros/humble/include/message_filters/message_filters/subscriber.h:182:3:[m[K [01;36m[Knote: [m[K  candidate expects 4 arguments, 3 provided
[28.132s] [01m[K/opt/ros/humble/include/message_filters/message_filters/subscriber.h:167:3:[m[K [01;36m[Knote: [m[Kcandidate: ‘[01m[Kmessage_filters::Subscriber<M, NodeType>::Subscriber(NodeType*, const string&, rmw_qos_profile_t) [with M = nav_msgs::msg::Odometry_<std::allocator<void> >; NodeType = rclcpp::Node; std::string = std::__cxx11::basic_string<char>; rmw_qos_profile_t = rmw_qos_profile_s][m[K’
[28.132s]   167 |   [01;36m[KSubscriber[m[K(NodeType * node, const std::string& topic, const rmw_qos_profile_t qos = rmw_qos_profile_default)
[28.132s]       |   [01;36m[K^~~~~~~~~~[m[K
[28.132s] [01m[K/opt/ros/humble/include/message_filters/message_filters/subscriber.h:167:25:[m[K [01;36m[Knote: [m[K  no known conversion for argument 1 from ‘[01m[Krclcpp::Node[m[K’ to ‘[01m[Krclcpp::Node*[m[K’
[28.132s]   167 |   Subscriber([01;36m[KNodeType * node[m[K, const std::string& topic, const rmw_qos_profile_t qos = rmw_qos_profile_default)
[28.132s]       |              [01;36m[K~~~~~~~~~~~^~~~[m[K
[28.132s] [01m[K/opt/ros/humble/include/message_filters/message_filters/subscriber.h:162:3:[m[K [01;36m[Knote: [m[Kcandidate: ‘[01m[Kmessage_filters::Subscriber<M, NodeType>::Subscriber(message_filters::Subscriber<M, NodeType>::NodePtr, const string&, rmw_qos_profile_t) [with M = nav_msgs::msg::Odometry_<std::allocator<void> >; NodeType = rclcpp::Node; message_filters::Subscriber<M, NodeType>::NodePtr = std::shared_ptr<rclcpp::Node>; std::string = std::__cxx11::basic_string<char>; rmw_qos_profile_t = rmw_qos_profile_s][m[K’
[28.133s]   162 |   [01;36m[KSubscriber[m[K(NodePtr node, const std::string& topic, const rmw_qos_profile_t qos = rmw_qos_profile_default)
[28.133s]       |   [01;36m[K^~~~~~~~~~[m[K
[28.133s] [01m[K/opt/ros/humble/include/message_filters/message_filters/subscriber.h:162:22:[m[K [01;36m[Knote: [m[K  no known conversion for argument 1 from ‘[01m[Krclcpp::Node[m[K’ to ‘[01m[Kmessage_filters::Subscriber<nav_msgs::msg::Odometry_<std::allocator<void> > >::NodePtr[m[K’ {aka ‘[01m[Kstd::shared_ptr<rclcpp::Node>[m[K’}
[28.133s]   162 |   Subscriber([01;36m[KNodePtr node[m[K, const std::string& topic, const rmw_qos_profile_t qos = rmw_qos_profile_default)
[28.133s]       |              [01;36m[K~~~~~~~~^~~~[m[K
[28.201s] [01m[K/root/colcon_ws/src/Fast-Planner/fast_planner/plan_env/src/sdf_map.cpp:146:47:[m[K [01;31m[Kerror: [m[K‘[01m[Kbind[m[K’ is not a member of ‘[01m[Kboost[m[K’; did you mean ‘[01m[Kfind[m[K’?
[28.201s]   146 |     sync_image_odom_->registerCallback(boost::[01;31m[Kbind[m[K(&SDFMap::depthOdomCallback, this, _1, _2));
[28.201s]       |                                               [01;31m[K^~~~[m[K
[28.201s]       |                                               [32m[Kfind[m[K
[28.205s] [01m[K/root/colcon_ws/src/Fast-Planner/fast_planner/plan_env/src/sdf_map.cpp:146:86:[m[K [01;31m[Kerror: [m[K‘[01m[K_1[m[K’ was not declared in this scope
[28.206s]   146 | dom_->registerCallback(boost::bind(&SDFMap::depthOdomCallback, this, [01;31m[K_1[m[K, _2));
[28.206s]       |                                                                      [01;31m[K^~[m[K
[28.206s] 
[28.206s] [01m[K/root/colcon_ws/src/Fast-Planner/fast_planner/plan_env/src/sdf_map.cpp:146:86:[m[K [01;36m[Knote: [m[Ksuggested alternatives:
[28.206s] In file included from [01m[K/usr/include/boost/mpl/aux_/include_preprocessed.hpp:37[m[K,
[28.206s]                  from [01m[K/usr/include/boost/mpl/placeholders.hpp:43[m[K,
[28.206s]                  from [01m[K/usr/include/boost/mpl/apply.hpp:24[m[K,
[28.206s]                  from [01m[K/usr/include/boost/mpl/aux_/iter_apply.hpp:17[m[K,
[28.206s]                  from [01m[K/usr/include/boost/mpl/aux_/find_if_pred.hpp:14[m[K,
[28.207s]                  from [01m[K/usr/include/boost/mpl/find_if.hpp:17[m[K,
[28.207s]                  from [01m[K/usr/include/boost/mpl/find.hpp:17[m[K,
[28.207s]                  from [01m[K/usr/include/boost/mpl/aux_/contains_impl.hpp:20[m[K,
[28.207s]                  from [01m[K/usr/include/boost/mpl/contains.hpp:20[m[K,
[28.207s]                  from [01m[K/usr/include/pcl-1.12/pcl/impl/point_types.hpp:49[m[K,
[28.207s]                  from [01m[K/usr/include/pcl-1.12/pcl/point_types.h:354[m[K,
[28.207s]                  from [01m[K/root/colcon_ws/src/Fast-Planner/fast_planner/plan_env/include/plan_env/sdf_map.h:42[m[K,
[28.207s]                  from [01m[K/root/colcon_ws/src/Fast-Planner/fast_planner/plan_env/src/sdf_map.cpp:26[m[K:
[28.207s] [01m[K/usr/include/boost/mpl/aux_/preprocessed/gcc/placeholders.hpp:29:16:[m[K [01;36m[Knote: [m[K  ‘[01m[Kmpl_::_1[m[K’
[28.207s]    29 | typedef arg<1> [01;36m[K_1[m[K;
[28.207s]       |                [01;36m[K^~[m[K
[28.207s] In file included from [01m[K/usr/include/eigen3/Eigen/Core:85[m[K,
[28.208s]                  from [01m[K/usr/include/eigen3/Eigen/Dense:1[m[K,
[28.209s]                  from [01m[K/usr/include/eigen3/Eigen/Eigen:1[m[K,
[28.209s]                  from [01m[K/root/colcon_ws/src/Fast-Planner/fast_planner/plan_env/include/plan_env/sdf_map.h:29[m[K,
[28.209s]                  from [01m[K/root/colcon_ws/src/Fast-Planner/fast_planner/plan_env/src/sdf_map.cpp:26[m[K:
[28.209s] [01m[K/usr/include/c++/11/functional:225:34:[m[K [01;36m[Knote: [m[K  ‘[01m[Kstd::placeholders::_1[m[K’
[28.210s]   225 |     extern const _Placeholder<1> [01;36m[K_1[m[K;
[28.210s]       |                                  [01;36m[K^~[m[K
[28.210s] In file included from [01m[K/usr/include/boost/mpl/aux_/include_preprocessed.hpp:37[m[K,
[28.210s]                  from [01m[K/usr/include/boost/mpl/placeholders.hpp:43[m[K,
[28.210s]                  from [01m[K/usr/include/boost/mpl/apply.hpp:24[m[K,
[28.210s]                  from [01m[K/usr/include/boost/mpl/aux_/iter_apply.hpp:17[m[K,
[28.210s]                  from [01m[K/usr/include/boost/mpl/aux_/find_if_pred.hpp:14[m[K,
[28.210s]                  from [01m[K/usr/include/boost/mpl/find_if.hpp:17[m[K,
[28.210s]                  from [01m[K/usr/include/boost/mpl/find.hpp:17[m[K,
[28.210s]                  from [01m[K/usr/include/boost/mpl/aux_/contains_impl.hpp:20[m[K,
[28.210s]                  from [01m[K/usr/include/boost/mpl/contains.hpp:20[m[K,
[28.210s]                  from [01m[K/usr/include/pcl-1.12/pcl/impl/point_types.hpp:49[m[K,
[28.211s]                  from [01m[K/usr/include/pcl-1.12/pcl/point_types.h:354[m[K,
[28.211s]                  from [01m[K/root/colcon_ws/src/Fast-Planner/fast_planner/plan_env/include/plan_env/sdf_map.h:42[m[K,
[28.211s]                  from [01m[K/root/colcon_ws/src/Fast-Planner/fast_planner/plan_env/src/sdf_map.cpp:26[m[K:
[28.211s] [01m[K/usr/include/boost/mpl/aux_/preprocessed/gcc/placeholders.hpp:29:16:[m[K [01;36m[Knote: [m[K  ‘[01m[Kmpl_::_1[m[K’
[28.211s]    29 | typedef arg<1> [01;36m[K_1[m[K;
[28.211s]       |                [01;36m[K^~[m[K
[28.211s] [01m[K/usr/include/boost/mpl/aux_/preprocessed/gcc/placeholders.hpp:29:16:[m[K [01;36m[Knote: [m[K  ‘[01m[Kmpl_::_1[m[K’
[28.211s] [01m[K/root/colcon_ws/src/Fast-Planner/fast_planner/plan_env/src/sdf_map.cpp:146:90:[m[K [01;31m[Kerror: [m[K‘[01m[K_2[m[K’ was not declared in this scope
[28.211s]   146 | dom_->registerCallback(boost::bind(&SDFMap::depthOdomCallback, this, _1, [01;31m[K_2[m[K));
[28.211s]       |                                                                          [01;31m[K^~[m[K
[28.211s] 
[28.211s] [01m[K/root/colcon_ws/src/Fast-Planner/fast_planner/plan_env/src/sdf_map.cpp:146:90:[m[K [01;36m[Knote: [m[Ksuggested alternatives:
[28.212s] In file included from [01m[K/usr/include/boost/mpl/aux_/include_preprocessed.hpp:37[m[K,
[28.212s]                  from [01m[K/usr/include/boost/mpl/placeholders.hpp:43[m[K,
[28.212s]                  from [01m[K/usr/include/boost/mpl/apply.hpp:24[m[K,
[28.212s]                  from [01m[K/usr/include/boost/mpl/aux_/iter_apply.hpp:17[m[K,
[28.212s]                  from [01m[K/usr/include/boost/mpl/aux_/find_if_pred.hpp:14[m[K,
[28.212s]                  from [01m[K/usr/include/boost/mpl/find_if.hpp:17[m[K,
[28.212s]                  from [01m[K/usr/include/boost/mpl/find.hpp:17[m[K,
[28.212s]                  from [01m[K/usr/include/boost/mpl/aux_/contains_impl.hpp:20[m[K,
[28.212s]                  from [01m[K/usr/include/boost/mpl/contains.hpp:20[m[K,
[28.212s]                  from [01m[K/usr/include/pcl-1.12/pcl/impl/point_types.hpp:49[m[K,
[28.212s]                  from [01m[K/usr/include/pcl-1.12/pcl/point_types.h:354[m[K,
[28.213s]                  from [01m[K/root/colcon_ws/src/Fast-Planner/fast_planner/plan_env/include/plan_env/sdf_map.h:42[m[K,
[28.213s]                  from [01m[K/root/colcon_ws/src/Fast-Planner/fast_planner/plan_env/src/sdf_map.cpp:26[m[K:
[28.213s] [01m[K/usr/include/boost/mpl/aux_/preprocessed/gcc/placeholders.hpp:42:16:[m[K [01;36m[Knote: [m[K  ‘[01m[Kmpl_::_2[m[K’
[28.213s]    42 | typedef arg<2> [01;36m[K_2[m[K;
[28.213s]       |                [01;36m[K^~[m[K
[28.213s] In file included from [01m[K/usr/include/eigen3/Eigen/Core:85[m[K,
[28.213s]                  from [01m[K/usr/include/eigen3/Eigen/Dense:1[m[K,
[28.213s]                  from [01m[K/usr/include/eigen3/Eigen/Eigen:1[m[K,
[28.213s]                  from [01m[K/root/colcon_ws/src/Fast-Planner/fast_planner/plan_env/include/plan_env/sdf_map.h:29[m[K,
[28.213s]                  from [01m[K/root/colcon_ws/src/Fast-Planner/fast_planner/plan_env/src/sdf_map.cpp:26[m[K:
[28.213s] [01m[K/usr/include/c++/11/functional:226:34:[m[K [01;36m[Knote: [m[K  ‘[01m[Kstd::placeholders::_2[m[K’
[28.214s]   226 |     extern const _Placeholder<2> [01;36m[K_2[m[K;
[28.214s]       |                                  [01;36m[K^~[m[K
[28.214s] In file included from [01m[K/usr/include/boost/mpl/aux_/include_preprocessed.hpp:37[m[K,
[28.214s]                  from [01m[K/usr/include/boost/mpl/placeholders.hpp:43[m[K,
[28.214s]                  from [01m[K/usr/include/boost/mpl/apply.hpp:24[m[K,
[28.214s]                  from [01m[K/usr/include/boost/mpl/aux_/iter_apply.hpp:17[m[K,
[28.214s]                  from [01m[K/usr/include/boost/mpl/aux_/find_if_pred.hpp:14[m[K,
[28.214s]                  from [01m[K/usr/include/boost/mpl/find_if.hpp:17[m[K,
[28.214s]                  from [01m[K/usr/include/boost/mpl/find.hpp:17[m[K,
[28.214s]                  from [01m[K/usr/include/boost/mpl/aux_/contains_impl.hpp:20[m[K,
[28.214s]                  from [01m[K/usr/include/boost/mpl/contains.hpp:20[m[K,
[28.214s]                  from [01m[K/usr/include/pcl-1.12/pcl/impl/point_types.hpp:49[m[K,
[28.215s]                  from [01m[K/usr/include/pcl-1.12/pcl/point_types.h:354[m[K,
[28.215s]                  from [01m[K/root/colcon_ws/src/Fast-Planner/fast_planner/plan_env/include/plan_env/sdf_map.h:42[m[K,
[28.215s]                  from [01m[K/root/colcon_ws/src/Fast-Planner/fast_planner/plan_env/src/sdf_map.cpp:26[m[K:
[28.215s] [01m[K/usr/include/boost/mpl/aux_/preprocessed/gcc/placeholders.hpp:42:16:[m[K [01;36m[Knote: [m[K  ‘[01m[Kmpl_::_2[m[K’
[28.215s]    42 | typedef arg<2> [01;36m[K_2[m[K;
[28.215s]       |                [01;36m[K^~[m[K
[28.215s] [01m[K/usr/include/boost/mpl/aux_/preprocessed/gcc/placeholders.hpp:42:16:[m[K [01;36m[Knote: [m[K  ‘[01m[Kmpl_::_2[m[K’
[28.215s] [01m[K/root/colcon_ws/src/Fast-Planner/fast_planner/plan_env/src/sdf_map.cpp:152:33:[m[K [01;31m[Kerror: [m[Kbase operand of ‘[01m[K->[m[K’ has non-pointer type ‘[01m[Krclcpp::Node[m[K’
[28.215s]   152 |       /* TODO: 转换订阅 */ node_[01;31m[K->[m[Kcreate_subscription<sensor_msgs::msg::PointCloud2>("/sdf_map/cloud", 10, &SDFMap::cloudCallback, this);
[28.215s]       |                                 [01;31m[K^~[m[K
[28.215s] [01m[K/root/colcon_ws/src/Fast-Planner/fast_planner/plan_env/src/sdf_map.cpp:152:84:[m[K [01;31m[Kerror: [m[Kexpected primary-expression before ‘[01m[K>[m[K’ token
[28.215s]   152 |  换订阅 */ node_->create_subscription<sensor_msgs::msg::PointCloud2[01;31m[K>[m[K("/sdf_map/cloud", 10, &SDFMap::cloudCallback, this);
[28.216s]       |                                                                    [01;31m[K^[m[K
[28.216s] 
[28.216s] [01m[K/root/colcon_ws/src/Fast-Planner/fast_planner/plan_env/src/sdf_map.cpp:152:86:[m[K [01;35m[Kwarning: [m[Kleft operand of comma operator has no effect [[01;35m[K-Wunused-value[m[K]
[28.216s]   152 |  订阅 */ node_->create_subscription<sensor_msgs::msg::PointCloud2>([01;35m[K"/sdf_map/cloud"[m[K, 10, &SDFMap::cloudCallback, this);
[28.216s]       |                                                                    [01;35m[K^~~~~~~~~~~~~~~~[m[K
[28.216s] 
[28.217s] [01m[K/root/colcon_ws/src/Fast-Planner/fast_planner/plan_env/src/sdf_map.cpp:152:117:[m[K [01;35m[Kwarning: [m[Kright operand of comma operator has no effect [[01;35m[K-Wunused-value[m[K]
[28.217s]   152 | tion<sensor_msgs::msg::PointCloud2>("/sdf_map/cloud", 10, &SDFMap::[01;35m[KcloudCallback[m[K, this);
[28.217s]       |                                                                    [01;35m[K^~~~~~~~~~~~~[m[K
[28.217s] 
[28.217s] [01m[K/root/colcon_ws/src/Fast-Planner/fast_planner/plan_env/src/sdf_map.cpp:152:132:[m[K [01;35m[Kwarning: [m[Kright operand of comma operator has no effect [[01;35m[K-Wunused-value[m[K]
[28.217s]   152 | r_msgs::msg::PointCloud2>("/sdf_map/cloud", 10, &SDFMap::cloudCallback, [01;35m[Kthis[m[K);
[28.217s]       |                                                                         [01;35m[K^~~~[m[K
[28.217s] 
[28.217s] [01m[K/root/colcon_ws/src/Fast-Planner/fast_planner/plan_env/src/sdf_map.cpp:154:33:[m[K [01;31m[Kerror: [m[Kbase operand of ‘[01m[K->[m[K’ has non-pointer type ‘[01m[Krclcpp::Node[m[K’
[28.217s]   154 |       /* TODO: 转换订阅 */ node_[01;31m[K->[m[Kcreate_subscription<nav_msgs::msg::Odometry>("/sdf_map/odom", 10, &SDFMap::odomCallback, this);
[28.217s]       |                                 [01;31m[K^~[m[K
[28.217s] [01m[K/root/colcon_ws/src/Fast-Planner/fast_planner/plan_env/src/sdf_map.cpp:154:78:[m[K [01;31m[Kerror: [m[Kexpected primary-expression before ‘[01m[K>[m[K’ token
[28.218s]   154 | ODO: 转换订阅 */ node_->create_subscription<nav_msgs::msg::Odometry[01;31m[K>[m[K("/sdf_map/odom", 10, &SDFMap::odomCallback, this);
[28.218s]       |                                                                    [01;31m[K^[m[K
[28.218s] 
[28.218s] [01m[K/root/colcon_ws/src/Fast-Planner/fast_planner/plan_env/src/sdf_map.cpp:154:80:[m[K [01;35m[Kwarning: [m[Kleft operand of comma operator has no effect [[01;35m[K-Wunused-value[m[K]
[28.218s]   154 | O: 转换订阅 */ node_->create_subscription<nav_msgs::msg::Odometry>([01;35m[K"/sdf_map/odom"[m[K, 10, &SDFMap::odomCallback, this);
[28.218s]       |                                                                    [01;35m[K^~~~~~~~~~~~~~~[m[K
[28.218s] 
[28.218s] [01m[K/root/colcon_ws/src/Fast-Planner/fast_planner/plan_env/src/sdf_map.cpp:154:110:[m[K [01;35m[Kwarning: [m[Kright operand of comma operator has no effect [[01;35m[K-Wunused-value[m[K]
[28.218s]   154 | ubscription<nav_msgs::msg::Odometry>("/sdf_map/odom", 10, &SDFMap::[01;35m[KodomCallback[m[K, this);
[28.218s]       |                                                                    [01;35m[K^~~~~~~~~~~~[m[K
[28.218s] 
[28.218s] [01m[K/root/colcon_ws/src/Fast-Planner/fast_planner/plan_env/src/sdf_map.cpp:154:124:[m[K [01;35m[Kwarning: [m[Kright operand of comma operator has no effect [[01;35m[K-Wunused-value[m[K]
[28.219s]   154 | on<nav_msgs::msg::Odometry>("/sdf_map/odom", 10, &SDFMap::odomCallback, [01;35m[Kthis[m[K);
[28.219s]       |                                                                         [01;35m[K^~~~[m[K
[28.219s] 
[28.260s] [01m[K/root/colcon_ws/src/Fast-Planner/fast_planner/plan_env/src/sdf_map.cpp:156:3:[m[K [01;31m[Kerror: [m[K‘[01m[Kocc_timer_[m[K’ was not declared in this scope; did you mean ‘[01m[Krcl_timer_t[m[K’?
[28.260s]   156 |   [01;31m[Kocc_timer_[m[K = node_->create_wall_timer(std::chrono::duration<double>(0.05), &SDFMap::updateOccupancyCallback, this);
[28.260s]       |   [01;31m[K^~~~~~~~~~[m[K
[28.261s]       |   [32m[Krcl_timer_t[m[K
[28.261s] [01m[K/root/colcon_ws/src/Fast-Planner/fast_planner/plan_env/src/sdf_map.cpp:156:21:[m[K [01;31m[Kerror: [m[Kbase operand of ‘[01m[K->[m[K’ has non-pointer type ‘[01m[Krclcpp::Node[m[K’
[28.261s]   156 |   occ_timer_ = node_[01;31m[K->[m[Kcreate_wall_timer(std::chrono::duration<double>(0.05), &SDFMap::updateOccupancyCallback, this);
[28.261s]       |                     [01;31m[K^~[m[K
[28.309s] [01m[K/root/colcon_ws/src/Fast-Planner/fast_planner/plan_env/src/sdf_map.cpp:157:3:[m[K [01;31m[Kerror: [m[K‘[01m[Kesdf_timer_[m[K’ was not declared in this scope
[28.309s]   157 |   [01;31m[Kesdf_timer_[m[K = node_->create_wall_timer(std::chrono::duration<double>(0.05), &SDFMap::updateESDFCallback, this);
[28.309s]       |   [01;31m[K^~~~~~~~~~~[m[K
[28.309s] [01m[K/root/colcon_ws/src/Fast-Planner/fast_planner/plan_env/src/sdf_map.cpp:157:22:[m[K [01;31m[Kerror: [m[Kbase operand of ‘[01m[K->[m[K’ has non-pointer type ‘[01m[Krclcpp::Node[m[K’
[28.309s]   157 |   esdf_timer_ = node_[01;31m[K->[m[Kcreate_wall_timer(std::chrono::duration<double>(0.05), &SDFMap::updateESDFCallback, this);
[28.310s]       |                      [01;31m[K^~[m[K
[28.361s] [01m[K/root/colcon_ws/src/Fast-Planner/fast_planner/plan_env/src/sdf_map.cpp:158:3:[m[K [01;31m[Kerror: [m[K‘[01m[Kvis_timer_[m[K’ was not declared in this scope
[28.362s]   158 |   [01;31m[Kvis_timer_[m[K = node_->create_wall_timer(std::chrono::duration<double>(0.05), &SDFMap::visCallback, this);
[28.362s]       |   [01;31m[K^~~~~~~~~~[m[K
[28.362s] [01m[K/root/colcon_ws/src/Fast-Planner/fast_planner/plan_env/src/sdf_map.cpp:158:21:[m[K [01;31m[Kerror: [m[Kbase operand of ‘[01m[K->[m[K’ has non-pointer type ‘[01m[Krclcpp::Node[m[K’
[28.362s]   158 |   vis_timer_ = node_[01;31m[K->[m[Kcreate_wall_timer(std::chrono::duration<double>(0.05), &SDFMap::visCallback, this);
[28.362s]       |                     [01;31m[K^~[m[K
[28.362s] [01m[K/root/colcon_ws/src/Fast-Planner/fast_planner/plan_env/src/sdf_map.cpp:160:40:[m[K [01;31m[Kerror: [m[Kbase operand of ‘[01m[K->[m[K’ has non-pointer type ‘[01m[Krclcpp::Node[m[K’
[28.363s]   160 |   map_pub_ = /* TODO: 转换发布 */ node_[01;31m[K->[m[Kcreate_publisher<sensor_msgs::msg::PointCloud2>("/sdf_map/occupancy", 10);
[28.363s]       |                                        [01;31m[K^~[m[K
[28.363s] [01m[K/root/colcon_ws/src/Fast-Planner/fast_planner/plan_env/src/sdf_map.cpp:160:88:[m[K [01;31m[Kerror: [m[Kexpected primary-expression before ‘[01m[K>[m[K’ token
[28.363s]   160 | : 转换发布 */ node_->create_publisher<sensor_msgs::msg::PointCloud2[01;31m[K>[m[K("/sdf_map/occupancy", 10);
[28.363s]       |                                                                    [01;31m[K^[m[K
[28.363s] 
[28.364s] [01m[K/root/colcon_ws/src/Fast-Planner/fast_planner/plan_env/src/sdf_map.cpp:160:90:[m[K [01;35m[Kwarning: [m[Kleft operand of comma operator has no effect [[01;35m[K-Wunused-value[m[K]
[28.364s]   160 | 转换发布 */ node_->create_publisher<sensor_msgs::msg::PointCloud2>([01;35m[K"/sdf_map/occupancy"[m[K, 10);
[28.364s]       |                                                                    [01;35m[K^~~~~~~~~~~~~~~~~~~~[m[K
[28.364s] 
[28.364s] [01m[K/root/colcon_ws/src/Fast-Planner/fast_planner/plan_env/src/sdf_map.cpp:161:44:[m[K [01;31m[Kerror: [m[Kbase operand of ‘[01m[K->[m[K’ has non-pointer type ‘[01m[Krclcpp::Node[m[K’
[28.364s]   161 |   map_inf_pub_ = /* TODO: 转换发布 */ node_[01;31m[K->[m[Kcreate_publisher<sensor_msgs::msg::PointCloud2>("/sdf_map/occupancy_inflate", 10);
[28.364s]       |                                            [01;31m[K^~[m[K
[28.364s] [01m[K/root/colcon_ws/src/Fast-Planner/fast_planner/plan_env/src/sdf_map.cpp:161:92:[m[K [01;31m[Kerror: [m[Kexpected primary-expression before ‘[01m[K>[m[K’ token
[28.365s]   161 | : 转换发布 */ node_->create_publisher<sensor_msgs::msg::PointCloud2[01;31m[K>[m[K("/sdf_map/occupancy_inflate", 10);
[28.365s]       |                                                                    [01;31m[K^[m[K
[28.365s] 
[28.365s] [01m[K/root/colcon_ws/src/Fast-Planner/fast_planner/plan_env/src/sdf_map.cpp:161:94:[m[K [01;35m[Kwarning: [m[Kleft operand of comma operator has no effect [[01;35m[K-Wunused-value[m[K]
[28.366s]   161 | 转换发布 */ node_->create_publisher<sensor_msgs::msg::PointCloud2>([01;35m[K"/sdf_map/occupancy_inflate"[m[K, 10);
[28.366s]       |                                                                    [01;35m[K^~~~~~~~~~~~~~~~~~~~~~~~~~~~[m[K
[28.366s] 
[28.366s] [01m[K/root/colcon_ws/src/Fast-Planner/fast_planner/plan_env/src/sdf_map.cpp:162:41:[m[K [01;31m[Kerror: [m[Kbase operand of ‘[01m[K->[m[K’ has non-pointer type ‘[01m[Krclcpp::Node[m[K’
[28.366s]   162 |   esdf_pub_ = /* TODO: 转换发布 */ node_[01;31m[K->[m[Kcreate_publisher<sensor_msgs::msg::PointCloud2>("/sdf_map/esdf", 10);
[28.366s]       |                                         [01;31m[K^~[m[K
[28.366s] [01m[K/root/colcon_ws/src/Fast-Planner/fast_planner/plan_env/src/sdf_map.cpp:162:89:[m[K [01;31m[Kerror: [m[Kexpected primary-expression before ‘[01m[K>[m[K’ token
[28.366s]   162 | : 转换发布 */ node_->create_publisher<sensor_msgs::msg::PointCloud2[01;31m[K>[m[K("/sdf_map/esdf", 10);
[28.366s]       |                                                                    [01;31m[K^[m[K
[28.366s] 
[28.366s] [01m[K/root/colcon_ws/src/Fast-Planner/fast_planner/plan_env/src/sdf_map.cpp:162:91:[m[K [01;35m[Kwarning: [m[Kleft operand of comma operator has no effect [[01;35m[K-Wunused-value[m[K]
[28.367s]   162 | 转换发布 */ node_->create_publisher<sensor_msgs::msg::PointCloud2>([01;35m[K"/sdf_map/esdf"[m[K, 10);
[28.367s]       |                                                                    [01;35m[K^~~~~~~~~~~~~~~[m[K
[28.367s] 
[28.367s] [01m[K/root/colcon_ws/src/Fast-Planner/fast_planner/plan_env/src/sdf_map.cpp:163:49:[m[K [01;31m[Kerror: [m[Kbase operand of ‘[01m[K->[m[K’ has non-pointer type ‘[01m[Krclcpp::Node[m[K’
[28.367s]   163 |   update_range_pub_ = /* TODO: 转换发布 */ node_[01;31m[K->[m[Kcreate_publisher<visualization_msgs::msg::Marker>("/sdf_map/update_range", 10);
[28.367s]       |                                                 [01;31m[K^~[m[K
[28.367s] [01m[K/root/colcon_ws/src/Fast-Planner/fast_planner/plan_env/src/sdf_map.cpp:163:99:[m[K [01;31m[Kerror: [m[Kexpected primary-expression before ‘[01m[K>[m[K’ token
[28.367s]   163 | 转换发布 */ node_->create_publisher<visualization_msgs::msg::Marker[01;31m[K>[m[K("/sdf_map/update_range", 10);
[28.367s]       |                                                                    [01;31m[K^[m[K
[28.367s] 
[28.367s] [01m[K/root/colcon_ws/src/Fast-Planner/fast_planner/plan_env/src/sdf_map.cpp:163:101:[m[K [01;35m[Kwarning: [m[Kleft operand of comma operator has no effect [[01;35m[K-Wunused-value[m[K]
[28.368s]   163 | 换发布 */ node_->create_publisher<visualization_msgs::msg::Marker>([01;35m[K"/sdf_map/update_range"[m[K, 10);
[28.368s]       |                                                                    [01;35m[K^~~~~~~~~~~~~~~~~~~~~~~[m[K
[28.368s] 
[28.368s] [01m[K/root/colcon_ws/src/Fast-Planner/fast_planner/plan_env/src/sdf_map.cpp:165:44:[m[K [01;31m[Kerror: [m[Kbase operand of ‘[01m[K->[m[K’ has non-pointer type ‘[01m[Krclcpp::Node[m[K’
[28.368s]   165 |   unknown_pub_ = /* TODO: 转换发布 */ node_[01;31m[K->[m[Kcreate_publisher<sensor_msgs::msg::PointCloud2>("/sdf_map/unknown", 10);
[28.368s]       |                                            [01;31m[K^~[m[K
[28.368s] [01m[K/root/colcon_ws/src/Fast-Planner/fast_planner/plan_env/src/sdf_map.cpp:165:92:[m[K [01;31m[Kerror: [m[Kexpected primary-expression before ‘[01m[K>[m[K’ token
[28.368s]   165 | : 转换发布 */ node_->create_publisher<sensor_msgs::msg::PointCloud2[01;31m[K>[m[K("/sdf_map/unknown", 10);
[28.368s]       |                                                                    [01;31m[K^[m[K
[28.368s] 
[28.368s] [01m[K/root/colcon_ws/src/Fast-Planner/fast_planner/plan_env/src/sdf_map.cpp:165:94:[m[K [01;35m[Kwarning: [m[Kleft operand of comma operator has no effect [[01;35m[K-Wunused-value[m[K]
[28.369s]   165 | 转换发布 */ node_->create_publisher<sensor_msgs::msg::PointCloud2>([01;35m[K"/sdf_map/unknown"[m[K, 10);
[28.369s]       |                                                                    [01;35m[K^~~~~~~~~~~~~~~~~~[m[K
[28.369s] 
[28.369s] [01m[K/root/colcon_ws/src/Fast-Planner/fast_planner/plan_env/src/sdf_map.cpp:166:42:[m[K [01;31m[Kerror: [m[Kbase operand of ‘[01m[K->[m[K’ has non-pointer type ‘[01m[Krclcpp::Node[m[K’
[28.369s]   166 |   depth_pub_ = /* TODO: 转换发布 */ node_[01;31m[K->[m[Kcreate_publisher<sensor_msgs::msg::PointCloud2>("/sdf_map/depth_cloud", 10);
[28.369s]       |                                          [01;31m[K^~[m[K
[28.369s] [01m[K/root/colcon_ws/src/Fast-Planner/fast_planner/plan_env/src/sdf_map.cpp:166:90:[m[K [01;31m[Kerror: [m[Kexpected primary-expression before ‘[01m[K>[m[K’ token
[28.369s]   166 | : 转换发布 */ node_->create_publisher<sensor_msgs::msg::PointCloud2[01;31m[K>[m[K("/sdf_map/depth_cloud", 10);
[28.369s]       |                                                                    [01;31m[K^[m[K
[28.369s] 
[28.369s] [01m[K/root/colcon_ws/src/Fast-Planner/fast_planner/plan_env/src/sdf_map.cpp:166:92:[m[K [01;35m[Kwarning: [m[Kleft operand of comma operator has no effect [[01;35m[K-Wunused-value[m[K]
[28.369s]   166 | 转换发布 */ node_->create_publisher<sensor_msgs::msg::PointCloud2>([01;35m[K"/sdf_map/depth_cloud"[m[K, 10);
[28.370s]       |                                                                    [01;35m[K^~~~~~~~~~~~~~~~~~~~~~[m[K
[28.370s] 
[28.386s] In file included from [01m[K/opt/ros/humble/include/rclcpp/rclcpp/client.hpp:40[m[K,
[28.386s]                  from [01m[K/opt/ros/humble/include/rclcpp/rclcpp/callback_group.hpp:24[m[K,
[28.387s]                  from [01m[K/opt/ros/humble/include/rclcpp/rclcpp/any_executable.hpp:20[m[K,
[28.387s]                  from [01m[K/opt/ros/humble/include/rclcpp/rclcpp/memory_strategy.hpp:25[m[K,
[28.387s]                  from [01m[K/opt/ros/humble/include/rclcpp/rclcpp/memory_strategies.hpp:18[m[K,
[28.387s]                  from [01m[K/opt/ros/humble/include/rclcpp/rclcpp/executor_options.hpp:20[m[K,
[28.387s]                  from [01m[K/opt/ros/humble/include/rclcpp/rclcpp/executor.hpp:37[m[K,
[28.387s]                  from [01m[K/opt/ros/humble/include/rclcpp/rclcpp/executors/multi_threaded_executor.hpp:25[m[K,
[28.388s]                  from [01m[K/opt/ros/humble/include/rclcpp/rclcpp/executors.hpp:21[m[K,
[28.388s]                  from [01m[K/opt/ros/humble/include/rclcpp/rclcpp/rclcpp.hpp:155[m[K,
[28.388s]                  from [01m[K/root/colcon_ws/src/Fast-Planner/fast_planner/plan_env/include/plan_env/sdf_map.h:37[m[K,
[28.388s]                  from [01m[K/root/colcon_ws/src/Fast-Planner/fast_planner/plan_env/src/sdf_map.cpp:26[m[K:
[28.388s] [01m[K/root/colcon_ws/src/Fast-Planner/fast_planner/plan_env/src/sdf_map.cpp:[m[K In member function ‘[01m[Kvoid SDFMap::updateESDF3d()[m[K’:
[28.388s] [01m[K/root/colcon_ws/src/Fast-Planner/fast_planner/plan_env/src/sdf_map.cpp:302:29:[m[K [01;31m[Kerror: [m[Kbase operand of ‘[01m[K->[m[K’ has non-pointer type ‘[01m[Krclcpp::Node[m[K’
[28.388s]   302 |           RCLCPP_ERROR(node_[01;31m[K->[m[Kget_logger(), this->get_logger(), "what?");
[28.388s]       |                             [01;31m[K^~[m[K
[28.389s] [01m[K/root/colcon_ws/src/Fast-Planner/fast_planner/plan_env/src/sdf_map.cpp:302:29:[m[K [01;31m[Kerror: [m[Kbase operand of ‘[01m[K->[m[K’ has non-pointer type ‘[01m[Krclcpp::Node[m[K’
[28.389s] [01m[K/root/colcon_ws/src/Fast-Planner/fast_planner/plan_env/src/sdf_map.cpp:302:11:[m[K [01;31m[Kerror: [m[Ktemplate argument 1 is invalid
[28.389s]   302 |           [01;31m[KRCLCPP_ERROR[m[K(node_->get_logger(), this->get_logger(), "what?");
[28.389s]       |           [01;31m[K^~~~~~~~~~~~[m[K
[28.389s] In file included from [01m[K/opt/ros/humble/include/rclcpp/rclcpp/logging.hpp:24[m[K,
[28.389s]                  from [01m[K/opt/ros/humble/include/rclcpp/rclcpp/client.hpp:40[m[K,
[28.389s]                  from [01m[K/opt/ros/humble/include/rclcpp/rclcpp/callback_group.hpp:24[m[K,
[28.389s]                  from [01m[K/opt/ros/humble/include/rclcpp/rclcpp/any_executable.hpp:20[m[K,
[28.390s]                  from [01m[K/opt/ros/humble/include/rclcpp/rclcpp/memory_strategy.hpp:25[m[K,
[28.390s]                  from [01m[K/opt/ros/humble/include/rclcpp/rclcpp/memory_strategies.hpp:18[m[K,
[28.390s]                  from [01m[K/opt/ros/humble/include/rclcpp/rclcpp/executor_options.hpp:20[m[K,
[28.390s]                  from [01m[K/opt/ros/humble/include/rclcpp/rclcpp/executor.hpp:37[m[K,
[28.390s]                  from [01m[K/opt/ros/humble/include/rclcpp/rclcpp/executors/multi_threaded_executor.hpp:25[m[K,
[28.390s]                  from [01m[K/opt/ros/humble/include/rclcpp/rclcpp/executors.hpp:21[m[K,
[28.390s]                  from [01m[K/opt/ros/humble/include/rclcpp/rclcpp/rclcpp.hpp:155[m[K,
[28.390s]                  from [01m[K/root/colcon_ws/src/Fast-Planner/fast_planner/plan_env/include/plan_env/sdf_map.h:37[m[K,
[28.390s]                  from [01m[K/root/colcon_ws/src/Fast-Planner/fast_planner/plan_env/src/sdf_map.cpp:26[m[K:
[28.390s] [01m[K/root/colcon_ws/src/Fast-Planner/fast_planner/plan_env/src/sdf_map.cpp:302:29:[m[K [01;31m[Kerror: [m[Kbase operand of ‘[01m[K->[m[K’ has non-pointer type ‘[01m[Krclcpp::Node[m[K’
[28.390s]   302 |           RCLCPP_ERROR(node_[01;31m[K->[m[Kget_logger(), this->get_logger(), "what?");
[28.390s]       |                             [01;31m[K^~[m[K
[28.391s] [01m[K/root/colcon_ws/src/Fast-Planner/fast_planner/plan_env/src/sdf_map.cpp:302:29:[m[K [01;31m[Kerror: [m[Kbase operand of ‘[01m[K->[m[K’ has non-pointer type ‘[01m[Krclcpp::Node[m[K’
[28.391s]   302 |           RCLCPP_ERROR(node_[01;31m[K->[m[Kget_logger(), this->get_logger(), "what?");
[28.391s]       |                             [01;31m[K^~[m[K
[28.391s] [01m[K/root/colcon_ws/src/Fast-Planner/fast_planner/plan_env/src/sdf_map.cpp:302:51:[m[K [01;31m[Kerror: [m[K‘[01m[Kclass SDFMap[m[K’ has no member named ‘[01m[Kget_logger[m[K’
[28.391s]   302 |           RCLCPP_ERROR(node_->get_logger(), this->[01;31m[Kget_logger[m[K(), "what?");
[28.391s]       |                                                   [01;31m[K^~~~~~~~~~[m[K
[28.843s] [01m[K/root/colcon_ws/src/Fast-Planner/fast_planner/plan_env/src/sdf_map.cpp:[m[K At global scope:
[28.843s] [01m[K/root/colcon_ws/src/Fast-Planner/fast_planner/plan_env/src/sdf_map.cpp:765:40:[m[K [01;31m[Kerror: [m[K‘[01m[KTimerEvent[m[K’ in namespace ‘[01m[Krclcpp[m[K’ does not name a type
[28.844s]   765 | void SDFMap::visCallback(const rclcpp::[01;31m[KTimerEvent[m[K& /*event*/) {
[28.844s]       |                                        [01;31m[K^~~~~~~~~~[m[K
[28.845s] [01m[K/root/colcon_ws/src/Fast-Planner/fast_planner/plan_env/src/sdf_map.cpp:775:52:[m[K [01;31m[Kerror: [m[K‘[01m[KTimerEvent[m[K’ in namespace ‘[01m[Krclcpp[m[K’ does not name a type
[28.845s]   775 | void SDFMap::updateOccupancyCallback(const rclcpp::[01;31m[KTimerEvent[m[K& /*event*/) {
[28.846s]       |                                                    [01;31m[K^~~~~~~~~~[m[K
[28.846s] [01m[K/root/colcon_ws/src/Fast-Planner/fast_planner/plan_env/src/sdf_map.cpp:[m[K In member function ‘[01m[Kvoid SDFMap::updateOccupancyCallback(const int&)[m[K’:
[28.846s] [01m[K/root/colcon_ws/src/Fast-Planner/fast_planner/plan_env/src/sdf_map.cpp:780:13:[m[K [01;31m[Kerror: [m[Kbase operand of ‘[01m[K->[m[K’ has non-pointer type ‘[01m[Krclcpp::Node[m[K’
[28.846s]   780 |   t1 = node_[01;31m[K->[m[Know();
[28.846s]       |             [01;31m[K^~[m[K
[28.846s] [01m[K/root/colcon_ws/src/Fast-Planner/fast_planner/plan_env/src/sdf_map.cpp:787:13:[m[K [01;31m[Kerror: [m[Kbase operand of ‘[01m[K->[m[K’ has non-pointer type ‘[01m[Krclcpp::Node[m[K’
[28.847s]   787 |   t2 = node_[01;31m[K->[m[Know();
[28.847s]       |             [01;31m[K^~[m[K
[28.847s] In file included from [01m[K/opt/ros/humble/include/rclcpp/rclcpp/client.hpp:40[m[K,
[28.847s]                  from [01m[K/opt/ros/humble/include/rclcpp/rclcpp/callback_group.hpp:24[m[K,
[28.847s]                  from [01m[K/opt/ros/humble/include/rclcpp/rclcpp/any_executable.hpp:20[m[K,
[28.847s]                  from [01m[K/opt/ros/humble/include/rclcpp/rclcpp/memory_strategy.hpp:25[m[K,
[28.847s]                  from [01m[K/opt/ros/humble/include/rclcpp/rclcpp/memory_strategies.hpp:18[m[K,
[28.847s]                  from [01m[K/opt/ros/humble/include/rclcpp/rclcpp/executor_options.hpp:20[m[K,
[28.847s]                  from [01m[K/opt/ros/humble/include/rclcpp/rclcpp/executor.hpp:37[m[K,
[28.847s]                  from [01m[K/opt/ros/humble/include/rclcpp/rclcpp/executors/multi_threaded_executor.hpp:25[m[K,
[28.847s]                  from [01m[K/opt/ros/humble/include/rclcpp/rclcpp/executors.hpp:21[m[K,
[28.848s]                  from [01m[K/opt/ros/humble/include/rclcpp/rclcpp/rclcpp.hpp:155[m[K,
[28.848s]                  from [01m[K/root/colcon_ws/src/Fast-Planner/fast_planner/plan_env/include/plan_env/sdf_map.h:37[m[K,
[28.848s]                  from [01m[K/root/colcon_ws/src/Fast-Planner/fast_planner/plan_env/src/sdf_map.cpp:26[m[K:
[28.848s] [01m[K/root/colcon_ws/src/Fast-Planner/fast_planner/plan_env/src/sdf_map.cpp:793:22:[m[K [01;31m[Kerror: [m[Kbase operand of ‘[01m[K->[m[K’ has non-pointer type ‘[01m[Krclcpp::Node[m[K’
[28.848s]   793 |     RCLCPP_WARN(node_[01;31m[K->[m[Kget_logger(), this->get_logger(), "Fusion: cur t = %lf, avg t = %lf, max t = %lf", (t2 - t1).seconds(),
[28.848s]       |                      [01;31m[K^~[m[K
[28.848s] [01m[K/root/colcon_ws/src/Fast-Planner/fast_planner/plan_env/src/sdf_map.cpp:793:22:[m[K [01;31m[Kerror: [m[Kbase operand of ‘[01m[K->[m[K’ has non-pointer type ‘[01m[Krclcpp::Node[m[K’
[28.848s] [01m[K/root/colcon_ws/src/Fast-Planner/fast_planner/plan_env/src/sdf_map.cpp:793:5:[m[K [01;31m[Kerror: [m[Ktemplate argument 1 is invalid
[28.848s]   793 |     [01;31m[KRCLCPP_WARN[m[K(node_->get_logger(), this->get_logger(), "Fusion: cur t = %lf, avg t = %lf, max t = %lf", (t2 - t1).seconds(),
[28.848s]       |     [01;31m[K^~~~~~~~~~~[m[K
[28.849s] In file included from [01m[K/opt/ros/humble/include/rclcpp/rclcpp/logging.hpp:24[m[K,
[28.849s]                  from [01m[K/opt/ros/humble/include/rclcpp/rclcpp/client.hpp:40[m[K,
[28.849s]                  from [01m[K/opt/ros/humble/include/rclcpp/rclcpp/callback_group.hpp:24[m[K,
[28.849s]                  from [01m[K/opt/ros/humble/include/rclcpp/rclcpp/any_executable.hpp:20[m[K,
[28.849s]                  from [01m[K/opt/ros/humble/include/rclcpp/rclcpp/memory_strategy.hpp:25[m[K,
[28.849s]                  from [01m[K/opt/ros/humble/include/rclcpp/rclcpp/memory_strategies.hpp:18[m[K,
[28.849s]                  from [01m[K/opt/ros/humble/include/rclcpp/rclcpp/executor_options.hpp:20[m[K,
[28.849s]                  from [01m[K/opt/ros/humble/include/rclcpp/rclcpp/executor.hpp:37[m[K,
[28.849s]                  from [01m[K/opt/ros/humble/include/rclcpp/rclcpp/executors/multi_threaded_executor.hpp:25[m[K,
[28.849s]                  from [01m[K/opt/ros/humble/include/rclcpp/rclcpp/executors.hpp:21[m[K,
[28.849s]                  from [01m[K/opt/ros/humble/include/rclcpp/rclcpp/rclcpp.hpp:155[m[K,
[28.850s]                  from [01m[K/root/colcon_ws/src/Fast-Planner/fast_planner/plan_env/include/plan_env/sdf_map.h:37[m[K,
[28.850s]                  from [01m[K/root/colcon_ws/src/Fast-Planner/fast_planner/plan_env/src/sdf_map.cpp:26[m[K:
[28.850s] [01m[K/root/colcon_ws/src/Fast-Planner/fast_planner/plan_env/src/sdf_map.cpp:793:22:[m[K [01;31m[Kerror: [m[Kbase operand of ‘[01m[K->[m[K’ has non-pointer type ‘[01m[Krclcpp::Node[m[K’
[28.850s]   793 |     RCLCPP_WARN(node_[01;31m[K->[m[Kget_logger(), this->get_logger(), "Fusion: cur t = %lf, avg t = %lf, max t = %lf", (t2 - t1).seconds(),
[28.850s]       |                      [01;31m[K^~[m[K
[28.850s] [01m[K/root/colcon_ws/src/Fast-Planner/fast_planner/plan_env/src/sdf_map.cpp:793:22:[m[K [01;31m[Kerror: [m[Kbase operand of ‘[01m[K->[m[K’ has non-pointer type ‘[01m[Krclcpp::Node[m[K’
[28.850s]   793 |     RCLCPP_WARN(node_[01;31m[K->[m[Kget_logger(), this->get_logger(), "Fusion: cur t = %lf, avg t = %lf, max t = %lf", (t2 - t1).seconds(),
[28.850s]       |                      [01;31m[K^~[m[K
[28.850s] [01m[K/root/colcon_ws/src/Fast-Planner/fast_planner/plan_env/src/sdf_map.cpp:793:44:[m[K [01;31m[Kerror: [m[K‘[01m[Kclass SDFMap[m[K’ has no member named ‘[01m[Kget_logger[m[K’
[28.850s]   793 |     RCLCPP_WARN(node_->get_logger(), this->[01;31m[Kget_logger[m[K(), "Fusion: cur t = %lf, avg t = %lf, max t = %lf", (t2 - t1).seconds(),
[28.850s]       |                                            [01;31m[K^~~~~~~~~~[m[K
[28.850s] [01m[K/root/colcon_ws/src/Fast-Planner/fast_planner/plan_env/src/sdf_map.cpp:[m[K At global scope:
[28.851s] [01m[K/root/colcon_ws/src/Fast-Planner/fast_planner/plan_env/src/sdf_map.cpp:801:47:[m[K [01;31m[Kerror: [m[K‘[01m[KTimerEvent[m[K’ in namespace ‘[01m[Krclcpp[m[K’ does not name a type
[28.851s]   801 | void SDFMap::updateESDFCallback(const rclcpp::[01;31m[KTimerEvent[m[K& /*event*/) {
[28.851s]       |                                               [01;31m[K^~~~~~~~~~[m[K
[28.851s] [01m[K/root/colcon_ws/src/Fast-Planner/fast_planner/plan_env/src/sdf_map.cpp:[m[K In member function ‘[01m[Kvoid SDFMap::updateESDFCallback(const int&)[m[K’:
[28.851s] [01m[K/root/colcon_ws/src/Fast-Planner/fast_planner/plan_env/src/sdf_map.cpp:806:13:[m[K [01;31m[Kerror: [m[Kbase operand of ‘[01m[K->[m[K’ has non-pointer type ‘[01m[Krclcpp::Node[m[K’
[28.851s]   806 |   t1 = node_[01;31m[K->[m[Know();
[28.851s]       |             [01;31m[K^~[m[K
[28.851s] [01m[K/root/colcon_ws/src/Fast-Planner/fast_planner/plan_env/src/sdf_map.cpp:810:13:[m[K [01;31m[Kerror: [m[Kbase operand of ‘[01m[K->[m[K’ has non-pointer type ‘[01m[Krclcpp::Node[m[K’
[28.851s]   810 |   t2 = node_[01;31m[K->[m[Know();
[28.851s]       |             [01;31m[K^~[m[K
[28.852s] In file included from [01m[K/opt/ros/humble/include/rclcpp/rclcpp/client.hpp:40[m[K,
[28.852s]                  from [01m[K/opt/ros/humble/include/rclcpp/rclcpp/callback_group.hpp:24[m[K,
[28.852s]                  from [01m[K/opt/ros/humble/include/rclcpp/rclcpp/any_executable.hpp:20[m[K,
[28.852s]                  from [01m[K/opt/ros/humble/include/rclcpp/rclcpp/memory_strategy.hpp:25[m[K,
[28.852s]                  from [01m[K/opt/ros/humble/include/rclcpp/rclcpp/memory_strategies.hpp:18[m[K,
[28.852s]                  from [01m[K/opt/ros/humble/include/rclcpp/rclcpp/executor_options.hpp:20[m[K,
[28.852s]                  from [01m[K/opt/ros/humble/include/rclcpp/rclcpp/executor.hpp:37[m[K,
[28.852s]                  from [01m[K/opt/ros/humble/include/rclcpp/rclcpp/executors/multi_threaded_executor.hpp:25[m[K,
[28.852s]                  from [01m[K/opt/ros/humble/include/rclcpp/rclcpp/executors.hpp:21[m[K,
[28.852s]                  from [01m[K/opt/ros/humble/include/rclcpp/rclcpp/rclcpp.hpp:155[m[K,
[28.853s]                  from [01m[K/root/colcon_ws/src/Fast-Planner/fast_planner/plan_env/include/plan_env/sdf_map.h:37[m[K,
[28.853s]                  from [01m[K/root/colcon_ws/src/Fast-Planner/fast_planner/plan_env/src/sdf_map.cpp:26[m[K:
[28.853s] [01m[K/root/colcon_ws/src/Fast-Planner/fast_planner/plan_env/src/sdf_map.cpp:816:22:[m[K [01;31m[Kerror: [m[Kbase operand of ‘[01m[K->[m[K’ has non-pointer type ‘[01m[Krclcpp::Node[m[K’
[28.853s]   816 |     RCLCPP_WARN(node_[01;31m[K->[m[Kget_logger(), this->get_logger(), "ESDF: cur t = %lf, avg t = %lf, max t = %lf", (t2 - t1).seconds(),
[28.853s]       |                      [01;31m[K^~[m[K
[28.853s] [01m[K/root/colcon_ws/src/Fast-Planner/fast_planner/plan_env/src/sdf_map.cpp:816:22:[m[K [01;31m[Kerror: [m[Kbase operand of ‘[01m[K->[m[K’ has non-pointer type ‘[01m[Krclcpp::Node[m[K’
[28.854s] [01m[K/root/colcon_ws/src/Fast-Planner/fast_planner/plan_env/src/sdf_map.cpp:816:5:[m[K [01;31m[Kerror: [m[Ktemplate argument 1 is invalid
[28.854s]   816 |     [01;31m[KRCLCPP_WARN[m[K(node_->get_logger(), this->get_logger(), "ESDF: cur t = %lf, avg t = %lf, max t = %lf", (t2 - t1).seconds(),
[28.854s]       |     [01;31m[K^~~~~~~~~~~[m[K
[28.854s] In file included from [01m[K/opt/ros/humble/include/rclcpp/rclcpp/logging.hpp:24[m[K,
[28.854s]                  from [01m[K/opt/ros/humble/include/rclcpp/rclcpp/client.hpp:40[m[K,
[28.854s]                  from [01m[K/opt/ros/humble/include/rclcpp/rclcpp/callback_group.hpp:24[m[K,
[28.855s]                  from [01m[K/opt/ros/humble/include/rclcpp/rclcpp/any_executable.hpp:20[m[K,
[28.855s]                  from [01m[K/opt/ros/humble/include/rclcpp/rclcpp/memory_strategy.hpp:25[m[K,
[28.855s]                  from [01m[K/opt/ros/humble/include/rclcpp/rclcpp/memory_strategies.hpp:18[m[K,
[28.855s]                  from [01m[K/opt/ros/humble/include/rclcpp/rclcpp/executor_options.hpp:20[m[K,
[28.855s]                  from [01m[K/opt/ros/humble/include/rclcpp/rclcpp/executor.hpp:37[m[K,
[28.855s]                  from [01m[K/opt/ros/humble/include/rclcpp/rclcpp/executors/multi_threaded_executor.hpp:25[m[K,
[28.855s]                  from [01m[K/opt/ros/humble/include/rclcpp/rclcpp/executors.hpp:21[m[K,
[28.855s]                  from [01m[K/opt/ros/humble/include/rclcpp/rclcpp/rclcpp.hpp:155[m[K,
[28.855s]                  from [01m[K/root/colcon_ws/src/Fast-Planner/fast_planner/plan_env/include/plan_env/sdf_map.h:37[m[K,
[28.855s]                  from [01m[K/root/colcon_ws/src/Fast-Planner/fast_planner/plan_env/src/sdf_map.cpp:26[m[K:
[28.856s] [01m[K/root/colcon_ws/src/Fast-Planner/fast_planner/plan_env/src/sdf_map.cpp:816:22:[m[K [01;31m[Kerror: [m[Kbase operand of ‘[01m[K->[m[K’ has non-pointer type ‘[01m[Krclcpp::Node[m[K’
[28.856s]   816 |     RCLCPP_WARN(node_[01;31m[K->[m[Kget_logger(), this->get_logger(), "ESDF: cur t = %lf, avg t = %lf, max t = %lf", (t2 - t1).seconds(),
[28.856s]       |                      [01;31m[K^~[m[K
[28.856s] [01m[K/root/colcon_ws/src/Fast-Planner/fast_planner/plan_env/src/sdf_map.cpp:816:22:[m[K [01;31m[Kerror: [m[Kbase operand of ‘[01m[K->[m[K’ has non-pointer type ‘[01m[Krclcpp::Node[m[K’
[28.856s]   816 |     RCLCPP_WARN(node_[01;31m[K->[m[Kget_logger(), this->get_logger(), "ESDF: cur t = %lf, avg t = %lf, max t = %lf", (t2 - t1).seconds(),
[28.856s]       |                      [01;31m[K^~[m[K
[28.856s] [01m[K/root/colcon_ws/src/Fast-Planner/fast_planner/plan_env/src/sdf_map.cpp:816:44:[m[K [01;31m[Kerror: [m[K‘[01m[Kclass SDFMap[m[K’ has no member named ‘[01m[Kget_logger[m[K’
[28.856s]   816 |     RCLCPP_WARN(node_->get_logger(), this->[01;31m[Kget_logger[m[K(), "ESDF: cur t = %lf, avg t = %lf, max t = %lf", (t2 - t1).seconds(),
[28.856s]       |                                            [01;31m[K^~~~~~~~~~[m[K
[28.857s] [01m[K/root/colcon_ws/src/Fast-Planner/fast_planner/plan_env/src/sdf_map.cpp:[m[K At global scope:
[28.857s] [01m[K/root/colcon_ws/src/Fast-Planner/fast_planner/plan_env/src/sdf_map.cpp:822:56:[m[K [01;31m[Kerror: [m[K‘[01m[KImageSharedPtr[m[K’ in namespace ‘[01m[Ksensor_msgs::msg[m[K’ does not name a type
[28.857s]   822 | void SDFMap::depthPoseCallback(const sensor_msgs::msg::[01;31m[KImageSharedPtr[m[K& img,
[28.857s]       |                                                        [01;31m[K^~~~~~~~~~~~~~[m[K
[28.857s] [01m[K/root/colcon_ws/src/Fast-Planner/fast_planner/plan_env/src/sdf_map.cpp:823:58:[m[K [01;31m[Kerror: [m[K‘[01m[KPoseStampedSharedPtr[m[K’ in namespace ‘[01m[Kgeometry_msgs::msg[m[K’ does not name a type
[28.857s]   823 |                                const geometry_msgs::msg::[01;31m[KPoseStampedSharedPtr[m[K& pose) {
[28.859s]       |                                                          [01;31m[K^~~~~~~~~~~~~~~~~~~~[m[K
[28.859s] [01m[K/root/colcon_ws/src/Fast-Planner/fast_planner/plan_env/src/sdf_map.cpp:[m[K In member function ‘[01m[Kvoid SDFMap::depthPoseCallback(const int&, const int&)[m[K’:
[28.859s] [01m[K/root/colcon_ws/src/Fast-Planner/fast_planner/plan_env/src/sdf_map.cpp:826:40:[m[K [01;31m[Kerror: [m[Kbase operand of ‘[01m[K->[m[K’ is not a pointer
[28.860s]   826 |   cv_ptr = cv_bridge::toCvCopy(img, img[01;31m[K->[m[Kencoding);
[28.860s]       |                                        [01;31m[K^~[m[K
[28.860s] [01m[K/root/colcon_ws/src/Fast-Planner/fast_planner/plan_env/src/sdf_map.cpp:828:10:[m[K [01;31m[Kerror: [m[Kbase operand of ‘[01m[K->[m[K’ is not a pointer
[28.860s]   828 |   if (img[01;31m[K->[m[Kencoding == sensor_msgs::msg::image_encodings::TYPE_32FC1) {
[28.860s]       |          [01;31m[K^~[m[K
[28.860s] [01m[K/root/colcon_ws/src/Fast-Planner/fast_planner/plan_env/src/sdf_map.cpp:828:42:[m[K [01;31m[Kerror: [m[K‘[01m[Ksensor_msgs::msg::image_encodings[m[K’ has not been declared
[28.860s]   828 |   if (img->encoding == sensor_msgs::msg::[01;31m[Kimage_encodings[m[K::TYPE_32FC1) {
[28.860s]       |                                          [01;31m[K^~~~~~~~~~~~~~~[m[K
[28.860s] [01m[K/root/colcon_ws/src/Fast-Planner/fast_planner/plan_env/src/sdf_map.cpp:836:28:[m[K [01;31m[Kerror: [m[Kbase operand of ‘[01m[K->[m[K’ is not a pointer
[28.861s]   836 |   md_.camera_pos_(0) = pose[01;31m[K->[m[Kpose.position.x;
[28.861s]       |                            [01;31m[K^~[m[K
[28.861s] [01m[K/root/colcon_ws/src/Fast-Planner/fast_planner/plan_env/src/sdf_map.cpp:837:28:[m[K [01;31m[Kerror: [m[Kbase operand of ‘[01m[K->[m[K’ is not a pointer
[28.861s]   837 |   md_.camera_pos_(1) = pose[01;31m[K->[m[Kpose.position.y;
[28.861s]       |                            [01;31m[K^~[m[K
[28.861s] [01m[K/root/colcon_ws/src/Fast-Planner/fast_planner/plan_env/src/sdf_map.cpp:838:28:[m[K [01;31m[Kerror: [m[Kbase operand of ‘[01m[K->[m[K’ is not a pointer
[28.861s]   838 |   md_.camera_pos_(2) = pose[01;31m[K->[m[Kpose.position.z;
[28.861s]       |                            [01;31m[K^~[m[K
[28.861s] [01m[K/root/colcon_ws/src/Fast-Planner/fast_planner/plan_env/src/sdf_map.cpp:839:42:[m[K [01;31m[Kerror: [m[Kbase operand of ‘[01m[K->[m[K’ is not a pointer
[28.861s]   839 |   md_.camera_q_ = Eigen::Quaterniond(pose[01;31m[K->[m[Kpose.orientation.w, pose->pose.orientation.x,
[28.861s]       |                                          [01;31m[K^~[m[K
[28.861s] [01m[K/root/colcon_ws/src/Fast-Planner/fast_planner/plan_env/src/sdf_map.cpp:839:68:[m[K [01;31m[Kerror: [m[Kbase operand of ‘[01m[K->[m[K’ is not a pointer
[28.862s]   839 |   md_.camera_q_ = Eigen::Quaterniond(pose->pose.orientation.w, pose[01;31m[K->[m[Kpose.orientation.x,
[28.862s]       |                                                                    [01;31m[K^~[m[K
[28.862s] [01m[K/root/colcon_ws/src/Fast-Planner/fast_planner/plan_env/src/sdf_map.cpp:840:42:[m[K [01;31m[Kerror: [m[Kbase operand of ‘[01m[K->[m[K’ is not a pointer
[28.862s]   840 |                                      pose[01;31m[K->[m[Kpose.orientation.y, pose->pose.orientation.z);
[28.862s]       |                                          [01;31m[K^~[m[K
[28.862s] [01m[K/root/colcon_ws/src/Fast-Planner/fast_planner/plan_env/src/sdf_map.cpp:840:68:[m[K [01;31m[Kerror: [m[Kbase operand of ‘[01m[K->[m[K’ is not a pointer
[28.862s]   840 |                                      pose->pose.orientation.y, pose[01;31m[K->[m[Kpose.orientation.z);
[28.862s]       |                                                                    [01;31m[K^~[m[K
[28.862s] [01m[K/root/colcon_ws/src/Fast-Planner/fast_planner/plan_env/src/sdf_map.cpp:[m[K At global scope:
[28.862s] [01m[K/root/colcon_ws/src/Fast-Planner/fast_planner/plan_env/src/sdf_map.cpp:850:48:[m[K [01;31m[Kerror: [m[K‘[01m[KOdometrySharedPtr[m[K’ in namespace ‘[01m[Knav_msgs::msg[m[K’ does not name a type
[28.862s]   850 | void SDFMap::odomCallback(const nav_msgs::msg::[01;31m[KOdometrySharedPtr[m[K& odom) {
[28.863s]       |                                                [01;31m[K^~~~~~~~~~~~~~~~~[m[K
[28.863s] [01m[K/root/colcon_ws/src/Fast-Planner/fast_planner/plan_env/src/sdf_map.cpp:[m[K In member function ‘[01m[Kvoid SDFMap::odomCallback(const int&)[m[K’:
[28.863s] [01m[K/root/colcon_ws/src/Fast-Planner/fast_planner/plan_env/src/sdf_map.cpp:853:28:[m[K [01;31m[Kerror: [m[Kbase operand of ‘[01m[K->[m[K’ is not a pointer
[28.863s]   853 |   md_.camera_pos_(0) = odom[01;31m[K->[m[Kpose.pose.position.x;
[28.863s]       |                            [01;31m[K^~[m[K
[28.863s] [01m[K/root/colcon_ws/src/Fast-Planner/fast_planner/plan_env/src/sdf_map.cpp:854:28:[m[K [01;31m[Kerror: [m[Kbase operand of ‘[01m[K->[m[K’ is not a pointer
[28.863s]   854 |   md_.camera_pos_(1) = odom[01;31m[K->[m[Kpose.pose.position.y;
[28.863s]       |                            [01;31m[K^~[m[K
[28.863s] [01m[K/root/colcon_ws/src/Fast-Planner/fast_planner/plan_env/src/sdf_map.cpp:855:28:[m[K [01;31m[Kerror: [m[Kbase operand of ‘[01m[K->[m[K’ is not a pointer
[28.863s]   855 |   md_.camera_pos_(2) = odom[01;31m[K->[m[Kpose.pose.position.z;
[28.863s]       |                            [01;31m[K^~[m[K
[28.863s] [01m[K/root/colcon_ws/src/Fast-Planner/fast_planner/plan_env/src/sdf_map.cpp:[m[K At global scope:
[28.864s] [01m[K/root/colcon_ws/src/Fast-Planner/fast_planner/plan_env/src/sdf_map.cpp:860:52:[m[K [01;31m[Kerror: [m[K‘[01m[KPointCloud2SharedPtr[m[K’ in namespace ‘[01m[Ksensor_msgs::msg[m[K’ does not name a type
[28.864s]   860 | void SDFMap::cloudCallback(const sensor_msgs::msg::[01;31m[KPointCloud2SharedPtr[m[K& img) {
[28.864s]       |                                                    [01;31m[K^~~~~~~~~~~~~~~~~~~~[m[K
[28.875s] [01m[K/root/colcon_ws/src/Fast-Planner/fast_planner/plan_env/src/sdf_map.cpp:[m[K In member function ‘[01m[Kvoid SDFMap::cloudCallback(const int&)[m[K’:
[28.875s] [01m[K/root/colcon_ws/src/Fast-Planner/fast_planner/plan_env/src/sdf_map.cpp:863:19:[m[K [01;31m[Kerror: [m[Kinvalid type argument of unary ‘[01m[K*[m[K’ (have ‘[01m[Kint[m[K’)
[28.875s]   863 |   pcl::fromROSMsg([01;31m[K*img[m[K, latest_cloud);
[28.876s]       |                   [01;31m[K^~~~[m[K
[30.197s] gmake[2]: *** [CMakeFiles/plan_env.dir/build.make:90: CMakeFiles/plan_env.dir/src/edt_environment.cpp.o] Error 1
[30.197s] gmake[2]: *** Waiting for unfinished jobs....
[30.303s] [01m[K/root/colcon_ws/src/Fast-Planner/fast_planner/plan_env/src/sdf_map.cpp:[m[K In member function ‘[01m[Kvoid SDFMap::publishUpdateRange()[m[K’:
[30.303s] [01m[K/root/colcon_ws/src/Fast-Planner/fast_planner/plan_env/src/sdf_map.cpp:1143:26:[m[K [01;31m[Kerror: [m[Kbase operand of ‘[01m[K->[m[K’ has non-pointer type ‘[01m[Krclcpp::Node[m[K’
[30.303s]  1143 |   mk.header.stamp = node_[01;31m[K->[m[Know();
[30.303s]       |                          [01;31m[K^~[m[K
[30.339s] [01m[K/root/colcon_ws/src/Fast-Planner/fast_planner/plan_env/src/sdf_map.cpp:[m[K At global scope:
[30.340s] [01m[K/root/colcon_ws/src/Fast-Planner/fast_planner/plan_env/src/sdf_map.cpp:1285:56:[m[K [01;31m[Kerror: [m[K‘[01m[KImageSharedPtr[m[K’ in namespace ‘[01m[Ksensor_msgs::msg[m[K’ does not name a type
[30.340s]  1285 | void SDFMap::depthOdomCallback(const sensor_msgs::msg::[01;31m[KImageSharedPtr[m[K& img,
[30.340s]       |                                                        [01;31m[K^~~~~~~~~~~~~~[m[K
[30.340s] [01m[K/root/colcon_ws/src/Fast-Planner/fast_planner/plan_env/src/sdf_map.cpp:1286:53:[m[K [01;31m[Kerror: [m[K‘[01m[KOdometrySharedPtr[m[K’ in namespace ‘[01m[Knav_msgs::msg[m[K’ does not name a type
[30.340s]  1286 |                                const nav_msgs::msg::[01;31m[KOdometrySharedPtr[m[K& odom) {
[30.341s]       |                                                     [01;31m[K^~~~~~~~~~~~~~~~~[m[K
[30.341s] [01m[K/root/colcon_ws/src/Fast-Planner/fast_planner/plan_env/src/sdf_map.cpp:[m[K In member function ‘[01m[Kvoid SDFMap::depthOdomCallback(const int&, const int&)[m[K’:
[30.341s] [01m[K/root/colcon_ws/src/Fast-Planner/fast_planner/plan_env/src/sdf_map.cpp:1288:28:[m[K [01;31m[Kerror: [m[Kbase operand of ‘[01m[K->[m[K’ is not a pointer
[30.341s]  1288 |   md_.camera_pos_(0) = odom[01;31m[K->[m[Kpose.pose.position.x;
[30.342s]       |                            [01;31m[K^~[m[K
[30.342s] [01m[K/root/colcon_ws/src/Fast-Planner/fast_planner/plan_env/src/sdf_map.cpp:1289:28:[m[K [01;31m[Kerror: [m[Kbase operand of ‘[01m[K->[m[K’ is not a pointer
[30.342s]  1289 |   md_.camera_pos_(1) = odom[01;31m[K->[m[Kpose.pose.position.y;
[30.342s]       |                            [01;31m[K^~[m[K
[30.342s] [01m[K/root/colcon_ws/src/Fast-Planner/fast_planner/plan_env/src/sdf_map.cpp:1290:28:[m[K [01;31m[Kerror: [m[Kbase operand of ‘[01m[K->[m[K’ is not a pointer
[30.342s]  1290 |   md_.camera_pos_(2) = odom[01;31m[K->[m[Kpose.pose.position.z;
[30.343s]       |                            [01;31m[K^~[m[K
[30.343s] [01m[K/root/colcon_ws/src/Fast-Planner/fast_planner/plan_env/src/sdf_map.cpp:1291:42:[m[K [01;31m[Kerror: [m[Kbase operand of ‘[01m[K->[m[K’ is not a pointer
[30.343s]  1291 |   md_.camera_q_ = Eigen::Quaterniond(odom[01;31m[K->[m[Kpose.pose.orientation.w, odom->pose.pose.orientation.x,
[30.343s]       |                                          [01;31m[K^~[m[K
[30.343s] [01m[K/root/colcon_ws/src/Fast-Planner/fast_planner/plan_env/src/sdf_map.cpp:1291:73:[m[K [01;31m[Kerror: [m[Kbase operand of ‘[01m[K->[m[K’ is not a pointer
[30.343s]  1291 | .camera_q_ = Eigen::Quaterniond(odom->pose.pose.orientation.w, odom[01;31m[K->[m[Kpose.pose.orientation.x,
[30.343s]       |                                                                    [01;31m[K^~[m[K
[30.343s] 
[30.344s] [01m[K/root/colcon_ws/src/Fast-Planner/fast_planner/plan_env/src/sdf_map.cpp:1292:42:[m[K [01;31m[Kerror: [m[Kbase operand of ‘[01m[K->[m[K’ is not a pointer
[30.344s]  1292 |                                      odom[01;31m[K->[m[Kpose.pose.orientation.y, odom->pose.pose.orientation.z);
[30.344s]       |                                          [01;31m[K^~[m[K
[30.344s] [01m[K/root/colcon_ws/src/Fast-Planner/fast_planner/plan_env/src/sdf_map.cpp:1292:73:[m[K [01;31m[Kerror: [m[Kbase operand of ‘[01m[K->[m[K’ is not a pointer
[30.344s]  1292 |                                 odom->pose.pose.orientation.y, odom[01;31m[K->[m[Kpose.pose.orientation.z);
[30.344s]       |                                                                    [01;31m[K^~[m[K
[30.345s] 
[30.345s] [01m[K/root/colcon_ws/src/Fast-Planner/fast_planner/plan_env/src/sdf_map.cpp:1296:40:[m[K [01;31m[Kerror: [m[Kbase operand of ‘[01m[K->[m[K’ is not a pointer
[30.345s]  1296 |   cv_ptr = cv_bridge::toCvCopy(img, img[01;31m[K->[m[Kencoding);
[30.345s]       |                                        [01;31m[K^~[m[K
[30.345s] [01m[K/root/colcon_ws/src/Fast-Planner/fast_planner/plan_env/src/sdf_map.cpp:1297:10:[m[K [01;31m[Kerror: [m[Kbase operand of ‘[01m[K->[m[K’ is not a pointer
[30.345s]  1297 |   if (img[01;31m[K->[m[Kencoding == sensor_msgs::msg::image_encodings::TYPE_32FC1) {
[30.345s]       |          [01;31m[K^~[m[K
[30.345s] [01m[K/root/colcon_ws/src/Fast-Planner/fast_planner/plan_env/src/sdf_map.cpp:1297:42:[m[K [01;31m[Kerror: [m[K‘[01m[Ksensor_msgs::msg::image_encodings[m[K’ has not been declared
[30.345s]  1297 |   if (img->encoding == sensor_msgs::msg::[01;31m[Kimage_encodings[m[K::TYPE_32FC1) {
[30.346s]       |                                          [01;31m[K^~~~~~~~~~~~~~~[m[K
[30.346s] [01m[K/root/colcon_ws/src/Fast-Planner/fast_planner/plan_env/src/sdf_map.cpp:[m[K At global scope:
[30.346s] [01m[K/root/colcon_ws/src/Fast-Planner/fast_planner/plan_env/src/sdf_map.cpp:1305:52:[m[K [01;31m[Kerror: [m[K‘[01m[KImageSharedPtr[m[K’ in namespace ‘[01m[Ksensor_msgs::msg[m[K’ does not name a type
[30.346s]  1305 | void SDFMap::depthCallback(const sensor_msgs::msg::[01;31m[KImageSharedPtr[m[K& img) {
[30.346s]       |                                                    [01;31m[K^~~~~~~~~~~~~~[m[K
[30.346s] [01m[K/root/colcon_ws/src/Fast-Planner/fast_planner/plan_env/src/sdf_map.cpp:[m[K In member function ‘[01m[Kvoid SDFMap::depthCallback(const int&)[m[K’:
[30.346s] [01m[K/root/colcon_ws/src/Fast-Planner/fast_planner/plan_env/src/sdf_map.cpp:1306:32:[m[K [01;31m[Kerror: [m[Kbase operand of ‘[01m[K->[m[K’ is not a pointer
[30.346s]  1306 |   std::cout << "depth: " << img[01;31m[K->[m[Kheader.stamp << std::endl;
[30.346s]       |                                [01;31m[K^~[m[K
[30.346s] [01m[K/root/colcon_ws/src/Fast-Planner/fast_planner/plan_env/src/sdf_map.cpp:[m[K At global scope:
[30.346s] [01m[K/root/colcon_ws/src/Fast-Planner/fast_planner/plan_env/src/sdf_map.cpp:1309:53:[m[K [01;31m[Kerror: [m[K‘[01m[KPoseStampedSharedPtr[m[K’ in namespace ‘[01m[Kgeometry_msgs::msg[m[K’ does not name a type
[30.346s]  1309 | void SDFMap::poseCallback(const geometry_msgs::msg::[01;31m[KPoseStampedSharedPtr[m[K& pose) {
[30.347s]       |                                                     [01;31m[K^~~~~~~~~~~~~~~~~~~~[m[K
[30.347s] [01m[K/root/colcon_ws/src/Fast-Planner/fast_planner/plan_env/src/sdf_map.cpp:[m[K In member function ‘[01m[Kvoid SDFMap::poseCallback(const int&)[m[K’:
[30.347s] [01m[K/root/colcon_ws/src/Fast-Planner/fast_planner/plan_env/src/sdf_map.cpp:1310:32:[m[K [01;31m[Kerror: [m[Kbase operand of ‘[01m[K->[m[K’ is not a pointer
[30.347s]  1310 |   std::cout << "pose: " << pose[01;31m[K->[m[Kheader.stamp << std::endl;
[30.347s]       |                                [01;31m[K^~[m[K
[30.347s] [01m[K/root/colcon_ws/src/Fast-Planner/fast_planner/plan_env/src/sdf_map.cpp:1312:28:[m[K [01;31m[Kerror: [m[Kbase operand of ‘[01m[K->[m[K’ is not a pointer
[30.347s]  1312 |   md_.camera_pos_(0) = pose[01;31m[K->[m[Kpose.position.x;
[30.347s]       |                            [01;31m[K^~[m[K
[30.347s] [01m[K/root/colcon_ws/src/Fast-Planner/fast_planner/plan_env/src/sdf_map.cpp:1313:28:[m[K [01;31m[Kerror: [m[Kbase operand of ‘[01m[K->[m[K’ is not a pointer
[30.347s]  1313 |   md_.camera_pos_(1) = pose[01;31m[K->[m[Kpose.position.y;
[30.347s]       |                            [01;31m[K^~[m[K
[30.347s] [01m[K/root/colcon_ws/src/Fast-Planner/fast_planner/plan_env/src/sdf_map.cpp:1314:28:[m[K [01;31m[Kerror: [m[Kbase operand of ‘[01m[K->[m[K’ is not a pointer
[30.348s]  1314 |   md_.camera_pos_(2) = pose[01;31m[K->[m[Kpose.position.z;
[30.348s]       |                            [01;31m[K^~[m[K
[34.869s] gmake[2]: *** [CMakeFiles/plan_env.dir/build.make:76: CMakeFiles/plan_env.dir/src/sdf_map.cpp.o] Error 1
[34.870s] gmake[1]: *** [CMakeFiles/Makefile2:137: CMakeFiles/plan_env.dir/all] Error 2
[34.870s] gmake: *** [Makefile:146: all] Error 2
