[0.000000] (-) TimerEvent: {}
[0.000740] (cmake_utils) JobQueued: {'identifier': 'cmake_utils', 'dependencies': OrderedDict()}
[0.001457] (map_generator) JobQueued: {'identifier': 'map_generator', 'dependencies': OrderedDict()}
[0.001696] (plan_env) JobQueued: {'identifier': 'plan_env', 'dependencies': OrderedDict()}
[0.001905] (poly_traj) JobQueued: {'identifier': 'poly_traj', 'dependencies': OrderedDict()}
[0.002005] (pose_utils) JobQueued: {'identifier': 'pose_utils', 'dependencies': OrderedDict()}
[0.002156] (quadrotor_msgs) JobQueued: {'identifier': 'quadrotor_msgs', 'dependencies': OrderedDict()}
[0.002239] (waypoint_generator) JobQueued: {'identifier': 'waypoint_generator', 'dependencies': OrderedDict()}
[0.002287] (bspline) JobQueued: {'identifier': 'bspline', 'dependencies': OrderedDict([('plan_env', '/root/colcon_ws/install/plan_env')])}
[0.002344] (bspline_opt) JobQueued: {'identifier': 'bspline_opt', 'dependencies': OrderedDict([('plan_env', '/root/colcon_ws/install/plan_env')])}
[0.002417] (local_sensing_node) JobQueued: {'identifier': 'local_sensing_node', 'dependencies': OrderedDict([('quadrotor_msgs', '/root/colcon_ws/install/quadrotor_msgs')])}
[0.002473] (multi_map_server) JobQueued: {'identifier': 'multi_map_server', 'dependencies': OrderedDict([('pose_utils', '/root/colcon_ws/install/pose_utils'), ('quadrotor_msgs', '/root/colcon_ws/install/quadrotor_msgs')])}
[0.002828] (odom_visualization) JobQueued: {'identifier': 'odom_visualization', 'dependencies': OrderedDict([('pose_utils', '/root/colcon_ws/install/pose_utils'), ('quadrotor_msgs', '/root/colcon_ws/install/quadrotor_msgs')])}
[0.002913] (path_searching) JobQueued: {'identifier': 'path_searching', 'dependencies': OrderedDict([('plan_env', '/root/colcon_ws/install/plan_env')])}
[0.003054] (so3_control) JobQueued: {'identifier': 'so3_control', 'dependencies': OrderedDict([('cmake_utils', '/root/colcon_ws/install/cmake_utils'), ('quadrotor_msgs', '/root/colcon_ws/install/quadrotor_msgs')])}
[0.003107] (so3_disturbance_generator) JobQueued: {'identifier': 'so3_disturbance_generator', 'dependencies': OrderedDict([('pose_utils', '/root/colcon_ws/install/pose_utils')])}
[0.003160] (uav_utils) JobQueued: {'identifier': 'uav_utils', 'dependencies': OrderedDict([('cmake_utils', '/root/colcon_ws/install/cmake_utils')])}
[0.003221] (rviz_plugins) JobQueued: {'identifier': 'rviz_plugins', 'dependencies': OrderedDict([('pose_utils', '/root/colcon_ws/install/pose_utils'), ('quadrotor_msgs', '/root/colcon_ws/install/quadrotor_msgs'), ('multi_map_server', '/root/colcon_ws/install/multi_map_server')])}
[0.003275] (so3_quadrotor_simulator) JobQueued: {'identifier': 'so3_quadrotor_simulator', 'dependencies': OrderedDict([('cmake_utils', '/root/colcon_ws/install/cmake_utils'), ('quadrotor_msgs', '/root/colcon_ws/install/quadrotor_msgs'), ('uav_utils', '/root/colcon_ws/install/uav_utils')])}
[0.003504] (traj_utils) JobQueued: {'identifier': 'traj_utils', 'dependencies': OrderedDict([('plan_env', '/root/colcon_ws/install/plan_env'), ('poly_traj', '/root/colcon_ws/install/poly_traj'), ('bspline', '/root/colcon_ws/install/bspline'), ('bspline_opt', '/root/colcon_ws/install/bspline_opt'), ('path_searching', '/root/colcon_ws/install/path_searching')])}
[0.003603] (plan_manage) JobQueued: {'identifier': 'plan_manage', 'dependencies': OrderedDict([('plan_env', '/root/colcon_ws/install/plan_env'), ('poly_traj', '/root/colcon_ws/install/poly_traj'), ('bspline', '/root/colcon_ws/install/bspline'), ('bspline_opt', '/root/colcon_ws/install/bspline_opt'), ('path_searching', '/root/colcon_ws/install/path_searching'), ('traj_utils', '/root/colcon_ws/install/traj_utils')])}
[0.003733] (quadrotor_msgs) JobStarted: {'identifier': 'quadrotor_msgs'}
[0.012350] (plan_env) JobStarted: {'identifier': 'plan_env'}
[0.019079] (pose_utils) JobStarted: {'identifier': 'pose_utils'}
[0.025273] (cmake_utils) JobStarted: {'identifier': 'cmake_utils'}
[0.030617] (poly_traj) JobStarted: {'identifier': 'poly_traj'}
[0.036561] (map_generator) JobStarted: {'identifier': 'map_generator'}
[0.042341] (waypoint_generator) JobStarted: {'identifier': 'waypoint_generator'}
[0.051349] (quadrotor_msgs) JobProgress: {'identifier': 'quadrotor_msgs', 'progress': 'cmake'}
[0.052193] (quadrotor_msgs) Command: {'cmd': ['/usr/bin/cmake', '/root/colcon_ws/src/Fast-Planner/uav_simulator/Utils/quadrotor_msgs', '-DCMAKE_INSTALL_PREFIX=/root/colcon_ws/install/quadrotor_msgs'], 'cwd': '/root/colcon_ws/build/quadrotor_msgs', 'env': OrderedDict([('LESSOPEN', '| /usr/bin/lesspipe %s'), ('HOSTNAME', 'tegra-ubuntu'), ('SHLVL', '1'), ('LD_LIBRARY_PATH', '/root/colcon_ws/install/lib:/opt/ros/humble/opt/rviz_ogre_vendor/lib:/opt/ros/humble/lib/aarch64-linux-gnu:/opt/ros/humble/lib'), ('HOME', '/root'), ('OLDPWD', '/root/colcon_ws'), ('ROS_PYTHON_VERSION', '3'), ('COLCON_PREFIX_PATH', '/root/colcon_ws/install'), ('ROS_DISTRO', 'humble'), ('_', '/usr/bin/colcon'), ('ROS_VERSION', '2'), ('TERM', 'xterm'), ('GAZEBO_MODEL_PATH', '/root/colcon_ws/src:'), ('ROS_LOCALHOST_ONLY', '0'), ('PATH', '/opt/ros/humble/bin:/usr/local/sbin:/usr/local/bin:/usr/sbin:/usr/bin:/sbin:/bin'), ('DISPLAY', ':0'), ('LANG', 'C.UTF-8'), ('LS_COLORS', 'rs=0:di=01;34:ln=01;36:mh=00:pi=40;33:so=01;35:do=01;35:bd=40;33;01:cd=40;33;01:or=40;31;01:mi=00:su=37;41:sg=30;43:ca=30;41:tw=30;42:ow=34;42:st=37;44:ex=01;32:*.tar=01;31:*.tgz=01;31:*.arc=01;31:*.arj=01;31:*.taz=01;31:*.lha=01;31:*.lz4=01;31:*.lzh=01;31:*.lzma=01;31:*.tlz=01;31:*.txz=01;31:*.tzo=01;31:*.t7z=01;31:*.zip=01;31:*.z=01;31:*.dz=01;31:*.gz=01;31:*.lrz=01;31:*.lz=01;31:*.lzo=01;31:*.xz=01;31:*.zst=01;31:*.tzst=01;31:*.bz2=01;31:*.bz=01;31:*.tbz=01;31:*.tbz2=01;31:*.tz=01;31:*.deb=01;31:*.rpm=01;31:*.jar=01;31:*.war=01;31:*.ear=01;31:*.sar=01;31:*.rar=01;31:*.alz=01;31:*.ace=01;31:*.zoo=01;31:*.cpio=01;31:*.7z=01;31:*.rz=01;31:*.cab=01;31:*.wim=01;31:*.swm=01;31:*.dwm=01;31:*.esd=01;31:*.jpg=01;35:*.jpeg=01;35:*.mjpg=01;35:*.mjpeg=01;35:*.gif=01;35:*.bmp=01;35:*.pbm=01;35:*.pgm=01;35:*.ppm=01;35:*.tga=01;35:*.xbm=01;35:*.xpm=01;35:*.tif=01;35:*.tiff=01;35:*.png=01;35:*.svg=01;35:*.svgz=01;35:*.mng=01;35:*.pcx=01;35:*.mov=01;35:*.mpg=01;35:*.mpeg=01;35:*.m2v=01;35:*.mkv=01;35:*.webm=01;35:*.webp=01;35:*.ogm=01;35:*.mp4=01;35:*.m4v=01;35:*.mp4v=01;35:*.vob=01;35:*.qt=01;35:*.nuv=01;35:*.wmv=01;35:*.asf=01;35:*.rm=01;35:*.rmvb=01;35:*.flc=01;35:*.avi=01;35:*.fli=01;35:*.flv=01;35:*.gl=01;35:*.dl=01;35:*.xcf=01;35:*.xwd=01;35:*.yuv=01;35:*.cgm=01;35:*.emf=01;35:*.ogv=01;35:*.ogx=01;35:*.aac=00;36:*.au=00;36:*.flac=00;36:*.m4a=00;36:*.mid=00;36:*.midi=00;36:*.mka=00;36:*.mp3=00;36:*.mpc=00;36:*.ogg=00;36:*.ra=00;36:*.wav=00;36:*.oga=00;36:*.opus=00;36:*.spx=00;36:*.xspf=00;36:'), ('ROS_DOMAIN_ID', '0'), ('AMENT_PREFIX_PATH', '/opt/ros/humble'), ('DEBIAN_FRONTEND', 'noninteractive'), ('COLCON_WS', '/root/colcon_ws'), ('LESSCLOSE', '/usr/bin/lesspipe %s %s'), ('PWD', '/root/colcon_ws/build/quadrotor_msgs'), ('LC_ALL', 'C.UTF-8'), ('GAZEBO_PLUGIN_PATH', '/root/colcon_ws/install/lib:'), ('PYTHONPATH', '/opt/ros/humble/lib/python3.10/site-packages:/opt/ros/humble/local/lib/python3.10/dist-packages'), ('COLCON', '1'), ('CMAKE_PREFIX_PATH', '/opt/ros/humble')]), 'shell': False}
[0.057624] (plan_env) JobProgress: {'identifier': 'plan_env', 'progress': 'cmake'}
[0.058569] (plan_env) Command: {'cmd': ['/usr/bin/cmake', '/root/colcon_ws/src/Fast-Planner/fast_planner/plan_env', '-DCMAKE_INSTALL_PREFIX=/root/colcon_ws/install/plan_env'], 'cwd': '/root/colcon_ws/build/plan_env', 'env': OrderedDict([('LESSOPEN', '| /usr/bin/lesspipe %s'), ('HOSTNAME', 'tegra-ubuntu'), ('SHLVL', '1'), ('LD_LIBRARY_PATH', '/root/colcon_ws/install/lib:/opt/ros/humble/opt/rviz_ogre_vendor/lib:/opt/ros/humble/lib/aarch64-linux-gnu:/opt/ros/humble/lib'), ('HOME', '/root'), ('OLDPWD', '/root/colcon_ws'), ('ROS_PYTHON_VERSION', '3'), ('COLCON_PREFIX_PATH', '/root/colcon_ws/install'), ('ROS_DISTRO', 'humble'), ('_', '/usr/bin/colcon'), ('ROS_VERSION', '2'), ('TERM', 'xterm'), ('GAZEBO_MODEL_PATH', '/root/colcon_ws/src:'), ('ROS_LOCALHOST_ONLY', '0'), ('PATH', '/opt/ros/humble/bin:/usr/local/sbin:/usr/local/bin:/usr/sbin:/usr/bin:/sbin:/bin'), ('DISPLAY', ':0'), ('LANG', 'C.UTF-8'), ('LS_COLORS', 'rs=0:di=01;34:ln=01;36:mh=00:pi=40;33:so=01;35:do=01;35:bd=40;33;01:cd=40;33;01:or=40;31;01:mi=00:su=37;41:sg=30;43:ca=30;41:tw=30;42:ow=34;42:st=37;44:ex=01;32:*.tar=01;31:*.tgz=01;31:*.arc=01;31:*.arj=01;31:*.taz=01;31:*.lha=01;31:*.lz4=01;31:*.lzh=01;31:*.lzma=01;31:*.tlz=01;31:*.txz=01;31:*.tzo=01;31:*.t7z=01;31:*.zip=01;31:*.z=01;31:*.dz=01;31:*.gz=01;31:*.lrz=01;31:*.lz=01;31:*.lzo=01;31:*.xz=01;31:*.zst=01;31:*.tzst=01;31:*.bz2=01;31:*.bz=01;31:*.tbz=01;31:*.tbz2=01;31:*.tz=01;31:*.deb=01;31:*.rpm=01;31:*.jar=01;31:*.war=01;31:*.ear=01;31:*.sar=01;31:*.rar=01;31:*.alz=01;31:*.ace=01;31:*.zoo=01;31:*.cpio=01;31:*.7z=01;31:*.rz=01;31:*.cab=01;31:*.wim=01;31:*.swm=01;31:*.dwm=01;31:*.esd=01;31:*.jpg=01;35:*.jpeg=01;35:*.mjpg=01;35:*.mjpeg=01;35:*.gif=01;35:*.bmp=01;35:*.pbm=01;35:*.pgm=01;35:*.ppm=01;35:*.tga=01;35:*.xbm=01;35:*.xpm=01;35:*.tif=01;35:*.tiff=01;35:*.png=01;35:*.svg=01;35:*.svgz=01;35:*.mng=01;35:*.pcx=01;35:*.mov=01;35:*.mpg=01;35:*.mpeg=01;35:*.m2v=01;35:*.mkv=01;35:*.webm=01;35:*.webp=01;35:*.ogm=01;35:*.mp4=01;35:*.m4v=01;35:*.mp4v=01;35:*.vob=01;35:*.qt=01;35:*.nuv=01;35:*.wmv=01;35:*.asf=01;35:*.rm=01;35:*.rmvb=01;35:*.flc=01;35:*.avi=01;35:*.fli=01;35:*.flv=01;35:*.gl=01;35:*.dl=01;35:*.xcf=01;35:*.xwd=01;35:*.yuv=01;35:*.cgm=01;35:*.emf=01;35:*.ogv=01;35:*.ogx=01;35:*.aac=00;36:*.au=00;36:*.flac=00;36:*.m4a=00;36:*.mid=00;36:*.midi=00;36:*.mka=00;36:*.mp3=00;36:*.mpc=00;36:*.ogg=00;36:*.ra=00;36:*.wav=00;36:*.oga=00;36:*.opus=00;36:*.spx=00;36:*.xspf=00;36:'), ('ROS_DOMAIN_ID', '0'), ('AMENT_PREFIX_PATH', '/opt/ros/humble'), ('DEBIAN_FRONTEND', 'noninteractive'), ('COLCON_WS', '/root/colcon_ws'), ('LESSCLOSE', '/usr/bin/lesspipe %s %s'), ('PWD', '/root/colcon_ws/build/plan_env'), ('LC_ALL', 'C.UTF-8'), ('GAZEBO_PLUGIN_PATH', '/root/colcon_ws/install/lib:'), ('PYTHONPATH', '/opt/ros/humble/lib/python3.10/site-packages:/opt/ros/humble/local/lib/python3.10/dist-packages'), ('COLCON', '1'), ('CMAKE_PREFIX_PATH', '/opt/ros/humble')]), 'shell': False}
[0.062855] (pose_utils) JobProgress: {'identifier': 'pose_utils', 'progress': 'cmake'}
[0.063261] (pose_utils) Command: {'cmd': ['/usr/bin/cmake', '/root/colcon_ws/src/Fast-Planner/uav_simulator/Utils/pose_utils', '-DCMAKE_INSTALL_PREFIX=/root/colcon_ws/install/pose_utils'], 'cwd': '/root/colcon_ws/build/pose_utils', 'env': OrderedDict([('LESSOPEN', '| /usr/bin/lesspipe %s'), ('HOSTNAME', 'tegra-ubuntu'), ('SHLVL', '1'), ('LD_LIBRARY_PATH', '/root/colcon_ws/install/lib:/opt/ros/humble/opt/rviz_ogre_vendor/lib:/opt/ros/humble/lib/aarch64-linux-gnu:/opt/ros/humble/lib'), ('HOME', '/root'), ('OLDPWD', '/root/colcon_ws'), ('ROS_PYTHON_VERSION', '3'), ('COLCON_PREFIX_PATH', '/root/colcon_ws/install'), ('ROS_DISTRO', 'humble'), ('_', '/usr/bin/colcon'), ('ROS_VERSION', '2'), ('TERM', 'xterm'), ('GAZEBO_MODEL_PATH', '/root/colcon_ws/src:'), ('ROS_LOCALHOST_ONLY', '0'), ('PATH', '/opt/ros/humble/bin:/usr/local/sbin:/usr/local/bin:/usr/sbin:/usr/bin:/sbin:/bin'), ('DISPLAY', ':0'), ('LANG', 'C.UTF-8'), ('LS_COLORS', 'rs=0:di=01;34:ln=01;36:mh=00:pi=40;33:so=01;35:do=01;35:bd=40;33;01:cd=40;33;01:or=40;31;01:mi=00:su=37;41:sg=30;43:ca=30;41:tw=30;42:ow=34;42:st=37;44:ex=01;32:*.tar=01;31:*.tgz=01;31:*.arc=01;31:*.arj=01;31:*.taz=01;31:*.lha=01;31:*.lz4=01;31:*.lzh=01;31:*.lzma=01;31:*.tlz=01;31:*.txz=01;31:*.tzo=01;31:*.t7z=01;31:*.zip=01;31:*.z=01;31:*.dz=01;31:*.gz=01;31:*.lrz=01;31:*.lz=01;31:*.lzo=01;31:*.xz=01;31:*.zst=01;31:*.tzst=01;31:*.bz2=01;31:*.bz=01;31:*.tbz=01;31:*.tbz2=01;31:*.tz=01;31:*.deb=01;31:*.rpm=01;31:*.jar=01;31:*.war=01;31:*.ear=01;31:*.sar=01;31:*.rar=01;31:*.alz=01;31:*.ace=01;31:*.zoo=01;31:*.cpio=01;31:*.7z=01;31:*.rz=01;31:*.cab=01;31:*.wim=01;31:*.swm=01;31:*.dwm=01;31:*.esd=01;31:*.jpg=01;35:*.jpeg=01;35:*.mjpg=01;35:*.mjpeg=01;35:*.gif=01;35:*.bmp=01;35:*.pbm=01;35:*.pgm=01;35:*.ppm=01;35:*.tga=01;35:*.xbm=01;35:*.xpm=01;35:*.tif=01;35:*.tiff=01;35:*.png=01;35:*.svg=01;35:*.svgz=01;35:*.mng=01;35:*.pcx=01;35:*.mov=01;35:*.mpg=01;35:*.mpeg=01;35:*.m2v=01;35:*.mkv=01;35:*.webm=01;35:*.webp=01;35:*.ogm=01;35:*.mp4=01;35:*.m4v=01;35:*.mp4v=01;35:*.vob=01;35:*.qt=01;35:*.nuv=01;35:*.wmv=01;35:*.asf=01;35:*.rm=01;35:*.rmvb=01;35:*.flc=01;35:*.avi=01;35:*.fli=01;35:*.flv=01;35:*.gl=01;35:*.dl=01;35:*.xcf=01;35:*.xwd=01;35:*.yuv=01;35:*.cgm=01;35:*.emf=01;35:*.ogv=01;35:*.ogx=01;35:*.aac=00;36:*.au=00;36:*.flac=00;36:*.m4a=00;36:*.mid=00;36:*.midi=00;36:*.mka=00;36:*.mp3=00;36:*.mpc=00;36:*.ogg=00;36:*.ra=00;36:*.wav=00;36:*.oga=00;36:*.opus=00;36:*.spx=00;36:*.xspf=00;36:'), ('ROS_DOMAIN_ID', '0'), ('AMENT_PREFIX_PATH', '/opt/ros/humble'), ('DEBIAN_FRONTEND', 'noninteractive'), ('COLCON_WS', '/root/colcon_ws'), ('LESSCLOSE', '/usr/bin/lesspipe %s %s'), ('PWD', '/root/colcon_ws/build/pose_utils'), ('LC_ALL', 'C.UTF-8'), ('GAZEBO_PLUGIN_PATH', '/root/colcon_ws/install/lib:'), ('PYTHONPATH', '/opt/ros/humble/lib/python3.10/site-packages:/opt/ros/humble/local/lib/python3.10/dist-packages'), ('COLCON', '1'), ('CMAKE_PREFIX_PATH', '/opt/ros/humble')]), 'shell': False}
[0.066091] (cmake_utils) JobProgress: {'identifier': 'cmake_utils', 'progress': 'cmake'}
[0.067295] (cmake_utils) Command: {'cmd': ['/usr/bin/cmake', '/root/colcon_ws/src/Fast-Planner/uav_simulator/Utils/cmake_utils', '-DCMAKE_INSTALL_PREFIX=/root/colcon_ws/install/cmake_utils'], 'cwd': '/root/colcon_ws/build/cmake_utils', 'env': OrderedDict([('LESSOPEN', '| /usr/bin/lesspipe %s'), ('HOSTNAME', 'tegra-ubuntu'), ('SHLVL', '1'), ('LD_LIBRARY_PATH', '/root/colcon_ws/install/lib:/opt/ros/humble/opt/rviz_ogre_vendor/lib:/opt/ros/humble/lib/aarch64-linux-gnu:/opt/ros/humble/lib'), ('HOME', '/root'), ('OLDPWD', '/root/colcon_ws'), ('ROS_PYTHON_VERSION', '3'), ('COLCON_PREFIX_PATH', '/root/colcon_ws/install'), ('ROS_DISTRO', 'humble'), ('_', '/usr/bin/colcon'), ('ROS_VERSION', '2'), ('TERM', 'xterm'), ('GAZEBO_MODEL_PATH', '/root/colcon_ws/src:'), ('ROS_LOCALHOST_ONLY', '0'), ('PATH', '/opt/ros/humble/bin:/usr/local/sbin:/usr/local/bin:/usr/sbin:/usr/bin:/sbin:/bin'), ('DISPLAY', ':0'), ('LANG', 'C.UTF-8'), ('LS_COLORS', 'rs=0:di=01;34:ln=01;36:mh=00:pi=40;33:so=01;35:do=01;35:bd=40;33;01:cd=40;33;01:or=40;31;01:mi=00:su=37;41:sg=30;43:ca=30;41:tw=30;42:ow=34;42:st=37;44:ex=01;32:*.tar=01;31:*.tgz=01;31:*.arc=01;31:*.arj=01;31:*.taz=01;31:*.lha=01;31:*.lz4=01;31:*.lzh=01;31:*.lzma=01;31:*.tlz=01;31:*.txz=01;31:*.tzo=01;31:*.t7z=01;31:*.zip=01;31:*.z=01;31:*.dz=01;31:*.gz=01;31:*.lrz=01;31:*.lz=01;31:*.lzo=01;31:*.xz=01;31:*.zst=01;31:*.tzst=01;31:*.bz2=01;31:*.bz=01;31:*.tbz=01;31:*.tbz2=01;31:*.tz=01;31:*.deb=01;31:*.rpm=01;31:*.jar=01;31:*.war=01;31:*.ear=01;31:*.sar=01;31:*.rar=01;31:*.alz=01;31:*.ace=01;31:*.zoo=01;31:*.cpio=01;31:*.7z=01;31:*.rz=01;31:*.cab=01;31:*.wim=01;31:*.swm=01;31:*.dwm=01;31:*.esd=01;31:*.jpg=01;35:*.jpeg=01;35:*.mjpg=01;35:*.mjpeg=01;35:*.gif=01;35:*.bmp=01;35:*.pbm=01;35:*.pgm=01;35:*.ppm=01;35:*.tga=01;35:*.xbm=01;35:*.xpm=01;35:*.tif=01;35:*.tiff=01;35:*.png=01;35:*.svg=01;35:*.svgz=01;35:*.mng=01;35:*.pcx=01;35:*.mov=01;35:*.mpg=01;35:*.mpeg=01;35:*.m2v=01;35:*.mkv=01;35:*.webm=01;35:*.webp=01;35:*.ogm=01;35:*.mp4=01;35:*.m4v=01;35:*.mp4v=01;35:*.vob=01;35:*.qt=01;35:*.nuv=01;35:*.wmv=01;35:*.asf=01;35:*.rm=01;35:*.rmvb=01;35:*.flc=01;35:*.avi=01;35:*.fli=01;35:*.flv=01;35:*.gl=01;35:*.dl=01;35:*.xcf=01;35:*.xwd=01;35:*.yuv=01;35:*.cgm=01;35:*.emf=01;35:*.ogv=01;35:*.ogx=01;35:*.aac=00;36:*.au=00;36:*.flac=00;36:*.m4a=00;36:*.mid=00;36:*.midi=00;36:*.mka=00;36:*.mp3=00;36:*.mpc=00;36:*.ogg=00;36:*.ra=00;36:*.wav=00;36:*.oga=00;36:*.opus=00;36:*.spx=00;36:*.xspf=00;36:'), ('ROS_DOMAIN_ID', '0'), ('AMENT_PREFIX_PATH', '/opt/ros/humble'), ('DEBIAN_FRONTEND', 'noninteractive'), ('COLCON_WS', '/root/colcon_ws'), ('LESSCLOSE', '/usr/bin/lesspipe %s %s'), ('PWD', '/root/colcon_ws/build/cmake_utils'), ('LC_ALL', 'C.UTF-8'), ('GAZEBO_PLUGIN_PATH', '/root/colcon_ws/install/lib:'), ('PYTHONPATH', '/opt/ros/humble/lib/python3.10/site-packages:/opt/ros/humble/local/lib/python3.10/dist-packages'), ('COLCON', '1'), ('CMAKE_PREFIX_PATH', '/opt/ros/humble')]), 'shell': False}
[0.070541] (poly_traj) JobProgress: {'identifier': 'poly_traj', 'progress': 'cmake'}
[0.071244] (poly_traj) Command: {'cmd': ['/usr/bin/cmake', '/root/colcon_ws/src/Fast-Planner/fast_planner/poly_traj', '-DCMAKE_INSTALL_PREFIX=/root/colcon_ws/install/poly_traj'], 'cwd': '/root/colcon_ws/build/poly_traj', 'env': OrderedDict([('LESSOPEN', '| /usr/bin/lesspipe %s'), ('HOSTNAME', 'tegra-ubuntu'), ('SHLVL', '1'), ('LD_LIBRARY_PATH', '/root/colcon_ws/install/lib:/opt/ros/humble/opt/rviz_ogre_vendor/lib:/opt/ros/humble/lib/aarch64-linux-gnu:/opt/ros/humble/lib'), ('HOME', '/root'), ('OLDPWD', '/root/colcon_ws'), ('ROS_PYTHON_VERSION', '3'), ('COLCON_PREFIX_PATH', '/root/colcon_ws/install'), ('ROS_DISTRO', 'humble'), ('_', '/usr/bin/colcon'), ('ROS_VERSION', '2'), ('TERM', 'xterm'), ('GAZEBO_MODEL_PATH', '/root/colcon_ws/src:'), ('ROS_LOCALHOST_ONLY', '0'), ('PATH', '/opt/ros/humble/bin:/usr/local/sbin:/usr/local/bin:/usr/sbin:/usr/bin:/sbin:/bin'), ('DISPLAY', ':0'), ('LANG', 'C.UTF-8'), ('LS_COLORS', 'rs=0:di=01;34:ln=01;36:mh=00:pi=40;33:so=01;35:do=01;35:bd=40;33;01:cd=40;33;01:or=40;31;01:mi=00:su=37;41:sg=30;43:ca=30;41:tw=30;42:ow=34;42:st=37;44:ex=01;32:*.tar=01;31:*.tgz=01;31:*.arc=01;31:*.arj=01;31:*.taz=01;31:*.lha=01;31:*.lz4=01;31:*.lzh=01;31:*.lzma=01;31:*.tlz=01;31:*.txz=01;31:*.tzo=01;31:*.t7z=01;31:*.zip=01;31:*.z=01;31:*.dz=01;31:*.gz=01;31:*.lrz=01;31:*.lz=01;31:*.lzo=01;31:*.xz=01;31:*.zst=01;31:*.tzst=01;31:*.bz2=01;31:*.bz=01;31:*.tbz=01;31:*.tbz2=01;31:*.tz=01;31:*.deb=01;31:*.rpm=01;31:*.jar=01;31:*.war=01;31:*.ear=01;31:*.sar=01;31:*.rar=01;31:*.alz=01;31:*.ace=01;31:*.zoo=01;31:*.cpio=01;31:*.7z=01;31:*.rz=01;31:*.cab=01;31:*.wim=01;31:*.swm=01;31:*.dwm=01;31:*.esd=01;31:*.jpg=01;35:*.jpeg=01;35:*.mjpg=01;35:*.mjpeg=01;35:*.gif=01;35:*.bmp=01;35:*.pbm=01;35:*.pgm=01;35:*.ppm=01;35:*.tga=01;35:*.xbm=01;35:*.xpm=01;35:*.tif=01;35:*.tiff=01;35:*.png=01;35:*.svg=01;35:*.svgz=01;35:*.mng=01;35:*.pcx=01;35:*.mov=01;35:*.mpg=01;35:*.mpeg=01;35:*.m2v=01;35:*.mkv=01;35:*.webm=01;35:*.webp=01;35:*.ogm=01;35:*.mp4=01;35:*.m4v=01;35:*.mp4v=01;35:*.vob=01;35:*.qt=01;35:*.nuv=01;35:*.wmv=01;35:*.asf=01;35:*.rm=01;35:*.rmvb=01;35:*.flc=01;35:*.avi=01;35:*.fli=01;35:*.flv=01;35:*.gl=01;35:*.dl=01;35:*.xcf=01;35:*.xwd=01;35:*.yuv=01;35:*.cgm=01;35:*.emf=01;35:*.ogv=01;35:*.ogx=01;35:*.aac=00;36:*.au=00;36:*.flac=00;36:*.m4a=00;36:*.mid=00;36:*.midi=00;36:*.mka=00;36:*.mp3=00;36:*.mpc=00;36:*.ogg=00;36:*.ra=00;36:*.wav=00;36:*.oga=00;36:*.opus=00;36:*.spx=00;36:*.xspf=00;36:'), ('ROS_DOMAIN_ID', '0'), ('AMENT_PREFIX_PATH', '/opt/ros/humble'), ('DEBIAN_FRONTEND', 'noninteractive'), ('COLCON_WS', '/root/colcon_ws'), ('LESSCLOSE', '/usr/bin/lesspipe %s %s'), ('PWD', '/root/colcon_ws/build/poly_traj'), ('LC_ALL', 'C.UTF-8'), ('GAZEBO_PLUGIN_PATH', '/root/colcon_ws/install/lib:'), ('PYTHONPATH', '/opt/ros/humble/lib/python3.10/site-packages:/opt/ros/humble/local/lib/python3.10/dist-packages'), ('COLCON', '1'), ('CMAKE_PREFIX_PATH', '/opt/ros/humble')]), 'shell': False}
[0.074740] (map_generator) JobProgress: {'identifier': 'map_generator', 'progress': 'cmake'}
[0.075643] (map_generator) Command: {'cmd': ['/usr/bin/cmake', '/root/colcon_ws/src/Fast-Planner/uav_simulator/map_generator', '-DCMAKE_INSTALL_PREFIX=/root/colcon_ws/install/map_generator'], 'cwd': '/root/colcon_ws/build/map_generator', 'env': OrderedDict([('LESSOPEN', '| /usr/bin/lesspipe %s'), ('HOSTNAME', 'tegra-ubuntu'), ('SHLVL', '1'), ('LD_LIBRARY_PATH', '/root/colcon_ws/install/lib:/opt/ros/humble/opt/rviz_ogre_vendor/lib:/opt/ros/humble/lib/aarch64-linux-gnu:/opt/ros/humble/lib'), ('HOME', '/root'), ('OLDPWD', '/root/colcon_ws'), ('ROS_PYTHON_VERSION', '3'), ('COLCON_PREFIX_PATH', '/root/colcon_ws/install'), ('ROS_DISTRO', 'humble'), ('_', '/usr/bin/colcon'), ('ROS_VERSION', '2'), ('TERM', 'xterm'), ('GAZEBO_MODEL_PATH', '/root/colcon_ws/src:'), ('ROS_LOCALHOST_ONLY', '0'), ('PATH', '/opt/ros/humble/bin:/usr/local/sbin:/usr/local/bin:/usr/sbin:/usr/bin:/sbin:/bin'), ('DISPLAY', ':0'), ('LANG', 'C.UTF-8'), ('LS_COLORS', 'rs=0:di=01;34:ln=01;36:mh=00:pi=40;33:so=01;35:do=01;35:bd=40;33;01:cd=40;33;01:or=40;31;01:mi=00:su=37;41:sg=30;43:ca=30;41:tw=30;42:ow=34;42:st=37;44:ex=01;32:*.tar=01;31:*.tgz=01;31:*.arc=01;31:*.arj=01;31:*.taz=01;31:*.lha=01;31:*.lz4=01;31:*.lzh=01;31:*.lzma=01;31:*.tlz=01;31:*.txz=01;31:*.tzo=01;31:*.t7z=01;31:*.zip=01;31:*.z=01;31:*.dz=01;31:*.gz=01;31:*.lrz=01;31:*.lz=01;31:*.lzo=01;31:*.xz=01;31:*.zst=01;31:*.tzst=01;31:*.bz2=01;31:*.bz=01;31:*.tbz=01;31:*.tbz2=01;31:*.tz=01;31:*.deb=01;31:*.rpm=01;31:*.jar=01;31:*.war=01;31:*.ear=01;31:*.sar=01;31:*.rar=01;31:*.alz=01;31:*.ace=01;31:*.zoo=01;31:*.cpio=01;31:*.7z=01;31:*.rz=01;31:*.cab=01;31:*.wim=01;31:*.swm=01;31:*.dwm=01;31:*.esd=01;31:*.jpg=01;35:*.jpeg=01;35:*.mjpg=01;35:*.mjpeg=01;35:*.gif=01;35:*.bmp=01;35:*.pbm=01;35:*.pgm=01;35:*.ppm=01;35:*.tga=01;35:*.xbm=01;35:*.xpm=01;35:*.tif=01;35:*.tiff=01;35:*.png=01;35:*.svg=01;35:*.svgz=01;35:*.mng=01;35:*.pcx=01;35:*.mov=01;35:*.mpg=01;35:*.mpeg=01;35:*.m2v=01;35:*.mkv=01;35:*.webm=01;35:*.webp=01;35:*.ogm=01;35:*.mp4=01;35:*.m4v=01;35:*.mp4v=01;35:*.vob=01;35:*.qt=01;35:*.nuv=01;35:*.wmv=01;35:*.asf=01;35:*.rm=01;35:*.rmvb=01;35:*.flc=01;35:*.avi=01;35:*.fli=01;35:*.flv=01;35:*.gl=01;35:*.dl=01;35:*.xcf=01;35:*.xwd=01;35:*.yuv=01;35:*.cgm=01;35:*.emf=01;35:*.ogv=01;35:*.ogx=01;35:*.aac=00;36:*.au=00;36:*.flac=00;36:*.m4a=00;36:*.mid=00;36:*.midi=00;36:*.mka=00;36:*.mp3=00;36:*.mpc=00;36:*.ogg=00;36:*.ra=00;36:*.wav=00;36:*.oga=00;36:*.opus=00;36:*.spx=00;36:*.xspf=00;36:'), ('ROS_DOMAIN_ID', '0'), ('AMENT_PREFIX_PATH', '/opt/ros/humble'), ('DEBIAN_FRONTEND', 'noninteractive'), ('COLCON_WS', '/root/colcon_ws'), ('LESSCLOSE', '/usr/bin/lesspipe %s %s'), ('PWD', '/root/colcon_ws/build/map_generator'), ('LC_ALL', 'C.UTF-8'), ('GAZEBO_PLUGIN_PATH', '/root/colcon_ws/install/lib:'), ('PYTHONPATH', '/opt/ros/humble/lib/python3.10/site-packages:/opt/ros/humble/local/lib/python3.10/dist-packages'), ('COLCON', '1'), ('CMAKE_PREFIX_PATH', '/opt/ros/humble')]), 'shell': False}
[0.088764] (waypoint_generator) JobProgress: {'identifier': 'waypoint_generator', 'progress': 'cmake'}
[0.089986] (waypoint_generator) Command: {'cmd': ['/usr/bin/cmake', '/root/colcon_ws/src/Fast-Planner/uav_simulator/Utils/waypoint_generator', '-DCMAKE_INSTALL_PREFIX=/root/colcon_ws/install/waypoint_generator'], 'cwd': '/root/colcon_ws/build/waypoint_generator', 'env': OrderedDict([('LESSOPEN', '| /usr/bin/lesspipe %s'), ('HOSTNAME', 'tegra-ubuntu'), ('SHLVL', '1'), ('LD_LIBRARY_PATH', '/root/colcon_ws/install/lib:/opt/ros/humble/opt/rviz_ogre_vendor/lib:/opt/ros/humble/lib/aarch64-linux-gnu:/opt/ros/humble/lib'), ('HOME', '/root'), ('OLDPWD', '/root/colcon_ws'), ('ROS_PYTHON_VERSION', '3'), ('COLCON_PREFIX_PATH', '/root/colcon_ws/install'), ('ROS_DISTRO', 'humble'), ('_', '/usr/bin/colcon'), ('ROS_VERSION', '2'), ('TERM', 'xterm'), ('GAZEBO_MODEL_PATH', '/root/colcon_ws/src:'), ('ROS_LOCALHOST_ONLY', '0'), ('PATH', '/opt/ros/humble/bin:/usr/local/sbin:/usr/local/bin:/usr/sbin:/usr/bin:/sbin:/bin'), ('DISPLAY', ':0'), ('LANG', 'C.UTF-8'), ('LS_COLORS', 'rs=0:di=01;34:ln=01;36:mh=00:pi=40;33:so=01;35:do=01;35:bd=40;33;01:cd=40;33;01:or=40;31;01:mi=00:su=37;41:sg=30;43:ca=30;41:tw=30;42:ow=34;42:st=37;44:ex=01;32:*.tar=01;31:*.tgz=01;31:*.arc=01;31:*.arj=01;31:*.taz=01;31:*.lha=01;31:*.lz4=01;31:*.lzh=01;31:*.lzma=01;31:*.tlz=01;31:*.txz=01;31:*.tzo=01;31:*.t7z=01;31:*.zip=01;31:*.z=01;31:*.dz=01;31:*.gz=01;31:*.lrz=01;31:*.lz=01;31:*.lzo=01;31:*.xz=01;31:*.zst=01;31:*.tzst=01;31:*.bz2=01;31:*.bz=01;31:*.tbz=01;31:*.tbz2=01;31:*.tz=01;31:*.deb=01;31:*.rpm=01;31:*.jar=01;31:*.war=01;31:*.ear=01;31:*.sar=01;31:*.rar=01;31:*.alz=01;31:*.ace=01;31:*.zoo=01;31:*.cpio=01;31:*.7z=01;31:*.rz=01;31:*.cab=01;31:*.wim=01;31:*.swm=01;31:*.dwm=01;31:*.esd=01;31:*.jpg=01;35:*.jpeg=01;35:*.mjpg=01;35:*.mjpeg=01;35:*.gif=01;35:*.bmp=01;35:*.pbm=01;35:*.pgm=01;35:*.ppm=01;35:*.tga=01;35:*.xbm=01;35:*.xpm=01;35:*.tif=01;35:*.tiff=01;35:*.png=01;35:*.svg=01;35:*.svgz=01;35:*.mng=01;35:*.pcx=01;35:*.mov=01;35:*.mpg=01;35:*.mpeg=01;35:*.m2v=01;35:*.mkv=01;35:*.webm=01;35:*.webp=01;35:*.ogm=01;35:*.mp4=01;35:*.m4v=01;35:*.mp4v=01;35:*.vob=01;35:*.qt=01;35:*.nuv=01;35:*.wmv=01;35:*.asf=01;35:*.rm=01;35:*.rmvb=01;35:*.flc=01;35:*.avi=01;35:*.fli=01;35:*.flv=01;35:*.gl=01;35:*.dl=01;35:*.xcf=01;35:*.xwd=01;35:*.yuv=01;35:*.cgm=01;35:*.emf=01;35:*.ogv=01;35:*.ogx=01;35:*.aac=00;36:*.au=00;36:*.flac=00;36:*.m4a=00;36:*.mid=00;36:*.midi=00;36:*.mka=00;36:*.mp3=00;36:*.mpc=00;36:*.ogg=00;36:*.ra=00;36:*.wav=00;36:*.oga=00;36:*.opus=00;36:*.spx=00;36:*.xspf=00;36:'), ('ROS_DOMAIN_ID', '0'), ('AMENT_PREFIX_PATH', '/opt/ros/humble'), ('DEBIAN_FRONTEND', 'noninteractive'), ('COLCON_WS', '/root/colcon_ws'), ('LESSCLOSE', '/usr/bin/lesspipe %s %s'), ('PWD', '/root/colcon_ws/build/waypoint_generator'), ('LC_ALL', 'C.UTF-8'), ('GAZEBO_PLUGIN_PATH', '/root/colcon_ws/install/lib:'), ('PYTHONPATH', '/opt/ros/humble/lib/python3.10/site-packages:/opt/ros/humble/local/lib/python3.10/dist-packages'), ('COLCON', '1'), ('CMAKE_PREFIX_PATH', '/opt/ros/humble')]), 'shell': False}
[0.100369] (-) TimerEvent: {}
[0.168956] (quadrotor_msgs) StdoutLine: {'line': b'-- The C compiler identification is GNU 11.4.0\n'}
[0.172840] (plan_env) StdoutLine: {'line': b'-- The C compiler identification is GNU 11.4.0\n'}
[0.174189] (pose_utils) StdoutLine: {'line': b'-- The C compiler identification is GNU 11.4.0\n'}
[0.194866] (map_generator) StdoutLine: {'line': b'-- The C compiler identification is GNU 11.4.0\n'}
[0.200475] (cmake_utils) StdoutLine: {'line': b'-- The C compiler identification is GNU 11.4.0\n'}
[0.200947] (-) TimerEvent: {}
[0.204444] (poly_traj) StdoutLine: {'line': b'-- The C compiler identification is GNU 11.4.0\n'}
[0.279044] (quadrotor_msgs) StdoutLine: {'line': b'-- The CXX compiler identification is GNU 11.4.0\n'}
[0.282977] (plan_env) StdoutLine: {'line': b'-- The CXX compiler identification is GNU 11.4.0\n'}
[0.289463] (pose_utils) StdoutLine: {'line': b'-- The CXX compiler identification is GNU 11.4.0\n'}
[0.295725] (quadrotor_msgs) StdoutLine: {'line': b'-- Detecting C compiler ABI info\n'}
[0.301199] (-) TimerEvent: {}
[0.303914] (pose_utils) StdoutLine: {'line': b'-- Detecting C compiler ABI info\n'}
[0.304381] (plan_env) StdoutLine: {'line': b'-- Detecting C compiler ABI info\n'}
[0.307332] (map_generator) StdoutLine: {'line': b'-- The CXX compiler identification is GNU 11.4.0\n'}
[0.308173] (cmake_utils) StdoutLine: {'line': b'-- The CXX compiler identification is GNU 11.4.0\n'}
[0.312493] (poly_traj) StdoutLine: {'line': b'-- The CXX compiler identification is GNU 11.4.0\n'}
[0.320922] (map_generator) StdoutLine: {'line': b'-- Detecting C compiler ABI info\n'}
[0.321423] (cmake_utils) StdoutLine: {'line': b'-- Detecting C compiler ABI info\n'}
[0.324818] (poly_traj) StdoutLine: {'line': b'-- Detecting C compiler ABI info\n'}
[0.403214] (-) TimerEvent: {}
[0.434330] (pose_utils) StdoutLine: {'line': b'-- Detecting C compiler ABI info - done\n'}
[0.442929] (quadrotor_msgs) StdoutLine: {'line': b'-- Detecting C compiler ABI info - done\n'}
[0.447756] (pose_utils) StdoutLine: {'line': b'-- Check for working C compiler: /usr/bin/cc - skipped\n'}
[0.449073] (pose_utils) StdoutLine: {'line': b'-- Detecting C compile features\n'}
[0.450443] (pose_utils) StdoutLine: {'line': b'-- Detecting C compile features - done\n'}
[0.454050] (quadrotor_msgs) StdoutLine: {'line': b'-- Check for working C compiler: /usr/bin/cc - skipped\n'}
[0.454586] (quadrotor_msgs) StdoutLine: {'line': b'-- Detecting C compile features\n'}
[0.455042] (quadrotor_msgs) StdoutLine: {'line': b'-- Detecting C compile features - done\n'}
[0.458044] (pose_utils) StdoutLine: {'line': b'-- Detecting CXX compiler ABI info\n'}
[0.460530] (plan_env) StdoutLine: {'line': b'-- Detecting C compiler ABI info - done\n'}
[0.463078] (quadrotor_msgs) StdoutLine: {'line': b'-- Detecting CXX compiler ABI info\n'}
[0.471895] (poly_traj) StdoutLine: {'line': b'-- Detecting C compiler ABI info - done\n'}
[0.478157] (plan_env) StdoutLine: {'line': b'-- Check for working C compiler: /usr/bin/cc - skipped\n'}
[0.479451] (plan_env) StdoutLine: {'line': b'-- Detecting C compile features\n'}
[0.480279] (cmake_utils) StdoutLine: {'line': b'-- Detecting C compiler ABI info - done\n'}
[0.481039] (plan_env) StdoutLine: {'line': b'-- Detecting C compile features - done\n'}
[0.485357] (poly_traj) StdoutLine: {'line': b'-- Check for working C compiler: /usr/bin/cc - skipped\n'}
[0.485735] (poly_traj) StdoutLine: {'line': b'-- Detecting C compile features\n'}
[0.486213] (poly_traj) StdoutLine: {'line': b'-- Detecting C compile features - done\n'}
[0.487287] (plan_env) StdoutLine: {'line': b'-- Detecting CXX compiler ABI info\n'}
[0.491067] (poly_traj) StdoutLine: {'line': b'-- Detecting CXX compiler ABI info\n'}
[0.491416] (cmake_utils) StdoutLine: {'line': b'-- Check for working C compiler: /usr/bin/cc - skipped\n'}
[0.491654] (cmake_utils) StdoutLine: {'line': b'-- Detecting C compile features\n'}
[0.492106] (cmake_utils) StdoutLine: {'line': b'-- Detecting C compile features - done\n'}
[0.497721] (cmake_utils) StdoutLine: {'line': b'-- Detecting CXX compiler ABI info\n'}
[0.498188] (map_generator) StdoutLine: {'line': b'-- Detecting C compiler ABI info - done\n'}
[0.503392] (-) TimerEvent: {}
[0.508085] (map_generator) StdoutLine: {'line': b'-- Check for working C compiler: /usr/bin/cc - skipped\n'}
[0.509439] (map_generator) StdoutLine: {'line': b'-- Detecting C compile features\n'}
[0.510780] (map_generator) StdoutLine: {'line': b'-- Detecting C compile features - done\n'}
[0.522804] (map_generator) StdoutLine: {'line': b'-- Detecting CXX compiler ABI info\n'}
[0.603580] (-) TimerEvent: {}
[0.632025] (pose_utils) StdoutLine: {'line': b'-- Detecting CXX compiler ABI info - done\n'}
[0.644532] (pose_utils) StdoutLine: {'line': b'-- Check for working CXX compiler: /usr/bin/c++ - skipped\n'}
[0.645958] (pose_utils) StdoutLine: {'line': b'-- Detecting CXX compile features\n'}
[0.647700] (pose_utils) StdoutLine: {'line': b'-- Detecting CXX compile features - done\n'}
[0.649103] (quadrotor_msgs) StdoutLine: {'line': b'-- Detecting CXX compiler ABI info - done\n'}
[0.655734] (pose_utils) StdoutLine: {'line': b'-- Found ament_cmake: 1.3.13 (/opt/ros/humble/share/ament_cmake/cmake)\n'}
[0.660418] (quadrotor_msgs) StdoutLine: {'line': b'-- Check for working CXX compiler: /usr/bin/c++ - skipped\n'}
[0.661054] (quadrotor_msgs) StdoutLine: {'line': b'-- Detecting CXX compile features\n'}
[0.662038] (quadrotor_msgs) StdoutLine: {'line': b'-- Detecting CXX compile features - done\n'}
[0.668696] (plan_env) StdoutLine: {'line': b'-- Detecting CXX compiler ABI info - done\n'}
[0.673325] (poly_traj) StdoutLine: {'line': b'-- Detecting CXX compiler ABI info - done\n'}
[0.673691] (quadrotor_msgs) StdoutLine: {'line': b'-- Found ament_cmake: 1.3.13 (/opt/ros/humble/share/ament_cmake/cmake)\n'}
[0.685279] (poly_traj) StdoutLine: {'line': b'-- Check for working CXX compiler: /usr/bin/c++ - skipped\n'}
[0.685813] (poly_traj) StdoutLine: {'line': b'-- Detecting CXX compile features\n'}
[0.686098] (cmake_utils) StdoutLine: {'line': b'-- Detecting CXX compiler ABI info - done\n'}
[0.686422] (plan_env) StdoutLine: {'line': b'-- Check for working CXX compiler: /usr/bin/c++ - skipped\n'}
[0.686582] (plan_env) StdoutLine: {'line': b'-- Detecting CXX compile features\n'}
[0.688319] (plan_env) StdoutLine: {'line': b'-- Detecting CXX compile features - done\n'}
[0.688597] (poly_traj) StdoutLine: {'line': b'-- Detecting CXX compile features - done\n'}
[0.697972] (poly_traj) StdoutLine: {'line': b'-- Found ament_cmake: 1.3.13 (/opt/ros/humble/share/ament_cmake/cmake)\n'}
[0.698470] (plan_env) StdoutLine: {'line': b'-- Found ament_cmake: 1.3.13 (/opt/ros/humble/share/ament_cmake/cmake)\n'}
[0.699352] (cmake_utils) StdoutLine: {'line': b'-- Check for working CXX compiler: /usr/bin/c++ - skipped\n'}
[0.699838] (cmake_utils) StdoutLine: {'line': b'-- Detecting CXX compile features\n'}
[0.701019] (cmake_utils) StdoutLine: {'line': b'-- Detecting CXX compile features - done\n'}
[0.703686] (-) TimerEvent: {}
[0.705256] (map_generator) StdoutLine: {'line': b'-- Detecting CXX compiler ABI info - done\n'}
[0.706482] (cmake_utils) StdoutLine: {'line': b'-- Found ament_cmake: 1.3.13 (/opt/ros/humble/share/ament_cmake/cmake)\n'}
[0.715828] (map_generator) StdoutLine: {'line': b'-- Check for working CXX compiler: /usr/bin/c++ - skipped\n'}
[0.717172] (map_generator) StdoutLine: {'line': b'-- Detecting CXX compile features\n'}
[0.720995] (map_generator) StdoutLine: {'line': b'-- Detecting CXX compile features - done\n'}
[0.730242] (map_generator) StdoutLine: {'line': b'-- Found ament_cmake: 1.3.13 (/opt/ros/humble/share/ament_cmake/cmake)\n'}
[0.803872] (-) TimerEvent: {}
[0.905554] (-) TimerEvent: {}
[1.007275] (-) TimerEvent: {}
[1.008795] (pose_utils) StdoutLine: {'line': b'-- Found Python3: /usr/bin/python3 (found version "3.10.12") found components: Interpreter \n'}
[1.020563] (quadrotor_msgs) StdoutLine: {'line': b'-- Found Python3: /usr/bin/python3 (found version "3.10.12") found components: Interpreter \n'}
[1.042723] (poly_traj) StdoutLine: {'line': b'-- Found Python3: /usr/bin/python3 (found version "3.10.12") found components: Interpreter \n'}
[1.048008] (cmake_utils) StdoutLine: {'line': b'-- Found Python3: /usr/bin/python3 (found version "3.10.12") found components: Interpreter \n'}
[1.051882] (plan_env) StdoutLine: {'line': b'-- Found Python3: /usr/bin/python3 (found version "3.10.12") found components: Interpreter \n'}
[1.077695] (map_generator) StdoutLine: {'line': b'-- Found Python3: /usr/bin/python3 (found version "3.10.12") found components: Interpreter \n'}
[1.107780] (-) TimerEvent: {}
[1.209324] (-) TimerEvent: {}
[1.221581] (pose_utils) StdoutLine: {'line': b'-- Found rclcpp: 16.0.18 (/opt/ros/humble/share/rclcpp/cmake)\n'}
[1.241342] (quadrotor_msgs) StdoutLine: {'line': b'-- Found rosidl_default_generators: 1.2.0 (/opt/ros/humble/share/rosidl_default_generators/cmake)\n'}
[1.248906] (quadrotor_msgs) StdoutLine: {'line': b'-- Using all available rosidl_typesupport_c: rosidl_typesupport_fastrtps_c;rosidl_typesupport_introspection_c\n'}
[1.259395] (plan_env) StdoutLine: {'line': b'-- Found rclcpp: 16.0.18 (/opt/ros/humble/share/rclcpp/cmake)\n'}
[1.262553] (quadrotor_msgs) StdoutLine: {'line': b'-- Found rosidl_adapter: 3.1.8 (/opt/ros/humble/share/rosidl_adapter/cmake)\n'}
[1.285779] (poly_traj) StdoutLine: {'line': b'-- Found rclcpp: 16.0.18 (/opt/ros/humble/share/rclcpp/cmake)\n'}
[1.287729] (map_generator) StdoutLine: {'line': b'-- Found rclcpp: 16.0.18 (/opt/ros/humble/share/rclcpp/cmake)\n'}
[1.299247] (pose_utils) StdoutLine: {'line': b'-- Found rosidl_generator_c: 3.1.8 (/opt/ros/humble/share/rosidl_generator_c/cmake)\n'}
[1.312164] (pose_utils) StdoutLine: {'line': b'-- Found rosidl_adapter: 3.1.8 (/opt/ros/humble/share/rosidl_adapter/cmake)\n'}
[1.312714] (-) TimerEvent: {}
[1.325313] (pose_utils) StdoutLine: {'line': b'-- Found rosidl_generator_cpp: 3.1.8 (/opt/ros/humble/share/rosidl_generator_cpp/cmake)\n'}
[1.332641] (plan_env) StdoutLine: {'line': b'-- Found rosidl_generator_c: 3.1.8 (/opt/ros/humble/share/rosidl_generator_c/cmake)\n'}
[1.341485] (plan_env) StdoutLine: {'line': b'-- Found rosidl_adapter: 3.1.8 (/opt/ros/humble/share/rosidl_adapter/cmake)\n'}
[1.342337] (quadrotor_msgs) StdoutLine: {'line': b'-- Using all available rosidl_typesupport_cpp: rosidl_typesupport_fastrtps_cpp;rosidl_typesupport_introspection_cpp\n'}
[1.344891] (pose_utils) StdoutLine: {'line': b'-- Using all available rosidl_typesupport_c: rosidl_typesupport_fastrtps_c;rosidl_typesupport_introspection_c\n'}
[1.358244] (plan_env) StdoutLine: {'line': b'-- Found rosidl_generator_cpp: 3.1.8 (/opt/ros/humble/share/rosidl_generator_cpp/cmake)\n'}
[1.367551] (poly_traj) StdoutLine: {'line': b'-- Found rosidl_generator_c: 3.1.8 (/opt/ros/humble/share/rosidl_generator_c/cmake)\n'}
[1.375095] (pose_utils) StdoutLine: {'line': b'-- Using all available rosidl_typesupport_cpp: rosidl_typesupport_fastrtps_cpp;rosidl_typesupport_introspection_cpp\n'}
[1.377124] (cmake_utils) StdoutLine: {'line': b'-- Configuring done\n'}
[1.377923] (map_generator) StdoutLine: {'line': b'-- Found rosidl_generator_c: 3.1.8 (/opt/ros/humble/share/rosidl_generator_c/cmake)\n'}
[1.378137] (poly_traj) StdoutLine: {'line': b'-- Found rosidl_adapter: 3.1.8 (/opt/ros/humble/share/rosidl_adapter/cmake)\n'}
[1.378689] (plan_env) StdoutLine: {'line': b'-- Using all available rosidl_typesupport_c: rosidl_typesupport_fastrtps_c;rosidl_typesupport_introspection_c\n'}
[1.384157] (cmake_utils) StdoutLine: {'line': b'-- Generating done\n'}
[1.387381] (map_generator) StdoutLine: {'line': b'-- Found rosidl_adapter: 3.1.8 (/opt/ros/humble/share/rosidl_adapter/cmake)\n'}
[1.388051] (cmake_utils) StdoutLine: {'line': b'-- Build files have been written to: /root/colcon_ws/build/cmake_utils\n'}
[1.393482] (poly_traj) StdoutLine: {'line': b'-- Found rosidl_generator_cpp: 3.1.8 (/opt/ros/humble/share/rosidl_generator_cpp/cmake)\n'}
[1.406253] (waypoint_generator) StdoutLine: {'line': b'-- The C compiler identification is GNU 11.4.0\n'}
[1.406764] (waypoint_generator) StdoutLine: {'line': b'-- The CXX compiler identification is GNU 11.4.0\n'}
[1.406897] (waypoint_generator) StdoutLine: {'line': b'-- Detecting C compiler ABI info\n'}
[1.407008] (waypoint_generator) StdoutLine: {'line': b'-- Detecting C compiler ABI info - done\n'}
[1.407110] (waypoint_generator) StdoutLine: {'line': b'-- Check for working C compiler: /usr/bin/cc - skipped\n'}
[1.407211] (waypoint_generator) StdoutLine: {'line': b'-- Detecting C compile features\n'}
[1.407306] (waypoint_generator) StdoutLine: {'line': b'-- Detecting C compile features - done\n'}
[1.407398] (waypoint_generator) StdoutLine: {'line': b'-- Detecting CXX compiler ABI info\n'}
[1.407486] (waypoint_generator) StdoutLine: {'line': b'-- Detecting CXX compiler ABI info - done\n'}
[1.407575] (waypoint_generator) StdoutLine: {'line': b'-- Check for working CXX compiler: /usr/bin/c++ - skipped\n'}
[1.407666] (waypoint_generator) StdoutLine: {'line': b'-- Detecting CXX compile features\n'}
[1.407755] (waypoint_generator) StdoutLine: {'line': b'-- Detecting CXX compile features - done\n'}
[1.407840] (waypoint_generator) StdoutLine: {'line': b'-- Found ament_cmake: 1.3.13 (/opt/ros/humble/share/ament_cmake/cmake)\n'}
[1.407928] (waypoint_generator) StdoutLine: {'line': b'-- Found Python3: /usr/bin/python3 (found version "3.10.12") found components: Interpreter \n'}
[1.408017] (waypoint_generator) StdoutLine: {'line': b'-- Found rclcpp: 16.0.18 (/opt/ros/humble/share/rclcpp/cmake)\n'}
[1.408106] (waypoint_generator) StdoutLine: {'line': b'-- Found rosidl_generator_c: 3.1.8 (/opt/ros/humble/share/rosidl_generator_c/cmake)\n'}
[1.408194] (waypoint_generator) StdoutLine: {'line': b'-- Found rosidl_adapter: 3.1.8 (/opt/ros/humble/share/rosidl_adapter/cmake)\n'}
[1.408353] (waypoint_generator) StdoutLine: {'line': b'-- Found rosidl_generator_cpp: 3.1.8 (/opt/ros/humble/share/rosidl_generator_cpp/cmake)\n'}
[1.408452] (cmake_utils) CommandEnded: {'returncode': 0}
[1.409062] (cmake_utils) JobProgress: {'identifier': 'cmake_utils', 'progress': 'build'}
[1.409112] (cmake_utils) Command: {'cmd': ['/usr/bin/cmake', '--build', '/root/colcon_ws/build/cmake_utils', '--', '-j8', '-l8'], 'cwd': '/root/colcon_ws/build/cmake_utils', 'env': OrderedDict([('LESSOPEN', '| /usr/bin/lesspipe %s'), ('HOSTNAME', 'tegra-ubuntu'), ('SHLVL', '1'), ('LD_LIBRARY_PATH', '/root/colcon_ws/install/lib:/opt/ros/humble/opt/rviz_ogre_vendor/lib:/opt/ros/humble/lib/aarch64-linux-gnu:/opt/ros/humble/lib'), ('HOME', '/root'), ('OLDPWD', '/root/colcon_ws'), ('ROS_PYTHON_VERSION', '3'), ('COLCON_PREFIX_PATH', '/root/colcon_ws/install'), ('ROS_DISTRO', 'humble'), ('_', '/usr/bin/colcon'), ('ROS_VERSION', '2'), ('TERM', 'xterm'), ('GAZEBO_MODEL_PATH', '/root/colcon_ws/src:'), ('ROS_LOCALHOST_ONLY', '0'), ('PATH', '/opt/ros/humble/bin:/usr/local/sbin:/usr/local/bin:/usr/sbin:/usr/bin:/sbin:/bin'), ('DISPLAY', ':0'), ('LANG', 'C.UTF-8'), ('LS_COLORS', 'rs=0:di=01;34:ln=01;36:mh=00:pi=40;33:so=01;35:do=01;35:bd=40;33;01:cd=40;33;01:or=40;31;01:mi=00:su=37;41:sg=30;43:ca=30;41:tw=30;42:ow=34;42:st=37;44:ex=01;32:*.tar=01;31:*.tgz=01;31:*.arc=01;31:*.arj=01;31:*.taz=01;31:*.lha=01;31:*.lz4=01;31:*.lzh=01;31:*.lzma=01;31:*.tlz=01;31:*.txz=01;31:*.tzo=01;31:*.t7z=01;31:*.zip=01;31:*.z=01;31:*.dz=01;31:*.gz=01;31:*.lrz=01;31:*.lz=01;31:*.lzo=01;31:*.xz=01;31:*.zst=01;31:*.tzst=01;31:*.bz2=01;31:*.bz=01;31:*.tbz=01;31:*.tbz2=01;31:*.tz=01;31:*.deb=01;31:*.rpm=01;31:*.jar=01;31:*.war=01;31:*.ear=01;31:*.sar=01;31:*.rar=01;31:*.alz=01;31:*.ace=01;31:*.zoo=01;31:*.cpio=01;31:*.7z=01;31:*.rz=01;31:*.cab=01;31:*.wim=01;31:*.swm=01;31:*.dwm=01;31:*.esd=01;31:*.jpg=01;35:*.jpeg=01;35:*.mjpg=01;35:*.mjpeg=01;35:*.gif=01;35:*.bmp=01;35:*.pbm=01;35:*.pgm=01;35:*.ppm=01;35:*.tga=01;35:*.xbm=01;35:*.xpm=01;35:*.tif=01;35:*.tiff=01;35:*.png=01;35:*.svg=01;35:*.svgz=01;35:*.mng=01;35:*.pcx=01;35:*.mov=01;35:*.mpg=01;35:*.mpeg=01;35:*.m2v=01;35:*.mkv=01;35:*.webm=01;35:*.webp=01;35:*.ogm=01;35:*.mp4=01;35:*.m4v=01;35:*.mp4v=01;35:*.vob=01;35:*.qt=01;35:*.nuv=01;35:*.wmv=01;35:*.asf=01;35:*.rm=01;35:*.rmvb=01;35:*.flc=01;35:*.avi=01;35:*.fli=01;35:*.flv=01;35:*.gl=01;35:*.dl=01;35:*.xcf=01;35:*.xwd=01;35:*.yuv=01;35:*.cgm=01;35:*.emf=01;35:*.ogv=01;35:*.ogx=01;35:*.aac=00;36:*.au=00;36:*.flac=00;36:*.m4a=00;36:*.mid=00;36:*.midi=00;36:*.mka=00;36:*.mp3=00;36:*.mpc=00;36:*.ogg=00;36:*.ra=00;36:*.wav=00;36:*.oga=00;36:*.opus=00;36:*.spx=00;36:*.xspf=00;36:'), ('ROS_DOMAIN_ID', '0'), ('AMENT_PREFIX_PATH', '/opt/ros/humble'), ('DEBIAN_FRONTEND', 'noninteractive'), ('COLCON_WS', '/root/colcon_ws'), ('LESSCLOSE', '/usr/bin/lesspipe %s %s'), ('PWD', '/root/colcon_ws/build/cmake_utils'), ('LC_ALL', 'C.UTF-8'), ('GAZEBO_PLUGIN_PATH', '/root/colcon_ws/install/lib:'), ('PYTHONPATH', '/opt/ros/humble/lib/python3.10/site-packages:/opt/ros/humble/local/lib/python3.10/dist-packages'), ('COLCON', '1'), ('CMAKE_PREFIX_PATH', '/opt/ros/humble')]), 'shell': False}
[1.409523] (map_generator) StdoutLine: {'line': b'-- Found rosidl_generator_cpp: 3.1.8 (/opt/ros/humble/share/rosidl_generator_cpp/cmake)\n'}
[1.409671] (plan_env) StdoutLine: {'line': b'-- Using all available rosidl_typesupport_cpp: rosidl_typesupport_fastrtps_cpp;rosidl_typesupport_introspection_cpp\n'}
[1.417315] (-) TimerEvent: {}
[1.418031] (poly_traj) StdoutLine: {'line': b'-- Using all available rosidl_typesupport_c: rosidl_typesupport_fastrtps_c;rosidl_typesupport_introspection_c\n'}
[1.418341] (quadrotor_msgs) StdoutLine: {'line': b'-- Found geometry_msgs: 4.9.1 (/opt/ros/humble/share/geometry_msgs/cmake)\n'}
[1.418493] (waypoint_generator) StdoutLine: {'line': b'-- Using all available rosidl_typesupport_c: rosidl_typesupport_fastrtps_c;rosidl_typesupport_introspection_c\n'}
[1.426514] (map_generator) StdoutLine: {'line': b'-- Using all available rosidl_typesupport_c: rosidl_typesupport_fastrtps_c;rosidl_typesupport_introspection_c\n'}
[1.443958] (poly_traj) StdoutLine: {'line': b'-- Using all available rosidl_typesupport_cpp: rosidl_typesupport_fastrtps_cpp;rosidl_typesupport_introspection_cpp\n'}
[1.447593] (waypoint_generator) StdoutLine: {'line': b'-- Using all available rosidl_typesupport_cpp: rosidl_typesupport_fastrtps_cpp;rosidl_typesupport_introspection_cpp\n'}
[1.460573] (pose_utils) StdoutLine: {'line': b'-- Found rmw_implementation_cmake: 6.1.2 (/opt/ros/humble/share/rmw_implementation_cmake/cmake)\n'}
[1.467325] (pose_utils) StdoutLine: {'line': b'-- Found rmw_fastrtps_cpp: 6.2.10 (/opt/ros/humble/share/rmw_fastrtps_cpp/cmake)\n'}
[1.468597] (map_generator) StdoutLine: {'line': b'-- Using all available rosidl_typesupport_cpp: rosidl_typesupport_fastrtps_cpp;rosidl_typesupport_introspection_cpp\n'}
[1.487329] (plan_env) StdoutLine: {'line': b'-- Found rmw_implementation_cmake: 6.1.2 (/opt/ros/humble/share/rmw_implementation_cmake/cmake)\n'}
[1.492167] (quadrotor_msgs) StdoutLine: {'line': b'-- Found nav_msgs: 4.9.1 (/opt/ros/humble/share/nav_msgs/cmake)\n'}
[1.492540] (plan_env) StdoutLine: {'line': b'-- Found rmw_fastrtps_cpp: 6.2.10 (/opt/ros/humble/share/rmw_fastrtps_cpp/cmake)\n'}
[1.517506] (-) TimerEvent: {}
[1.520062] (poly_traj) StdoutLine: {'line': b'-- Found rmw_implementation_cmake: 6.1.2 (/opt/ros/humble/share/rmw_implementation_cmake/cmake)\n'}
[1.525085] (poly_traj) StdoutLine: {'line': b'-- Found rmw_fastrtps_cpp: 6.2.10 (/opt/ros/humble/share/rmw_fastrtps_cpp/cmake)\n'}
[1.525981] (waypoint_generator) StdoutLine: {'line': b'-- Found rmw_implementation_cmake: 6.1.2 (/opt/ros/humble/share/rmw_implementation_cmake/cmake)\n'}
[1.530781] (waypoint_generator) StdoutLine: {'line': b'-- Found rmw_fastrtps_cpp: 6.2.10 (/opt/ros/humble/share/rmw_fastrtps_cpp/cmake)\n'}
[1.563352] (map_generator) StdoutLine: {'line': b'-- Found rmw_implementation_cmake: 6.1.2 (/opt/ros/humble/share/rmw_implementation_cmake/cmake)\n'}
[1.570900] (map_generator) StdoutLine: {'line': b'-- Found rmw_fastrtps_cpp: 6.2.10 (/opt/ros/humble/share/rmw_fastrtps_cpp/cmake)\n'}
[1.617679] (-) TimerEvent: {}
[1.634974] (pose_utils) StdoutLine: {'line': b'-- Found OpenSSL: /usr/lib/aarch64-linux-gnu/libcrypto.so (found version "3.0.2")  \n'}
[1.652130] (plan_env) StdoutLine: {'line': b'-- Found OpenSSL: /usr/lib/aarch64-linux-gnu/libcrypto.so (found version "3.0.2")  \n'}
[1.689057] (pose_utils) StdoutLine: {'line': b'-- Found FastRTPS: /opt/ros/humble/include  \n'}
[1.694122] (poly_traj) StdoutLine: {'line': b'-- Found OpenSSL: /usr/lib/aarch64-linux-gnu/libcrypto.so (found version "3.0.2")  \n'}
[1.696430] (waypoint_generator) StdoutLine: {'line': b'-- Found OpenSSL: /usr/lib/aarch64-linux-gnu/libcrypto.so (found version "3.0.2")  \n'}
[1.710813] (plan_env) StdoutLine: {'line': b'-- Found FastRTPS: /opt/ros/humble/include  \n'}
[1.717866] (-) TimerEvent: {}
[1.740625] (poly_traj) StdoutLine: {'line': b'-- Found FastRTPS: /opt/ros/humble/include  \n'}
[1.747357] (waypoint_generator) StdoutLine: {'line': b'-- Found FastRTPS: /opt/ros/humble/include  \n'}
[1.751722] (map_generator) StdoutLine: {'line': b'-- Found OpenSSL: /usr/lib/aarch64-linux-gnu/libcrypto.so (found version "3.0.2")  \n'}
[1.778433] (pose_utils) StdoutLine: {'line': b"-- Using RMW implementation 'rmw_fastrtps_cpp' as default\n"}
[1.793719] (pose_utils) StdoutLine: {'line': b'-- Looking for pthread.h\n'}
[1.798094] (plan_env) StdoutLine: {'line': b"-- Using RMW implementation 'rmw_fastrtps_cpp' as default\n"}
[1.804881] (map_generator) StdoutLine: {'line': b'-- Found FastRTPS: /opt/ros/humble/include  \n'}
[1.818066] (plan_env) StdoutLine: {'line': b'-- Looking for pthread.h\n'}
[1.818536] (-) TimerEvent: {}
[1.835299] (poly_traj) StdoutLine: {'line': b"-- Using RMW implementation 'rmw_fastrtps_cpp' as default\n"}
[1.840478] (waypoint_generator) StdoutLine: {'line': b"-- Using RMW implementation 'rmw_fastrtps_cpp' as default\n"}
[1.852658] (poly_traj) StdoutLine: {'line': b'-- Looking for pthread.h\n'}
[1.857963] (waypoint_generator) StdoutLine: {'line': b'-- Looking for pthread.h\n'}
[1.901464] (map_generator) StdoutLine: {'line': b"-- Using RMW implementation 'rmw_fastrtps_cpp' as default\n"}
[1.918744] (-) TimerEvent: {}
[1.922117] (map_generator) StdoutLine: {'line': b'-- Looking for pthread.h\n'}
[1.934965] (pose_utils) StdoutLine: {'line': b'-- Looking for pthread.h - found\n'}
[1.935919] (pose_utils) StdoutLine: {'line': b'-- Performing Test CMAKE_HAVE_LIBC_PTHREAD\n'}
[1.966131] (plan_env) StdoutLine: {'line': b'-- Looking for pthread.h - found\n'}
[1.967228] (plan_env) StdoutLine: {'line': b'-- Performing Test CMAKE_HAVE_LIBC_PTHREAD\n'}
[1.987106] (poly_traj) StdoutLine: {'line': b'-- Looking for pthread.h - found\n'}
[1.987967] (poly_traj) StdoutLine: {'line': b'-- Performing Test CMAKE_HAVE_LIBC_PTHREAD\n'}
[2.001722] (waypoint_generator) StdoutLine: {'line': b'-- Looking for pthread.h - found\n'}
[2.002596] (waypoint_generator) StdoutLine: {'line': b'-- Performing Test CMAKE_HAVE_LIBC_PTHREAD\n'}
[2.018910] (-) TimerEvent: {}
[2.068414] (map_generator) StdoutLine: {'line': b'-- Looking for pthread.h - found\n'}
[2.068913] (map_generator) StdoutLine: {'line': b'-- Performing Test CMAKE_HAVE_LIBC_PTHREAD\n'}
[2.082537] (pose_utils) StdoutLine: {'line': b'-- Performing Test CMAKE_HAVE_LIBC_PTHREAD - Success\n'}
[2.084379] (pose_utils) StdoutLine: {'line': b'-- Found Threads: TRUE  \n'}
[2.119051] (-) TimerEvent: {}
[2.126654] (plan_env) StdoutLine: {'line': b'-- Performing Test CMAKE_HAVE_LIBC_PTHREAD - Success\n'}
[2.129798] (plan_env) StdoutLine: {'line': b'-- Found Threads: TRUE  \n'}
[2.133947] (poly_traj) StdoutLine: {'line': b'-- Performing Test CMAKE_HAVE_LIBC_PTHREAD - Success\n'}
[2.136328] (poly_traj) StdoutLine: {'line': b'-- Found Threads: TRUE  \n'}
[2.149086] (waypoint_generator) StdoutLine: {'line': b'-- Performing Test CMAKE_HAVE_LIBC_PTHREAD - Success\n'}
[2.151001] (waypoint_generator) StdoutLine: {'line': b'-- Found Threads: TRUE  \n'}
[2.182399] (pose_utils) StdoutLine: {'line': b'-- Found Armadillo: /usr/include (found version "10.8.2") \n'}
[2.209287] (map_generator) StdoutLine: {'line': b'-- Performing Test CMAKE_HAVE_LIBC_PTHREAD - Success\n'}
[2.211677] (map_generator) StdoutLine: {'line': b'-- Found Threads: TRUE  \n'}
[2.219212] (quadrotor_msgs) StdoutLine: {'line': b'-- Found ament_cmake_ros: 0.10.0 (/opt/ros/humble/share/ament_cmake_ros/cmake)\n'}
[2.219696] (-) TimerEvent: {}
[2.223423] (plan_env) StdoutLine: {'line': b'-- Found geometry_msgs: 4.9.1 (/opt/ros/humble/share/geometry_msgs/cmake)\n'}
[2.245648] (plan_env) StdoutLine: {'line': b'-- Found nav_msgs: 4.9.1 (/opt/ros/humble/share/nav_msgs/cmake)\n'}
[2.246097] (waypoint_generator) StdoutLine: {'line': b'-- Found tf2: 0.25.19 (/opt/ros/humble/share/tf2/cmake)\n'}
[2.280899] (plan_env) StdoutLine: {'line': b'-- Found sensor_msgs: 4.9.1 (/opt/ros/humble/share/sensor_msgs/cmake)\n'}
[2.291454] (waypoint_generator) StdoutLine: {'line': b'-- Found tf2_ros: 0.25.19 (/opt/ros/humble/share/tf2_ros/cmake)\n'}
[2.306365] (map_generator) StdoutLine: {'line': b'-- Found geometry_msgs: 4.9.1 (/opt/ros/humble/share/geometry_msgs/cmake)\n'}
[2.309909] (plan_env) StdoutLine: {'line': b'-- Found visualization_msgs: 4.9.1 (/opt/ros/humble/share/visualization_msgs/cmake)\n'}
[2.319889] (-) TimerEvent: {}
[2.333178] (pose_utils) StdoutLine: {'line': b'-- Configuring done\n'}
[2.336564] (map_generator) StdoutLine: {'line': b'-- Found nav_msgs: 4.9.1 (/opt/ros/humble/share/nav_msgs/cmake)\n'}
[2.344844] (plan_env) StdoutLine: {'line': b'-- Found cv_bridge: 3.2.1 (/opt/ros/humble/share/cv_bridge/cmake)\n'}
[2.352446] (pose_utils) StdoutLine: {'line': b'-- Generating done\n'}
[2.363328] (pose_utils) StdoutLine: {'line': b'-- Build files have been written to: /root/colcon_ws/build/pose_utils\n'}
[2.365508] (plan_env) StdoutLine: {'line': b'-- Found message_filters: 4.3.14 (/opt/ros/humble/share/message_filters/cmake)\n'}
[2.365886] (map_generator) StdoutLine: {'line': b'-- Found sensor_msgs: 4.9.1 (/opt/ros/humble/share/sensor_msgs/cmake)\n'}
[2.375939] (plan_env) StdoutLine: {'line': b'-- Found pcl_conversions: 2.4.5 (/opt/ros/humble/share/pcl_conversions/cmake)\n'}
[2.386441] (poly_traj) StdoutLine: {'line': b'-- Configuring done\n'}
[2.391366] (pose_utils) CommandEnded: {'returncode': 0}
[2.393112] (pose_utils) JobProgress: {'identifier': 'pose_utils', 'progress': 'build'}
[2.393909] (pose_utils) Command: {'cmd': ['/usr/bin/cmake', '--build', '/root/colcon_ws/build/pose_utils', '--', '-j8', '-l8'], 'cwd': '/root/colcon_ws/build/pose_utils', 'env': OrderedDict([('LESSOPEN', '| /usr/bin/lesspipe %s'), ('HOSTNAME', 'tegra-ubuntu'), ('SHLVL', '1'), ('LD_LIBRARY_PATH', '/root/colcon_ws/install/lib:/opt/ros/humble/opt/rviz_ogre_vendor/lib:/opt/ros/humble/lib/aarch64-linux-gnu:/opt/ros/humble/lib'), ('HOME', '/root'), ('OLDPWD', '/root/colcon_ws'), ('ROS_PYTHON_VERSION', '3'), ('COLCON_PREFIX_PATH', '/root/colcon_ws/install'), ('ROS_DISTRO', 'humble'), ('_', '/usr/bin/colcon'), ('ROS_VERSION', '2'), ('TERM', 'xterm'), ('GAZEBO_MODEL_PATH', '/root/colcon_ws/src:'), ('ROS_LOCALHOST_ONLY', '0'), ('PATH', '/opt/ros/humble/bin:/usr/local/sbin:/usr/local/bin:/usr/sbin:/usr/bin:/sbin:/bin'), ('DISPLAY', ':0'), ('LANG', 'C.UTF-8'), ('LS_COLORS', 'rs=0:di=01;34:ln=01;36:mh=00:pi=40;33:so=01;35:do=01;35:bd=40;33;01:cd=40;33;01:or=40;31;01:mi=00:su=37;41:sg=30;43:ca=30;41:tw=30;42:ow=34;42:st=37;44:ex=01;32:*.tar=01;31:*.tgz=01;31:*.arc=01;31:*.arj=01;31:*.taz=01;31:*.lha=01;31:*.lz4=01;31:*.lzh=01;31:*.lzma=01;31:*.tlz=01;31:*.txz=01;31:*.tzo=01;31:*.t7z=01;31:*.zip=01;31:*.z=01;31:*.dz=01;31:*.gz=01;31:*.lrz=01;31:*.lz=01;31:*.lzo=01;31:*.xz=01;31:*.zst=01;31:*.tzst=01;31:*.bz2=01;31:*.bz=01;31:*.tbz=01;31:*.tbz2=01;31:*.tz=01;31:*.deb=01;31:*.rpm=01;31:*.jar=01;31:*.war=01;31:*.ear=01;31:*.sar=01;31:*.rar=01;31:*.alz=01;31:*.ace=01;31:*.zoo=01;31:*.cpio=01;31:*.7z=01;31:*.rz=01;31:*.cab=01;31:*.wim=01;31:*.swm=01;31:*.dwm=01;31:*.esd=01;31:*.jpg=01;35:*.jpeg=01;35:*.mjpg=01;35:*.mjpeg=01;35:*.gif=01;35:*.bmp=01;35:*.pbm=01;35:*.pgm=01;35:*.ppm=01;35:*.tga=01;35:*.xbm=01;35:*.xpm=01;35:*.tif=01;35:*.tiff=01;35:*.png=01;35:*.svg=01;35:*.svgz=01;35:*.mng=01;35:*.pcx=01;35:*.mov=01;35:*.mpg=01;35:*.mpeg=01;35:*.m2v=01;35:*.mkv=01;35:*.webm=01;35:*.webp=01;35:*.ogm=01;35:*.mp4=01;35:*.m4v=01;35:*.mp4v=01;35:*.vob=01;35:*.qt=01;35:*.nuv=01;35:*.wmv=01;35:*.asf=01;35:*.rm=01;35:*.rmvb=01;35:*.flc=01;35:*.avi=01;35:*.fli=01;35:*.flv=01;35:*.gl=01;35:*.dl=01;35:*.xcf=01;35:*.xwd=01;35:*.yuv=01;35:*.cgm=01;35:*.emf=01;35:*.ogv=01;35:*.ogx=01;35:*.aac=00;36:*.au=00;36:*.flac=00;36:*.m4a=00;36:*.mid=00;36:*.midi=00;36:*.mka=00;36:*.mp3=00;36:*.mpc=00;36:*.ogg=00;36:*.ra=00;36:*.wav=00;36:*.oga=00;36:*.opus=00;36:*.spx=00;36:*.xspf=00;36:'), ('ROS_DOMAIN_ID', '0'), ('AMENT_PREFIX_PATH', '/opt/ros/humble'), ('DEBIAN_FRONTEND', 'noninteractive'), ('COLCON_WS', '/root/colcon_ws'), ('LESSCLOSE', '/usr/bin/lesspipe %s %s'), ('PWD', '/root/colcon_ws/build/pose_utils'), ('LC_ALL', 'C.UTF-8'), ('GAZEBO_PLUGIN_PATH', '/root/colcon_ws/install/lib:'), ('PYTHONPATH', '/opt/ros/humble/lib/python3.10/site-packages:/opt/ros/humble/local/lib/python3.10/dist-packages'), ('COLCON', '1'), ('CMAKE_PREFIX_PATH', '/opt/ros/humble')]), 'shell': False}
[2.395894] (cmake_utils) CommandEnded: {'returncode': 0}
[2.396659] (map_generator) StdoutLine: {'line': b'-- Found pcl_conversions: 2.4.5 (/opt/ros/humble/share/pcl_conversions/cmake)\n'}
[2.397188] (cmake_utils) JobProgress: {'identifier': 'cmake_utils', 'progress': 'install'}
[2.405343] (poly_traj) StdoutLine: {'line': b'-- Generating done\n'}
[2.413866] (poly_traj) StdoutLine: {'line': b'-- Build files have been written to: /root/colcon_ws/build/poly_traj\n'}
[2.415517] (cmake_utils) Command: {'cmd': ['/usr/bin/cmake', '--install', '/root/colcon_ws/build/cmake_utils'], 'cwd': '/root/colcon_ws/build/cmake_utils', 'env': OrderedDict([('LESSOPEN', '| /usr/bin/lesspipe %s'), ('HOSTNAME', 'tegra-ubuntu'), ('SHLVL', '1'), ('LD_LIBRARY_PATH', '/root/colcon_ws/install/lib:/opt/ros/humble/opt/rviz_ogre_vendor/lib:/opt/ros/humble/lib/aarch64-linux-gnu:/opt/ros/humble/lib'), ('HOME', '/root'), ('OLDPWD', '/root/colcon_ws'), ('ROS_PYTHON_VERSION', '3'), ('COLCON_PREFIX_PATH', '/root/colcon_ws/install'), ('ROS_DISTRO', 'humble'), ('_', '/usr/bin/colcon'), ('ROS_VERSION', '2'), ('TERM', 'xterm'), ('GAZEBO_MODEL_PATH', '/root/colcon_ws/src:'), ('ROS_LOCALHOST_ONLY', '0'), ('PATH', '/opt/ros/humble/bin:/usr/local/sbin:/usr/local/bin:/usr/sbin:/usr/bin:/sbin:/bin'), ('DISPLAY', ':0'), ('LANG', 'C.UTF-8'), ('LS_COLORS', 'rs=0:di=01;34:ln=01;36:mh=00:pi=40;33:so=01;35:do=01;35:bd=40;33;01:cd=40;33;01:or=40;31;01:mi=00:su=37;41:sg=30;43:ca=30;41:tw=30;42:ow=34;42:st=37;44:ex=01;32:*.tar=01;31:*.tgz=01;31:*.arc=01;31:*.arj=01;31:*.taz=01;31:*.lha=01;31:*.lz4=01;31:*.lzh=01;31:*.lzma=01;31:*.tlz=01;31:*.txz=01;31:*.tzo=01;31:*.t7z=01;31:*.zip=01;31:*.z=01;31:*.dz=01;31:*.gz=01;31:*.lrz=01;31:*.lz=01;31:*.lzo=01;31:*.xz=01;31:*.zst=01;31:*.tzst=01;31:*.bz2=01;31:*.bz=01;31:*.tbz=01;31:*.tbz2=01;31:*.tz=01;31:*.deb=01;31:*.rpm=01;31:*.jar=01;31:*.war=01;31:*.ear=01;31:*.sar=01;31:*.rar=01;31:*.alz=01;31:*.ace=01;31:*.zoo=01;31:*.cpio=01;31:*.7z=01;31:*.rz=01;31:*.cab=01;31:*.wim=01;31:*.swm=01;31:*.dwm=01;31:*.esd=01;31:*.jpg=01;35:*.jpeg=01;35:*.mjpg=01;35:*.mjpeg=01;35:*.gif=01;35:*.bmp=01;35:*.pbm=01;35:*.pgm=01;35:*.ppm=01;35:*.tga=01;35:*.xbm=01;35:*.xpm=01;35:*.tif=01;35:*.tiff=01;35:*.png=01;35:*.svg=01;35:*.svgz=01;35:*.mng=01;35:*.pcx=01;35:*.mov=01;35:*.mpg=01;35:*.mpeg=01;35:*.m2v=01;35:*.mkv=01;35:*.webm=01;35:*.webp=01;35:*.ogm=01;35:*.mp4=01;35:*.m4v=01;35:*.mp4v=01;35:*.vob=01;35:*.qt=01;35:*.nuv=01;35:*.wmv=01;35:*.asf=01;35:*.rm=01;35:*.rmvb=01;35:*.flc=01;35:*.avi=01;35:*.fli=01;35:*.flv=01;35:*.gl=01;35:*.dl=01;35:*.xcf=01;35:*.xwd=01;35:*.yuv=01;35:*.cgm=01;35:*.emf=01;35:*.ogv=01;35:*.ogx=01;35:*.aac=00;36:*.au=00;36:*.flac=00;36:*.m4a=00;36:*.mid=00;36:*.midi=00;36:*.mka=00;36:*.mp3=00;36:*.mpc=00;36:*.ogg=00;36:*.ra=00;36:*.wav=00;36:*.oga=00;36:*.opus=00;36:*.spx=00;36:*.xspf=00;36:'), ('ROS_DOMAIN_ID', '0'), ('AMENT_PREFIX_PATH', '/opt/ros/humble'), ('DEBIAN_FRONTEND', 'noninteractive'), ('COLCON_WS', '/root/colcon_ws'), ('LESSCLOSE', '/usr/bin/lesspipe %s %s'), ('PWD', '/root/colcon_ws/build/cmake_utils'), ('LC_ALL', 'C.UTF-8'), ('GAZEBO_PLUGIN_PATH', '/root/colcon_ws/install/lib:'), ('PYTHONPATH', '/opt/ros/humble/lib/python3.10/site-packages:/opt/ros/humble/local/lib/python3.10/dist-packages'), ('COLCON', '1'), ('CMAKE_PREFIX_PATH', '/opt/ros/humble')]), 'shell': False}
[2.420583] (-) TimerEvent: {}
[2.444002] (cmake_utils) StdoutLine: {'line': b'-- Install configuration: ""\n'}
[2.446222] (cmake_utils) StdoutLine: {'line': b'-- Installing: /root/colcon_ws/install/cmake_utils/share/ament_index/resource_index/package_run_dependencies/cmake_utils\n'}
[2.446627] (cmake_utils) StdoutLine: {'line': b'-- Installing: /root/colcon_ws/install/cmake_utils/share/ament_index/resource_index/parent_prefix_path/cmake_utils\n'}
[2.446744] (cmake_utils) StdoutLine: {'line': b'-- Installing: /root/colcon_ws/install/cmake_utils/share/cmake_utils/environment/ament_prefix_path.sh\n'}
[2.446850] (cmake_utils) StdoutLine: {'line': b'-- Installing: /root/colcon_ws/install/cmake_utils/share/cmake_utils/environment/ament_prefix_path.dsv\n'}
[2.446945] (cmake_utils) StdoutLine: {'line': b'-- Installing: /root/colcon_ws/install/cmake_utils/share/cmake_utils/environment/path.sh\n'}
[2.447041] (cmake_utils) StdoutLine: {'line': b'-- Installing: /root/colcon_ws/install/cmake_utils/share/cmake_utils/environment/path.dsv\n'}
[2.447132] (cmake_utils) StdoutLine: {'line': b'-- Installing: /root/colcon_ws/install/cmake_utils/share/cmake_utils/local_setup.bash\n'}
[2.447225] (cmake_utils) StdoutLine: {'line': b'-- Installing: /root/colcon_ws/install/cmake_utils/share/cmake_utils/local_setup.sh\n'}
[2.447315] (cmake_utils) StdoutLine: {'line': b'-- Installing: /root/colcon_ws/install/cmake_utils/share/cmake_utils/local_setup.zsh\n'}
[2.447403] (cmake_utils) StdoutLine: {'line': b'-- Installing: /root/colcon_ws/install/cmake_utils/share/cmake_utils/local_setup.dsv\n'}
[2.447490] (cmake_utils) StdoutLine: {'line': b'-- Installing: /root/colcon_ws/install/cmake_utils/share/cmake_utils/package.dsv\n'}
[2.447577] (cmake_utils) StdoutLine: {'line': b'-- Installing: /root/colcon_ws/install/cmake_utils/share/ament_index/resource_index/packages/cmake_utils\n'}
[2.447665] (cmake_utils) StdoutLine: {'line': b'-- Installing: /root/colcon_ws/install/cmake_utils/share/cmake_utils/cmake/cmake_utilsConfig.cmake\n'}
[2.447755] (cmake_utils) StdoutLine: {'line': b'-- Installing: /root/colcon_ws/install/cmake_utils/share/cmake_utils/cmake/cmake_utilsConfig-version.cmake\n'}
[2.447845] (cmake_utils) StdoutLine: {'line': b'-- Installing: /root/colcon_ws/install/cmake_utils/share/cmake_utils/package.xml\n'}
[2.447938] (poly_traj) CommandEnded: {'returncode': 0}
[2.448538] (poly_traj) JobProgress: {'identifier': 'poly_traj', 'progress': 'build'}
[2.448588] (poly_traj) Command: {'cmd': ['/usr/bin/cmake', '--build', '/root/colcon_ws/build/poly_traj', '--', '-j8', '-l8'], 'cwd': '/root/colcon_ws/build/poly_traj', 'env': OrderedDict([('LESSOPEN', '| /usr/bin/lesspipe %s'), ('HOSTNAME', 'tegra-ubuntu'), ('SHLVL', '1'), ('LD_LIBRARY_PATH', '/root/colcon_ws/install/lib:/opt/ros/humble/opt/rviz_ogre_vendor/lib:/opt/ros/humble/lib/aarch64-linux-gnu:/opt/ros/humble/lib'), ('HOME', '/root'), ('OLDPWD', '/root/colcon_ws'), ('ROS_PYTHON_VERSION', '3'), ('COLCON_PREFIX_PATH', '/root/colcon_ws/install'), ('ROS_DISTRO', 'humble'), ('_', '/usr/bin/colcon'), ('ROS_VERSION', '2'), ('TERM', 'xterm'), ('GAZEBO_MODEL_PATH', '/root/colcon_ws/src:'), ('ROS_LOCALHOST_ONLY', '0'), ('PATH', '/opt/ros/humble/bin:/usr/local/sbin:/usr/local/bin:/usr/sbin:/usr/bin:/sbin:/bin'), ('DISPLAY', ':0'), ('LANG', 'C.UTF-8'), ('LS_COLORS', 'rs=0:di=01;34:ln=01;36:mh=00:pi=40;33:so=01;35:do=01;35:bd=40;33;01:cd=40;33;01:or=40;31;01:mi=00:su=37;41:sg=30;43:ca=30;41:tw=30;42:ow=34;42:st=37;44:ex=01;32:*.tar=01;31:*.tgz=01;31:*.arc=01;31:*.arj=01;31:*.taz=01;31:*.lha=01;31:*.lz4=01;31:*.lzh=01;31:*.lzma=01;31:*.tlz=01;31:*.txz=01;31:*.tzo=01;31:*.t7z=01;31:*.zip=01;31:*.z=01;31:*.dz=01;31:*.gz=01;31:*.lrz=01;31:*.lz=01;31:*.lzo=01;31:*.xz=01;31:*.zst=01;31:*.tzst=01;31:*.bz2=01;31:*.bz=01;31:*.tbz=01;31:*.tbz2=01;31:*.tz=01;31:*.deb=01;31:*.rpm=01;31:*.jar=01;31:*.war=01;31:*.ear=01;31:*.sar=01;31:*.rar=01;31:*.alz=01;31:*.ace=01;31:*.zoo=01;31:*.cpio=01;31:*.7z=01;31:*.rz=01;31:*.cab=01;31:*.wim=01;31:*.swm=01;31:*.dwm=01;31:*.esd=01;31:*.jpg=01;35:*.jpeg=01;35:*.mjpg=01;35:*.mjpeg=01;35:*.gif=01;35:*.bmp=01;35:*.pbm=01;35:*.pgm=01;35:*.ppm=01;35:*.tga=01;35:*.xbm=01;35:*.xpm=01;35:*.tif=01;35:*.tiff=01;35:*.png=01;35:*.svg=01;35:*.svgz=01;35:*.mng=01;35:*.pcx=01;35:*.mov=01;35:*.mpg=01;35:*.mpeg=01;35:*.m2v=01;35:*.mkv=01;35:*.webm=01;35:*.webp=01;35:*.ogm=01;35:*.mp4=01;35:*.m4v=01;35:*.mp4v=01;35:*.vob=01;35:*.qt=01;35:*.nuv=01;35:*.wmv=01;35:*.asf=01;35:*.rm=01;35:*.rmvb=01;35:*.flc=01;35:*.avi=01;35:*.fli=01;35:*.flv=01;35:*.gl=01;35:*.dl=01;35:*.xcf=01;35:*.xwd=01;35:*.yuv=01;35:*.cgm=01;35:*.emf=01;35:*.ogv=01;35:*.ogx=01;35:*.aac=00;36:*.au=00;36:*.flac=00;36:*.m4a=00;36:*.mid=00;36:*.midi=00;36:*.mka=00;36:*.mp3=00;36:*.mpc=00;36:*.ogg=00;36:*.ra=00;36:*.wav=00;36:*.oga=00;36:*.opus=00;36:*.spx=00;36:*.xspf=00;36:'), ('ROS_DOMAIN_ID', '0'), ('AMENT_PREFIX_PATH', '/opt/ros/humble'), ('DEBIAN_FRONTEND', 'noninteractive'), ('COLCON_WS', '/root/colcon_ws'), ('LESSCLOSE', '/usr/bin/lesspipe %s %s'), ('PWD', '/root/colcon_ws/build/poly_traj'), ('LC_ALL', 'C.UTF-8'), ('GAZEBO_PLUGIN_PATH', '/root/colcon_ws/install/lib:'), ('PYTHONPATH', '/opt/ros/humble/lib/python3.10/site-packages:/opt/ros/humble/local/lib/python3.10/dist-packages'), ('COLCON', '1'), ('CMAKE_PREFIX_PATH', '/opt/ros/humble')]), 'shell': False}
[2.450769] (cmake_utils) CommandEnded: {'returncode': 0}
[2.454066] (waypoint_generator) StdoutLine: {'line': b'-- Found tf2_geometry_msgs: 0.25.19 (/opt/ros/humble/share/tf2_geometry_msgs/cmake)\n'}
[2.462038] (plan_env) StdoutLine: {'line': b"-- Checking for module 'eigen3'\n"}
[2.480386] (waypoint_generator) StdoutLine: {'line': b'-- Found eigen3_cmake_module: 0.1.1 (/opt/ros/humble/share/eigen3_cmake_module/cmake)\n'}
[2.484421] (waypoint_generator) StdoutLine: {'line': b'-- Found Eigen3: TRUE (found version "3.4.0") \n'}
[2.484840] (waypoint_generator) StdoutLine: {'line': b'-- Ensuring Eigen3 include directory is part of orocos-kdl CMake target\n'}
[2.485416] (map_generator) StdoutLine: {'line': b"-- Checking for module 'eigen3'\n"}
[2.492555] (waypoint_generator) StdoutLine: {'line': b'-- Found nav_msgs: 4.9.1 (/opt/ros/humble/share/nav_msgs/cmake)\n'}
[2.492837] (plan_env) StdoutLine: {'line': b'--   Found eigen3, version 3.4.0\n'}
[2.493000] (cmake_utils) JobEnded: {'identifier': 'cmake_utils', 'rc': 0}
[2.494137] (uav_utils) JobStarted: {'identifier': 'uav_utils'}
[2.499065] (pose_utils) StdoutLine: {'line': b'[ 50%] \x1b[32mBuilding CXX object CMakeFiles/pose_utils.dir/src/pose_utils.cpp.o\x1b[0m\n'}
[2.505442] (uav_utils) JobProgress: {'identifier': 'uav_utils', 'progress': 'cmake'}
[2.506414] (uav_utils) Command: {'cmd': ['/usr/bin/cmake', '/root/colcon_ws/src/Fast-Planner/uav_simulator/Utils/uav_utils', '-DCMAKE_INSTALL_PREFIX=/root/colcon_ws/install/uav_utils'], 'cwd': '/root/colcon_ws/build/uav_utils', 'env': OrderedDict([('LESSOPEN', '| /usr/bin/lesspipe %s'), ('HOSTNAME', 'tegra-ubuntu'), ('SHLVL', '1'), ('LD_LIBRARY_PATH', '/root/colcon_ws/install/lib:/opt/ros/humble/opt/rviz_ogre_vendor/lib:/opt/ros/humble/lib/aarch64-linux-gnu:/opt/ros/humble/lib'), ('HOME', '/root'), ('OLDPWD', '/root/colcon_ws'), ('ROS_PYTHON_VERSION', '3'), ('COLCON_PREFIX_PATH', '/root/colcon_ws/install'), ('ROS_DISTRO', 'humble'), ('_', '/usr/bin/colcon'), ('ROS_VERSION', '2'), ('TERM', 'xterm'), ('GAZEBO_MODEL_PATH', '/root/colcon_ws/src:'), ('ROS_LOCALHOST_ONLY', '0'), ('PATH', '/opt/ros/humble/bin:/usr/local/sbin:/usr/local/bin:/usr/sbin:/usr/bin:/sbin:/bin'), ('DISPLAY', ':0'), ('LANG', 'C.UTF-8'), ('LS_COLORS', 'rs=0:di=01;34:ln=01;36:mh=00:pi=40;33:so=01;35:do=01;35:bd=40;33;01:cd=40;33;01:or=40;31;01:mi=00:su=37;41:sg=30;43:ca=30;41:tw=30;42:ow=34;42:st=37;44:ex=01;32:*.tar=01;31:*.tgz=01;31:*.arc=01;31:*.arj=01;31:*.taz=01;31:*.lha=01;31:*.lz4=01;31:*.lzh=01;31:*.lzma=01;31:*.tlz=01;31:*.txz=01;31:*.tzo=01;31:*.t7z=01;31:*.zip=01;31:*.z=01;31:*.dz=01;31:*.gz=01;31:*.lrz=01;31:*.lz=01;31:*.lzo=01;31:*.xz=01;31:*.zst=01;31:*.tzst=01;31:*.bz2=01;31:*.bz=01;31:*.tbz=01;31:*.tbz2=01;31:*.tz=01;31:*.deb=01;31:*.rpm=01;31:*.jar=01;31:*.war=01;31:*.ear=01;31:*.sar=01;31:*.rar=01;31:*.alz=01;31:*.ace=01;31:*.zoo=01;31:*.cpio=01;31:*.7z=01;31:*.rz=01;31:*.cab=01;31:*.wim=01;31:*.swm=01;31:*.dwm=01;31:*.esd=01;31:*.jpg=01;35:*.jpeg=01;35:*.mjpg=01;35:*.mjpeg=01;35:*.gif=01;35:*.bmp=01;35:*.pbm=01;35:*.pgm=01;35:*.ppm=01;35:*.tga=01;35:*.xbm=01;35:*.xpm=01;35:*.tif=01;35:*.tiff=01;35:*.png=01;35:*.svg=01;35:*.svgz=01;35:*.mng=01;35:*.pcx=01;35:*.mov=01;35:*.mpg=01;35:*.mpeg=01;35:*.m2v=01;35:*.mkv=01;35:*.webm=01;35:*.webp=01;35:*.ogm=01;35:*.mp4=01;35:*.m4v=01;35:*.mp4v=01;35:*.vob=01;35:*.qt=01;35:*.nuv=01;35:*.wmv=01;35:*.asf=01;35:*.rm=01;35:*.rmvb=01;35:*.flc=01;35:*.avi=01;35:*.fli=01;35:*.flv=01;35:*.gl=01;35:*.dl=01;35:*.xcf=01;35:*.xwd=01;35:*.yuv=01;35:*.cgm=01;35:*.emf=01;35:*.ogv=01;35:*.ogx=01;35:*.aac=00;36:*.au=00;36:*.flac=00;36:*.m4a=00;36:*.mid=00;36:*.midi=00;36:*.mka=00;36:*.mp3=00;36:*.mpc=00;36:*.ogg=00;36:*.ra=00;36:*.wav=00;36:*.oga=00;36:*.opus=00;36:*.spx=00;36:*.xspf=00;36:'), ('ROS_DOMAIN_ID', '0'), ('AMENT_PREFIX_PATH', '/root/colcon_ws/install/cmake_utils:/opt/ros/humble'), ('DEBIAN_FRONTEND', 'noninteractive'), ('COLCON_WS', '/root/colcon_ws'), ('LESSCLOSE', '/usr/bin/lesspipe %s %s'), ('PWD', '/root/colcon_ws/build/uav_utils'), ('LC_ALL', 'C.UTF-8'), ('GAZEBO_PLUGIN_PATH', '/root/colcon_ws/install/lib:'), ('PYTHONPATH', '/opt/ros/humble/lib/python3.10/site-packages:/opt/ros/humble/local/lib/python3.10/dist-packages'), ('COLCON', '1'), ('CMAKE_PREFIX_PATH', '/root/colcon_ws/install/cmake_utils:/opt/ros/humble')]), 'shell': False}
[2.519337] (map_generator) StdoutLine: {'line': b'--   Found eigen3, version 3.4.0\n'}
[2.520037] (waypoint_generator) StdoutLine: {'line': b'-- Found visualization_msgs: 4.9.1 (/opt/ros/humble/share/visualization_msgs/cmake)\n'}
[2.520645] (-) TimerEvent: {}
[2.564468] (poly_traj) StdoutLine: {'line': b'[ 50%] \x1b[32mBuilding CXX object CMakeFiles/poly_traj.dir/src/polynomial_traj.cpp.o\x1b[0m\n'}
[2.575521] (plan_env) StdoutLine: {'line': b'-- Found Eigen: /usr/include/eigen3 (Required is at least version "3.1") \n'}
[2.576080] (plan_env) StdoutLine: {'line': b'-- Eigen found (include: /usr/include/eigen3, version: 3.4.0)\n'}
[2.605307] (waypoint_generator) StdoutLine: {'line': b'-- Found Boost: /usr/lib/aarch64-linux-gnu/cmake/Boost-1.74.0/BoostConfig.cmake (found version "1.74.0") found components: system \n'}
[2.607726] (map_generator) StdoutLine: {'line': b'-- Found Eigen: /usr/include/eigen3 (Required is at least version "3.1") \n'}
[2.608113] (map_generator) StdoutLine: {'line': b'-- Eigen found (include: /usr/include/eigen3, version: 3.4.0)\n'}
[2.620849] (-) TimerEvent: {}
[2.660143] (plan_env) StdoutLine: {'line': b"-- Checking for module 'flann'\n"}
[2.693794] (map_generator) StdoutLine: {'line': b"-- Checking for module 'flann'\n"}
[2.698520] (plan_env) StdoutLine: {'line': b'--   Found flann, version 1.9.1\n'}
[2.721036] (-) TimerEvent: {}
[2.721769] (map_generator) StdoutLine: {'line': b'--   Found flann, version 1.9.1\n'}
[2.723647] (quadrotor_msgs) StdoutLine: {'line': b'-- Using all available rosidl_typesupport_c: rosidl_typesupport_fastrtps_c;rosidl_typesupport_introspection_c\n'}
[2.767763] (waypoint_generator) StdoutLine: {'line': b'-- Configuring done\n'}
[2.794448] (plan_env) StdoutLine: {'line': b'-- Found FLANN: /usr/lib/aarch64-linux-gnu/libflann_cpp.so  \n'}
[2.795007] (plan_env) StdoutLine: {'line': b'-- FLANN found (include: /usr/include, lib: /usr/lib/aarch64-linux-gnu/libflann_cpp.so)\n'}
[2.799001] (waypoint_generator) StdoutLine: {'line': b'-- Generating done\n'}
[2.809597] (waypoint_generator) StdoutLine: {'line': b'-- Build files have been written to: /root/colcon_ws/build/waypoint_generator\n'}
[2.822323] (-) TimerEvent: {}
[2.828189] (map_generator) StdoutLine: {'line': b'-- Found FLANN: /usr/lib/aarch64-linux-gnu/libflann_cpp.so  \n'}
[2.828876] (map_generator) StdoutLine: {'line': b'-- FLANN found (include: /usr/include, lib: /usr/lib/aarch64-linux-gnu/libflann_cpp.so)\n'}
[2.845100] (uav_utils) StdoutLine: {'line': b'-- The C compiler identification is GNU 11.4.0\n'}
[2.845567] (uav_utils) StdoutLine: {'line': b'-- The CXX compiler identification is GNU 11.4.0\n'}
[2.845690] (uav_utils) StdoutLine: {'line': b'-- Detecting C compiler ABI info\n'}
[2.845801] (waypoint_generator) CommandEnded: {'returncode': 0}
[2.846379] (waypoint_generator) JobProgress: {'identifier': 'waypoint_generator', 'progress': 'build'}
[2.846437] (waypoint_generator) Command: {'cmd': ['/usr/bin/cmake', '--build', '/root/colcon_ws/build/waypoint_generator', '--', '-j8', '-l8'], 'cwd': '/root/colcon_ws/build/waypoint_generator', 'env': OrderedDict([('LESSOPEN', '| /usr/bin/lesspipe %s'), ('HOSTNAME', 'tegra-ubuntu'), ('SHLVL', '1'), ('LD_LIBRARY_PATH', '/root/colcon_ws/install/lib:/opt/ros/humble/opt/rviz_ogre_vendor/lib:/opt/ros/humble/lib/aarch64-linux-gnu:/opt/ros/humble/lib'), ('HOME', '/root'), ('OLDPWD', '/root/colcon_ws'), ('ROS_PYTHON_VERSION', '3'), ('COLCON_PREFIX_PATH', '/root/colcon_ws/install'), ('ROS_DISTRO', 'humble'), ('_', '/usr/bin/colcon'), ('ROS_VERSION', '2'), ('TERM', 'xterm'), ('GAZEBO_MODEL_PATH', '/root/colcon_ws/src:'), ('ROS_LOCALHOST_ONLY', '0'), ('PATH', '/opt/ros/humble/bin:/usr/local/sbin:/usr/local/bin:/usr/sbin:/usr/bin:/sbin:/bin'), ('DISPLAY', ':0'), ('LANG', 'C.UTF-8'), ('LS_COLORS', 'rs=0:di=01;34:ln=01;36:mh=00:pi=40;33:so=01;35:do=01;35:bd=40;33;01:cd=40;33;01:or=40;31;01:mi=00:su=37;41:sg=30;43:ca=30;41:tw=30;42:ow=34;42:st=37;44:ex=01;32:*.tar=01;31:*.tgz=01;31:*.arc=01;31:*.arj=01;31:*.taz=01;31:*.lha=01;31:*.lz4=01;31:*.lzh=01;31:*.lzma=01;31:*.tlz=01;31:*.txz=01;31:*.tzo=01;31:*.t7z=01;31:*.zip=01;31:*.z=01;31:*.dz=01;31:*.gz=01;31:*.lrz=01;31:*.lz=01;31:*.lzo=01;31:*.xz=01;31:*.zst=01;31:*.tzst=01;31:*.bz2=01;31:*.bz=01;31:*.tbz=01;31:*.tbz2=01;31:*.tz=01;31:*.deb=01;31:*.rpm=01;31:*.jar=01;31:*.war=01;31:*.ear=01;31:*.sar=01;31:*.rar=01;31:*.alz=01;31:*.ace=01;31:*.zoo=01;31:*.cpio=01;31:*.7z=01;31:*.rz=01;31:*.cab=01;31:*.wim=01;31:*.swm=01;31:*.dwm=01;31:*.esd=01;31:*.jpg=01;35:*.jpeg=01;35:*.mjpg=01;35:*.mjpeg=01;35:*.gif=01;35:*.bmp=01;35:*.pbm=01;35:*.pgm=01;35:*.ppm=01;35:*.tga=01;35:*.xbm=01;35:*.xpm=01;35:*.tif=01;35:*.tiff=01;35:*.png=01;35:*.svg=01;35:*.svgz=01;35:*.mng=01;35:*.pcx=01;35:*.mov=01;35:*.mpg=01;35:*.mpeg=01;35:*.m2v=01;35:*.mkv=01;35:*.webm=01;35:*.webp=01;35:*.ogm=01;35:*.mp4=01;35:*.m4v=01;35:*.mp4v=01;35:*.vob=01;35:*.qt=01;35:*.nuv=01;35:*.wmv=01;35:*.asf=01;35:*.rm=01;35:*.rmvb=01;35:*.flc=01;35:*.avi=01;35:*.fli=01;35:*.flv=01;35:*.gl=01;35:*.dl=01;35:*.xcf=01;35:*.xwd=01;35:*.yuv=01;35:*.cgm=01;35:*.emf=01;35:*.ogv=01;35:*.ogx=01;35:*.aac=00;36:*.au=00;36:*.flac=00;36:*.m4a=00;36:*.mid=00;36:*.midi=00;36:*.mka=00;36:*.mp3=00;36:*.mpc=00;36:*.ogg=00;36:*.ra=00;36:*.wav=00;36:*.oga=00;36:*.opus=00;36:*.spx=00;36:*.xspf=00;36:'), ('ROS_DOMAIN_ID', '0'), ('AMENT_PREFIX_PATH', '/opt/ros/humble'), ('DEBIAN_FRONTEND', 'noninteractive'), ('COLCON_WS', '/root/colcon_ws'), ('LESSCLOSE', '/usr/bin/lesspipe %s %s'), ('PWD', '/root/colcon_ws/build/waypoint_generator'), ('LC_ALL', 'C.UTF-8'), ('GAZEBO_PLUGIN_PATH', '/root/colcon_ws/install/lib:'), ('PYTHONPATH', '/opt/ros/humble/lib/python3.10/site-packages:/opt/ros/humble/local/lib/python3.10/dist-packages'), ('COLCON', '1'), ('CMAKE_PREFIX_PATH', '/opt/ros/humble')]), 'shell': False}
[2.922962] (-) TimerEvent: {}
[2.928498] (uav_utils) StdoutLine: {'line': b'-- Detecting C compiler ABI info - done\n'}
[2.938684] (uav_utils) StdoutLine: {'line': b'-- Check for working C compiler: /usr/bin/cc - skipped\n'}
[2.939294] (uav_utils) StdoutLine: {'line': b'-- Detecting C compile features\n'}
[2.940077] (uav_utils) StdoutLine: {'line': b'-- Detecting C compile features - done\n'}
[2.945594] (uav_utils) StdoutLine: {'line': b'-- Detecting CXX compiler ABI info\n'}
[3.023176] (-) TimerEvent: {}
[3.103005] (uav_utils) StdoutLine: {'line': b'-- Detecting CXX compiler ABI info - done\n'}
[3.115500] (uav_utils) StdoutLine: {'line': b'-- Check for working CXX compiler: /usr/bin/c++ - skipped\n'}
[3.116127] (uav_utils) StdoutLine: {'line': b'-- Detecting CXX compile features\n'}
[3.117190] (uav_utils) StdoutLine: {'line': b'-- Detecting CXX compile features - done\n'}
[3.123380] (-) TimerEvent: {}
[3.124828] (uav_utils) StdoutLine: {'line': b'-- Found ament_cmake: 1.3.13 (/opt/ros/humble/share/ament_cmake/cmake)\n'}
[3.223573] (-) TimerEvent: {}
[3.324895] (-) TimerEvent: {}
[3.427561] (-) TimerEvent: {}
[3.458026] (quadrotor_msgs) StdoutLine: {'line': b'-- Using all available rosidl_typesupport_cpp: rosidl_typesupport_fastrtps_cpp;rosidl_typesupport_introspection_cpp\n'}
[3.499299] (quadrotor_msgs) StdoutLine: {'line': b'-- Found PythonInterp: /usr/bin/python3 (found suitable version "3.10.12", minimum required is "3.6") \n'}
[3.503349] (quadrotor_msgs) StdoutLine: {'line': b'-- Found python_cmake_module: 0.10.0 (/opt/ros/humble/share/python_cmake_module/cmake)\n'}
[3.512909] (uav_utils) StdoutLine: {'line': b'-- Found Python3: /usr/bin/python3 (found version "3.10.12") found components: Interpreter \n'}
[3.527743] (-) TimerEvent: {}
[3.558702] (quadrotor_msgs) StdoutLine: {'line': b'-- Found PythonLibs: /usr/lib/aarch64-linux-gnu/libpython3.10.so (found suitable version "3.10.12", minimum required is "3.5") \n'}
[3.559252] (quadrotor_msgs) StdoutLine: {'line': b'-- Using PYTHON_EXECUTABLE: /usr/bin/python3\n'}
[3.559402] (quadrotor_msgs) StdoutLine: {'line': b'-- Using PYTHON_INCLUDE_DIRS: /usr/include/python3.10\n'}
[3.559516] (quadrotor_msgs) StdoutLine: {'line': b'-- Using PYTHON_LIBRARIES: /usr/lib/aarch64-linux-gnu/libpython3.10.so\n'}
[3.619086] (quadrotor_msgs) StdoutLine: {'line': b'-- Found PythonExtra: .so  \n'}
[3.627929] (-) TimerEvent: {}
[3.728915] (-) TimerEvent: {}
[3.729654] (uav_utils) StdoutLine: {'line': b'-- Found rclcpp: 16.0.18 (/opt/ros/humble/share/rclcpp/cmake)\n'}
[3.747670] (quadrotor_msgs) StdoutLine: {'line': b'-- Configuring done\n'}
[3.829093] (-) TimerEvent: {}
[3.833808] (uav_utils) StdoutLine: {'line': b'-- Found rosidl_generator_c: 3.1.8 (/opt/ros/humble/share/rosidl_generator_c/cmake)\n'}
[3.844486] (uav_utils) StdoutLine: {'line': b'-- Found rosidl_adapter: 3.1.8 (/opt/ros/humble/share/rosidl_adapter/cmake)\n'}
[3.860583] (uav_utils) StdoutLine: {'line': b'-- Found rosidl_generator_cpp: 3.1.8 (/opt/ros/humble/share/rosidl_generator_cpp/cmake)\n'}
[3.865126] (quadrotor_msgs) StdoutLine: {'line': b'-- Generating done\n'}
[3.885220] (uav_utils) StdoutLine: {'line': b'-- Using all available rosidl_typesupport_c: rosidl_typesupport_fastrtps_c;rosidl_typesupport_introspection_c\n'}
[3.897171] (quadrotor_msgs) StdoutLine: {'line': b'-- Build files have been written to: /root/colcon_ws/build/quadrotor_msgs\n'}
[3.921232] (uav_utils) StdoutLine: {'line': b'-- Using all available rosidl_typesupport_cpp: rosidl_typesupport_fastrtps_cpp;rosidl_typesupport_introspection_cpp\n'}
[3.929288] (-) TimerEvent: {}
[3.934013] (waypoint_generator) StdoutLine: {'line': b'[ 50%] \x1b[32mBuilding CXX object CMakeFiles/waypoint_generator.dir/src/waypoint_generator.cpp.o\x1b[0m\n'}
[3.938081] (quadrotor_msgs) CommandEnded: {'returncode': 0}
[3.938807] (quadrotor_msgs) JobProgress: {'identifier': 'quadrotor_msgs', 'progress': 'build'}
[3.938876] (quadrotor_msgs) Command: {'cmd': ['/usr/bin/cmake', '--build', '/root/colcon_ws/build/quadrotor_msgs', '--', '-j8', '-l8'], 'cwd': '/root/colcon_ws/build/quadrotor_msgs', 'env': OrderedDict([('LESSOPEN', '| /usr/bin/lesspipe %s'), ('HOSTNAME', 'tegra-ubuntu'), ('SHLVL', '1'), ('LD_LIBRARY_PATH', '/root/colcon_ws/install/lib:/opt/ros/humble/opt/rviz_ogre_vendor/lib:/opt/ros/humble/lib/aarch64-linux-gnu:/opt/ros/humble/lib'), ('HOME', '/root'), ('OLDPWD', '/root/colcon_ws'), ('ROS_PYTHON_VERSION', '3'), ('COLCON_PREFIX_PATH', '/root/colcon_ws/install'), ('ROS_DISTRO', 'humble'), ('_', '/usr/bin/colcon'), ('ROS_VERSION', '2'), ('TERM', 'xterm'), ('GAZEBO_MODEL_PATH', '/root/colcon_ws/src:'), ('ROS_LOCALHOST_ONLY', '0'), ('PATH', '/opt/ros/humble/bin:/usr/local/sbin:/usr/local/bin:/usr/sbin:/usr/bin:/sbin:/bin'), ('DISPLAY', ':0'), ('LANG', 'C.UTF-8'), ('LS_COLORS', 'rs=0:di=01;34:ln=01;36:mh=00:pi=40;33:so=01;35:do=01;35:bd=40;33;01:cd=40;33;01:or=40;31;01:mi=00:su=37;41:sg=30;43:ca=30;41:tw=30;42:ow=34;42:st=37;44:ex=01;32:*.tar=01;31:*.tgz=01;31:*.arc=01;31:*.arj=01;31:*.taz=01;31:*.lha=01;31:*.lz4=01;31:*.lzh=01;31:*.lzma=01;31:*.tlz=01;31:*.txz=01;31:*.tzo=01;31:*.t7z=01;31:*.zip=01;31:*.z=01;31:*.dz=01;31:*.gz=01;31:*.lrz=01;31:*.lz=01;31:*.lzo=01;31:*.xz=01;31:*.zst=01;31:*.tzst=01;31:*.bz2=01;31:*.bz=01;31:*.tbz=01;31:*.tbz2=01;31:*.tz=01;31:*.deb=01;31:*.rpm=01;31:*.jar=01;31:*.war=01;31:*.ear=01;31:*.sar=01;31:*.rar=01;31:*.alz=01;31:*.ace=01;31:*.zoo=01;31:*.cpio=01;31:*.7z=01;31:*.rz=01;31:*.cab=01;31:*.wim=01;31:*.swm=01;31:*.dwm=01;31:*.esd=01;31:*.jpg=01;35:*.jpeg=01;35:*.mjpg=01;35:*.mjpeg=01;35:*.gif=01;35:*.bmp=01;35:*.pbm=01;35:*.pgm=01;35:*.ppm=01;35:*.tga=01;35:*.xbm=01;35:*.xpm=01;35:*.tif=01;35:*.tiff=01;35:*.png=01;35:*.svg=01;35:*.svgz=01;35:*.mng=01;35:*.pcx=01;35:*.mov=01;35:*.mpg=01;35:*.mpeg=01;35:*.m2v=01;35:*.mkv=01;35:*.webm=01;35:*.webp=01;35:*.ogm=01;35:*.mp4=01;35:*.m4v=01;35:*.mp4v=01;35:*.vob=01;35:*.qt=01;35:*.nuv=01;35:*.wmv=01;35:*.asf=01;35:*.rm=01;35:*.rmvb=01;35:*.flc=01;35:*.avi=01;35:*.fli=01;35:*.flv=01;35:*.gl=01;35:*.dl=01;35:*.xcf=01;35:*.xwd=01;35:*.yuv=01;35:*.cgm=01;35:*.emf=01;35:*.ogv=01;35:*.ogx=01;35:*.aac=00;36:*.au=00;36:*.flac=00;36:*.m4a=00;36:*.mid=00;36:*.midi=00;36:*.mka=00;36:*.mp3=00;36:*.mpc=00;36:*.ogg=00;36:*.ra=00;36:*.wav=00;36:*.oga=00;36:*.opus=00;36:*.spx=00;36:*.xspf=00;36:'), ('ROS_DOMAIN_ID', '0'), ('AMENT_PREFIX_PATH', '/opt/ros/humble'), ('DEBIAN_FRONTEND', 'noninteractive'), ('COLCON_WS', '/root/colcon_ws'), ('LESSCLOSE', '/usr/bin/lesspipe %s %s'), ('PWD', '/root/colcon_ws/build/quadrotor_msgs'), ('LC_ALL', 'C.UTF-8'), ('GAZEBO_PLUGIN_PATH', '/root/colcon_ws/install/lib:'), ('PYTHONPATH', '/opt/ros/humble/lib/python3.10/site-packages:/opt/ros/humble/local/lib/python3.10/dist-packages'), ('COLCON', '1'), ('CMAKE_PREFIX_PATH', '/opt/ros/humble')]), 'shell': False}
[4.011042] (uav_utils) StdoutLine: {'line': b'-- Found rmw_implementation_cmake: 6.1.2 (/opt/ros/humble/share/rmw_implementation_cmake/cmake)\n'}
[4.017519] (uav_utils) StdoutLine: {'line': b'-- Found rmw_fastrtps_cpp: 6.2.10 (/opt/ros/humble/share/rmw_fastrtps_cpp/cmake)\n'}
[4.029538] (-) TimerEvent: {}
[4.130403] (-) TimerEvent: {}
[4.231070] (-) TimerEvent: {}
[4.331753] (-) TimerEvent: {}
[4.432584] (-) TimerEvent: {}
[4.447266] (uav_utils) StdoutLine: {'line': b'-- Found OpenSSL: /usr/lib/aarch64-linux-gnu/libcrypto.so (found version "3.0.2")  \n'}
[4.469913] (poly_traj) StderrLine: {'line': b'In file included from \x1b[01m\x1b[K/usr/include/eigen3/Eigen/Core:214\x1b[m\x1b[K,\n'}
[4.484608] (poly_traj) StderrLine: {'line': b'                 from \x1b[01m\x1b[K/usr/include/eigen3/Eigen/Dense:1\x1b[m\x1b[K,\n'}
[4.485047] (poly_traj) StderrLine: {'line': b'                 from \x1b[01m\x1b[K/usr/include/eigen3/Eigen/Eigen:1\x1b[m\x1b[K,\n'}
[4.485185] (poly_traj) StderrLine: {'line': b'                 from \x1b[01m\x1b[K/root/colcon_ws/src/Fast-Planner/fast_planner/poly_traj/include/poly_traj/polynomial_traj.h:29\x1b[m\x1b[K,\n'}
[4.485302] (poly_traj) StderrLine: {'line': b'                 from \x1b[01m\x1b[K/root/colcon_ws/src/Fast-Planner/fast_planner/poly_traj/src/polynomial_traj.cpp:27\x1b[m\x1b[K:\n'}
[4.485407] (poly_traj) StderrLine: {'line': b'\x1b[01m\x1b[K/usr/include/eigen3/Eigen/src/Core/arch/NEON/PacketMath.h:\x1b[m\x1b[K In function \xe2\x80\x98\x1b[01m\x1b[KPacket Eigen::internal::pload(const typename Eigen::internal::unpacket_traits<T>::type*) [with Packet = Eigen::internal::eigen_packet_wrapper<int, 2>; typename Eigen::internal::unpacket_traits<T>::type = signed char]\x1b[m\x1b[K\xe2\x80\x99:\n'}
[4.485554] (poly_traj) StderrLine: {'line': b'\x1b[01m\x1b[K/usr/include/eigen3/Eigen/src/Core/arch/NEON/PacketMath.h:1671:9:\x1b[m\x1b[K \x1b[01;35m\x1b[Kwarning: \x1b[m\x1b[K\xe2\x80\x98\x1b[01m\x1b[Kvoid* memcpy(void*, const void*, size_t)\x1b[m\x1b[K\xe2\x80\x99 copying an object of non-trivial type \xe2\x80\x98\x1b[01m\x1b[KEigen::internal::Packet4c\x1b[m\x1b[K\xe2\x80\x99 {aka \xe2\x80\x98\x1b[01m\x1b[Kstruct Eigen::internal::eigen_packet_wrapper<int, 2>\x1b[m\x1b[K\xe2\x80\x99} from an array of \xe2\x80\x98\x1b[01m\x1b[Kconst int8_t\x1b[m\x1b[K\xe2\x80\x99 {aka \xe2\x80\x98\x1b[01m\x1b[Kconst signed char\x1b[m\x1b[K\xe2\x80\x99} [\x1b[01;35m\x1b[K-Wclass-memaccess\x1b[m\x1b[K]\n'}
[4.485684] (poly_traj) StderrLine: {'line': b' 1671 |   \x1b[01;35m\x1b[Kmemcpy(&res, from, sizeof(Packet4c))\x1b[m\x1b[K;\n'}
[4.485784] (poly_traj) StderrLine: {'line': b'      |   \x1b[01;35m\x1b[K~~~~~~^~~~~~~~~~~~~~~~~~~~~~~~~~~~~~\x1b[m\x1b[K\n'}
[4.486880] (poly_traj) StderrLine: {'line': b'In file included from \x1b[01m\x1b[K/usr/include/eigen3/Eigen/Core:172\x1b[m\x1b[K,\n'}
[4.487214] (poly_traj) StderrLine: {'line': b'                 from \x1b[01m\x1b[K/usr/include/eigen3/Eigen/Dense:1\x1b[m\x1b[K,\n'}
[4.487378] (poly_traj) StderrLine: {'line': b'                 from \x1b[01m\x1b[K/usr/include/eigen3/Eigen/Eigen:1\x1b[m\x1b[K,\n'}
[4.487500] (poly_traj) StderrLine: {'line': b'                 from \x1b[01m\x1b[K/root/colcon_ws/src/Fast-Planner/fast_planner/poly_traj/include/poly_traj/polynomial_traj.h:29\x1b[m\x1b[K,\n'}
[4.487611] (poly_traj) StderrLine: {'line': b'                 from \x1b[01m\x1b[K/root/colcon_ws/src/Fast-Planner/fast_planner/poly_traj/src/polynomial_traj.cpp:27\x1b[m\x1b[K:\n'}
[4.487715] (poly_traj) StderrLine: {'line': b'\x1b[01m\x1b[K/usr/include/eigen3/Eigen/src/Core/GenericPacketMath.h:159:8:\x1b[m\x1b[K \x1b[01;36m\x1b[Knote: \x1b[m\x1b[K\xe2\x80\x98\x1b[01m\x1b[KEigen::internal::Packet4c\x1b[m\x1b[K\xe2\x80\x99 {aka \xe2\x80\x98\x1b[01m\x1b[Kstruct Eigen::internal::eigen_packet_wrapper<int, 2>\x1b[m\x1b[K\xe2\x80\x99} declared here\n'}
[4.487817] (poly_traj) StderrLine: {'line': b'  159 | struct \x1b[01;36m\x1b[Keigen_packet_wrapper\x1b[m\x1b[K\n'}
[4.487908] (poly_traj) StderrLine: {'line': b'      |        \x1b[01;36m\x1b[K^~~~~~~~~~~~~~~~~~~~\x1b[m\x1b[K\n'}
[4.488559] (poly_traj) StderrLine: {'line': b'In file included from \x1b[01m\x1b[K/usr/include/eigen3/Eigen/Core:214\x1b[m\x1b[K,\n'}
[4.488768] (poly_traj) StderrLine: {'line': b'                 from \x1b[01m\x1b[K/usr/include/eigen3/Eigen/Dense:1\x1b[m\x1b[K,\n'}
[4.488883] (poly_traj) StderrLine: {'line': b'                 from \x1b[01m\x1b[K/usr/include/eigen3/Eigen/Eigen:1\x1b[m\x1b[K,\n'}
[4.488979] (poly_traj) StderrLine: {'line': b'                 from \x1b[01m\x1b[K/root/colcon_ws/src/Fast-Planner/fast_planner/poly_traj/include/poly_traj/polynomial_traj.h:29\x1b[m\x1b[K,\n'}
[4.489074] (poly_traj) StderrLine: {'line': b'                 from \x1b[01m\x1b[K/root/colcon_ws/src/Fast-Planner/fast_planner/poly_traj/src/polynomial_traj.cpp:27\x1b[m\x1b[K:\n'}
[4.489164] (poly_traj) StderrLine: {'line': b'\x1b[01m\x1b[K/usr/include/eigen3/Eigen/src/Core/arch/NEON/PacketMath.h:\x1b[m\x1b[K In function \xe2\x80\x98\x1b[01m\x1b[KPacket Eigen::internal::ploadu(const typename Eigen::internal::unpacket_traits<T>::type*) [with Packet = Eigen::internal::eigen_packet_wrapper<int, 2>; typename Eigen::internal::unpacket_traits<T>::type = signed char]\x1b[m\x1b[K\xe2\x80\x99:\n'}
[4.489266] (poly_traj) StderrLine: {'line': b'\x1b[01m\x1b[K/usr/include/eigen3/Eigen/src/Core/arch/NEON/PacketMath.h:1716:9:\x1b[m\x1b[K \x1b[01;35m\x1b[Kwarning: \x1b[m\x1b[K\xe2\x80\x98\x1b[01m\x1b[Kvoid* memcpy(void*, const void*, size_t)\x1b[m\x1b[K\xe2\x80\x99 copying an object of non-trivial type \xe2\x80\x98\x1b[01m\x1b[KEigen::internal::Packet4c\x1b[m\x1b[K\xe2\x80\x99 {aka \xe2\x80\x98\x1b[01m\x1b[Kstruct Eigen::internal::eigen_packet_wrapper<int, 2>\x1b[m\x1b[K\xe2\x80\x99} from an array of \xe2\x80\x98\x1b[01m\x1b[Kconst int8_t\x1b[m\x1b[K\xe2\x80\x99 {aka \xe2\x80\x98\x1b[01m\x1b[Kconst signed char\x1b[m\x1b[K\xe2\x80\x99} [\x1b[01;35m\x1b[K-Wclass-memaccess\x1b[m\x1b[K]\n'}
[4.489397] (poly_traj) StderrLine: {'line': b' 1716 |   \x1b[01;35m\x1b[Kmemcpy(&res, from, sizeof(Packet4c))\x1b[m\x1b[K;\n'}
[4.489488] (poly_traj) StderrLine: {'line': b'      |   \x1b[01;35m\x1b[K~~~~~~^~~~~~~~~~~~~~~~~~~~~~~~~~~~~~\x1b[m\x1b[K\n'}
[4.489574] (poly_traj) StderrLine: {'line': b'In file included from \x1b[01m\x1b[K/usr/include/eigen3/Eigen/Core:172\x1b[m\x1b[K,\n'}
[4.489661] (poly_traj) StderrLine: {'line': b'                 from \x1b[01m\x1b[K/usr/include/eigen3/Eigen/Dense:1\x1b[m\x1b[K,\n'}
[4.489744] (poly_traj) StderrLine: {'line': b'                 from \x1b[01m\x1b[K/usr/include/eigen3/Eigen/Eigen:1\x1b[m\x1b[K,\n'}
[4.489826] (poly_traj) StderrLine: {'line': b'                 from \x1b[01m\x1b[K/root/colcon_ws/src/Fast-Planner/fast_planner/poly_traj/include/poly_traj/polynomial_traj.h:29\x1b[m\x1b[K,\n'}
[4.489912] (poly_traj) StderrLine: {'line': b'                 from \x1b[01m\x1b[K/root/colcon_ws/src/Fast-Planner/fast_planner/poly_traj/src/polynomial_traj.cpp:27\x1b[m\x1b[K:\n'}
[4.489997] (poly_traj) StderrLine: {'line': b'\x1b[01m\x1b[K/usr/include/eigen3/Eigen/src/Core/GenericPacketMath.h:159:8:\x1b[m\x1b[K \x1b[01;36m\x1b[Knote: \x1b[m\x1b[K\xe2\x80\x98\x1b[01m\x1b[KEigen::internal::Packet4c\x1b[m\x1b[K\xe2\x80\x99 {aka \xe2\x80\x98\x1b[01m\x1b[Kstruct Eigen::internal::eigen_packet_wrapper<int, 2>\x1b[m\x1b[K\xe2\x80\x99} declared here\n'}
[4.490112] (poly_traj) StderrLine: {'line': b'  159 | struct \x1b[01;36m\x1b[Keigen_packet_wrapper\x1b[m\x1b[K\n'}
[4.490201] (poly_traj) StderrLine: {'line': b'      |        \x1b[01;36m\x1b[K^~~~~~~~~~~~~~~~~~~~\x1b[m\x1b[K\n'}
[4.532747] (-) TimerEvent: {}
[4.536543] (uav_utils) StdoutLine: {'line': b'-- Found FastRTPS: /opt/ros/humble/include  \n'}
[4.632899] (-) TimerEvent: {}
[4.685040] (uav_utils) StdoutLine: {'line': b"-- Using RMW implementation 'rmw_fastrtps_cpp' as default\n"}
[4.712455] (uav_utils) StdoutLine: {'line': b'-- Looking for pthread.h\n'}
[4.733091] (-) TimerEvent: {}
[4.833857] (-) TimerEvent: {}
[4.890177] (uav_utils) StdoutLine: {'line': b'-- Looking for pthread.h - found\n'}
[4.892051] (uav_utils) StdoutLine: {'line': b'-- Performing Test CMAKE_HAVE_LIBC_PTHREAD\n'}
[4.934894] (-) TimerEvent: {}
[5.036006] (-) TimerEvent: {}
[5.055306] (uav_utils) StdoutLine: {'line': b'-- Performing Test CMAKE_HAVE_LIBC_PTHREAD - Success\n'}
[5.059678] (uav_utils) StdoutLine: {'line': b'-- Found Threads: TRUE  \n'}
[5.136256] (-) TimerEvent: {}
[5.146553] (map_generator) StdoutLine: {'line': b"-- Checking for module 'libusb-1.0'\n"}
[5.152685] (plan_env) StdoutLine: {'line': b"-- Checking for module 'libusb-1.0'\n"}
[5.177179] (uav_utils) StdoutLine: {'line': b'-- Found rclpy: 3.3.20 (/opt/ros/humble/share/rclpy/cmake)\n'}
[5.177774] (uav_utils) StdoutLine: {'line': b'-- Found cmake_utils: 0.0.0 (/root/colcon_ws/install/cmake_utils/share/cmake_utils/cmake)\n'}
[5.198223] (map_generator) StdoutLine: {'line': b'--   Found libusb-1.0, version 1.0.25\n'}
[5.208869] (plan_env) StdoutLine: {'line': b'--   Found libusb-1.0, version 1.0.25\n'}
[5.236548] (-) TimerEvent: {}
[5.337483] (-) TimerEvent: {}
[5.338137] (map_generator) StdoutLine: {'line': b'-- Found libusb: /usr/lib/aarch64-linux-gnu/libusb-1.0.so  \n'}
[5.339846] (map_generator) StdoutLine: {'line': b'-- OpenNI found (version: 1.5.4.0, include: /usr/include/ni, lib: /usr/lib/libOpenNI.so;libusb::libusb)\n'}
[5.340184] (plan_env) StdoutLine: {'line': b'-- Found libusb: /usr/lib/aarch64-linux-gnu/libusb-1.0.so  \n'}
[5.342761] (plan_env) StdoutLine: {'line': b'-- OpenNI found (version: 1.5.4.0, include: /usr/include/ni, lib: /usr/lib/libOpenNI.so;libusb::libusb)\n'}
[5.376518] (uav_utils) StdoutLine: {'line': b'-- Configuring done\n'}
[5.388260] (uav_utils) StdoutLine: {'line': b'-- Generating done\n'}
[5.392589] (uav_utils) StdoutLine: {'line': b'-- Build files have been written to: /root/colcon_ws/build/uav_utils\n'}
[5.418132] (quadrotor_msgs) StdoutLine: {'line': b'[  1%] \x1b[34m\x1b[1mGenerating C code for ROS interfaces\x1b[0m\n'}
[5.418651] (quadrotor_msgs) StdoutLine: {'line': b'[  1%] \x1b[34m\x1b[1mGenerating C++ code for ROS interfaces\x1b[0m\n'}
[5.418786] (quadrotor_msgs) StdoutLine: {'line': b'[  1%] Built target ament_cmake_python_copy_quadrotor_msgs\n'}
[5.418898] (quadrotor_msgs) StdoutLine: {'line': b'running egg_info\n'}
[5.419001] (quadrotor_msgs) StdoutLine: {'line': b'creating quadrotor_msgs.egg-info\n'}
[5.419099] (quadrotor_msgs) StdoutLine: {'line': b'writing quadrotor_msgs.egg-info/PKG-INFO\n'}
[5.419194] (quadrotor_msgs) StdoutLine: {'line': b'writing dependency_links to quadrotor_msgs.egg-info/dependency_links.txt\n'}
[5.419286] (quadrotor_msgs) StdoutLine: {'line': b'writing top-level names to quadrotor_msgs.egg-info/top_level.txt\n'}
[5.419376] (quadrotor_msgs) StdoutLine: {'line': b"writing manifest file 'quadrotor_msgs.egg-info/SOURCES.txt'\n"}
[5.419465] (quadrotor_msgs) StdoutLine: {'line': b"reading manifest file 'quadrotor_msgs.egg-info/SOURCES.txt'\n"}
[5.419551] (quadrotor_msgs) StdoutLine: {'line': b"writing manifest file 'quadrotor_msgs.egg-info/SOURCES.txt'\n"}
[5.419638] (quadrotor_msgs) StdoutLine: {'line': b'[  1%] Built target ament_cmake_python_build_quadrotor_msgs_egg\n'}
[5.422522] (uav_utils) CommandEnded: {'returncode': 0}
[5.423273] (uav_utils) JobProgress: {'identifier': 'uav_utils', 'progress': 'build'}
[5.423329] (uav_utils) Command: {'cmd': ['/usr/bin/cmake', '--build', '/root/colcon_ws/build/uav_utils', '--', '-j8', '-l8'], 'cwd': '/root/colcon_ws/build/uav_utils', 'env': OrderedDict([('LESSOPEN', '| /usr/bin/lesspipe %s'), ('HOSTNAME', 'tegra-ubuntu'), ('SHLVL', '1'), ('LD_LIBRARY_PATH', '/root/colcon_ws/install/lib:/opt/ros/humble/opt/rviz_ogre_vendor/lib:/opt/ros/humble/lib/aarch64-linux-gnu:/opt/ros/humble/lib'), ('HOME', '/root'), ('OLDPWD', '/root/colcon_ws'), ('ROS_PYTHON_VERSION', '3'), ('COLCON_PREFIX_PATH', '/root/colcon_ws/install'), ('ROS_DISTRO', 'humble'), ('_', '/usr/bin/colcon'), ('ROS_VERSION', '2'), ('TERM', 'xterm'), ('GAZEBO_MODEL_PATH', '/root/colcon_ws/src:'), ('ROS_LOCALHOST_ONLY', '0'), ('PATH', '/opt/ros/humble/bin:/usr/local/sbin:/usr/local/bin:/usr/sbin:/usr/bin:/sbin:/bin'), ('DISPLAY', ':0'), ('LANG', 'C.UTF-8'), ('LS_COLORS', 'rs=0:di=01;34:ln=01;36:mh=00:pi=40;33:so=01;35:do=01;35:bd=40;33;01:cd=40;33;01:or=40;31;01:mi=00:su=37;41:sg=30;43:ca=30;41:tw=30;42:ow=34;42:st=37;44:ex=01;32:*.tar=01;31:*.tgz=01;31:*.arc=01;31:*.arj=01;31:*.taz=01;31:*.lha=01;31:*.lz4=01;31:*.lzh=01;31:*.lzma=01;31:*.tlz=01;31:*.txz=01;31:*.tzo=01;31:*.t7z=01;31:*.zip=01;31:*.z=01;31:*.dz=01;31:*.gz=01;31:*.lrz=01;31:*.lz=01;31:*.lzo=01;31:*.xz=01;31:*.zst=01;31:*.tzst=01;31:*.bz2=01;31:*.bz=01;31:*.tbz=01;31:*.tbz2=01;31:*.tz=01;31:*.deb=01;31:*.rpm=01;31:*.jar=01;31:*.war=01;31:*.ear=01;31:*.sar=01;31:*.rar=01;31:*.alz=01;31:*.ace=01;31:*.zoo=01;31:*.cpio=01;31:*.7z=01;31:*.rz=01;31:*.cab=01;31:*.wim=01;31:*.swm=01;31:*.dwm=01;31:*.esd=01;31:*.jpg=01;35:*.jpeg=01;35:*.mjpg=01;35:*.mjpeg=01;35:*.gif=01;35:*.bmp=01;35:*.pbm=01;35:*.pgm=01;35:*.ppm=01;35:*.tga=01;35:*.xbm=01;35:*.xpm=01;35:*.tif=01;35:*.tiff=01;35:*.png=01;35:*.svg=01;35:*.svgz=01;35:*.mng=01;35:*.pcx=01;35:*.mov=01;35:*.mpg=01;35:*.mpeg=01;35:*.m2v=01;35:*.mkv=01;35:*.webm=01;35:*.webp=01;35:*.ogm=01;35:*.mp4=01;35:*.m4v=01;35:*.mp4v=01;35:*.vob=01;35:*.qt=01;35:*.nuv=01;35:*.wmv=01;35:*.asf=01;35:*.rm=01;35:*.rmvb=01;35:*.flc=01;35:*.avi=01;35:*.fli=01;35:*.flv=01;35:*.gl=01;35:*.dl=01;35:*.xcf=01;35:*.xwd=01;35:*.yuv=01;35:*.cgm=01;35:*.emf=01;35:*.ogv=01;35:*.ogx=01;35:*.aac=00;36:*.au=00;36:*.flac=00;36:*.m4a=00;36:*.mid=00;36:*.midi=00;36:*.mka=00;36:*.mp3=00;36:*.mpc=00;36:*.ogg=00;36:*.ra=00;36:*.wav=00;36:*.oga=00;36:*.opus=00;36:*.spx=00;36:*.xspf=00;36:'), ('ROS_DOMAIN_ID', '0'), ('AMENT_PREFIX_PATH', '/root/colcon_ws/install/cmake_utils:/opt/ros/humble'), ('DEBIAN_FRONTEND', 'noninteractive'), ('COLCON_WS', '/root/colcon_ws'), ('LESSCLOSE', '/usr/bin/lesspipe %s %s'), ('PWD', '/root/colcon_ws/build/uav_utils'), ('LC_ALL', 'C.UTF-8'), ('GAZEBO_PLUGIN_PATH', '/root/colcon_ws/install/lib:'), ('PYTHONPATH', '/opt/ros/humble/lib/python3.10/site-packages:/opt/ros/humble/local/lib/python3.10/dist-packages'), ('COLCON', '1'), ('CMAKE_PREFIX_PATH', '/root/colcon_ws/install/cmake_utils:/opt/ros/humble')]), 'shell': False}
[5.437645] (-) TimerEvent: {}
[5.505243] (map_generator) StdoutLine: {'line': b'-- OpenNI2 found (version: 2.2.0.33, include: /usr/include/openni2, lib: /usr/lib/aarch64-linux-gnu/libOpenNI2.so;libusb::libusb)\n'}
[5.523838] (plan_env) StdoutLine: {'line': b'-- OpenNI2 found (version: 2.2.0.33, include: /usr/include/openni2, lib: /usr/lib/aarch64-linux-gnu/libOpenNI2.so;libusb::libusb)\n'}
[5.537851] (-) TimerEvent: {}
[5.639074] (-) TimerEvent: {}
[5.739736] (-) TimerEvent: {}
[5.813134] (map_generator) StdoutLine: {'line': b'-- Eigen found (include: /usr/include/eigen3, version: 3.4.0)\n'}
[5.829020] (map_generator) StdoutLine: {'line': b'-- OpenNI found (version: 1.5.4.0, include: /usr/include/ni, lib: /usr/lib/libOpenNI.so;libusb::libusb)\n'}
[5.839933] (-) TimerEvent: {}
[5.840526] (plan_env) StdoutLine: {'line': b'-- Eigen found (include: /usr/include/eigen3, version: 3.4.0)\n'}
[5.845503] (map_generator) StdoutLine: {'line': b'-- OpenNI2 found (version: 2.2.0.33, include: /usr/include/openni2, lib: /usr/lib/aarch64-linux-gnu/libOpenNI2.so;libusb::libusb)\n'}
[5.853815] (plan_env) StdoutLine: {'line': b'-- OpenNI found (version: 1.5.4.0, include: /usr/include/ni, lib: /usr/lib/libOpenNI.so;libusb::libusb)\n'}
[5.870674] (plan_env) StdoutLine: {'line': b'-- OpenNI2 found (version: 2.2.0.33, include: /usr/include/openni2, lib: /usr/lib/aarch64-linux-gnu/libOpenNI2.so;libusb::libusb)\n'}
[5.876656] (poly_traj) StderrLine: {'line': b'In file included from \x1b[01m\x1b[K/root/colcon_ws/src/Fast-Planner/fast_planner/poly_traj/src/polynomial_traj.cpp:27\x1b[m\x1b[K:\n'}
[5.877185] (poly_traj) StderrLine: {'line': b'\x1b[01m\x1b[K/root/colcon_ws/src/Fast-Planner/fast_planner/poly_traj/include/poly_traj/polynomial_traj.h:\x1b[m\x1b[K In member function \xe2\x80\x98\x1b[01m\x1b[Kvoid PolynomialTraj::init()\x1b[m\x1b[K\xe2\x80\x99:\n'}
[5.877322] (poly_traj) StderrLine: {'line': b'\x1b[01m\x1b[K/root/colcon_ws/src/Fast-Planner/fast_planner/poly_traj/include/poly_traj/polynomial_traj.h:66:23:\x1b[m\x1b[K \x1b[01;35m\x1b[Kwarning: \x1b[m\x1b[Kcomparison of integer expressions of different signedness: \xe2\x80\x98\x1b[01m\x1b[Kint\x1b[m\x1b[K\xe2\x80\x99 and \xe2\x80\x98\x1b[01m\x1b[Kstd::vector<double>::size_type\x1b[m\x1b[K\xe2\x80\x99 {aka \xe2\x80\x98\x1b[01m\x1b[Klong unsigned int\x1b[m\x1b[K\xe2\x80\x99} [\x1b[01;35m\x1b[K-Wsign-compare\x1b[m\x1b[K]\n'}
[5.877472] (poly_traj) StderrLine: {'line': b'   66 |     for (int i = 0; \x1b[01;35m\x1b[Ki < times.size()\x1b[m\x1b[K; ++i) {\n'}
[5.877577] (poly_traj) StderrLine: {'line': b'      |                     \x1b[01;35m\x1b[K~~^~~~~~~~~~~~~~\x1b[m\x1b[K\n'}
[5.940132] (-) TimerEvent: {}
[5.948340] (poly_traj) StderrLine: {'line': b'\x1b[01m\x1b[K/root/colcon_ws/src/Fast-Planner/fast_planner/poly_traj/include/poly_traj/polynomial_traj.h:\x1b[m\x1b[K In member function \xe2\x80\x98\x1b[01m\x1b[Kdouble PolynomialTraj::getLength()\x1b[m\x1b[K\xe2\x80\x99:\n'}
[5.948798] (poly_traj) StderrLine: {'line': b'\x1b[01m\x1b[K/root/colcon_ws/src/Fast-Planner/fast_planner/poly_traj/include/poly_traj/polynomial_traj.h:168:23:\x1b[m\x1b[K \x1b[01;35m\x1b[Kwarning: \x1b[m\x1b[Kcomparison of integer expressions of different signedness: \xe2\x80\x98\x1b[01m\x1b[Kint\x1b[m\x1b[K\xe2\x80\x99 and \xe2\x80\x98\x1b[01m\x1b[Kstd::vector<Eigen::Matrix<double, 3, 1> >::size_type\x1b[m\x1b[K\xe2\x80\x99 {aka \xe2\x80\x98\x1b[01m\x1b[Klong unsigned int\x1b[m\x1b[K\xe2\x80\x99} [\x1b[01;35m\x1b[K-Wsign-compare\x1b[m\x1b[K]\n'}
[5.948970] (poly_traj) StderrLine: {'line': b'  168 |     for (int i = 1; \x1b[01;35m\x1b[Ki < traj_vec3d.size()\x1b[m\x1b[K; ++i) {\n'}
[5.949078] (poly_traj) StderrLine: {'line': b'      |                     \x1b[01;35m\x1b[K~~^~~~~~~~~~~~~~~~~~~\x1b[m\x1b[K\n'}
[5.976573] (poly_traj) StderrLine: {'line': b'\x1b[01m\x1b[K/root/colcon_ws/src/Fast-Planner/fast_planner/poly_traj/include/poly_traj/polynomial_traj.h:\x1b[m\x1b[K In member function \xe2\x80\x98\x1b[01m\x1b[Kdouble PolynomialTraj::getMeanVel()\x1b[m\x1b[K\xe2\x80\x99:\n'}
[5.977074] (poly_traj) StderrLine: {'line': b'\x1b[01m\x1b[K/root/colcon_ws/src/Fast-Planner/fast_planner/poly_traj/include/poly_traj/polynomial_traj.h:177:12:\x1b[m\x1b[K \x1b[01;35m\x1b[Kwarning: \x1b[m\x1b[Kunused variable \xe2\x80\x98\x1b[01m\x1b[Kmean_vel\x1b[m\x1b[K\xe2\x80\x99 [\x1b[01;35m\x1b[K-Wunused-variable\x1b[m\x1b[K]\n'}
[5.977317] (poly_traj) StderrLine: {'line': b'  177 |     double \x1b[01;35m\x1b[Kmean_vel\x1b[m\x1b[K = length / time_sum;\n'}
[5.977433] (poly_traj) StderrLine: {'line': b'      |            \x1b[01;35m\x1b[K^~~~~~~~\x1b[m\x1b[K\n'}
[5.977533] (poly_traj) StderrLine: {'line': b'\x1b[01m\x1b[K/root/colcon_ws/src/Fast-Planner/fast_planner/poly_traj/include/poly_traj/polynomial_traj.h:178:3:\x1b[m\x1b[K \x1b[01;35m\x1b[Kwarning: \x1b[m\x1b[Kno return statement in function returning non-void [\x1b[01;35m\x1b[K-Wreturn-type\x1b[m\x1b[K]\n'}
[5.977631] (poly_traj) StderrLine: {'line': b'  178 |   \x1b[01;35m\x1b[K}\x1b[m\x1b[K\n'}
[5.977721] (poly_traj) StderrLine: {'line': b'      |   \x1b[01;35m\x1b[K^\x1b[m\x1b[K\n'}
[5.977808] (poly_traj) StderrLine: {'line': b'\x1b[01m\x1b[K/root/colcon_ws/src/Fast-Planner/fast_planner/poly_traj/include/poly_traj/polynomial_traj.h:\x1b[m\x1b[K In member function \xe2\x80\x98\x1b[01m\x1b[Kdouble PolynomialTraj::getAccCost()\x1b[m\x1b[K\xe2\x80\x99:\n'}
[5.977899] (poly_traj) StderrLine: {'line': b'\x1b[01m\x1b[K/root/colcon_ws/src/Fast-Planner/fast_planner/poly_traj/include/poly_traj/polynomial_traj.h:184:23:\x1b[m\x1b[K \x1b[01;35m\x1b[Kwarning: \x1b[m\x1b[Kcomparison of integer expressions of different signedness: \xe2\x80\x98\x1b[01m\x1b[Kint\x1b[m\x1b[K\xe2\x80\x99 and \xe2\x80\x98\x1b[01m\x1b[Kstd::vector<double>::size_type\x1b[m\x1b[K\xe2\x80\x99 {aka \xe2\x80\x98\x1b[01m\x1b[Klong unsigned int\x1b[m\x1b[K\xe2\x80\x99} [\x1b[01;35m\x1b[K-Wsign-compare\x1b[m\x1b[K]\n'}
[5.977995] (poly_traj) StderrLine: {'line': b'  184 |     for (int s = 0; \x1b[01;35m\x1b[Ks < times.size()\x1b[m\x1b[K; ++s) {\n'}
[5.978084] (poly_traj) StderrLine: {'line': b'      |                     \x1b[01;35m\x1b[K~~^~~~~~~~~~~~~~\x1b[m\x1b[K\n'}
[5.979044] (poly_traj) StderrLine: {'line': b'\x1b[01m\x1b[K/root/colcon_ws/src/Fast-Planner/fast_planner/poly_traj/include/poly_traj/polynomial_traj.h:\x1b[m\x1b[K In member function \xe2\x80\x98\x1b[01m\x1b[Kdouble PolynomialTraj::getJerk()\x1b[m\x1b[K\xe2\x80\x99:\n'}
[5.979301] (poly_traj) StderrLine: {'line': b'\x1b[01m\x1b[K/root/colcon_ws/src/Fast-Planner/fast_planner/poly_traj/include/poly_traj/polynomial_traj.h:197:23:\x1b[m\x1b[K \x1b[01;35m\x1b[Kwarning: \x1b[m\x1b[Kcomparison of integer expressions of different signedness: \xe2\x80\x98\x1b[01m\x1b[Kint\x1b[m\x1b[K\xe2\x80\x99 and \xe2\x80\x98\x1b[01m\x1b[Kstd::vector<double>::size_type\x1b[m\x1b[K\xe2\x80\x99 {aka \xe2\x80\x98\x1b[01m\x1b[Klong unsigned int\x1b[m\x1b[K\xe2\x80\x99} [\x1b[01;35m\x1b[K-Wsign-compare\x1b[m\x1b[K]\n'}
[5.979414] (poly_traj) StderrLine: {'line': b'  197 |     for (int s = 0; \x1b[01;35m\x1b[Ks < times.size()\x1b[m\x1b[K; ++s) {\n'}
[5.979506] (poly_traj) StderrLine: {'line': b'      |                     \x1b[01;35m\x1b[K~~^~~~~~~~~~~~~~\x1b[m\x1b[K\n'}
[6.040369] (-) TimerEvent: {}
[6.064658] (poly_traj) StderrLine: {'line': b'\x1b[01m\x1b[K/root/colcon_ws/src/Fast-Planner/fast_planner/poly_traj/include/poly_traj/polynomial_traj.h:212:94:\x1b[m\x1b[K \x1b[01;31m\x1b[Kerror: \x1b[m\x1b[Kno match for \xe2\x80\x98\x1b[01m\x1b[Koperator=\x1b[m\x1b[K\xe2\x80\x99 (operand types are \xe2\x80\x98\x1b[01m\x1b[KEigen::internal::enable_if<true, Eigen::IndexedView<Eigen::Matrix<double, -1, -1>, double, double> >::type\x1b[m\x1b[K\xe2\x80\x99 {aka \xe2\x80\x98\x1b[01m\x1b[KEigen::IndexedView<Eigen::Matrix<double, -1, -1>, double, double>\x1b[m\x1b[K\xe2\x80\x99} and \xe2\x80\x98\x1b[01m\x1b[Kdouble\x1b[m\x1b[K\xe2\x80\x99)\n'}
[6.065225] (poly_traj) StderrLine: {'line': b'  212 |  (i - 1) * (i - 2) * j * (j - 1) * (j - 2) * pow(ts, i + j - 5) / (i + j - 5\x1b[01;31m\x1b[K)\x1b[m\x1b[K;\n'}
[6.065620] (poly_traj) StderrLine: {'line': b'      |                                                                             \x1b[01;31m\x1b[K^\x1b[m\x1b[K\n'}
[6.065939] (poly_traj) StderrLine: {'line': b'\n'}
[6.066115] (poly_traj) StderrLine: {'line': b'In file included from \x1b[01m\x1b[K/usr/include/eigen3/Eigen/Core:273\x1b[m\x1b[K,\n'}
[6.066409] (poly_traj) StderrLine: {'line': b'                 from \x1b[01m\x1b[K/usr/include/eigen3/Eigen/Dense:1\x1b[m\x1b[K,\n'}
[6.066572] (poly_traj) StderrLine: {'line': b'                 from \x1b[01m\x1b[K/usr/include/eigen3/Eigen/Eigen:1\x1b[m\x1b[K,\n'}
[6.066693] (poly_traj) StderrLine: {'line': b'                 from \x1b[01m\x1b[K/root/colcon_ws/src/Fast-Planner/fast_planner/poly_traj/include/poly_traj/polynomial_traj.h:29\x1b[m\x1b[K,\n'}
[6.066793] (poly_traj) StderrLine: {'line': b'                 from \x1b[01m\x1b[K/root/colcon_ws/src/Fast-Planner/fast_planner/poly_traj/src/polynomial_traj.cpp:27\x1b[m\x1b[K:\n'}
[6.066884] (poly_traj) StderrLine: {'line': b'\x1b[01m\x1b[K/usr/include/eigen3/Eigen/src/Core/MatrixBase.h:154:14:\x1b[m\x1b[K \x1b[01;36m\x1b[Knote: \x1b[m\x1b[Kcandidate: \xe2\x80\x98\x1b[01m\x1b[Ktemplate<class OtherDerived> Derived& Eigen::MatrixBase<Derived>::operator=(const Eigen::ReturnByValue<OtherDerived>&) [with OtherDerived = OtherDerived; Derived = Eigen::IndexedView<Eigen::Matrix<double, -1, -1>, double, double>]\x1b[m\x1b[K\xe2\x80\x99\n'}
[6.067179] (poly_traj) StderrLine: {'line': b'  154 |     Derived& \x1b[01;36m\x1b[Koperator\x1b[m\x1b[K=(const ReturnByValue<OtherDerived>& other);\n'}
[6.067418] (poly_traj) StderrLine: {'line': b'      |              \x1b[01;36m\x1b[K^~~~~~~~\x1b[m\x1b[K\n'}
[6.067552] (poly_traj) StderrLine: {'line': b'\x1b[01m\x1b[K/usr/include/eigen3/Eigen/src/Core/MatrixBase.h:154:14:\x1b[m\x1b[K \x1b[01;36m\x1b[Knote: \x1b[m\x1b[K  template argument deduction/substitution failed:\n'}
[6.067756] (poly_traj) StderrLine: {'line': b'In file included from \x1b[01m\x1b[K/root/colcon_ws/src/Fast-Planner/fast_planner/poly_traj/src/polynomial_traj.cpp:27\x1b[m\x1b[K:\n'}
[6.068044] (poly_traj) StderrLine: {'line': b'\x1b[01m\x1b[K/root/colcon_ws/src/Fast-Planner/fast_planner/poly_traj/include/poly_traj/polynomial_traj.h:212:94:\x1b[m\x1b[K \x1b[01;36m\x1b[Knote: \x1b[m\x1b[K  mismatched types \xe2\x80\x98\x1b[01m\x1b[Kconst Eigen::ReturnByValue<Derived>\x1b[m\x1b[K\xe2\x80\x99 and \xe2\x80\x98\x1b[01m\x1b[Kdouble\x1b[m\x1b[K\xe2\x80\x99\n'}
[6.068268] (poly_traj) StderrLine: {'line': b'  212 |  (i - 1) * (i - 2) * j * (j - 1) * (j - 2) * pow(ts, i + j - 5) / (i + j - 5\x1b[01;36m\x1b[K)\x1b[m\x1b[K;\n'}
[6.068383] (poly_traj) StderrLine: {'line': b'      |                                                                             \x1b[01;36m\x1b[K^\x1b[m\x1b[K\n'}
[6.068475] (poly_traj) StderrLine: {'line': b'\n'}
[6.068564] (poly_traj) StderrLine: {'line': b'In file included from \x1b[01m\x1b[K/usr/include/eigen3/Eigen/Core:273\x1b[m\x1b[K,\n'}
[6.068685] (poly_traj) StderrLine: {'line': b'                 from \x1b[01m\x1b[K/usr/include/eigen3/Eigen/Dense:1\x1b[m\x1b[K,\n'}
[6.068775] (poly_traj) StderrLine: {'line': b'                 from \x1b[01m\x1b[K/usr/include/eigen3/Eigen/Eigen:1\x1b[m\x1b[K,\n'}
[6.068862] (poly_traj) StderrLine: {'line': b'                 from \x1b[01m\x1b[K/root/colcon_ws/src/Fast-Planner/fast_planner/poly_traj/include/poly_traj/polynomial_traj.h:29\x1b[m\x1b[K,\n'}
[6.068952] (poly_traj) StderrLine: {'line': b'                 from \x1b[01m\x1b[K/root/colcon_ws/src/Fast-Planner/fast_planner/poly_traj/src/polynomial_traj.cpp:27\x1b[m\x1b[K:\n'}
[6.069058] (poly_traj) StderrLine: {'line': b'\x1b[01m\x1b[K/usr/include/eigen3/Eigen/src/Core/MatrixBase.h:150:14:\x1b[m\x1b[K \x1b[01;36m\x1b[Knote: \x1b[m\x1b[Kcandidate: \xe2\x80\x98\x1b[01m\x1b[Ktemplate<class OtherDerived> Derived& Eigen::MatrixBase<Derived>::operator=(const Eigen::EigenBase<OtherDerived>&) [with OtherDerived = OtherDerived; Derived = Eigen::IndexedView<Eigen::Matrix<double, -1, -1>, double, double>]\x1b[m\x1b[K\xe2\x80\x99\n'}
[6.069177] (poly_traj) StderrLine: {'line': b'  150 |     Derived& \x1b[01;36m\x1b[Koperator\x1b[m\x1b[K=(const EigenBase<OtherDerived>& other);\n'}
[6.069267] (poly_traj) StderrLine: {'line': b'      |              \x1b[01;36m\x1b[K^~~~~~~~\x1b[m\x1b[K\n'}
[6.069351] (poly_traj) StderrLine: {'line': b'\x1b[01m\x1b[K/usr/include/eigen3/Eigen/src/Core/MatrixBase.h:150:14:\x1b[m\x1b[K \x1b[01;36m\x1b[Knote: \x1b[m\x1b[K  template argument deduction/substitution failed:\n'}
[6.069435] (poly_traj) StderrLine: {'line': b'In file included from \x1b[01m\x1b[K/root/colcon_ws/src/Fast-Planner/fast_planner/poly_traj/src/polynomial_traj.cpp:27\x1b[m\x1b[K:\n'}
[6.069517] (poly_traj) StderrLine: {'line': b'\x1b[01m\x1b[K/root/colcon_ws/src/Fast-Planner/fast_planner/poly_traj/include/poly_traj/polynomial_traj.h:212:94:\x1b[m\x1b[K \x1b[01;36m\x1b[Knote: \x1b[m\x1b[K  mismatched types \xe2\x80\x98\x1b[01m\x1b[Kconst Eigen::EigenBase<Derived>\x1b[m\x1b[K\xe2\x80\x99 and \xe2\x80\x98\x1b[01m\x1b[Kdouble\x1b[m\x1b[K\xe2\x80\x99\n'}
[6.069607] (poly_traj) StderrLine: {'line': b'  212 |  (i - 1) * (i - 2) * j * (j - 1) * (j - 2) * pow(ts, i + j - 5) / (i + j - 5\x1b[01;36m\x1b[K)\x1b[m\x1b[K;\n'}
[6.069692] (poly_traj) StderrLine: {'line': b'      |                                                                             \x1b[01;36m\x1b[K^\x1b[m\x1b[K\n'}
[6.069776] (poly_traj) StderrLine: {'line': b'\n'}
[6.069859] (poly_traj) StderrLine: {'line': b'In file included from \x1b[01m\x1b[K/usr/include/eigen3/Eigen/Core:273\x1b[m\x1b[K,\n'}
[6.069941] (poly_traj) StderrLine: {'line': b'                 from \x1b[01m\x1b[K/usr/include/eigen3/Eigen/Dense:1\x1b[m\x1b[K,\n'}
[6.070024] (poly_traj) StderrLine: {'line': b'                 from \x1b[01m\x1b[K/usr/include/eigen3/Eigen/Eigen:1\x1b[m\x1b[K,\n'}
[6.070109] (poly_traj) StderrLine: {'line': b'                 from \x1b[01m\x1b[K/root/colcon_ws/src/Fast-Planner/fast_planner/poly_traj/include/poly_traj/polynomial_traj.h:29\x1b[m\x1b[K,\n'}
[6.070219] (poly_traj) StderrLine: {'line': b'                 from \x1b[01m\x1b[K/root/colcon_ws/src/Fast-Planner/fast_planner/poly_traj/src/polynomial_traj.cpp:27\x1b[m\x1b[K:\n'}
[6.070307] (poly_traj) StderrLine: {'line': b'\x1b[01m\x1b[K/usr/include/eigen3/Eigen/src/Core/MatrixBase.h:146:14:\x1b[m\x1b[K \x1b[01;36m\x1b[Knote: \x1b[m\x1b[Kcandidate: \xe2\x80\x98\x1b[01m\x1b[Ktemplate<class OtherDerived> Derived& Eigen::MatrixBase<Derived>::operator=(const Eigen::DenseBase<OtherDerived>&) [with OtherDerived = OtherDerived; Derived = Eigen::IndexedView<Eigen::Matrix<double, -1, -1>, double, double>]\x1b[m\x1b[K\xe2\x80\x99\n'}
[6.070435] (poly_traj) StderrLine: {'line': b'  146 |     Derived& \x1b[01;36m\x1b[Koperator\x1b[m\x1b[K=(const DenseBase<OtherDerived>& other);\n'}
[6.070529] (poly_traj) StderrLine: {'line': b'      |              \x1b[01;36m\x1b[K^~~~~~~~\x1b[m\x1b[K\n'}
[6.070615] (poly_traj) StderrLine: {'line': b'\x1b[01m\x1b[K/usr/include/eigen3/Eigen/src/Core/MatrixBase.h:146:14:\x1b[m\x1b[K \x1b[01;36m\x1b[Knote: \x1b[m\x1b[K  template argument deduction/substitution failed:\n'}
[6.070699] (poly_traj) StderrLine: {'line': b'In file included from \x1b[01m\x1b[K/root/colcon_ws/src/Fast-Planner/fast_planner/poly_traj/src/polynomial_traj.cpp:27\x1b[m\x1b[K:\n'}
[6.070783] (poly_traj) StderrLine: {'line': b'\x1b[01m\x1b[K/root/colcon_ws/src/Fast-Planner/fast_planner/poly_traj/include/poly_traj/polynomial_traj.h:212:94:\x1b[m\x1b[K \x1b[01;36m\x1b[Knote: \x1b[m\x1b[K  mismatched types \xe2\x80\x98\x1b[01m\x1b[Kconst Eigen::DenseBase<Derived>\x1b[m\x1b[K\xe2\x80\x99 and \xe2\x80\x98\x1b[01m\x1b[Kdouble\x1b[m\x1b[K\xe2\x80\x99\n'}
[6.070888] (poly_traj) StderrLine: {'line': b'  212 |  (i - 1) * (i - 2) * j * (j - 1) * (j - 2) * pow(ts, i + j - 5) / (i + j - 5\x1b[01;36m\x1b[K)\x1b[m\x1b[K;\n'}
[6.070974] (poly_traj) StderrLine: {'line': b'      |                                                                             \x1b[01;36m\x1b[K^\x1b[m\x1b[K\n'}
[6.071057] (poly_traj) StderrLine: {'line': b'\n'}
[6.071142] (poly_traj) StderrLine: {'line': b'In file included from \x1b[01m\x1b[K/usr/include/eigen3/Eigen/Core:19\x1b[m\x1b[K,\n'}
[6.071226] (poly_traj) StderrLine: {'line': b'                 from \x1b[01m\x1b[K/usr/include/eigen3/Eigen/Dense:1\x1b[m\x1b[K,\n'}
[6.071310] (poly_traj) StderrLine: {'line': b'                 from \x1b[01m\x1b[K/usr/include/eigen3/Eigen/Eigen:1\x1b[m\x1b[K,\n'}
[6.071395] (poly_traj) StderrLine: {'line': b'                 from \x1b[01m\x1b[K/root/colcon_ws/src/Fast-Planner/fast_planner/poly_traj/include/poly_traj/polynomial_traj.h:29\x1b[m\x1b[K,\n'}
[6.071479] (poly_traj) StderrLine: {'line': b'                 from \x1b[01m\x1b[K/root/colcon_ws/src/Fast-Planner/fast_planner/poly_traj/src/polynomial_traj.cpp:27\x1b[m\x1b[K:\n'}
[6.071569] (poly_traj) StderrLine: {'line': b'\x1b[01m\x1b[K/usr/include/eigen3/Eigen/src/Core/util/Macros.h:1205:52:\x1b[m\x1b[K \x1b[01;36m\x1b[Knote: \x1b[m\x1b[Kcandidate: \xe2\x80\x98\x1b[01m\x1b[KEigen::IndexedView<XprType, RowIndices, ColIndices>& Eigen::IndexedView<XprType, RowIndices, ColIndices>::operator=(const Eigen::IndexedView<XprType, RowIndices, ColIndices>&) [with XprType = Eigen::Matrix<double, -1, -1>; RowIndices = double; ColIndices = double]\x1b[m\x1b[K\xe2\x80\x99\n'}
[6.071686] (poly_traj) StderrLine: {'line': b' 1205 |     EIGEN_DEVICE_FUNC EIGEN_STRONG_INLINE Derived& \x1b[01;36m\x1b[Koperator\x1b[m\x1b[K=(const Derived& other) \\\n'}
[6.071776] (poly_traj) StderrLine: {'line': b'      |                                                    \x1b[01;36m\x1b[K^~~~~~~~\x1b[m\x1b[K\n'}
[6.071861] (poly_traj) StderrLine: {'line': b'\x1b[01m\x1b[K/usr/include/eigen3/Eigen/src/Core/util/Macros.h:1232:5:\x1b[m\x1b[K \x1b[01;36m\x1b[Knote: \x1b[m\x1b[Kin expansion of macro \xe2\x80\x98\x1b[01m\x1b[KEIGEN_INHERIT_ASSIGNMENT_EQUAL_OPERATOR\x1b[m\x1b[K\xe2\x80\x99\n'}
[6.071950] (poly_traj) StderrLine: {'line': b' 1232 |     \x1b[01;36m\x1b[KEIGEN_INHERIT_ASSIGNMENT_EQUAL_OPERATOR\x1b[m\x1b[K(Derived) \\\n'}
[6.072037] (poly_traj) StderrLine: {'line': b'      |     \x1b[01;36m\x1b[K^~~~~~~~~~~~~~~~~~~~~~~~~~~~~~~~~~~~~~~\x1b[m\x1b[K\n'}
[6.072121] (poly_traj) StderrLine: {'line': b'\x1b[01m\x1b[K/usr/include/eigen3/Eigen/src/Core/IndexedView.h:114:3:\x1b[m\x1b[K \x1b[01;36m\x1b[Knote: \x1b[m\x1b[Kin expansion of macro \xe2\x80\x98\x1b[01m\x1b[KEIGEN_INHERIT_ASSIGNMENT_OPERATORS\x1b[m\x1b[K\xe2\x80\x99\n'}
[6.073571] (poly_traj) StderrLine: {'line': b'  114 |   \x1b[01;36m\x1b[KEIGEN_INHERIT_ASSIGNMENT_OPERATORS\x1b[m\x1b[K(IndexedView)\n'}
[6.073871] (poly_traj) StderrLine: {'line': b'      |   \x1b[01;36m\x1b[K^~~~~~~~~~~~~~~~~~~~~~~~~~~~~~~~~~\x1b[m\x1b[K\n'}
[6.073985] (poly_traj) StderrLine: {'line': b'\x1b[01m\x1b[K/usr/include/eigen3/Eigen/src/Core/util/Macros.h:1205:77:\x1b[m\x1b[K \x1b[01;36m\x1b[Knote: \x1b[m\x1b[K  no known conversion for argument 1 from \xe2\x80\x98\x1b[01m\x1b[Kdouble\x1b[m\x1b[K\xe2\x80\x99 to \xe2\x80\x98\x1b[01m\x1b[Kconst Eigen::IndexedView<Eigen::Matrix<double, -1, -1>, double, double>&\x1b[m\x1b[K\xe2\x80\x99\n'}
[6.074088] (poly_traj) StderrLine: {'line': b' 1205 | GEN_DEVICE_FUNC EIGEN_STRONG_INLINE Derived& operator=(\x1b[01;36m\x1b[Kconst Derived& other\x1b[m\x1b[K) \\\n'}
[6.074179] (poly_traj) StderrLine: {'line': b'      |                                                        \x1b[01;36m\x1b[K~~~~~~~~~~~~~~~^~~~~\x1b[m\x1b[K\n'}
[6.074266] (poly_traj) StderrLine: {'line': b'\n'}
[6.074353] (poly_traj) StderrLine: {'line': b'\x1b[01m\x1b[K/usr/include/eigen3/Eigen/src/Core/util/Macros.h:1232:5:\x1b[m\x1b[K \x1b[01;36m\x1b[Knote: \x1b[m\x1b[Kin expansion of macro \xe2\x80\x98\x1b[01m\x1b[KEIGEN_INHERIT_ASSIGNMENT_EQUAL_OPERATOR\x1b[m\x1b[K\xe2\x80\x99\n'}
[6.074477] (poly_traj) StderrLine: {'line': b' 1232 |     \x1b[01;36m\x1b[KEIGEN_INHERIT_ASSIGNMENT_EQUAL_OPERATOR\x1b[m\x1b[K(Derived) \\\n'}
[6.074565] (poly_traj) StderrLine: {'line': b'      |     \x1b[01;36m\x1b[K^~~~~~~~~~~~~~~~~~~~~~~~~~~~~~~~~~~~~~~\x1b[m\x1b[K\n'}
[6.074650] (poly_traj) StderrLine: {'line': b'\x1b[01m\x1b[K/usr/include/eigen3/Eigen/src/Core/IndexedView.h:114:3:\x1b[m\x1b[K \x1b[01;36m\x1b[Knote: \x1b[m\x1b[Kin expansion of macro \xe2\x80\x98\x1b[01m\x1b[KEIGEN_INHERIT_ASSIGNMENT_OPERATORS\x1b[m\x1b[K\xe2\x80\x99\n'}
[6.074736] (poly_traj) StderrLine: {'line': b'  114 |   \x1b[01;36m\x1b[KEIGEN_INHERIT_ASSIGNMENT_OPERATORS\x1b[m\x1b[K(IndexedView)\n'}
[6.074820] (poly_traj) StderrLine: {'line': b'      |   \x1b[01;36m\x1b[K^~~~~~~~~~~~~~~~~~~~~~~~~~~~~~~~~~\x1b[m\x1b[K\n'}
[6.074921] (poly_traj) StderrLine: {'line': b'In file included from \x1b[01m\x1b[K/usr/include/eigen3/Eigen/Core:282\x1b[m\x1b[K,\n'}
[6.075020] (poly_traj) StderrLine: {'line': b'                 from \x1b[01m\x1b[K/usr/include/eigen3/Eigen/Dense:1\x1b[m\x1b[K,\n'}
[6.075110] (poly_traj) StderrLine: {'line': b'                 from \x1b[01m\x1b[K/usr/include/eigen3/Eigen/Eigen:1\x1b[m\x1b[K,\n'}
[6.075194] (poly_traj) StderrLine: {'line': b'                 from \x1b[01m\x1b[K/root/colcon_ws/src/Fast-Planner/fast_planner/poly_traj/include/poly_traj/polynomial_traj.h:29\x1b[m\x1b[K,\n'}
[6.075279] (poly_traj) StderrLine: {'line': b'                 from \x1b[01m\x1b[K/root/colcon_ws/src/Fast-Planner/fast_planner/poly_traj/src/polynomial_traj.cpp:27\x1b[m\x1b[K:\n'}
[6.075364] (poly_traj) StderrLine: {'line': b'\x1b[01m\x1b[K/usr/include/eigen3/Eigen/src/Core/Assign.h:55:30:\x1b[m\x1b[K \x1b[01;36m\x1b[Knote: \x1b[m\x1b[Kcandidate: \xe2\x80\x98\x1b[01m\x1b[KDerived& Eigen::MatrixBase<Derived>::operator=(const Eigen::MatrixBase<Derived>&) [with Derived = Eigen::IndexedView<Eigen::Matrix<double, -1, -1>, double, double>]\x1b[m\x1b[K\xe2\x80\x99\n'}
[6.075455] (poly_traj) StderrLine: {'line': b'   55 | EIGEN_STRONG_INLINE Derived& \x1b[01;36m\x1b[KMatrixBase<Derived>\x1b[m\x1b[K::operator=(const MatrixBase& other)\n'}
[6.075542] (poly_traj) StderrLine: {'line': b'      |                              \x1b[01;36m\x1b[K^~~~~~~~~~~~~~~~~~~\x1b[m\x1b[K\n'}
[6.075626] (poly_traj) StderrLine: {'line': b'\x1b[01m\x1b[K/usr/include/eigen3/Eigen/src/Core/Assign.h:55:79:\x1b[m\x1b[K \x1b[01;36m\x1b[Knote: \x1b[m\x1b[K  no known conversion for argument 1 from \xe2\x80\x98\x1b[01m\x1b[Kdouble\x1b[m\x1b[K\xe2\x80\x99 to \xe2\x80\x98\x1b[01m\x1b[Kconst Eigen::MatrixBase<Eigen::IndexedView<Eigen::Matrix<double, -1, -1>, double, double> >&\x1b[m\x1b[K\xe2\x80\x99\n'}
[6.075715] (poly_traj) StderrLine: {'line': b'   55 | STRONG_INLINE Derived& MatrixBase<Derived>::operator=(\x1b[01;36m\x1b[Kconst MatrixBase& other\x1b[m\x1b[K)\n'}
[6.075799] (poly_traj) StderrLine: {'line': b'      |                                                       \x1b[01;36m\x1b[K~~~~~~~~~~~~~~~~~~^~~~~\x1b[m\x1b[K\n'}
[6.075881] (poly_traj) StderrLine: {'line': b'\n'}
[6.140722] (-) TimerEvent: {}
[6.148048] (map_generator) StdoutLine: {'line': b'-- Found Qhull version 8.0.2\n'}
[6.153197] (poly_traj) StderrLine: {'line': b'In file included from \x1b[01m\x1b[K/root/colcon_ws/src/Fast-Planner/fast_planner/poly_traj/src/polynomial_traj.cpp:27\x1b[m\x1b[K:\n'}
[6.153668] (poly_traj) StderrLine: {'line': b'\x1b[01m\x1b[K/root/colcon_ws/src/Fast-Planner/fast_planner/poly_traj/include/poly_traj/polynomial_traj.h:\x1b[m\x1b[K In member function \xe2\x80\x98\x1b[01m\x1b[Kvoid PolynomialTraj::getMeanAndMaxVel(double&, double&)\x1b[m\x1b[K\xe2\x80\x99:\n'}
[6.153804] (poly_traj) StderrLine: {'line': b'\x1b[01m\x1b[K/root/colcon_ws/src/Fast-Planner/fast_planner/poly_traj/include/poly_traj/polynomial_traj.h:226:23:\x1b[m\x1b[K \x1b[01;35m\x1b[Kwarning: \x1b[m\x1b[Kcomparison of integer expressions of different signedness: \xe2\x80\x98\x1b[01m\x1b[Kint\x1b[m\x1b[K\xe2\x80\x99 and \xe2\x80\x98\x1b[01m\x1b[Kstd::vector<double>::size_type\x1b[m\x1b[K\xe2\x80\x99 {aka \xe2\x80\x98\x1b[01m\x1b[Klong unsigned int\x1b[m\x1b[K\xe2\x80\x99} [\x1b[01;35m\x1b[K-Wsign-compare\x1b[m\x1b[K]\n'}
[6.153965] (poly_traj) StderrLine: {'line': b'  226 |     for (int s = 0; \x1b[01;35m\x1b[Ks < times.size()\x1b[m\x1b[K; ++s) {\n'}
[6.154082] (poly_traj) StderrLine: {'line': b'      |                     \x1b[01;35m\x1b[K~~^~~~~~~~~~~~~~\x1b[m\x1b[K\n'}
[6.159295] (poly_traj) StderrLine: {'line': b'\x1b[01m\x1b[K/root/colcon_ws/src/Fast-Planner/fast_planner/poly_traj/include/poly_traj/polynomial_traj.h:\x1b[m\x1b[K In member function \xe2\x80\x98\x1b[01m\x1b[Kvoid PolynomialTraj::getMeanAndMaxAcc(double&, double&)\x1b[m\x1b[K\xe2\x80\x99:\n'}
[6.159736] (poly_traj) StderrLine: {'line': b'\x1b[01m\x1b[K/root/colcon_ws/src/Fast-Planner/fast_planner/poly_traj/include/poly_traj/polynomial_traj.h:260:23:\x1b[m\x1b[K \x1b[01;35m\x1b[Kwarning: \x1b[m\x1b[Kcomparison of integer expressions of different signedness: \xe2\x80\x98\x1b[01m\x1b[Kint\x1b[m\x1b[K\xe2\x80\x99 and \xe2\x80\x98\x1b[01m\x1b[Kstd::vector<double>::size_type\x1b[m\x1b[K\xe2\x80\x99 {aka \xe2\x80\x98\x1b[01m\x1b[Klong unsigned int\x1b[m\x1b[K\xe2\x80\x99} [\x1b[01;35m\x1b[K-Wsign-compare\x1b[m\x1b[K]\n'}
[6.159863] (poly_traj) StderrLine: {'line': b'  260 |     for (int s = 0; \x1b[01;35m\x1b[Ks < times.size()\x1b[m\x1b[K; ++s) {\n'}
[6.159964] (poly_traj) StderrLine: {'line': b'      |                     \x1b[01;35m\x1b[K~~^~~~~~~~~~~~~~\x1b[m\x1b[K\n'}
[6.166501] (plan_env) StdoutLine: {'line': b'-- Found Qhull version 8.0.2\n'}
[6.240892] (-) TimerEvent: {}
[6.341678] (-) TimerEvent: {}
[6.442854] (-) TimerEvent: {}
[6.466094] (map_generator) StdoutLine: {'line': b'-- OpenNI found (version: 1.5.4.0, include: /usr/include/ni, lib: /usr/lib/libOpenNI.so;libusb::libusb)\n'}
[6.501053] (plan_env) StdoutLine: {'line': b'-- OpenNI found (version: 1.5.4.0, include: /usr/include/ni, lib: /usr/lib/libOpenNI.so;libusb::libusb)\n'}
[6.543057] (-) TimerEvent: {}
[6.643823] (-) TimerEvent: {}
[6.744625] (-) TimerEvent: {}
[6.789555] (map_generator) StdoutLine: {'line': b'-- Found PCL_COMMON: /usr/lib/aarch64-linux-gnu/libpcl_common.so  \n'}
[6.791518] (map_generator) StdoutLine: {'line': b'-- Found PCL_KDTREE: /usr/lib/aarch64-linux-gnu/libpcl_kdtree.so  \n'}
[6.793361] (map_generator) StdoutLine: {'line': b'-- Found PCL_OCTREE: /usr/lib/aarch64-linux-gnu/libpcl_octree.so  \n'}
[6.795237] (map_generator) StdoutLine: {'line': b'-- Found PCL_SEARCH: /usr/lib/aarch64-linux-gnu/libpcl_search.so  \n'}
[6.796688] (map_generator) StdoutLine: {'line': b'-- Found PCL_SAMPLE_CONSENSUS: /usr/lib/aarch64-linux-gnu/libpcl_sample_consensus.so  \n'}
[6.798144] (map_generator) StdoutLine: {'line': b'-- Found PCL_FILTERS: /usr/lib/aarch64-linux-gnu/libpcl_filters.so  \n'}
[6.798857] (map_generator) StdoutLine: {'line': b'-- Found PCL_2D: /usr/include/pcl-1.12  \n'}
[6.799596] (map_generator) StdoutLine: {'line': b'-- Found PCL_GEOMETRY: /usr/include/pcl-1.12  \n'}
[6.803499] (map_generator) StdoutLine: {'line': b'-- Found PCL_IO: /usr/lib/aarch64-linux-gnu/libpcl_io.so  \n'}
[6.813195] (map_generator) StdoutLine: {'line': b'-- Found PCL_FEATURES: /usr/lib/aarch64-linux-gnu/libpcl_features.so  \n'}
[6.814541] (map_generator) StdoutLine: {'line': b'-- Found PCL_ML: /usr/lib/aarch64-linux-gnu/libpcl_ml.so  \n'}
[6.815951] (map_generator) StdoutLine: {'line': b'-- Found PCL_SEGMENTATION: /usr/lib/aarch64-linux-gnu/libpcl_segmentation.so  \n'}
[6.817676] (map_generator) StdoutLine: {'line': b'-- Found PCL_VISUALIZATION: /usr/lib/aarch64-linux-gnu/libpcl_visualization.so  \n'}
[6.819229] (map_generator) StdoutLine: {'line': b'-- Found PCL_SURFACE: /usr/lib/aarch64-linux-gnu/libpcl_surface.so  \n'}
[6.820623] (map_generator) StdoutLine: {'line': b'-- Found PCL_REGISTRATION: /usr/lib/aarch64-linux-gnu/libpcl_registration.so  \n'}
[6.822094] (map_generator) StdoutLine: {'line': b'-- Found PCL_KEYPOINTS: /usr/lib/aarch64-linux-gnu/libpcl_keypoints.so  \n'}
[6.823547] (map_generator) StdoutLine: {'line': b'-- Found PCL_TRACKING: /usr/lib/aarch64-linux-gnu/libpcl_tracking.so  \n'}
[6.825404] (map_generator) StdoutLine: {'line': b'-- Found PCL_RECOGNITION: /usr/lib/aarch64-linux-gnu/libpcl_recognition.so  \n'}
[6.827061] (map_generator) StdoutLine: {'line': b'-- Found PCL_STEREO: /usr/lib/aarch64-linux-gnu/libpcl_stereo.so  \n'}
[6.828392] (map_generator) StdoutLine: {'line': b'-- Found PCL_APPS: /usr/lib/aarch64-linux-gnu/libpcl_apps.so  \n'}
[6.829790] (map_generator) StdoutLine: {'line': b'-- Found PCL_IN_HAND_SCANNER: /usr/include/pcl-1.12  \n'}
[6.830320] (map_generator) StdoutLine: {'line': b'-- Found PCL_MODELER: /usr/include/pcl-1.12  \n'}
[6.831119] (map_generator) StdoutLine: {'line': b'-- Found PCL_POINT_CLOUD_EDITOR: /usr/include/pcl-1.12  \n'}
[6.833368] (map_generator) StdoutLine: {'line': b'-- Found PCL_OUTOFCORE: /usr/lib/aarch64-linux-gnu/libpcl_outofcore.so  \n'}
[6.835104] (map_generator) StdoutLine: {'line': b'-- Found PCL_PEOPLE: /usr/lib/aarch64-linux-gnu/libpcl_people.so  \n'}
[6.839101] (map_generator) StderrLine: {'line': b'\x1b[33mCMake Warning (dev) at CMakeLists.txt:16 (find_package):\n'}
[6.839569] (map_generator) StderrLine: {'line': b'  Policy CMP0074 is not set: find_package uses <PackageName>_ROOT variables.\n'}
[6.839712] (map_generator) StderrLine: {'line': b'  Run "cmake --help-policy CMP0074" for policy details.  Use the cmake_policy\n'}
[6.839820] (map_generator) StderrLine: {'line': b'  command to set the policy and suppress this warning.\n'}
[6.839918] (map_generator) StderrLine: {'line': b'\n'}
[6.840011] (map_generator) StderrLine: {'line': b'  CMake variable PCL_ROOT is set to:\n'}
[6.840100] (map_generator) StderrLine: {'line': b'\n'}
[6.840183] (map_generator) StderrLine: {'line': b'    /usr\n'}
[6.840299] (map_generator) StderrLine: {'line': b'\n'}
[6.840387] (map_generator) StderrLine: {'line': b'  For compatibility, CMake is ignoring the variable.\n'}
[6.840473] (map_generator) StderrLine: {'line': b'This warning is for project developers.  Use -Wno-dev to suppress it.\n'}
[6.840560] (map_generator) StderrLine: {'line': b'\x1b[0m\n'}
[6.844788] (-) TimerEvent: {}
[6.894056] (plan_env) StdoutLine: {'line': b'-- Found PCL_COMMON: /usr/lib/aarch64-linux-gnu/libpcl_common.so  \n'}
[6.895729] (plan_env) StdoutLine: {'line': b'-- Found PCL_KDTREE: /usr/lib/aarch64-linux-gnu/libpcl_kdtree.so  \n'}
[6.897284] (plan_env) StdoutLine: {'line': b'-- Found PCL_OCTREE: /usr/lib/aarch64-linux-gnu/libpcl_octree.so  \n'}
[6.899272] (plan_env) StdoutLine: {'line': b'-- Found PCL_SEARCH: /usr/lib/aarch64-linux-gnu/libpcl_search.so  \n'}
[6.901292] (plan_env) StdoutLine: {'line': b'-- Found PCL_SAMPLE_CONSENSUS: /usr/lib/aarch64-linux-gnu/libpcl_sample_consensus.so  \n'}
[6.902974] (plan_env) StdoutLine: {'line': b'-- Found PCL_FILTERS: /usr/lib/aarch64-linux-gnu/libpcl_filters.so  \n'}
[6.903682] (plan_env) StdoutLine: {'line': b'-- Found PCL_2D: /usr/include/pcl-1.12  \n'}
[6.904296] (plan_env) StdoutLine: {'line': b'-- Found PCL_GEOMETRY: /usr/include/pcl-1.12  \n'}
[6.907245] (plan_env) StdoutLine: {'line': b'-- Found PCL_IO: /usr/lib/aarch64-linux-gnu/libpcl_io.so  \n'}
[6.910670] (plan_env) StdoutLine: {'line': b'-- Found PCL_FEATURES: /usr/lib/aarch64-linux-gnu/libpcl_features.so  \n'}
[6.914338] (quadrotor_msgs) StdoutLine: {'line': b'[  1%] \x1b[32mBuilding C object CMakeFiles/quadrotor_msgs__rosidl_generator_c.dir/rosidl_generator_c/quadrotor_msgs/msg/detail/corrections__functions.c.o\x1b[0m\n'}
[6.914896] (plan_env) StdoutLine: {'line': b'-- Found PCL_ML: /usr/lib/aarch64-linux-gnu/libpcl_ml.so  \n'}
[6.915171] (quadrotor_msgs) StdoutLine: {'line': b'[  2%] \x1b[32mBuilding C object CMakeFiles/quadrotor_msgs__rosidl_generator_c.dir/rosidl_generator_c/quadrotor_msgs/msg/detail/aux_command__functions.c.o\x1b[0m\n'}
[6.916568] (plan_env) StdoutLine: {'line': b'-- Found PCL_SEGMENTATION: /usr/lib/aarch64-linux-gnu/libpcl_segmentation.so  \n'}
[6.918348] (plan_env) StdoutLine: {'line': b'-- Found PCL_VISUALIZATION: /usr/lib/aarch64-linux-gnu/libpcl_visualization.so  \n'}
[6.920005] (plan_env) StdoutLine: {'line': b'-- Found PCL_SURFACE: /usr/lib/aarch64-linux-gnu/libpcl_surface.so  \n'}
[6.921716] (plan_env) StdoutLine: {'line': b'-- Found PCL_REGISTRATION: /usr/lib/aarch64-linux-gnu/libpcl_registration.so  \n'}
[6.923237] (plan_env) StdoutLine: {'line': b'-- Found PCL_KEYPOINTS: /usr/lib/aarch64-linux-gnu/libpcl_keypoints.so  \n'}
[6.924684] (plan_env) StdoutLine: {'line': b'-- Found PCL_TRACKING: /usr/lib/aarch64-linux-gnu/libpcl_tracking.so  \n'}
[6.926689] (plan_env) StdoutLine: {'line': b'-- Found PCL_RECOGNITION: /usr/lib/aarch64-linux-gnu/libpcl_recognition.so  \n'}
[6.927085] (quadrotor_msgs) StdoutLine: {'line': b'[  3%] \x1b[32mBuilding C object CMakeFiles/quadrotor_msgs__rosidl_generator_c.dir/rosidl_generator_c/quadrotor_msgs/msg/detail/gains__functions.c.o\x1b[0m\n'}
[6.928506] (plan_env) StdoutLine: {'line': b'-- Found PCL_STEREO: /usr/lib/aarch64-linux-gnu/libpcl_stereo.so  \n'}
[6.929860] (plan_env) StdoutLine: {'line': b'-- Found PCL_APPS: /usr/lib/aarch64-linux-gnu/libpcl_apps.so  \n'}
[6.931262] (plan_env) StdoutLine: {'line': b'-- Found PCL_IN_HAND_SCANNER: /usr/include/pcl-1.12  \n'}
[6.931739] (plan_env) StdoutLine: {'line': b'-- Found PCL_MODELER: /usr/include/pcl-1.12  \n'}
[6.932412] (plan_env) StdoutLine: {'line': b'-- Found PCL_POINT_CLOUD_EDITOR: /usr/include/pcl-1.12  \n'}
[6.933900] (plan_env) StdoutLine: {'line': b'-- Found PCL_OUTOFCORE: /usr/lib/aarch64-linux-gnu/libpcl_outofcore.so  \n'}
[6.935347] (plan_env) StdoutLine: {'line': b'-- Found PCL_PEOPLE: /usr/lib/aarch64-linux-gnu/libpcl_people.so  \n'}
[6.944978] (-) TimerEvent: {}
[6.946211] (plan_env) StdoutLine: {'line': b'-- Found OpenCV: /usr (found version "4.5.4") \n'}
[6.954781] (quadrotor_msgs) StdoutLine: {'line': b'[  4%] \x1b[32mBuilding C object CMakeFiles/quadrotor_msgs__rosidl_generator_c.dir/rosidl_generator_c/quadrotor_msgs/msg/detail/output_data__functions.c.o\x1b[0m\n'}
[6.971535] (plan_env) StderrLine: {'line': b'\x1b[33mCMake Warning (dev) at CMakeLists.txt:20 (find_package):\n'}
[6.972037] (plan_env) StderrLine: {'line': b'  Policy CMP0074 is not set: find_package uses <PackageName>_ROOT variables.\n'}
[6.972166] (plan_env) StderrLine: {'line': b'  Run "cmake --help-policy CMP0074" for policy details.  Use the cmake_policy\n'}
[6.972305] (plan_env) StderrLine: {'line': b'  command to set the policy and suppress this warning.\n'}
[6.972410] (plan_env) StderrLine: {'line': b'\n'}
[6.972503] (plan_env) StderrLine: {'line': b'  CMake variable PCL_ROOT is set to:\n'}
[6.972595] (plan_env) StderrLine: {'line': b'\n'}
[6.972682] (plan_env) StderrLine: {'line': b'    /usr\n'}
[6.972767] (plan_env) StderrLine: {'line': b'\n'}
[6.972849] (plan_env) StderrLine: {'line': b'  For compatibility, CMake is ignoring the variable.\n'}
[6.972930] (plan_env) StderrLine: {'line': b'This warning is for project developers.  Use -Wno-dev to suppress it.\n'}
[6.973041] (plan_env) StderrLine: {'line': b'\x1b[0m\n'}
[7.013210] (quadrotor_msgs) StdoutLine: {'line': b'[  5%] \x1b[32mBuilding C object CMakeFiles/quadrotor_msgs__rosidl_generator_c.dir/rosidl_generator_c/quadrotor_msgs/msg/detail/position_command__functions.c.o\x1b[0m\n'}
[7.037076] (quadrotor_msgs) StdoutLine: {'line': b'[  6%] \x1b[32mBuilding C object CMakeFiles/quadrotor_msgs__rosidl_generator_c.dir/rosidl_generator_c/quadrotor_msgs/msg/detail/ppr_output_data__functions.c.o\x1b[0m\n'}
[7.045144] (-) TimerEvent: {}
[7.123651] (quadrotor_msgs) StdoutLine: {'line': b'[  6%] \x1b[32mBuilding C object CMakeFiles/quadrotor_msgs__rosidl_generator_c.dir/rosidl_generator_c/quadrotor_msgs/msg/detail/serial__functions.c.o\x1b[0m\n'}
[7.127318] (quadrotor_msgs) StdoutLine: {'line': b'[  7%] \x1b[32mBuilding C object CMakeFiles/quadrotor_msgs__rosidl_generator_c.dir/rosidl_generator_c/quadrotor_msgs/msg/detail/so3_command__functions.c.o\x1b[0m\n'}
[7.139455] (quadrotor_msgs) StdoutLine: {'line': b'[  8%] \x1b[32mBuilding C object CMakeFiles/quadrotor_msgs__rosidl_generator_c.dir/rosidl_generator_c/quadrotor_msgs/msg/detail/status_data__functions.c.o\x1b[0m\n'}
[7.146123] (-) TimerEvent: {}
[7.178934] (plan_env) StdoutLine: {'line': b'-- Configuring done\n'}
[7.193884] (map_generator) StdoutLine: {'line': b'-- Configuring done\n'}
[7.196460] (quadrotor_msgs) StdoutLine: {'line': b'[  9%] \x1b[32mBuilding C object CMakeFiles/quadrotor_msgs__rosidl_generator_c.dir/rosidl_generator_c/quadrotor_msgs/msg/detail/trpy_command__functions.c.o\x1b[0m\n'}
[7.204674] (quadrotor_msgs) StdoutLine: {'line': b'[ 10%] \x1b[32mBuilding C object CMakeFiles/quadrotor_msgs__rosidl_generator_c.dir/rosidl_generator_c/quadrotor_msgs/msg/detail/odometry__functions.c.o\x1b[0m\n'}
[7.221592] (quadrotor_msgs) StdoutLine: {'line': b'[ 10%] \x1b[32mBuilding C object CMakeFiles/quadrotor_msgs__rosidl_generator_c.dir/rosidl_generator_c/quadrotor_msgs/msg/detail/polynomial_trajectory__functions.c.o\x1b[0m\n'}
[7.229598] (quadrotor_msgs) StdoutLine: {'line': b'[ 11%] \x1b[32mBuilding C object CMakeFiles/quadrotor_msgs__rosidl_generator_c.dir/rosidl_generator_c/quadrotor_msgs/msg/detail/lqr_trajectory__functions.c.o\x1b[0m\n'}
[7.246117] (-) TimerEvent: {}
[7.277334] (plan_env) StdoutLine: {'line': b'-- Generating done\n'}
[7.279830] (map_generator) StdoutLine: {'line': b'-- Generating done\n'}
[7.310885] (plan_env) StdoutLine: {'line': b'-- Build files have been written to: /root/colcon_ws/build/plan_env\n'}
[7.313996] (map_generator) StdoutLine: {'line': b'-- Build files have been written to: /root/colcon_ws/build/map_generator\n'}
[7.346316] (-) TimerEvent: {}
[7.371212] (poly_traj) StderrLine: {'line': b'\x1b[01m\x1b[K/root/colcon_ws/src/Fast-Planner/fast_planner/poly_traj/src/polynomial_traj.cpp:\x1b[m\x1b[K In function \xe2\x80\x98\x1b[01m\x1b[KPolynomialTraj fastLine4deg(Eigen::Vector3d, Eigen::Vector3d, double, double, double)\x1b[m\x1b[K\xe2\x80\x99:\n'}
[7.371712] (poly_traj) StderrLine: {'line': b'\x1b[01m\x1b[K/root/colcon_ws/src/Fast-Planner/fast_planner/poly_traj/src/polynomial_traj.cpp:201:10:\x1b[m\x1b[K \x1b[01;35m\x1b[Kwarning: \x1b[m\x1b[Kunused variable \xe2\x80\x98\x1b[01m\x1b[Klen\x1b[m\x1b[K\xe2\x80\x99 [\x1b[01;35m\x1b[K-Wunused-variable\x1b[m\x1b[K]\n'}
[7.371848] (poly_traj) StderrLine: {'line': b'  201 |   double \x1b[01;35m\x1b[Klen\x1b[m\x1b[K = disp.norm();\n'}
[7.371953] (poly_traj) StderrLine: {'line': b'      |          \x1b[01;35m\x1b[K^~~\x1b[m\x1b[K\n'}
[7.379634] (quadrotor_msgs) StdoutLine: {'line': b'[ 11%] Built target quadrotor_msgs__cpp\n'}
[7.386988] (uav_utils) CommandEnded: {'returncode': 0}
[7.387944] (uav_utils) JobProgress: {'identifier': 'uav_utils', 'progress': 'install'}
[7.388014] (uav_utils) Command: {'cmd': ['/usr/bin/cmake', '--install', '/root/colcon_ws/build/uav_utils'], 'cwd': '/root/colcon_ws/build/uav_utils', 'env': OrderedDict([('LESSOPEN', '| /usr/bin/lesspipe %s'), ('HOSTNAME', 'tegra-ubuntu'), ('SHLVL', '1'), ('LD_LIBRARY_PATH', '/root/colcon_ws/install/lib:/opt/ros/humble/opt/rviz_ogre_vendor/lib:/opt/ros/humble/lib/aarch64-linux-gnu:/opt/ros/humble/lib'), ('HOME', '/root'), ('OLDPWD', '/root/colcon_ws'), ('ROS_PYTHON_VERSION', '3'), ('COLCON_PREFIX_PATH', '/root/colcon_ws/install'), ('ROS_DISTRO', 'humble'), ('_', '/usr/bin/colcon'), ('ROS_VERSION', '2'), ('TERM', 'xterm'), ('GAZEBO_MODEL_PATH', '/root/colcon_ws/src:'), ('ROS_LOCALHOST_ONLY', '0'), ('PATH', '/opt/ros/humble/bin:/usr/local/sbin:/usr/local/bin:/usr/sbin:/usr/bin:/sbin:/bin'), ('DISPLAY', ':0'), ('LANG', 'C.UTF-8'), ('LS_COLORS', 'rs=0:di=01;34:ln=01;36:mh=00:pi=40;33:so=01;35:do=01;35:bd=40;33;01:cd=40;33;01:or=40;31;01:mi=00:su=37;41:sg=30;43:ca=30;41:tw=30;42:ow=34;42:st=37;44:ex=01;32:*.tar=01;31:*.tgz=01;31:*.arc=01;31:*.arj=01;31:*.taz=01;31:*.lha=01;31:*.lz4=01;31:*.lzh=01;31:*.lzma=01;31:*.tlz=01;31:*.txz=01;31:*.tzo=01;31:*.t7z=01;31:*.zip=01;31:*.z=01;31:*.dz=01;31:*.gz=01;31:*.lrz=01;31:*.lz=01;31:*.lzo=01;31:*.xz=01;31:*.zst=01;31:*.tzst=01;31:*.bz2=01;31:*.bz=01;31:*.tbz=01;31:*.tbz2=01;31:*.tz=01;31:*.deb=01;31:*.rpm=01;31:*.jar=01;31:*.war=01;31:*.ear=01;31:*.sar=01;31:*.rar=01;31:*.alz=01;31:*.ace=01;31:*.zoo=01;31:*.cpio=01;31:*.7z=01;31:*.rz=01;31:*.cab=01;31:*.wim=01;31:*.swm=01;31:*.dwm=01;31:*.esd=01;31:*.jpg=01;35:*.jpeg=01;35:*.mjpg=01;35:*.mjpeg=01;35:*.gif=01;35:*.bmp=01;35:*.pbm=01;35:*.pgm=01;35:*.ppm=01;35:*.tga=01;35:*.xbm=01;35:*.xpm=01;35:*.tif=01;35:*.tiff=01;35:*.png=01;35:*.svg=01;35:*.svgz=01;35:*.mng=01;35:*.pcx=01;35:*.mov=01;35:*.mpg=01;35:*.mpeg=01;35:*.m2v=01;35:*.mkv=01;35:*.webm=01;35:*.webp=01;35:*.ogm=01;35:*.mp4=01;35:*.m4v=01;35:*.mp4v=01;35:*.vob=01;35:*.qt=01;35:*.nuv=01;35:*.wmv=01;35:*.asf=01;35:*.rm=01;35:*.rmvb=01;35:*.flc=01;35:*.avi=01;35:*.fli=01;35:*.flv=01;35:*.gl=01;35:*.dl=01;35:*.xcf=01;35:*.xwd=01;35:*.yuv=01;35:*.cgm=01;35:*.emf=01;35:*.ogv=01;35:*.ogx=01;35:*.aac=00;36:*.au=00;36:*.flac=00;36:*.m4a=00;36:*.mid=00;36:*.midi=00;36:*.mka=00;36:*.mp3=00;36:*.mpc=00;36:*.ogg=00;36:*.ra=00;36:*.wav=00;36:*.oga=00;36:*.opus=00;36:*.spx=00;36:*.xspf=00;36:'), ('ROS_DOMAIN_ID', '0'), ('AMENT_PREFIX_PATH', '/root/colcon_ws/install/cmake_utils:/opt/ros/humble'), ('DEBIAN_FRONTEND', 'noninteractive'), ('COLCON_WS', '/root/colcon_ws'), ('LESSCLOSE', '/usr/bin/lesspipe %s %s'), ('PWD', '/root/colcon_ws/build/uav_utils'), ('LC_ALL', 'C.UTF-8'), ('GAZEBO_PLUGIN_PATH', '/root/colcon_ws/install/lib:'), ('PYTHONPATH', '/opt/ros/humble/lib/python3.10/site-packages:/opt/ros/humble/local/lib/python3.10/dist-packages'), ('COLCON', '1'), ('CMAKE_PREFIX_PATH', '/root/colcon_ws/install/cmake_utils:/opt/ros/humble')]), 'shell': False}
[7.395100] (plan_env) CommandEnded: {'returncode': 0}
[7.401759] (plan_env) JobProgress: {'identifier': 'plan_env', 'progress': 'build'}
[7.401870] (plan_env) Command: {'cmd': ['/usr/bin/cmake', '--build', '/root/colcon_ws/build/plan_env', '--', '-j8', '-l8'], 'cwd': '/root/colcon_ws/build/plan_env', 'env': OrderedDict([('LESSOPEN', '| /usr/bin/lesspipe %s'), ('HOSTNAME', 'tegra-ubuntu'), ('SHLVL', '1'), ('LD_LIBRARY_PATH', '/root/colcon_ws/install/lib:/opt/ros/humble/opt/rviz_ogre_vendor/lib:/opt/ros/humble/lib/aarch64-linux-gnu:/opt/ros/humble/lib'), ('HOME', '/root'), ('OLDPWD', '/root/colcon_ws'), ('ROS_PYTHON_VERSION', '3'), ('COLCON_PREFIX_PATH', '/root/colcon_ws/install'), ('ROS_DISTRO', 'humble'), ('_', '/usr/bin/colcon'), ('ROS_VERSION', '2'), ('TERM', 'xterm'), ('GAZEBO_MODEL_PATH', '/root/colcon_ws/src:'), ('ROS_LOCALHOST_ONLY', '0'), ('PATH', '/opt/ros/humble/bin:/usr/local/sbin:/usr/local/bin:/usr/sbin:/usr/bin:/sbin:/bin'), ('DISPLAY', ':0'), ('LANG', 'C.UTF-8'), ('LS_COLORS', 'rs=0:di=01;34:ln=01;36:mh=00:pi=40;33:so=01;35:do=01;35:bd=40;33;01:cd=40;33;01:or=40;31;01:mi=00:su=37;41:sg=30;43:ca=30;41:tw=30;42:ow=34;42:st=37;44:ex=01;32:*.tar=01;31:*.tgz=01;31:*.arc=01;31:*.arj=01;31:*.taz=01;31:*.lha=01;31:*.lz4=01;31:*.lzh=01;31:*.lzma=01;31:*.tlz=01;31:*.txz=01;31:*.tzo=01;31:*.t7z=01;31:*.zip=01;31:*.z=01;31:*.dz=01;31:*.gz=01;31:*.lrz=01;31:*.lz=01;31:*.lzo=01;31:*.xz=01;31:*.zst=01;31:*.tzst=01;31:*.bz2=01;31:*.bz=01;31:*.tbz=01;31:*.tbz2=01;31:*.tz=01;31:*.deb=01;31:*.rpm=01;31:*.jar=01;31:*.war=01;31:*.ear=01;31:*.sar=01;31:*.rar=01;31:*.alz=01;31:*.ace=01;31:*.zoo=01;31:*.cpio=01;31:*.7z=01;31:*.rz=01;31:*.cab=01;31:*.wim=01;31:*.swm=01;31:*.dwm=01;31:*.esd=01;31:*.jpg=01;35:*.jpeg=01;35:*.mjpg=01;35:*.mjpeg=01;35:*.gif=01;35:*.bmp=01;35:*.pbm=01;35:*.pgm=01;35:*.ppm=01;35:*.tga=01;35:*.xbm=01;35:*.xpm=01;35:*.tif=01;35:*.tiff=01;35:*.png=01;35:*.svg=01;35:*.svgz=01;35:*.mng=01;35:*.pcx=01;35:*.mov=01;35:*.mpg=01;35:*.mpeg=01;35:*.m2v=01;35:*.mkv=01;35:*.webm=01;35:*.webp=01;35:*.ogm=01;35:*.mp4=01;35:*.m4v=01;35:*.mp4v=01;35:*.vob=01;35:*.qt=01;35:*.nuv=01;35:*.wmv=01;35:*.asf=01;35:*.rm=01;35:*.rmvb=01;35:*.flc=01;35:*.avi=01;35:*.fli=01;35:*.flv=01;35:*.gl=01;35:*.dl=01;35:*.xcf=01;35:*.xwd=01;35:*.yuv=01;35:*.cgm=01;35:*.emf=01;35:*.ogv=01;35:*.ogx=01;35:*.aac=00;36:*.au=00;36:*.flac=00;36:*.m4a=00;36:*.mid=00;36:*.midi=00;36:*.mka=00;36:*.mp3=00;36:*.mpc=00;36:*.ogg=00;36:*.ra=00;36:*.wav=00;36:*.oga=00;36:*.opus=00;36:*.spx=00;36:*.xspf=00;36:'), ('ROS_DOMAIN_ID', '0'), ('AMENT_PREFIX_PATH', '/opt/ros/humble'), ('DEBIAN_FRONTEND', 'noninteractive'), ('COLCON_WS', '/root/colcon_ws'), ('LESSCLOSE', '/usr/bin/lesspipe %s %s'), ('PWD', '/root/colcon_ws/build/plan_env'), ('LC_ALL', 'C.UTF-8'), ('GAZEBO_PLUGIN_PATH', '/root/colcon_ws/install/lib:'), ('PYTHONPATH', '/opt/ros/humble/lib/python3.10/site-packages:/opt/ros/humble/local/lib/python3.10/dist-packages'), ('COLCON', '1'), ('CMAKE_PREFIX_PATH', '/opt/ros/humble')]), 'shell': False}
[7.406111] (uav_utils) StdoutLine: {'line': b'-- Install configuration: ""\n'}
[7.406642] (uav_utils) StdoutLine: {'line': b'-- Installing: /root/colcon_ws/install/uav_utils/include/uav_utils\n'}
[7.406799] (uav_utils) StdoutLine: {'line': b'-- Installing: /root/colcon_ws/install/uav_utils/include/uav_utils/geometry_utils.h\n'}
[7.407372] (uav_utils) StdoutLine: {'line': b'-- Installing: /root/colcon_ws/install/uav_utils/include/uav_utils/utils.h\n'}
[7.407525] (uav_utils) StdoutLine: {'line': b'-- Installing: /root/colcon_ws/install/uav_utils/include/uav_utils/converters.h\n'}
[7.407632] (uav_utils) StdoutLine: {'line': b'-- Installing: /root/colcon_ws/install/uav_utils/share/ament_index/resource_index/package_run_dependencies/uav_utils\n'}
[7.417439] (uav_utils) StdoutLine: {'line': b'-- Installing: /root/colcon_ws/install/uav_utils/share/ament_index/resource_index/parent_prefix_path/uav_utils\n'}
[7.417627] (uav_utils) StdoutLine: {'line': b'-- Installing: /root/colcon_ws/install/uav_utils/share/uav_utils/environment/ament_prefix_path.sh\n'}
[7.417747] (uav_utils) StdoutLine: {'line': b'-- Installing: /root/colcon_ws/install/uav_utils/share/uav_utils/environment/ament_prefix_path.dsv\n'}
[7.417853] (uav_utils) StdoutLine: {'line': b'-- Installing: /root/colcon_ws/install/uav_utils/share/uav_utils/environment/path.sh\n'}
[7.417954] (uav_utils) StdoutLine: {'line': b'-- Installing: /root/colcon_ws/install/uav_utils/share/uav_utils/environment/path.dsv\n'}
[7.418049] (uav_utils) StdoutLine: {'line': b'-- Installing: /root/colcon_ws/install/uav_utils/share/uav_utils/local_setup.bash\n'}
[7.418141] (uav_utils) StdoutLine: {'line': b'-- Installing: /root/colcon_ws/install/uav_utils/share/uav_utils/local_setup.sh\n'}
[7.418230] (uav_utils) StdoutLine: {'line': b'-- Installing: /root/colcon_ws/install/uav_utils/share/uav_utils/local_setup.zsh\n'}
[7.418319] (uav_utils) StdoutLine: {'line': b'-- Installing: /root/colcon_ws/install/uav_utils/share/uav_utils/local_setup.dsv\n'}
[7.418407] (uav_utils) StdoutLine: {'line': b'-- Installing: /root/colcon_ws/install/uav_utils/share/uav_utils/package.dsv\n'}
[7.418497] (uav_utils) StdoutLine: {'line': b'-- Installing: /root/colcon_ws/install/uav_utils/share/ament_index/resource_index/packages/uav_utils\n'}
[7.418586] (uav_utils) StdoutLine: {'line': b'-- Installing: /root/colcon_ws/install/uav_utils/share/uav_utils/cmake/uav_utilsConfig.cmake\n'}
[7.418675] (uav_utils) StdoutLine: {'line': b'-- Installing: /root/colcon_ws/install/uav_utils/share/uav_utils/cmake/uav_utilsConfig-version.cmake\n'}
[7.418770] (map_generator) CommandEnded: {'returncode': 0}
[7.419320] (map_generator) JobProgress: {'identifier': 'map_generator', 'progress': 'build'}
[7.419368] (map_generator) Command: {'cmd': ['/usr/bin/cmake', '--build', '/root/colcon_ws/build/map_generator', '--', '-j8', '-l8'], 'cwd': '/root/colcon_ws/build/map_generator', 'env': OrderedDict([('LESSOPEN', '| /usr/bin/lesspipe %s'), ('HOSTNAME', 'tegra-ubuntu'), ('SHLVL', '1'), ('LD_LIBRARY_PATH', '/root/colcon_ws/install/lib:/opt/ros/humble/opt/rviz_ogre_vendor/lib:/opt/ros/humble/lib/aarch64-linux-gnu:/opt/ros/humble/lib'), ('HOME', '/root'), ('OLDPWD', '/root/colcon_ws'), ('ROS_PYTHON_VERSION', '3'), ('COLCON_PREFIX_PATH', '/root/colcon_ws/install'), ('ROS_DISTRO', 'humble'), ('_', '/usr/bin/colcon'), ('ROS_VERSION', '2'), ('TERM', 'xterm'), ('GAZEBO_MODEL_PATH', '/root/colcon_ws/src:'), ('ROS_LOCALHOST_ONLY', '0'), ('PATH', '/opt/ros/humble/bin:/usr/local/sbin:/usr/local/bin:/usr/sbin:/usr/bin:/sbin:/bin'), ('DISPLAY', ':0'), ('LANG', 'C.UTF-8'), ('LS_COLORS', 'rs=0:di=01;34:ln=01;36:mh=00:pi=40;33:so=01;35:do=01;35:bd=40;33;01:cd=40;33;01:or=40;31;01:mi=00:su=37;41:sg=30;43:ca=30;41:tw=30;42:ow=34;42:st=37;44:ex=01;32:*.tar=01;31:*.tgz=01;31:*.arc=01;31:*.arj=01;31:*.taz=01;31:*.lha=01;31:*.lz4=01;31:*.lzh=01;31:*.lzma=01;31:*.tlz=01;31:*.txz=01;31:*.tzo=01;31:*.t7z=01;31:*.zip=01;31:*.z=01;31:*.dz=01;31:*.gz=01;31:*.lrz=01;31:*.lz=01;31:*.lzo=01;31:*.xz=01;31:*.zst=01;31:*.tzst=01;31:*.bz2=01;31:*.bz=01;31:*.tbz=01;31:*.tbz2=01;31:*.tz=01;31:*.deb=01;31:*.rpm=01;31:*.jar=01;31:*.war=01;31:*.ear=01;31:*.sar=01;31:*.rar=01;31:*.alz=01;31:*.ace=01;31:*.zoo=01;31:*.cpio=01;31:*.7z=01;31:*.rz=01;31:*.cab=01;31:*.wim=01;31:*.swm=01;31:*.dwm=01;31:*.esd=01;31:*.jpg=01;35:*.jpeg=01;35:*.mjpg=01;35:*.mjpeg=01;35:*.gif=01;35:*.bmp=01;35:*.pbm=01;35:*.pgm=01;35:*.ppm=01;35:*.tga=01;35:*.xbm=01;35:*.xpm=01;35:*.tif=01;35:*.tiff=01;35:*.png=01;35:*.svg=01;35:*.svgz=01;35:*.mng=01;35:*.pcx=01;35:*.mov=01;35:*.mpg=01;35:*.mpeg=01;35:*.m2v=01;35:*.mkv=01;35:*.webm=01;35:*.webp=01;35:*.ogm=01;35:*.mp4=01;35:*.m4v=01;35:*.mp4v=01;35:*.vob=01;35:*.qt=01;35:*.nuv=01;35:*.wmv=01;35:*.asf=01;35:*.rm=01;35:*.rmvb=01;35:*.flc=01;35:*.avi=01;35:*.fli=01;35:*.flv=01;35:*.gl=01;35:*.dl=01;35:*.xcf=01;35:*.xwd=01;35:*.yuv=01;35:*.cgm=01;35:*.emf=01;35:*.ogv=01;35:*.ogx=01;35:*.aac=00;36:*.au=00;36:*.flac=00;36:*.m4a=00;36:*.mid=00;36:*.midi=00;36:*.mka=00;36:*.mp3=00;36:*.mpc=00;36:*.ogg=00;36:*.ra=00;36:*.wav=00;36:*.oga=00;36:*.opus=00;36:*.spx=00;36:*.xspf=00;36:'), ('ROS_DOMAIN_ID', '0'), ('AMENT_PREFIX_PATH', '/opt/ros/humble'), ('DEBIAN_FRONTEND', 'noninteractive'), ('COLCON_WS', '/root/colcon_ws'), ('LESSCLOSE', '/usr/bin/lesspipe %s %s'), ('PWD', '/root/colcon_ws/build/map_generator'), ('LC_ALL', 'C.UTF-8'), ('GAZEBO_PLUGIN_PATH', '/root/colcon_ws/install/lib:'), ('PYTHONPATH', '/opt/ros/humble/lib/python3.10/site-packages:/opt/ros/humble/local/lib/python3.10/dist-packages'), ('COLCON', '1'), ('CMAKE_PREFIX_PATH', '/opt/ros/humble')]), 'shell': False}
[7.420019] (quadrotor_msgs) StdoutLine: {'line': b'[ 12%] \x1b[34m\x1b[1mGenerating C++ type support dispatch for ROS interfaces\x1b[0m\n'}
[7.420225] (uav_utils) StdoutLine: {'line': b'-- Installing: /root/colcon_ws/install/uav_utils/share/uav_utils/package.xml\n'}
[7.428809] (uav_utils) CommandEnded: {'returncode': 0}
[7.440748] (quadrotor_msgs) StdoutLine: {'line': b'[ 12%] \x1b[34m\x1b[1mGenerating C++ introspection for ROS interfaces\x1b[0m\n'}
[7.452180] (-) TimerEvent: {}
[7.459983] (quadrotor_msgs) StdoutLine: {'line': b'[ 13%] \x1b[34m\x1b[1mGenerating C++ type support for eProsima Fast-RTPS\x1b[0m\n'}
[7.473835] (quadrotor_msgs) StdoutLine: {'line': b'[ 14%] \x1b[32m\x1b[1mLinking C shared library libquadrotor_msgs__rosidl_generator_c.so\x1b[0m\n'}
[7.476526] (uav_utils) JobEnded: {'identifier': 'uav_utils', 'rc': 0}
[7.552372] (-) TimerEvent: {}
[7.558225] (plan_env) StdoutLine: {'line': b'[ 25%] \x1b[32mBuilding CXX object CMakeFiles/plan_env.dir/src/sdf_map.cpp.o\x1b[0m\n'}
[7.593996] (plan_env) StdoutLine: {'line': b'[ 50%] \x1b[32mBuilding CXX object CMakeFiles/plan_env.dir/src/raycast.cpp.o\x1b[0m\n'}
[7.606786] (quadrotor_msgs) StdoutLine: {'line': b'[ 14%] Built target quadrotor_msgs__rosidl_generator_c\n'}
[7.610964] (plan_env) StdoutLine: {'line': b'[ 75%] \x1b[32mBuilding CXX object CMakeFiles/plan_env.dir/src/edt_environment.cpp.o\x1b[0m\n'}
[7.614432] (map_generator) StdoutLine: {'line': b'[ 50%] \x1b[32mBuilding CXX object CMakeFiles/random_forest.dir/src/random_forest_sensing.cpp.o\x1b[0m\n'}
[7.649577] (quadrotor_msgs) StdoutLine: {'line': b'[ 15%] \x1b[34m\x1b[1mGenerating C type support for eProsima Fast-RTPS\x1b[0m\n'}
[7.652526] (-) TimerEvent: {}
[7.669399] (quadrotor_msgs) StdoutLine: {'line': b'[ 16%] \x1b[34m\x1b[1mGenerating C introspection for ROS interfaces\x1b[0m\n'}
[7.720904] (quadrotor_msgs) StdoutLine: {'line': b'[ 17%] \x1b[34m\x1b[1mGenerating C type support dispatch for ROS interfaces\x1b[0m\n'}
[7.752972] (-) TimerEvent: {}
[7.853644] (-) TimerEvent: {}
[7.956792] (-) TimerEvent: {}
[8.057478] (-) TimerEvent: {}
[8.158408] (-) TimerEvent: {}
[8.259481] (-) TimerEvent: {}
[8.360353] (-) TimerEvent: {}
[8.461279] (-) TimerEvent: {}
[8.561963] (-) TimerEvent: {}
[8.662710] (-) TimerEvent: {}
[8.763415] (-) TimerEvent: {}
[8.865455] (-) TimerEvent: {}
[8.966389] (-) TimerEvent: {}
[9.067062] (-) TimerEvent: {}
[9.167744] (-) TimerEvent: {}
[9.268420] (-) TimerEvent: {}
[9.369394] (-) TimerEvent: {}
[9.471139] (-) TimerEvent: {}
[9.573321] (-) TimerEvent: {}
[9.674788] (-) TimerEvent: {}
[9.776492] (-) TimerEvent: {}
[9.877126] (-) TimerEvent: {}
[9.977797] (-) TimerEvent: {}
[10.079548] (-) TimerEvent: {}
[10.146747] (quadrotor_msgs) StdoutLine: {'line': b'[ 17%] \x1b[32mBuilding CXX object CMakeFiles/quadrotor_msgs__rosidl_typesupport_c.dir/rosidl_typesupport_c/quadrotor_msgs/msg/aux_command__type_support.cpp.o\x1b[0m\n'}
[10.179760] (-) TimerEvent: {}
[10.220679] (quadrotor_msgs) StdoutLine: {'line': b'[ 18%] \x1b[32mBuilding CXX object CMakeFiles/quadrotor_msgs__rosidl_typesupport_c.dir/rosidl_typesupport_c/quadrotor_msgs/msg/corrections__type_support.cpp.o\x1b[0m\n'}
[10.244401] (quadrotor_msgs) StdoutLine: {'line': b'[ 19%] \x1b[32mBuilding CXX object CMakeFiles/quadrotor_msgs__rosidl_typesupport_c.dir/rosidl_typesupport_c/quadrotor_msgs/msg/gains__type_support.cpp.o\x1b[0m\n'}
[10.258079] (quadrotor_msgs) StdoutLine: {'line': b'[ 20%] \x1b[32mBuilding CXX object CMakeFiles/quadrotor_msgs__rosidl_typesupport_cpp.dir/rosidl_typesupport_cpp/quadrotor_msgs/msg/aux_command__type_support.cpp.o\x1b[0m\n'}
[10.270712] (quadrotor_msgs) StdoutLine: {'line': b'[ 21%] \x1b[32mBuilding CXX object CMakeFiles/quadrotor_msgs__rosidl_typesupport_c.dir/rosidl_typesupport_c/quadrotor_msgs/msg/output_data__type_support.cpp.o\x1b[0m\n'}
[10.279966] (-) TimerEvent: {}
[10.381133] (-) TimerEvent: {}
[10.443115] (quadrotor_msgs) StdoutLine: {'line': b'[ 22%] \x1b[32mBuilding CXX object CMakeFiles/quadrotor_msgs__rosidl_typesupport_c.dir/rosidl_typesupport_c/quadrotor_msgs/msg/position_command__type_support.cpp.o\x1b[0m\n'}
[10.481347] (-) TimerEvent: {}
[10.535279] (quadrotor_msgs) StdoutLine: {'line': b'[ 22%] \x1b[32mBuilding CXX object CMakeFiles/quadrotor_msgs__rosidl_typesupport_c.dir/rosidl_typesupport_c/quadrotor_msgs/msg/ppr_output_data__type_support.cpp.o\x1b[0m\n'}
[10.548096] (quadrotor_msgs) StdoutLine: {'line': b'[ 23%] \x1b[32mBuilding CXX object CMakeFiles/quadrotor_msgs__rosidl_typesupport_cpp.dir/rosidl_typesupport_cpp/quadrotor_msgs/msg/corrections__type_support.cpp.o\x1b[0m\n'}
[10.581527] (-) TimerEvent: {}
[10.676620] (quadrotor_msgs) StdoutLine: {'line': b'[ 24%] \x1b[32mBuilding CXX object CMakeFiles/quadrotor_msgs__rosidl_typesupport_c.dir/rosidl_typesupport_c/quadrotor_msgs/msg/serial__type_support.cpp.o\x1b[0m\n'}
[10.681717] (-) TimerEvent: {}
[10.718803] (quadrotor_msgs) StdoutLine: {'line': b'[ 25%] \x1b[32mBuilding CXX object CMakeFiles/quadrotor_msgs__rosidl_typesupport_c.dir/rosidl_typesupport_c/quadrotor_msgs/msg/so3_command__type_support.cpp.o\x1b[0m\n'}
[10.781872] (-) TimerEvent: {}
[10.882461] (quadrotor_msgs) StdoutLine: {'line': b'[ 26%] \x1b[32mBuilding CXX object CMakeFiles/quadrotor_msgs__rosidl_typesupport_c.dir/rosidl_typesupport_c/quadrotor_msgs/msg/status_data__type_support.cpp.o\x1b[0m\n'}
[10.882935] (-) TimerEvent: {}
[10.914510] (quadrotor_msgs) StdoutLine: {'line': b'[ 27%] \x1b[32mBuilding CXX object CMakeFiles/quadrotor_msgs__rosidl_typesupport_c.dir/rosidl_typesupport_c/quadrotor_msgs/msg/trpy_command__type_support.cpp.o\x1b[0m\n'}
[10.983175] (-) TimerEvent: {}
[11.075946] (quadrotor_msgs) StdoutLine: {'line': b'[ 27%] \x1b[32mBuilding CXX object CMakeFiles/quadrotor_msgs__rosidl_typesupport_c.dir/rosidl_typesupport_c/quadrotor_msgs/msg/odometry__type_support.cpp.o\x1b[0m\n'}
[11.083370] (-) TimerEvent: {}
[11.184434] (-) TimerEvent: {}
[11.226268] (quadrotor_msgs) StdoutLine: {'line': b'[ 28%] \x1b[32mBuilding CXX object CMakeFiles/quadrotor_msgs__rosidl_typesupport_c.dir/rosidl_typesupport_c/quadrotor_msgs/msg/polynomial_trajectory__type_support.cpp.o\x1b[0m\n'}
[11.256900] (quadrotor_msgs) StdoutLine: {'line': b'[ 29%] \x1b[32mBuilding CXX object CMakeFiles/quadrotor_msgs__rosidl_typesupport_c.dir/rosidl_typesupport_c/quadrotor_msgs/msg/lqr_trajectory__type_support.cpp.o\x1b[0m\n'}
[11.284621] (-) TimerEvent: {}
[11.385474] (-) TimerEvent: {}
[11.438862] (quadrotor_msgs) StdoutLine: {'line': b'[ 30%] \x1b[32m\x1b[1mLinking CXX shared library libquadrotor_msgs__rosidl_typesupport_c.so\x1b[0m\n'}
[11.451648] (pose_utils) StdoutLine: {'line': b'[100%] \x1b[32m\x1b[1mLinking CXX static library libpose_utils.a\x1b[0m\n'}
[11.470734] (quadrotor_msgs) StdoutLine: {'line': b'[ 30%] \x1b[32mBuilding CXX object CMakeFiles/quadrotor_msgs__rosidl_typesupport_cpp.dir/rosidl_typesupport_cpp/quadrotor_msgs/msg/gains__type_support.cpp.o\x1b[0m\n'}
[11.485662] (-) TimerEvent: {}
[11.586052] (quadrotor_msgs) StdoutLine: {'line': b'[ 31%] \x1b[32mBuilding CXX object CMakeFiles/quadrotor_msgs__rosidl_typesupport_introspection_cpp.dir/rosidl_typesupport_introspection_cpp/quadrotor_msgs/msg/detail/aux_command__type_support.cpp.o\x1b[0m\n'}
[11.586554] (-) TimerEvent: {}
[11.687720] (-) TimerEvent: {}
[11.696201] (pose_utils) StdoutLine: {'line': b'[100%] Built target pose_utils\n'}
[11.773697] (pose_utils) CommandEnded: {'returncode': 0}
[11.775024] (pose_utils) JobProgress: {'identifier': 'pose_utils', 'progress': 'install'}
[11.775089] (pose_utils) Command: {'cmd': ['/usr/bin/cmake', '--install', '/root/colcon_ws/build/pose_utils'], 'cwd': '/root/colcon_ws/build/pose_utils', 'env': OrderedDict([('LESSOPEN', '| /usr/bin/lesspipe %s'), ('HOSTNAME', 'tegra-ubuntu'), ('SHLVL', '1'), ('LD_LIBRARY_PATH', '/root/colcon_ws/install/lib:/opt/ros/humble/opt/rviz_ogre_vendor/lib:/opt/ros/humble/lib/aarch64-linux-gnu:/opt/ros/humble/lib'), ('HOME', '/root'), ('OLDPWD', '/root/colcon_ws'), ('ROS_PYTHON_VERSION', '3'), ('COLCON_PREFIX_PATH', '/root/colcon_ws/install'), ('ROS_DISTRO', 'humble'), ('_', '/usr/bin/colcon'), ('ROS_VERSION', '2'), ('TERM', 'xterm'), ('GAZEBO_MODEL_PATH', '/root/colcon_ws/src:'), ('ROS_LOCALHOST_ONLY', '0'), ('PATH', '/opt/ros/humble/bin:/usr/local/sbin:/usr/local/bin:/usr/sbin:/usr/bin:/sbin:/bin'), ('DISPLAY', ':0'), ('LANG', 'C.UTF-8'), ('LS_COLORS', 'rs=0:di=01;34:ln=01;36:mh=00:pi=40;33:so=01;35:do=01;35:bd=40;33;01:cd=40;33;01:or=40;31;01:mi=00:su=37;41:sg=30;43:ca=30;41:tw=30;42:ow=34;42:st=37;44:ex=01;32:*.tar=01;31:*.tgz=01;31:*.arc=01;31:*.arj=01;31:*.taz=01;31:*.lha=01;31:*.lz4=01;31:*.lzh=01;31:*.lzma=01;31:*.tlz=01;31:*.txz=01;31:*.tzo=01;31:*.t7z=01;31:*.zip=01;31:*.z=01;31:*.dz=01;31:*.gz=01;31:*.lrz=01;31:*.lz=01;31:*.lzo=01;31:*.xz=01;31:*.zst=01;31:*.tzst=01;31:*.bz2=01;31:*.bz=01;31:*.tbz=01;31:*.tbz2=01;31:*.tz=01;31:*.deb=01;31:*.rpm=01;31:*.jar=01;31:*.war=01;31:*.ear=01;31:*.sar=01;31:*.rar=01;31:*.alz=01;31:*.ace=01;31:*.zoo=01;31:*.cpio=01;31:*.7z=01;31:*.rz=01;31:*.cab=01;31:*.wim=01;31:*.swm=01;31:*.dwm=01;31:*.esd=01;31:*.jpg=01;35:*.jpeg=01;35:*.mjpg=01;35:*.mjpeg=01;35:*.gif=01;35:*.bmp=01;35:*.pbm=01;35:*.pgm=01;35:*.ppm=01;35:*.tga=01;35:*.xbm=01;35:*.xpm=01;35:*.tif=01;35:*.tiff=01;35:*.png=01;35:*.svg=01;35:*.svgz=01;35:*.mng=01;35:*.pcx=01;35:*.mov=01;35:*.mpg=01;35:*.mpeg=01;35:*.m2v=01;35:*.mkv=01;35:*.webm=01;35:*.webp=01;35:*.ogm=01;35:*.mp4=01;35:*.m4v=01;35:*.mp4v=01;35:*.vob=01;35:*.qt=01;35:*.nuv=01;35:*.wmv=01;35:*.asf=01;35:*.rm=01;35:*.rmvb=01;35:*.flc=01;35:*.avi=01;35:*.fli=01;35:*.flv=01;35:*.gl=01;35:*.dl=01;35:*.xcf=01;35:*.xwd=01;35:*.yuv=01;35:*.cgm=01;35:*.emf=01;35:*.ogv=01;35:*.ogx=01;35:*.aac=00;36:*.au=00;36:*.flac=00;36:*.m4a=00;36:*.mid=00;36:*.midi=00;36:*.mka=00;36:*.mp3=00;36:*.mpc=00;36:*.ogg=00;36:*.ra=00;36:*.wav=00;36:*.oga=00;36:*.opus=00;36:*.spx=00;36:*.xspf=00;36:'), ('ROS_DOMAIN_ID', '0'), ('AMENT_PREFIX_PATH', '/opt/ros/humble'), ('DEBIAN_FRONTEND', 'noninteractive'), ('COLCON_WS', '/root/colcon_ws'), ('LESSCLOSE', '/usr/bin/lesspipe %s %s'), ('PWD', '/root/colcon_ws/build/pose_utils'), ('LC_ALL', 'C.UTF-8'), ('GAZEBO_PLUGIN_PATH', '/root/colcon_ws/install/lib:'), ('PYTHONPATH', '/opt/ros/humble/lib/python3.10/site-packages:/opt/ros/humble/local/lib/python3.10/dist-packages'), ('COLCON', '1'), ('CMAKE_PREFIX_PATH', '/opt/ros/humble')]), 'shell': False}
[11.775472] (quadrotor_msgs) StdoutLine: {'line': b'[ 31%] Built target quadrotor_msgs__rosidl_typesupport_c\n'}
[11.787931] (-) TimerEvent: {}
[11.803994] (pose_utils) StdoutLine: {'line': b'-- Install configuration: ""\n'}
[11.805685] (pose_utils) StdoutLine: {'line': b'-- Installing: /root/colcon_ws/install/pose_utils/lib/libpose_utils.a\n'}
[11.815469] (pose_utils) StdoutLine: {'line': b'-- Installing: /root/colcon_ws/install/pose_utils/include\n'}
[11.816675] (pose_utils) StdoutLine: {'line': b'-- Installing: /root/colcon_ws/install/pose_utils/include/pose_utils.h\n'}
[11.817728] (pose_utils) StdoutLine: {'line': b'-- Installing: /root/colcon_ws/install/pose_utils/lib/cmake/pose_utils/pose_utilsTargets.cmake\n'}
[11.818497] (pose_utils) StdoutLine: {'line': b'-- Installing: /root/colcon_ws/install/pose_utils/lib/cmake/pose_utils/pose_utilsTargets-noconfig.cmake\n'}
[11.819365] (pose_utils) StdoutLine: {'line': b'-- Installing: /root/colcon_ws/install/pose_utils/share/pose_utils/environment/library_path.sh\n'}
[11.820018] (pose_utils) StdoutLine: {'line': b'-- Installing: /root/colcon_ws/install/pose_utils/share/pose_utils/environment/library_path.dsv\n'}
[11.820874] (pose_utils) StdoutLine: {'line': b'-- Installing: /root/colcon_ws/install/pose_utils/share/ament_index/resource_index/package_run_dependencies/pose_utils\n'}
[11.821863] (pose_utils) StdoutLine: {'line': b'-- Installing: /root/colcon_ws/install/pose_utils/share/ament_index/resource_index/parent_prefix_path/pose_utils\n'}
[11.823552] (pose_utils) StdoutLine: {'line': b'-- Installing: /root/colcon_ws/install/pose_utils/share/pose_utils/environment/ament_prefix_path.sh\n'}
[11.825611] (pose_utils) StdoutLine: {'line': b'-- Installing: /root/colcon_ws/install/pose_utils/share/pose_utils/environment/ament_prefix_path.dsv\n'}
[11.826063] (pose_utils) StdoutLine: {'line': b'-- Installing: /root/colcon_ws/install/pose_utils/share/pose_utils/environment/path.sh\n'}
[11.826209] (pose_utils) StdoutLine: {'line': b'-- Installing: /root/colcon_ws/install/pose_utils/share/pose_utils/environment/path.dsv\n'}
[11.826409] (pose_utils) StdoutLine: {'line': b'-- Installing: /root/colcon_ws/install/pose_utils/share/pose_utils/local_setup.bash\n'}
[11.826592] (pose_utils) StdoutLine: {'line': b'-- Installing: /root/colcon_ws/install/pose_utils/share/pose_utils/local_setup.sh\n'}
[11.826787] (pose_utils) StdoutLine: {'line': b'-- Installing: /root/colcon_ws/install/pose_utils/share/pose_utils/local_setup.zsh\n'}
[11.827029] (pose_utils) StdoutLine: {'line': b'-- Installing: /root/colcon_ws/install/pose_utils/share/pose_utils/local_setup.dsv\n'}
[11.827275] (pose_utils) StdoutLine: {'line': b'-- Installing: /root/colcon_ws/install/pose_utils/share/pose_utils/package.dsv\n'}
[11.827672] (pose_utils) StdoutLine: {'line': b'-- Installing: /root/colcon_ws/install/pose_utils/share/ament_index/resource_index/packages/pose_utils\n'}
[11.828014] (pose_utils) StdoutLine: {'line': b'-- Installing: /root/colcon_ws/install/pose_utils/share/pose_utils/cmake/pose_utilsTargetsExport.cmake\n'}
[11.828414] (pose_utils) StdoutLine: {'line': b'-- Installing: /root/colcon_ws/install/pose_utils/share/pose_utils/cmake/pose_utilsTargetsExport-noconfig.cmake\n'}
[11.828598] (pose_utils) StdoutLine: {'line': b'-- Installing: /root/colcon_ws/install/pose_utils/share/pose_utils/cmake/ament_cmake_export_targets-extras.cmake\n'}
[11.828789] (pose_utils) StdoutLine: {'line': b'-- Installing: /root/colcon_ws/install/pose_utils/share/pose_utils/cmake/ament_cmake_export_dependencies-extras.cmake\n'}
[11.828963] (pose_utils) StdoutLine: {'line': b'-- Installing: /root/colcon_ws/install/pose_utils/share/pose_utils/cmake/ament_cmake_export_include_directories-extras.cmake\n'}
[11.829128] (pose_utils) StdoutLine: {'line': b'-- Installing: /root/colcon_ws/install/pose_utils/share/pose_utils/cmake/pose_utilsConfig.cmake\n'}
[11.829282] (pose_utils) StdoutLine: {'line': b'-- Installing: /root/colcon_ws/install/pose_utils/share/pose_utils/cmake/pose_utilsConfig-version.cmake\n'}
[11.829511] (pose_utils) StdoutLine: {'line': b'-- Installing: /root/colcon_ws/install/pose_utils/share/pose_utils/package.xml\n'}
[11.831232] (quadrotor_msgs) StdoutLine: {'line': b'[ 32%] \x1b[32mBuilding CXX object CMakeFiles/quadrotor_msgs__rosidl_typesupport_cpp.dir/rosidl_typesupport_cpp/quadrotor_msgs/msg/output_data__type_support.cpp.o\x1b[0m\n'}
[11.868608] (pose_utils) CommandEnded: {'returncode': 0}
[11.889507] (-) TimerEvent: {}
[11.930512] (pose_utils) JobEnded: {'identifier': 'pose_utils', 'rc': 0}
[11.932725] (so3_disturbance_generator) JobStarted: {'identifier': 'so3_disturbance_generator'}
[11.988273] (quadrotor_msgs) StdoutLine: {'line': b'[ 33%] \x1b[32mBuilding CXX object CMakeFiles/quadrotor_msgs__rosidl_typesupport_fastrtps_cpp.dir/rosidl_typesupport_fastrtps_cpp/quadrotor_msgs/msg/detail/dds_fastrtps/aux_command__type_support.cpp.o\x1b[0m\n'}
[11.989637] (-) TimerEvent: {}
[11.995213] (so3_disturbance_generator) JobProgress: {'identifier': 'so3_disturbance_generator', 'progress': 'cmake'}
[12.017060] (so3_disturbance_generator) Command: {'cmd': ['/usr/bin/cmake', '/root/colcon_ws/src/Fast-Planner/uav_simulator/so3_disturbance_generator', '-DCMAKE_INSTALL_PREFIX=/root/colcon_ws/install/so3_disturbance_generator'], 'cwd': '/root/colcon_ws/build/so3_disturbance_generator', 'env': OrderedDict([('LESSOPEN', '| /usr/bin/lesspipe %s'), ('HOSTNAME', 'tegra-ubuntu'), ('SHLVL', '1'), ('LD_LIBRARY_PATH', '/root/colcon_ws/install/pose_utils/lib:/root/colcon_ws/install/lib:/opt/ros/humble/opt/rviz_ogre_vendor/lib:/opt/ros/humble/lib/aarch64-linux-gnu:/opt/ros/humble/lib'), ('HOME', '/root'), ('OLDPWD', '/root/colcon_ws'), ('ROS_PYTHON_VERSION', '3'), ('COLCON_PREFIX_PATH', '/root/colcon_ws/install'), ('ROS_DISTRO', 'humble'), ('_', '/usr/bin/colcon'), ('ROS_VERSION', '2'), ('TERM', 'xterm'), ('GAZEBO_MODEL_PATH', '/root/colcon_ws/src:'), ('ROS_LOCALHOST_ONLY', '0'), ('PATH', '/opt/ros/humble/bin:/usr/local/sbin:/usr/local/bin:/usr/sbin:/usr/bin:/sbin:/bin'), ('DISPLAY', ':0'), ('LANG', 'C.UTF-8'), ('LS_COLORS', 'rs=0:di=01;34:ln=01;36:mh=00:pi=40;33:so=01;35:do=01;35:bd=40;33;01:cd=40;33;01:or=40;31;01:mi=00:su=37;41:sg=30;43:ca=30;41:tw=30;42:ow=34;42:st=37;44:ex=01;32:*.tar=01;31:*.tgz=01;31:*.arc=01;31:*.arj=01;31:*.taz=01;31:*.lha=01;31:*.lz4=01;31:*.lzh=01;31:*.lzma=01;31:*.tlz=01;31:*.txz=01;31:*.tzo=01;31:*.t7z=01;31:*.zip=01;31:*.z=01;31:*.dz=01;31:*.gz=01;31:*.lrz=01;31:*.lz=01;31:*.lzo=01;31:*.xz=01;31:*.zst=01;31:*.tzst=01;31:*.bz2=01;31:*.bz=01;31:*.tbz=01;31:*.tbz2=01;31:*.tz=01;31:*.deb=01;31:*.rpm=01;31:*.jar=01;31:*.war=01;31:*.ear=01;31:*.sar=01;31:*.rar=01;31:*.alz=01;31:*.ace=01;31:*.zoo=01;31:*.cpio=01;31:*.7z=01;31:*.rz=01;31:*.cab=01;31:*.wim=01;31:*.swm=01;31:*.dwm=01;31:*.esd=01;31:*.jpg=01;35:*.jpeg=01;35:*.mjpg=01;35:*.mjpeg=01;35:*.gif=01;35:*.bmp=01;35:*.pbm=01;35:*.pgm=01;35:*.ppm=01;35:*.tga=01;35:*.xbm=01;35:*.xpm=01;35:*.tif=01;35:*.tiff=01;35:*.png=01;35:*.svg=01;35:*.svgz=01;35:*.mng=01;35:*.pcx=01;35:*.mov=01;35:*.mpg=01;35:*.mpeg=01;35:*.m2v=01;35:*.mkv=01;35:*.webm=01;35:*.webp=01;35:*.ogm=01;35:*.mp4=01;35:*.m4v=01;35:*.mp4v=01;35:*.vob=01;35:*.qt=01;35:*.nuv=01;35:*.wmv=01;35:*.asf=01;35:*.rm=01;35:*.rmvb=01;35:*.flc=01;35:*.avi=01;35:*.fli=01;35:*.flv=01;35:*.gl=01;35:*.dl=01;35:*.xcf=01;35:*.xwd=01;35:*.yuv=01;35:*.cgm=01;35:*.emf=01;35:*.ogv=01;35:*.ogx=01;35:*.aac=00;36:*.au=00;36:*.flac=00;36:*.m4a=00;36:*.mid=00;36:*.midi=00;36:*.mka=00;36:*.mp3=00;36:*.mpc=00;36:*.ogg=00;36:*.ra=00;36:*.wav=00;36:*.oga=00;36:*.opus=00;36:*.spx=00;36:*.xspf=00;36:'), ('ROS_DOMAIN_ID', '0'), ('AMENT_PREFIX_PATH', '/root/colcon_ws/install/pose_utils:/opt/ros/humble'), ('DEBIAN_FRONTEND', 'noninteractive'), ('COLCON_WS', '/root/colcon_ws'), ('LESSCLOSE', '/usr/bin/lesspipe %s %s'), ('PWD', '/root/colcon_ws/build/so3_disturbance_generator'), ('LC_ALL', 'C.UTF-8'), ('GAZEBO_PLUGIN_PATH', '/root/colcon_ws/install/lib:'), ('PYTHONPATH', '/opt/ros/humble/lib/python3.10/site-packages:/opt/ros/humble/local/lib/python3.10/dist-packages'), ('COLCON', '1'), ('CMAKE_PREFIX_PATH', '/root/colcon_ws/install/pose_utils:/opt/ros/humble')]), 'shell': False}
[12.089838] (-) TimerEvent: {}
[12.134518] (quadrotor_msgs) StdoutLine: {'line': b'[ 34%] \x1b[32mBuilding CXX object CMakeFiles/quadrotor_msgs__rosidl_typesupport_introspection_cpp.dir/rosidl_typesupport_introspection_cpp/quadrotor_msgs/msg/detail/corrections__type_support.cpp.o\x1b[0m\n'}
[12.190060] (-) TimerEvent: {}
[12.243711] (quadrotor_msgs) StdoutLine: {'line': b'[ 35%] \x1b[32mBuilding CXX object CMakeFiles/quadrotor_msgs__rosidl_typesupport_fastrtps_c.dir/rosidl_typesupport_fastrtps_c/quadrotor_msgs/msg/detail/aux_command__type_support_c.cpp.o\x1b[0m\n'}
[12.290282] (-) TimerEvent: {}
[12.340888] (quadrotor_msgs) StdoutLine: {'line': b'[ 36%] \x1b[32mBuilding CXX object CMakeFiles/quadrotor_msgs__rosidl_typesupport_cpp.dir/rosidl_typesupport_cpp/quadrotor_msgs/msg/position_command__type_support.cpp.o\x1b[0m\n'}
[12.361857] (quadrotor_msgs) StdoutLine: {'line': b'[ 37%] \x1b[32mBuilding CXX object CMakeFiles/quadrotor_msgs__rosidl_typesupport_cpp.dir/rosidl_typesupport_cpp/quadrotor_msgs/msg/ppr_output_data__type_support.cpp.o\x1b[0m\n'}
[12.390497] (-) TimerEvent: {}
[12.394543] (so3_disturbance_generator) StdoutLine: {'line': b'-- The C compiler identification is GNU 11.4.0\n'}
[12.463620] (quadrotor_msgs) StdoutLine: {'line': b'[ 38%] \x1b[32mBuilding C object CMakeFiles/quadrotor_msgs__rosidl_typesupport_introspection_c.dir/rosidl_typesupport_introspection_c/quadrotor_msgs/msg/detail/aux_command__type_support.c.o\x1b[0m\n'}
[12.490694] (-) TimerEvent: {}
[12.591590] (-) TimerEvent: {}
[12.692644] (-) TimerEvent: {}
[12.698577] (quadrotor_msgs) StdoutLine: {'line': b'[ 39%] \x1b[32mBuilding C object CMakeFiles/quadrotor_msgs__rosidl_typesupport_introspection_c.dir/rosidl_typesupport_introspection_c/quadrotor_msgs/msg/detail/corrections__type_support.c.o\x1b[0m\n'}
[12.713055] (so3_disturbance_generator) StdoutLine: {'line': b'-- The CXX compiler identification is GNU 11.4.0\n'}
[12.736240] (so3_disturbance_generator) StdoutLine: {'line': b'-- Detecting C compiler ABI info\n'}
[12.793306] (-) TimerEvent: {}
[12.884959] (quadrotor_msgs) StdoutLine: {'line': b'[ 39%] \x1b[32mBuilding C object CMakeFiles/quadrotor_msgs__rosidl_typesupport_introspection_c.dir/rosidl_typesupport_introspection_c/quadrotor_msgs/msg/detail/gains__type_support.c.o\x1b[0m\n'}
[12.893495] (-) TimerEvent: {}
[12.967703] (quadrotor_msgs) StdoutLine: {'line': b'[ 40%] \x1b[32mBuilding C object CMakeFiles/quadrotor_msgs__rosidl_typesupport_introspection_c.dir/rosidl_typesupport_introspection_c/quadrotor_msgs/msg/detail/output_data__type_support.c.o\x1b[0m\n'}
[12.993732] (-) TimerEvent: {}
[13.027431] (quadrotor_msgs) StdoutLine: {'line': b'[ 41%] \x1b[32mBuilding C object CMakeFiles/quadrotor_msgs__rosidl_typesupport_introspection_c.dir/rosidl_typesupport_introspection_c/quadrotor_msgs/msg/detail/position_command__type_support.c.o\x1b[0m\n'}
[13.086252] (quadrotor_msgs) StdoutLine: {'line': b'[ 42%] \x1b[32mBuilding CXX object CMakeFiles/quadrotor_msgs__rosidl_typesupport_cpp.dir/rosidl_typesupport_cpp/quadrotor_msgs/msg/serial__type_support.cpp.o\x1b[0m\n'}
[13.094155] (-) TimerEvent: {}
[13.195772] (-) TimerEvent: {}
[13.236357] (quadrotor_msgs) StdoutLine: {'line': b'[ 43%] \x1b[32mBuilding C object CMakeFiles/quadrotor_msgs__rosidl_typesupport_introspection_c.dir/rosidl_typesupport_introspection_c/quadrotor_msgs/msg/detail/ppr_output_data__type_support.c.o\x1b[0m\n'}
[13.253580] (so3_disturbance_generator) StdoutLine: {'line': b'-- Detecting C compiler ABI info - done\n'}
[13.264856] (so3_disturbance_generator) StdoutLine: {'line': b'-- Check for working C compiler: /usr/bin/cc - skipped\n'}
[13.269409] (so3_disturbance_generator) StdoutLine: {'line': b'-- Detecting C compile features\n'}
[13.271261] (so3_disturbance_generator) StdoutLine: {'line': b'-- Detecting C compile features - done\n'}
[13.274235] (quadrotor_msgs) StdoutLine: {'line': b'[ 44%] \x1b[32mBuilding C object CMakeFiles/quadrotor_msgs__rosidl_typesupport_introspection_c.dir/rosidl_typesupport_introspection_c/quadrotor_msgs/msg/detail/serial__type_support.c.o\x1b[0m\n'}
[13.280031] (so3_disturbance_generator) StdoutLine: {'line': b'-- Detecting CXX compiler ABI info\n'}
[13.296016] (-) TimerEvent: {}
[13.396829] (-) TimerEvent: {}
[13.497646] (-) TimerEvent: {}
[13.498322] (quadrotor_msgs) StdoutLine: {'line': b'[ 44%] \x1b[32mBuilding C object CMakeFiles/quadrotor_msgs__rosidl_typesupport_introspection_c.dir/rosidl_typesupport_introspection_c/quadrotor_msgs/msg/detail/so3_command__type_support.c.o\x1b[0m\n'}
[13.526521] (quadrotor_msgs) StdoutLine: {'line': b'[ 45%] \x1b[32mBuilding C object CMakeFiles/quadrotor_msgs__rosidl_typesupport_introspection_c.dir/rosidl_typesupport_introspection_c/quadrotor_msgs/msg/detail/status_data__type_support.c.o\x1b[0m\n'}
[13.597829] (-) TimerEvent: {}
[13.698657] (-) TimerEvent: {}
[13.722192] (quadrotor_msgs) StdoutLine: {'line': b'[ 45%] \x1b[32mBuilding CXX object CMakeFiles/quadrotor_msgs__rosidl_typesupport_cpp.dir/rosidl_typesupport_cpp/quadrotor_msgs/msg/so3_command__type_support.cpp.o\x1b[0m\n'}
[13.734379] (quadrotor_msgs) StdoutLine: {'line': b'[ 46%] \x1b[32mBuilding C object CMakeFiles/quadrotor_msgs__rosidl_typesupport_introspection_c.dir/rosidl_typesupport_introspection_c/quadrotor_msgs/msg/detail/trpy_command__type_support.c.o\x1b[0m\n'}
[13.798873] (-) TimerEvent: {}
[13.799545] (quadrotor_msgs) StdoutLine: {'line': b'[ 47%] \x1b[32mBuilding CXX object CMakeFiles/quadrotor_msgs__rosidl_typesupport_fastrtps_cpp.dir/rosidl_typesupport_fastrtps_cpp/quadrotor_msgs/msg/detail/dds_fastrtps/corrections__type_support.cpp.o\x1b[0m\n'}
[13.807548] (so3_disturbance_generator) StdoutLine: {'line': b'-- Detecting CXX compiler ABI info - done\n'}
[13.816635] (so3_disturbance_generator) StdoutLine: {'line': b'-- Check for working CXX compiler: /usr/bin/c++ - skipped\n'}
[13.822069] (so3_disturbance_generator) StdoutLine: {'line': b'-- Detecting CXX compile features\n'}
[13.835294] (so3_disturbance_generator) StdoutLine: {'line': b'-- Detecting CXX compile features - done\n'}
[13.839329] (so3_disturbance_generator) StdoutLine: {'line': b'-- Found ament_cmake: 1.3.13 (/opt/ros/humble/share/ament_cmake/cmake)\n'}
[13.899164] (-) TimerEvent: {}
[13.909336] (quadrotor_msgs) StdoutLine: {'line': b'[ 48%] \x1b[32mBuilding CXX object CMakeFiles/quadrotor_msgs__rosidl_typesupport_fastrtps_cpp.dir/rosidl_typesupport_fastrtps_cpp/quadrotor_msgs/msg/detail/dds_fastrtps/gains__type_support.cpp.o\x1b[0m\n'}
[13.951216] (quadrotor_msgs) StdoutLine: {'line': b'[ 49%] \x1b[32mBuilding C object CMakeFiles/quadrotor_msgs__rosidl_typesupport_introspection_c.dir/rosidl_typesupport_introspection_c/quadrotor_msgs/msg/detail/odometry__type_support.c.o\x1b[0m\n'}
[13.991380] (quadrotor_msgs) StdoutLine: {'line': b'[ 49%] \x1b[32mBuilding CXX object CMakeFiles/quadrotor_msgs__rosidl_typesupport_fastrtps_c.dir/rosidl_typesupport_fastrtps_c/quadrotor_msgs/msg/detail/corrections__type_support_c.cpp.o\x1b[0m\n'}
[13.999383] (-) TimerEvent: {}
[14.061148] (quadrotor_msgs) StdoutLine: {'line': b'[ 50%] \x1b[32mBuilding CXX object CMakeFiles/quadrotor_msgs__rosidl_typesupport_cpp.dir/rosidl_typesupport_cpp/quadrotor_msgs/msg/status_data__type_support.cpp.o\x1b[0m\n'}
[14.099608] (-) TimerEvent: {}
[14.183139] (quadrotor_msgs) StdoutLine: {'line': b'[ 51%] \x1b[32mBuilding C object CMakeFiles/quadrotor_msgs__rosidl_typesupport_introspection_c.dir/rosidl_typesupport_introspection_c/quadrotor_msgs/msg/detail/polynomial_trajectory__type_support.c.o\x1b[0m\n'}
[14.199831] (-) TimerEvent: {}
[14.273569] (quadrotor_msgs) StdoutLine: {'line': b'[ 52%] \x1b[32mBuilding CXX object CMakeFiles/quadrotor_msgs__rosidl_typesupport_introspection_cpp.dir/rosidl_typesupport_introspection_cpp/quadrotor_msgs/msg/detail/gains__type_support.cpp.o\x1b[0m\n'}
[14.300038] (-) TimerEvent: {}
[14.401196] (-) TimerEvent: {}
[14.460385] (quadrotor_msgs) StdoutLine: {'line': b'[ 52%] \x1b[32mBuilding C object CMakeFiles/quadrotor_msgs__rosidl_typesupport_introspection_c.dir/rosidl_typesupport_introspection_c/quadrotor_msgs/msg/detail/lqr_trajectory__type_support.c.o\x1b[0m\n'}
[14.501469] (-) TimerEvent: {}
[14.507817] (quadrotor_msgs) StdoutLine: {'line': b'[ 53%] \x1b[32mBuilding CXX object CMakeFiles/quadrotor_msgs__rosidl_typesupport_cpp.dir/rosidl_typesupport_cpp/quadrotor_msgs/msg/trpy_command__type_support.cpp.o\x1b[0m\n'}
[14.601575] (-) TimerEvent: {}
[14.638118] (so3_disturbance_generator) StdoutLine: {'line': b'-- Found Python3: /usr/bin/python3 (found version "3.10.12") found components: Interpreter \n'}
[14.701824] (-) TimerEvent: {}
[14.738300] (quadrotor_msgs) StdoutLine: {'line': b'[ 54%] \x1b[32m\x1b[1mLinking C shared library libquadrotor_msgs__rosidl_typesupport_introspection_c.so\x1b[0m\n'}
[14.791807] (quadrotor_msgs) StdoutLine: {'line': b'[ 55%] \x1b[32mBuilding CXX object CMakeFiles/quadrotor_msgs__rosidl_typesupport_cpp.dir/rosidl_typesupport_cpp/quadrotor_msgs/msg/odometry__type_support.cpp.o\x1b[0m\n'}
[14.802007] (-) TimerEvent: {}
[14.903050] (-) TimerEvent: {}
[14.971323] (quadrotor_msgs) StdoutLine: {'line': b'[ 55%] Built target quadrotor_msgs__rosidl_typesupport_introspection_c\n'}
[15.003298] (-) TimerEvent: {}
[15.043257] (quadrotor_msgs) StdoutLine: {'line': b'[ 55%] \x1b[32mBuilding CXX object CMakeFiles/quadrotor_msgs__rosidl_typesupport_fastrtps_cpp.dir/rosidl_typesupport_fastrtps_cpp/quadrotor_msgs/msg/detail/dds_fastrtps/output_data__type_support.cpp.o\x1b[0m\n'}
[15.103538] (-) TimerEvent: {}
[15.153576] (so3_disturbance_generator) StdoutLine: {'line': b'-- Found rclcpp: 16.0.18 (/opt/ros/humble/share/rclcpp/cmake)\n'}
[15.203767] (-) TimerEvent: {}
[15.304542] (-) TimerEvent: {}
[15.352402] (so3_disturbance_generator) StdoutLine: {'line': b'-- Found rosidl_generator_c: 3.1.8 (/opt/ros/humble/share/rosidl_generator_c/cmake)\n'}
[15.375793] (so3_disturbance_generator) StdoutLine: {'line': b'-- Found rosidl_adapter: 3.1.8 (/opt/ros/humble/share/rosidl_adapter/cmake)\n'}
[15.404752] (-) TimerEvent: {}
[15.415274] (so3_disturbance_generator) StdoutLine: {'line': b'-- Found rosidl_generator_cpp: 3.1.8 (/opt/ros/humble/share/rosidl_generator_cpp/cmake)\n'}
[15.441124] (so3_disturbance_generator) StdoutLine: {'line': b'-- Using all available rosidl_typesupport_c: rosidl_typesupport_fastrtps_c;rosidl_typesupport_introspection_c\n'}
[15.471004] (quadrotor_msgs) StdoutLine: {'line': b'[ 56%] \x1b[32mBuilding CXX object CMakeFiles/quadrotor_msgs__rosidl_typesupport_cpp.dir/rosidl_typesupport_cpp/quadrotor_msgs/msg/polynomial_trajectory__type_support.cpp.o\x1b[0m\n'}
[15.496376] (quadrotor_msgs) StdoutLine: {'line': b'[ 56%] \x1b[32mBuilding CXX object CMakeFiles/quadrotor_msgs__rosidl_typesupport_cpp.dir/rosidl_typesupport_cpp/quadrotor_msgs/msg/lqr_trajectory__type_support.cpp.o\x1b[0m\n'}
[15.500516] (so3_disturbance_generator) StdoutLine: {'line': b'-- Using all available rosidl_typesupport_cpp: rosidl_typesupport_fastrtps_cpp;rosidl_typesupport_introspection_cpp\n'}
[15.505285] (-) TimerEvent: {}
[15.606095] (-) TimerEvent: {}
[15.660651] (quadrotor_msgs) StdoutLine: {'line': b'[ 57%] \x1b[32mBuilding CXX object CMakeFiles/quadrotor_msgs__rosidl_typesupport_fastrtps_c.dir/rosidl_typesupport_fastrtps_c/quadrotor_msgs/msg/detail/gains__type_support_c.cpp.o\x1b[0m\n'}
[15.688780] (quadrotor_msgs) StdoutLine: {'line': b'[ 58%] \x1b[32mBuilding CXX object CMakeFiles/quadrotor_msgs__rosidl_typesupport_introspection_cpp.dir/rosidl_typesupport_introspection_cpp/quadrotor_msgs/msg/detail/output_data__type_support.cpp.o\x1b[0m\n'}
[15.700264] (quadrotor_msgs) StdoutLine: {'line': b'[ 59%] \x1b[32mBuilding CXX object CMakeFiles/quadrotor_msgs__rosidl_typesupport_fastrtps_cpp.dir/rosidl_typesupport_fastrtps_cpp/quadrotor_msgs/msg/detail/dds_fastrtps/position_command__type_support.cpp.o\x1b[0m\n'}
[15.702617] (so3_disturbance_generator) StdoutLine: {'line': b'-- Found rmw_implementation_cmake: 6.1.2 (/opt/ros/humble/share/rmw_implementation_cmake/cmake)\n'}
[15.706334] (-) TimerEvent: {}
[15.722754] (so3_disturbance_generator) StdoutLine: {'line': b'-- Found rmw_fastrtps_cpp: 6.2.10 (/opt/ros/humble/share/rmw_fastrtps_cpp/cmake)\n'}
[15.804917] (quadrotor_msgs) StdoutLine: {'line': b'[ 60%] \x1b[32mBuilding CXX object CMakeFiles/quadrotor_msgs__rosidl_typesupport_fastrtps_cpp.dir/rosidl_typesupport_fastrtps_cpp/quadrotor_msgs/msg/detail/dds_fastrtps/ppr_output_data__type_support.cpp.o\x1b[0m\n'}
[15.806467] (-) TimerEvent: {}
[15.886708] (quadrotor_msgs) StdoutLine: {'line': b'[ 61%] \x1b[32mBuilding CXX object CMakeFiles/quadrotor_msgs__rosidl_typesupport_fastrtps_c.dir/rosidl_typesupport_fastrtps_c/quadrotor_msgs/msg/detail/output_data__type_support_c.cpp.o\x1b[0m\n'}
[15.906707] (-) TimerEvent: {}
[16.007605] (-) TimerEvent: {}
[16.108508] (-) TimerEvent: {}
[16.209364] (-) TimerEvent: {}
[16.255883] (quadrotor_msgs) StdoutLine: {'line': b'[ 62%] \x1b[32mBuilding CXX object CMakeFiles/quadrotor_msgs__rosidl_typesupport_fastrtps_cpp.dir/rosidl_typesupport_fastrtps_cpp/quadrotor_msgs/msg/detail/dds_fastrtps/serial__type_support.cpp.o\x1b[0m\n'}
[16.273106] (so3_disturbance_generator) StdoutLine: {'line': b'-- Found OpenSSL: /usr/lib/aarch64-linux-gnu/libcrypto.so (found version "3.0.2")  \n'}
[16.309583] (-) TimerEvent: {}
[16.410555] (-) TimerEvent: {}
[16.427861] (so3_disturbance_generator) StdoutLine: {'line': b'-- Found FastRTPS: /opt/ros/humble/include  \n'}
[16.510754] (-) TimerEvent: {}
[16.611650] (-) TimerEvent: {}
[16.621251] (so3_disturbance_generator) StdoutLine: {'line': b"-- Using RMW implementation 'rmw_fastrtps_cpp' as default\n"}
[16.631829] (quadrotor_msgs) StdoutLine: {'line': b'[ 63%] \x1b[32mBuilding CXX object CMakeFiles/quadrotor_msgs__rosidl_typesupport_fastrtps_cpp.dir/rosidl_typesupport_fastrtps_cpp/quadrotor_msgs/msg/detail/dds_fastrtps/so3_command__type_support.cpp.o\x1b[0m\n'}
[16.663855] (so3_disturbance_generator) StdoutLine: {'line': b'-- Looking for pthread.h\n'}
[16.711866] (-) TimerEvent: {}
[16.812639] (-) TimerEvent: {}
[16.862833] (quadrotor_msgs) StdoutLine: {'line': b'[ 64%] \x1b[32m\x1b[1mLinking CXX shared library libquadrotor_msgs__rosidl_typesupport_cpp.so\x1b[0m\n'}
[16.912919] (-) TimerEvent: {}
[17.013672] (-) TimerEvent: {}
[17.024936] (quadrotor_msgs) StdoutLine: {'line': b'[ 64%] \x1b[32mBuilding CXX object CMakeFiles/quadrotor_msgs__rosidl_typesupport_fastrtps_cpp.dir/rosidl_typesupport_fastrtps_cpp/quadrotor_msgs/msg/detail/dds_fastrtps/status_data__type_support.cpp.o\x1b[0m\n'}
[17.105908] (quadrotor_msgs) StdoutLine: {'line': b'[ 64%] Built target quadrotor_msgs__rosidl_typesupport_cpp\n'}
[17.113894] (-) TimerEvent: {}
[17.148990] (quadrotor_msgs) StdoutLine: {'line': b'[ 65%] \x1b[32mBuilding CXX object CMakeFiles/quadrotor_msgs__rosidl_typesupport_fastrtps_c.dir/rosidl_typesupport_fastrtps_c/quadrotor_msgs/msg/detail/position_command__type_support_c.cpp.o\x1b[0m\n'}
[17.149617] (quadrotor_msgs) StdoutLine: {'line': b'[ 66%] \x1b[32mBuilding CXX object CMakeFiles/quadrotor_msgs__rosidl_typesupport_fastrtps_cpp.dir/rosidl_typesupport_fastrtps_cpp/quadrotor_msgs/msg/detail/dds_fastrtps/trpy_command__type_support.cpp.o\x1b[0m\n'}
[17.157611] (quadrotor_msgs) StdoutLine: {'line': b'[ 66%] \x1b[32mBuilding CXX object CMakeFiles/quadrotor_msgs__rosidl_typesupport_introspection_cpp.dir/rosidl_typesupport_introspection_cpp/quadrotor_msgs/msg/detail/position_command__type_support.cpp.o\x1b[0m\n'}
[17.168477] (so3_disturbance_generator) StdoutLine: {'line': b'-- Looking for pthread.h - found\n'}
[17.170512] (so3_disturbance_generator) StdoutLine: {'line': b'-- Performing Test CMAKE_HAVE_LIBC_PTHREAD\n'}
[17.214110] (-) TimerEvent: {}
[17.315163] (-) TimerEvent: {}
[17.415907] (-) TimerEvent: {}
[17.450767] (quadrotor_msgs) StdoutLine: {'line': b'[ 67%] \x1b[32mBuilding CXX object CMakeFiles/quadrotor_msgs__rosidl_typesupport_introspection_cpp.dir/rosidl_typesupport_introspection_cpp/quadrotor_msgs/msg/detail/ppr_output_data__type_support.cpp.o\x1b[0m\n'}
[17.481916] (quadrotor_msgs) StdoutLine: {'line': b'[ 68%] \x1b[32mBuilding CXX object CMakeFiles/quadrotor_msgs__rosidl_typesupport_fastrtps_cpp.dir/rosidl_typesupport_fastrtps_cpp/quadrotor_msgs/msg/detail/dds_fastrtps/odometry__type_support.cpp.o\x1b[0m\n'}
[17.516130] (-) TimerEvent: {}
[17.613516] (so3_disturbance_generator) StdoutLine: {'line': b'-- Performing Test CMAKE_HAVE_LIBC_PTHREAD - Success\n'}
[17.616781] (so3_disturbance_generator) StdoutLine: {'line': b'-- Found Threads: TRUE  \n'}
[17.617267] (-) TimerEvent: {}
[17.717864] (-) TimerEvent: {}
[17.818656] (-) TimerEvent: {}
[17.822293] (so3_disturbance_generator) StdoutLine: {'line': b'-- Found geometry_msgs: 4.9.1 (/opt/ros/humble/share/geometry_msgs/cmake)\n'}
[17.888191] (so3_disturbance_generator) StdoutLine: {'line': b'-- Found nav_msgs: 4.9.1 (/opt/ros/humble/share/nav_msgs/cmake)\n'}
[17.918857] (-) TimerEvent: {}
[17.993368] (so3_disturbance_generator) StdoutLine: {'line': b'-- Found sensor_msgs: 4.9.1 (/opt/ros/humble/share/sensor_msgs/cmake)\n'}
[18.019085] (-) TimerEvent: {}
[18.086278] (so3_disturbance_generator) StdoutLine: {'line': b'-- Found visualization_msgs: 4.9.1 (/opt/ros/humble/share/visualization_msgs/cmake)\n'}
[18.119296] (-) TimerEvent: {}
[18.147184] (quadrotor_msgs) StdoutLine: {'line': b'[ 69%] \x1b[32mBuilding CXX object CMakeFiles/quadrotor_msgs__rosidl_typesupport_fastrtps_cpp.dir/rosidl_typesupport_fastrtps_cpp/quadrotor_msgs/msg/detail/dds_fastrtps/polynomial_trajectory__type_support.cpp.o\x1b[0m\n'}
[18.186096] (so3_disturbance_generator) StdoutLine: {'line': b'-- Found tf2: 0.25.19 (/opt/ros/humble/share/tf2/cmake)\n'}
[18.219548] (-) TimerEvent: {}
[18.244270] (so3_disturbance_generator) StdoutLine: {'line': b'-- Found tf2_ros: 0.25.19 (/opt/ros/humble/share/tf2_ros/cmake)\n'}
[18.319777] (-) TimerEvent: {}
[18.420860] (-) TimerEvent: {}
[18.521898] (-) TimerEvent: {}
[18.536550] (quadrotor_msgs) StdoutLine: {'line': b'[ 70%] \x1b[32mBuilding CXX object CMakeFiles/quadrotor_msgs__rosidl_typesupport_fastrtps_cpp.dir/rosidl_typesupport_fastrtps_cpp/quadrotor_msgs/msg/detail/dds_fastrtps/lqr_trajectory__type_support.cpp.o\x1b[0m\n'}
[18.564989] (quadrotor_msgs) StdoutLine: {'line': b'[ 71%] \x1b[32mBuilding CXX object CMakeFiles/quadrotor_msgs__rosidl_typesupport_introspection_cpp.dir/rosidl_typesupport_introspection_cpp/quadrotor_msgs/msg/detail/serial__type_support.cpp.o\x1b[0m\n'}
[18.590844] (quadrotor_msgs) StdoutLine: {'line': b'[ 72%] \x1b[32mBuilding CXX object CMakeFiles/quadrotor_msgs__rosidl_typesupport_fastrtps_c.dir/rosidl_typesupport_fastrtps_c/quadrotor_msgs/msg/detail/ppr_output_data__type_support_c.cpp.o\x1b[0m\n'}
[18.604155] (so3_disturbance_generator) StdoutLine: {'line': b'-- Found pose_utils: 0.0.0 (/root/colcon_ws/install/pose_utils/share/pose_utils/cmake)\n'}
[18.609339] (quadrotor_msgs) StdoutLine: {'line': b'[ 72%] \x1b[32mBuilding CXX object CMakeFiles/quadrotor_msgs__rosidl_typesupport_fastrtps_c.dir/rosidl_typesupport_fastrtps_c/quadrotor_msgs/msg/detail/serial__type_support_c.cpp.o\x1b[0m\n'}
[18.614681] (quadrotor_msgs) StdoutLine: {'line': b'[ 73%] \x1b[32mBuilding CXX object CMakeFiles/quadrotor_msgs__rosidl_typesupport_fastrtps_c.dir/rosidl_typesupport_fastrtps_c/quadrotor_msgs/msg/detail/so3_command__type_support_c.cpp.o\x1b[0m\n'}
[18.616711] (so3_disturbance_generator) StdoutLine: {'line': b'-- Found Armadillo: /usr/include (found version "10.8.2") \n'}
[18.622127] (-) TimerEvent: {}
[18.723026] (-) TimerEvent: {}
[18.823863] (-) TimerEvent: {}
[18.862097] (so3_disturbance_generator) StdoutLine: {'line': b'-- Configuring done\n'}
[18.901874] (so3_disturbance_generator) StdoutLine: {'line': b'-- Generating done\n'}
[18.914826] (so3_disturbance_generator) StdoutLine: {'line': b'-- Build files have been written to: /root/colcon_ws/build/so3_disturbance_generator\n'}
[18.924060] (-) TimerEvent: {}
[18.958396] (so3_disturbance_generator) CommandEnded: {'returncode': 0}
[18.959417] (so3_disturbance_generator) JobProgress: {'identifier': 'so3_disturbance_generator', 'progress': 'build'}
[18.959479] (so3_disturbance_generator) Command: {'cmd': ['/usr/bin/cmake', '--build', '/root/colcon_ws/build/so3_disturbance_generator', '--', '-j8', '-l8'], 'cwd': '/root/colcon_ws/build/so3_disturbance_generator', 'env': OrderedDict([('LESSOPEN', '| /usr/bin/lesspipe %s'), ('HOSTNAME', 'tegra-ubuntu'), ('SHLVL', '1'), ('LD_LIBRARY_PATH', '/root/colcon_ws/install/pose_utils/lib:/root/colcon_ws/install/lib:/opt/ros/humble/opt/rviz_ogre_vendor/lib:/opt/ros/humble/lib/aarch64-linux-gnu:/opt/ros/humble/lib'), ('HOME', '/root'), ('OLDPWD', '/root/colcon_ws'), ('ROS_PYTHON_VERSION', '3'), ('COLCON_PREFIX_PATH', '/root/colcon_ws/install'), ('ROS_DISTRO', 'humble'), ('_', '/usr/bin/colcon'), ('ROS_VERSION', '2'), ('TERM', 'xterm'), ('GAZEBO_MODEL_PATH', '/root/colcon_ws/src:'), ('ROS_LOCALHOST_ONLY', '0'), ('PATH', '/opt/ros/humble/bin:/usr/local/sbin:/usr/local/bin:/usr/sbin:/usr/bin:/sbin:/bin'), ('DISPLAY', ':0'), ('LANG', 'C.UTF-8'), ('LS_COLORS', 'rs=0:di=01;34:ln=01;36:mh=00:pi=40;33:so=01;35:do=01;35:bd=40;33;01:cd=40;33;01:or=40;31;01:mi=00:su=37;41:sg=30;43:ca=30;41:tw=30;42:ow=34;42:st=37;44:ex=01;32:*.tar=01;31:*.tgz=01;31:*.arc=01;31:*.arj=01;31:*.taz=01;31:*.lha=01;31:*.lz4=01;31:*.lzh=01;31:*.lzma=01;31:*.tlz=01;31:*.txz=01;31:*.tzo=01;31:*.t7z=01;31:*.zip=01;31:*.z=01;31:*.dz=01;31:*.gz=01;31:*.lrz=01;31:*.lz=01;31:*.lzo=01;31:*.xz=01;31:*.zst=01;31:*.tzst=01;31:*.bz2=01;31:*.bz=01;31:*.tbz=01;31:*.tbz2=01;31:*.tz=01;31:*.deb=01;31:*.rpm=01;31:*.jar=01;31:*.war=01;31:*.ear=01;31:*.sar=01;31:*.rar=01;31:*.alz=01;31:*.ace=01;31:*.zoo=01;31:*.cpio=01;31:*.7z=01;31:*.rz=01;31:*.cab=01;31:*.wim=01;31:*.swm=01;31:*.dwm=01;31:*.esd=01;31:*.jpg=01;35:*.jpeg=01;35:*.mjpg=01;35:*.mjpeg=01;35:*.gif=01;35:*.bmp=01;35:*.pbm=01;35:*.pgm=01;35:*.ppm=01;35:*.tga=01;35:*.xbm=01;35:*.xpm=01;35:*.tif=01;35:*.tiff=01;35:*.png=01;35:*.svg=01;35:*.svgz=01;35:*.mng=01;35:*.pcx=01;35:*.mov=01;35:*.mpg=01;35:*.mpeg=01;35:*.m2v=01;35:*.mkv=01;35:*.webm=01;35:*.webp=01;35:*.ogm=01;35:*.mp4=01;35:*.m4v=01;35:*.mp4v=01;35:*.vob=01;35:*.qt=01;35:*.nuv=01;35:*.wmv=01;35:*.asf=01;35:*.rm=01;35:*.rmvb=01;35:*.flc=01;35:*.avi=01;35:*.fli=01;35:*.flv=01;35:*.gl=01;35:*.dl=01;35:*.xcf=01;35:*.xwd=01;35:*.yuv=01;35:*.cgm=01;35:*.emf=01;35:*.ogv=01;35:*.ogx=01;35:*.aac=00;36:*.au=00;36:*.flac=00;36:*.m4a=00;36:*.mid=00;36:*.midi=00;36:*.mka=00;36:*.mp3=00;36:*.mpc=00;36:*.ogg=00;36:*.ra=00;36:*.wav=00;36:*.oga=00;36:*.opus=00;36:*.spx=00;36:*.xspf=00;36:'), ('ROS_DOMAIN_ID', '0'), ('AMENT_PREFIX_PATH', '/root/colcon_ws/install/pose_utils:/opt/ros/humble'), ('DEBIAN_FRONTEND', 'noninteractive'), ('COLCON_WS', '/root/colcon_ws'), ('LESSCLOSE', '/usr/bin/lesspipe %s %s'), ('PWD', '/root/colcon_ws/build/so3_disturbance_generator'), ('LC_ALL', 'C.UTF-8'), ('GAZEBO_PLUGIN_PATH', '/root/colcon_ws/install/lib:'), ('PYTHONPATH', '/opt/ros/humble/lib/python3.10/site-packages:/opt/ros/humble/local/lib/python3.10/dist-packages'), ('COLCON', '1'), ('CMAKE_PREFIX_PATH', '/root/colcon_ws/install/pose_utils:/opt/ros/humble')]), 'shell': False}
[18.983781] (quadrotor_msgs) StdoutLine: {'line': b'[ 74%] \x1b[32mBuilding CXX object CMakeFiles/quadrotor_msgs__rosidl_typesupport_introspection_cpp.dir/rosidl_typesupport_introspection_cpp/quadrotor_msgs/msg/detail/so3_command__type_support.cpp.o\x1b[0m\n'}
[19.024395] (-) TimerEvent: {}
[19.125418] (-) TimerEvent: {}
[19.226502] (-) TimerEvent: {}
[19.262599] (quadrotor_msgs) StdoutLine: {'line': b'[ 75%] \x1b[32mBuilding CXX object CMakeFiles/quadrotor_msgs__rosidl_typesupport_fastrtps_c.dir/rosidl_typesupport_fastrtps_c/quadrotor_msgs/msg/detail/status_data__type_support_c.cpp.o\x1b[0m\n'}
[19.323362] (so3_disturbance_generator) StdoutLine: {'line': b'[ 50%] \x1b[32mBuilding CXX object CMakeFiles/so3_disturbance_generator.dir/src/so3_disturbance_generator.cpp.o\x1b[0m\n'}
[19.326952] (-) TimerEvent: {}
[19.428474] (-) TimerEvent: {}
[19.529562] (-) TimerEvent: {}
[19.630781] (-) TimerEvent: {}
[19.731770] (-) TimerEvent: {}
[19.832551] (-) TimerEvent: {}
[19.933670] (-) TimerEvent: {}
[20.026209] (quadrotor_msgs) StdoutLine: {'line': b'[ 76%] \x1b[32mBuilding CXX object CMakeFiles/quadrotor_msgs__rosidl_typesupport_introspection_cpp.dir/rosidl_typesupport_introspection_cpp/quadrotor_msgs/msg/detail/status_data__type_support.cpp.o\x1b[0m\n'}
[20.033885] (-) TimerEvent: {}
[20.122430] (quadrotor_msgs) StdoutLine: {'line': b'[ 77%] \x1b[32mBuilding CXX object CMakeFiles/quadrotor_msgs__rosidl_typesupport_fastrtps_c.dir/rosidl_typesupport_fastrtps_c/quadrotor_msgs/msg/detail/trpy_command__type_support_c.cpp.o\x1b[0m\n'}
[20.134139] (-) TimerEvent: {}
[20.151169] (quadrotor_msgs) StdoutLine: {'line': b'[ 78%] \x1b[32mBuilding CXX object CMakeFiles/quadrotor_msgs__rosidl_typesupport_fastrtps_c.dir/rosidl_typesupport_fastrtps_c/quadrotor_msgs/msg/detail/odometry__type_support_c.cpp.o\x1b[0m\n'}
[20.234333] (-) TimerEvent: {}
[20.322314] (quadrotor_msgs) StdoutLine: {'line': b'[ 78%] \x1b[32mBuilding CXX object CMakeFiles/quadrotor_msgs__rosidl_typesupport_fastrtps_c.dir/rosidl_typesupport_fastrtps_c/quadrotor_msgs/msg/detail/polynomial_trajectory__type_support_c.cpp.o\x1b[0m\n'}
[20.334570] (-) TimerEvent: {}
[20.436017] (-) TimerEvent: {}
[20.449607] (quadrotor_msgs) StdoutLine: {'line': b'[ 79%] \x1b[32mBuilding CXX object CMakeFiles/quadrotor_msgs__rosidl_typesupport_fastrtps_c.dir/rosidl_typesupport_fastrtps_c/quadrotor_msgs/msg/detail/lqr_trajectory__type_support_c.cpp.o\x1b[0m\n'}
[20.473525] (quadrotor_msgs) StdoutLine: {'line': b'[ 79%] \x1b[32m\x1b[1mLinking CXX shared library libquadrotor_msgs__rosidl_typesupport_fastrtps_cpp.so\x1b[0m\n'}
[20.536244] (-) TimerEvent: {}
[20.636482] (quadrotor_msgs) StdoutLine: {'line': b'[ 79%] \x1b[32mBuilding CXX object CMakeFiles/quadrotor_msgs__rosidl_typesupport_introspection_cpp.dir/rosidl_typesupport_introspection_cpp/quadrotor_msgs/msg/detail/trpy_command__type_support.cpp.o\x1b[0m\n'}
[20.636975] (-) TimerEvent: {}
[20.738224] (-) TimerEvent: {}
[20.838981] (-) TimerEvent: {}
[20.898748] (quadrotor_msgs) StdoutLine: {'line': b'[ 80%] \x1b[32mBuilding CXX object CMakeFiles/quadrotor_msgs__rosidl_typesupport_introspection_cpp.dir/rosidl_typesupport_introspection_cpp/quadrotor_msgs/msg/detail/odometry__type_support.cpp.o\x1b[0m\n'}
[20.939223] (-) TimerEvent: {}
[20.941591] (quadrotor_msgs) StdoutLine: {'line': b'[ 80%] Built target quadrotor_msgs__rosidl_typesupport_fastrtps_cpp\n'}
[21.008791] (quadrotor_msgs) StdoutLine: {'line': b'[ 81%] \x1b[32mBuilding CXX object CMakeFiles/quadrotor_msgs__rosidl_typesupport_introspection_cpp.dir/rosidl_typesupport_introspection_cpp/quadrotor_msgs/msg/detail/polynomial_trajectory__type_support.cpp.o\x1b[0m\n'}
[21.039456] (-) TimerEvent: {}
[21.140925] (-) TimerEvent: {}
[21.242326] (-) TimerEvent: {}
[21.343453] (-) TimerEvent: {}
[21.403497] (quadrotor_msgs) StdoutLine: {'line': b'[ 82%] \x1b[32mBuilding CXX object CMakeFiles/quadrotor_msgs__rosidl_typesupport_introspection_cpp.dir/rosidl_typesupport_introspection_cpp/quadrotor_msgs/msg/detail/lqr_trajectory__type_support.cpp.o\x1b[0m\n'}
[21.443692] (-) TimerEvent: {}
[21.544516] (-) TimerEvent: {}
[21.645338] (-) TimerEvent: {}
[21.746272] (-) TimerEvent: {}
[21.847319] (-) TimerEvent: {}
[21.948282] (-) TimerEvent: {}
[21.979779] (quadrotor_msgs) StdoutLine: {'line': b'[ 83%] \x1b[32m\x1b[1mLinking CXX shared library libquadrotor_msgs__rosidl_typesupport_fastrtps_c.so\x1b[0m\n'}
[22.048459] (-) TimerEvent: {}
[22.149778] (-) TimerEvent: {}
[22.251428] (-) TimerEvent: {}
[22.353116] (-) TimerEvent: {}
[22.375527] (quadrotor_msgs) StdoutLine: {'line': b'[ 83%] Built target quadrotor_msgs__rosidl_typesupport_fastrtps_c\n'}
[22.453300] (-) TimerEvent: {}
[22.474540] (quadrotor_msgs) StdoutLine: {'line': b'[ 84%] \x1b[32m\x1b[1mLinking CXX shared library libquadrotor_msgs__rosidl_typesupport_introspection_cpp.so\x1b[0m\n'}
[22.553499] (-) TimerEvent: {}
[22.654231] (-) TimerEvent: {}
[22.679002] (quadrotor_msgs) StdoutLine: {'line': b'[ 84%] Built target quadrotor_msgs__rosidl_typesupport_introspection_cpp\n'}
[22.734851] (quadrotor_msgs) StdoutLine: {'line': b'[ 84%] Built target quadrotor_msgs\n'}
[22.754443] (-) TimerEvent: {}
[22.781688] (quadrotor_msgs) StdoutLine: {'line': b'[ 85%] \x1b[34m\x1b[1mGenerating Python code for ROS interfaces\x1b[0m\n'}
[22.854628] (-) TimerEvent: {}
[22.876697] (plan_env) StderrLine: {'line': b'In file included from \x1b[01m\x1b[K/root/colcon_ws/src/Fast-Planner/fast_planner/plan_env/include/plan_env/edt_environment.h:35\x1b[m\x1b[K,\n'}
[22.877186] (plan_env) StderrLine: {'line': b'                 from \x1b[01m\x1b[K/root/colcon_ws/src/Fast-Planner/fast_planner/plan_env/src/edt_environment.cpp:26\x1b[m\x1b[K:\n'}
[22.877325] (plan_env) StderrLine: {'line': b'\x1b[01m\x1b[K/root/colcon_ws/src/Fast-Planner/fast_planner/plan_env/include/plan_env/obj_predictor.h:109:47:\x1b[m\x1b[K \x1b[01;31m\x1b[Kerror: \x1b[m\x1b[K\xe2\x80\x98\x1b[01m\x1b[KPoseStampedSharedPtr\x1b[m\x1b[K\xe2\x80\x99 in namespace \xe2\x80\x98\x1b[01m\x1b[Kgeometry_msgs::msg\x1b[m\x1b[K\xe2\x80\x99 does not name a type\n'}
[22.877440] (plan_env) StderrLine: {'line': b'  109 |   void poseCallback(const geometry_msgs::msg::\x1b[01;31m\x1b[KPoseStampedSharedPtr\x1b[m\x1b[K& msg);\n'}
[22.877541] (plan_env) StderrLine: {'line': b'      |                                               \x1b[01;31m\x1b[K^~~~~~~~~~~~~~~~~~~~\x1b[m\x1b[K\n'}
[22.886671] (plan_env) StderrLine: {'line': b'\x1b[01m\x1b[K/root/colcon_ws/src/Fast-Planner/fast_planner/plan_env/include/plan_env/obj_predictor.h:135:30:\x1b[m\x1b[K \x1b[01;31m\x1b[Kerror: \x1b[m\x1b[Ktype/value mismatch at argument 1 in template parameter list for \xe2\x80\x98\x1b[01m\x1b[Ktemplate<class _Tp, class _Alloc> class std::vector\x1b[m\x1b[K\xe2\x80\x99\n'}
[22.887112] (plan_env) StderrLine: {'line': b'  135 |   vector<rclcpp::Subscription\x1b[01;31m\x1b[K>\x1b[m\x1b[K pose_subs_;\n'}
[22.887242] (plan_env) StderrLine: {'line': b'      |                              \x1b[01;31m\x1b[K^\x1b[m\x1b[K\n'}
[22.887346] (plan_env) StderrLine: {'line': b'\x1b[01m\x1b[K/root/colcon_ws/src/Fast-Planner/fast_planner/plan_env/include/plan_env/obj_predictor.h:135:30:\x1b[m\x1b[K \x1b[01;36m\x1b[Knote: \x1b[m\x1b[K  expected a type, got \xe2\x80\x98\x1b[01m\x1b[KSubscription\x1b[m\x1b[K\xe2\x80\x99\n'}
[22.887449] (plan_env) StderrLine: {'line': b'\x1b[01m\x1b[K/root/colcon_ws/src/Fast-Planner/fast_planner/plan_env/include/plan_env/obj_predictor.h:135:30:\x1b[m\x1b[K \x1b[01;31m\x1b[Kerror: \x1b[m\x1b[Ktemplate argument 2 is invalid\n'}
[22.887548] (plan_env) StderrLine: {'line': b'\x1b[01m\x1b[K/root/colcon_ws/src/Fast-Planner/fast_planner/plan_env/include/plan_env/obj_predictor.h:136:3:\x1b[m\x1b[K \x1b[01;31m\x1b[Kerror: \x1b[m\x1b[Kinvalid use of template-name \xe2\x80\x98\x1b[01m\x1b[Krclcpp::Subscription\x1b[m\x1b[K\xe2\x80\x99 without an argument list\n'}
[22.887643] (plan_env) StderrLine: {'line': b'  136 |   \x1b[01;31m\x1b[Krclcpp\x1b[m\x1b[K::Subscription marker_sub_;\n'}
[22.887733] (plan_env) StderrLine: {'line': b'      |   \x1b[01;31m\x1b[K^~~~~~\x1b[m\x1b[K\n'}
[22.887821] (plan_env) StderrLine: {'line': b'\x1b[01m\x1b[K/root/colcon_ws/src/Fast-Planner/fast_planner/plan_env/include/plan_env/obj_predictor.h:137:11:\x1b[m\x1b[K \x1b[01;31m\x1b[Kerror: \x1b[m\x1b[K\xe2\x80\x98\x1b[01m\x1b[KTimer\x1b[m\x1b[K\xe2\x80\x99 in namespace \xe2\x80\x98\x1b[01m\x1b[Krclcpp\x1b[m\x1b[K\xe2\x80\x99 does not name a type; did you mean \xe2\x80\x98\x1b[01m\x1b[KTime\x1b[m\x1b[K\xe2\x80\x99?\n'}
[22.887911] (plan_env) StderrLine: {'line': b'  137 |   rclcpp::\x1b[01;31m\x1b[KTimer\x1b[m\x1b[K predict_timer_;\n'}
[22.887997] (plan_env) StderrLine: {'line': b'      |           \x1b[01;31m\x1b[K^~~~~\x1b[m\x1b[K\n'}
[22.888081] (plan_env) StderrLine: {'line': b'      |           \x1b[32m\x1b[KTime\x1b[m\x1b[K\n'}
[22.899515] (plan_env) StderrLine: {'line': b'\x1b[01m\x1b[K/root/colcon_ws/src/Fast-Planner/fast_planner/plan_env/include/plan_env/obj_predictor.h:145:54:\x1b[m\x1b[K \x1b[01;31m\x1b[Kerror: \x1b[m\x1b[K\xe2\x80\x98\x1b[01m\x1b[KMarkerSharedPtr\x1b[m\x1b[K\xe2\x80\x99 in namespace \xe2\x80\x98\x1b[01m\x1b[Kvisualization_msgs::msg\x1b[m\x1b[K\xe2\x80\x99 does not name a type\n'}
[22.900054] (plan_env) StderrLine: {'line': b'  145 |   void markerCallback(const visualization_msgs::msg::\x1b[01;31m\x1b[KMarkerSharedPtr\x1b[m\x1b[K& msg);\n'}
[22.900189] (plan_env) StderrLine: {'line': b'      |                                                      \x1b[01;31m\x1b[K^~~~~~~~~~~~~~~\x1b[m\x1b[K\n'}
[22.900352] (plan_env) StderrLine: {'line': b'\x1b[01m\x1b[K/root/colcon_ws/src/Fast-Planner/fast_planner/plan_env/include/plan_env/obj_predictor.h:147:38:\x1b[m\x1b[K \x1b[01;31m\x1b[Kerror: \x1b[m\x1b[K\xe2\x80\x98\x1b[01m\x1b[KTimerEvent\x1b[m\x1b[K\xe2\x80\x99 in namespace \xe2\x80\x98\x1b[01m\x1b[Krclcpp\x1b[m\x1b[K\xe2\x80\x99 does not name a type\n'}
[22.900482] (plan_env) StderrLine: {'line': b'  147 |   void predictCallback(const rclcpp::\x1b[01;31m\x1b[KTimerEvent\x1b[m\x1b[K& e);\n'}
[22.900581] (plan_env) StderrLine: {'line': b'      |                                      \x1b[01;31m\x1b[K^~~~~~~~~~\x1b[m\x1b[K\n'}
[22.954830] (-) TimerEvent: {}
[23.055541] (-) TimerEvent: {}
[23.156279] (-) TimerEvent: {}
[23.257004] (-) TimerEvent: {}
[23.357744] (-) TimerEvent: {}
[23.458527] (-) TimerEvent: {}
[23.559345] (-) TimerEvent: {}
[23.660041] (-) TimerEvent: {}
[23.760751] (-) TimerEvent: {}
[23.861447] (-) TimerEvent: {}
[23.962225] (-) TimerEvent: {}
[24.062982] (-) TimerEvent: {}
[24.163754] (-) TimerEvent: {}
[24.264523] (-) TimerEvent: {}
[24.365204] (-) TimerEvent: {}
[24.465947] (-) TimerEvent: {}
[24.566691] (-) TimerEvent: {}
[24.667442] (-) TimerEvent: {}
[24.768195] (-) TimerEvent: {}
[24.868910] (-) TimerEvent: {}
[24.969676] (-) TimerEvent: {}
[25.070441] (-) TimerEvent: {}
[25.131054] (poly_traj) StderrLine: {'line': b'gmake[2]: *** [CMakeFiles/poly_traj.dir/build.make:76: CMakeFiles/poly_traj.dir/src/polynomial_traj.cpp.o] Error 1\n'}
[25.131602] (poly_traj) StderrLine: {'line': b'gmake[1]: *** [CMakeFiles/Makefile2:137: CMakeFiles/poly_traj.dir/all] Error 2\n'}
[25.132735] (poly_traj) StderrLine: {'line': b'gmake: *** [Makefile:146: all] Error 2\n'}
[25.142442] (poly_traj) CommandEnded: {'returncode': 2}
[25.156035] (poly_traj) JobEnded: {'identifier': 'poly_traj', 'rc': 2}
[25.170885] (-) TimerEvent: {}
[25.272133] (-) TimerEvent: {}
[25.373683] (-) TimerEvent: {}
[25.474548] (-) TimerEvent: {}
[25.575377] (-) TimerEvent: {}
[25.583926] (plan_env) StderrLine: {'line': b'In file included from \x1b[01m\x1b[K/root/colcon_ws/src/Fast-Planner/fast_planner/plan_env/include/plan_env/edt_environment.h:36\x1b[m\x1b[K,\n'}
[25.584858] (plan_env) StderrLine: {'line': b'                 from \x1b[01m\x1b[K/root/colcon_ws/src/Fast-Planner/fast_planner/plan_env/src/edt_environment.cpp:26\x1b[m\x1b[K:\n'}
[25.585005] (plan_env) StderrLine: {'line': b'\x1b[01m\x1b[K/root/colcon_ws/src/Fast-Planner/fast_planner/plan_env/include/plan_env/sdf_map.h:239:50:\x1b[m\x1b[K \x1b[01;31m\x1b[Kerror: \x1b[m\x1b[K\xe2\x80\x98\x1b[01m\x1b[KImageSharedPtr\x1b[m\x1b[K\xe2\x80\x99 in namespace \xe2\x80\x98\x1b[01m\x1b[Ksensor_msgs::msg\x1b[m\x1b[K\xe2\x80\x99 does not name a type\n'}
[25.585117] (plan_env) StderrLine: {'line': b'  239 |   void depthPoseCallback(const sensor_msgs::msg::\x1b[01;31m\x1b[KImageSharedPtr\x1b[m\x1b[K& img,\n'}
[25.585214] (plan_env) StderrLine: {'line': b'      |                                                  \x1b[01;31m\x1b[K^~~~~~~~~~~~~~\x1b[m\x1b[K\n'}
[25.585602] (plan_env) StderrLine: {'line': b'\x1b[01m\x1b[K/root/colcon_ws/src/Fast-Planner/fast_planner/plan_env/include/plan_env/sdf_map.h:240:52:\x1b[m\x1b[K \x1b[01;31m\x1b[Kerror: \x1b[m\x1b[K\xe2\x80\x98\x1b[01m\x1b[KPoseStampedSharedPtr\x1b[m\x1b[K\xe2\x80\x99 in namespace \xe2\x80\x98\x1b[01m\x1b[Kgeometry_msgs::msg\x1b[m\x1b[K\xe2\x80\x99 does not name a type\n'}
[25.585770] (plan_env) StderrLine: {'line': b'  240 |                          const geometry_msgs::msg::\x1b[01;31m\x1b[KPoseStampedSharedPtr\x1b[m\x1b[K& pose);\n'}
[25.585872] (plan_env) StderrLine: {'line': b'      |                                                    \x1b[01;31m\x1b[K^~~~~~~~~~~~~~~~~~~~\x1b[m\x1b[K\n'}
[25.585963] (plan_env) StderrLine: {'line': b'\x1b[01m\x1b[K/root/colcon_ws/src/Fast-Planner/fast_planner/plan_env/include/plan_env/sdf_map.h:241:50:\x1b[m\x1b[K \x1b[01;31m\x1b[Kerror: \x1b[m\x1b[K\xe2\x80\x98\x1b[01m\x1b[KImageSharedPtr\x1b[m\x1b[K\xe2\x80\x99 in namespace \xe2\x80\x98\x1b[01m\x1b[Ksensor_msgs::msg\x1b[m\x1b[K\xe2\x80\x99 does not name a type\n'}
[25.586056] (plan_env) StderrLine: {'line': b'  241 |   void depthOdomCallback(const sensor_msgs::msg::\x1b[01;31m\x1b[KImageSharedPtr\x1b[m\x1b[K& img, const nav_msgs::msg::OdometrySharedPtr& odom);\n'}
[25.586164] (plan_env) StderrLine: {'line': b'      |                                                  \x1b[01;31m\x1b[K^~~~~~~~~~~~~~\x1b[m\x1b[K\n'}
[25.586264] (plan_env) StderrLine: {'line': b'\x1b[01m\x1b[K/root/colcon_ws/src/Fast-Planner/fast_planner/plan_env/include/plan_env/sdf_map.h:241:92:\x1b[m\x1b[K \x1b[01;31m\x1b[Kerror: \x1b[m\x1b[K\xe2\x80\x98\x1b[01m\x1b[KOdometrySharedPtr\x1b[m\x1b[K\xe2\x80\x99 in namespace \xe2\x80\x98\x1b[01m\x1b[Knav_msgs::msg\x1b[m\x1b[K\xe2\x80\x99 does not name a type\n'}
[25.586354] (plan_env) StderrLine: {'line': b'  241 |   void depthOdomCallback(const sensor_msgs::msg::ImageSharedPtr& img, const nav_msgs::msg::\x1b[01;31m\x1b[KOdometrySharedPtr\x1b[m\x1b[K& odom);\n'}
[25.586440] (plan_env) StderrLine: {'line': b'      |                                                                                            \x1b[01;31m\x1b[K^~~~~~~~~~~~~~~~~\x1b[m\x1b[K\n'}
[25.586526] (plan_env) StderrLine: {'line': b'\x1b[01m\x1b[K/root/colcon_ws/src/Fast-Planner/fast_planner/plan_env/include/plan_env/sdf_map.h:242:46:\x1b[m\x1b[K \x1b[01;31m\x1b[Kerror: \x1b[m\x1b[K\xe2\x80\x98\x1b[01m\x1b[KImageSharedPtr\x1b[m\x1b[K\xe2\x80\x99 in namespace \xe2\x80\x98\x1b[01m\x1b[Ksensor_msgs::msg\x1b[m\x1b[K\xe2\x80\x99 does not name a type\n'}
[25.586612] (plan_env) StderrLine: {'line': b'  242 |   void depthCallback(const sensor_msgs::msg::\x1b[01;31m\x1b[KImageSharedPtr\x1b[m\x1b[K& img);\n'}
[25.586696] (plan_env) StderrLine: {'line': b'      |                                              \x1b[01;31m\x1b[K^~~~~~~~~~~~~~\x1b[m\x1b[K\n'}
[25.586779] (plan_env) StderrLine: {'line': b'\x1b[01m\x1b[K/root/colcon_ws/src/Fast-Planner/fast_planner/plan_env/include/plan_env/sdf_map.h:243:46:\x1b[m\x1b[K \x1b[01;31m\x1b[Kerror: \x1b[m\x1b[K\xe2\x80\x98\x1b[01m\x1b[KPointCloud2SharedPtr\x1b[m\x1b[K\xe2\x80\x99 in namespace \xe2\x80\x98\x1b[01m\x1b[Ksensor_msgs::msg\x1b[m\x1b[K\xe2\x80\x99 does not name a type\n'}
[25.586867] (plan_env) StderrLine: {'line': b'  243 |   void cloudCallback(const sensor_msgs::msg::\x1b[01;31m\x1b[KPointCloud2SharedPtr\x1b[m\x1b[K& img);\n'}
[25.586951] (plan_env) StderrLine: {'line': b'      |                                              \x1b[01;31m\x1b[K^~~~~~~~~~~~~~~~~~~~\x1b[m\x1b[K\n'}
[25.587033] (plan_env) StderrLine: {'line': b'\x1b[01m\x1b[K/root/colcon_ws/src/Fast-Planner/fast_planner/plan_env/include/plan_env/sdf_map.h:244:47:\x1b[m\x1b[K \x1b[01;31m\x1b[Kerror: \x1b[m\x1b[K\xe2\x80\x98\x1b[01m\x1b[KPoseStampedSharedPtr\x1b[m\x1b[K\xe2\x80\x99 in namespace \xe2\x80\x98\x1b[01m\x1b[Kgeometry_msgs::msg\x1b[m\x1b[K\xe2\x80\x99 does not name a type\n'}
[25.587121] (plan_env) StderrLine: {'line': b'  244 |   void poseCallback(const geometry_msgs::msg::\x1b[01;31m\x1b[KPoseStampedSharedPtr\x1b[m\x1b[K& pose);\n'}
[25.587203] (plan_env) StderrLine: {'line': b'      |                                               \x1b[01;31m\x1b[K^~~~~~~~~~~~~~~~~~~~\x1b[m\x1b[K\n'}
[25.587307] (plan_env) StderrLine: {'line': b'\x1b[01m\x1b[K/root/colcon_ws/src/Fast-Planner/fast_planner/plan_env/include/plan_env/sdf_map.h:245:42:\x1b[m\x1b[K \x1b[01;31m\x1b[Kerror: \x1b[m\x1b[K\xe2\x80\x98\x1b[01m\x1b[KOdometrySharedPtr\x1b[m\x1b[K\xe2\x80\x99 in namespace \xe2\x80\x98\x1b[01m\x1b[Knav_msgs::msg\x1b[m\x1b[K\xe2\x80\x99 does not name a type\n'}
[25.587396] (plan_env) StderrLine: {'line': b'  245 |   void odomCallback(const nav_msgs::msg::\x1b[01;31m\x1b[KOdometrySharedPtr\x1b[m\x1b[K& odom);\n'}
[25.587479] (plan_env) StderrLine: {'line': b'      |                                          \x1b[01;31m\x1b[K^~~~~~~~~~~~~~~~~\x1b[m\x1b[K\n'}
[25.587562] (plan_env) StderrLine: {'line': b'\x1b[01m\x1b[K/root/colcon_ws/src/Fast-Planner/fast_planner/plan_env/include/plan_env/sdf_map.h:248:46:\x1b[m\x1b[K \x1b[01;31m\x1b[Kerror: \x1b[m\x1b[K\xe2\x80\x98\x1b[01m\x1b[KTimerEvent\x1b[m\x1b[K\xe2\x80\x99 in namespace \xe2\x80\x98\x1b[01m\x1b[Krclcpp\x1b[m\x1b[K\xe2\x80\x99 does not name a type\n'}
[25.587666] (plan_env) StderrLine: {'line': b'  248 |   void updateOccupancyCallback(const rclcpp::\x1b[01;31m\x1b[KTimerEvent\x1b[m\x1b[K& /*event*/);\n'}
[25.587751] (plan_env) StderrLine: {'line': b'      |                                              \x1b[01;31m\x1b[K^~~~~~~~~~\x1b[m\x1b[K\n'}
[25.587835] (plan_env) StderrLine: {'line': b'\x1b[01m\x1b[K/root/colcon_ws/src/Fast-Planner/fast_planner/plan_env/include/plan_env/sdf_map.h:249:41:\x1b[m\x1b[K \x1b[01;31m\x1b[Kerror: \x1b[m\x1b[K\xe2\x80\x98\x1b[01m\x1b[KTimerEvent\x1b[m\x1b[K\xe2\x80\x99 in namespace \xe2\x80\x98\x1b[01m\x1b[Krclcpp\x1b[m\x1b[K\xe2\x80\x99 does not name a type\n'}
[25.587921] (plan_env) StderrLine: {'line': b'  249 |   void updateESDFCallback(const rclcpp::\x1b[01;31m\x1b[KTimerEvent\x1b[m\x1b[K& /*event*/);\n'}
[25.588005] (plan_env) StderrLine: {'line': b'      |                                         \x1b[01;31m\x1b[K^~~~~~~~~~\x1b[m\x1b[K\n'}
[25.588089] (plan_env) StderrLine: {'line': b'\x1b[01m\x1b[K/root/colcon_ws/src/Fast-Planner/fast_planner/plan_env/include/plan_env/sdf_map.h:250:34:\x1b[m\x1b[K \x1b[01;31m\x1b[Kerror: \x1b[m\x1b[K\xe2\x80\x98\x1b[01m\x1b[KTimerEvent\x1b[m\x1b[K\xe2\x80\x99 in namespace \xe2\x80\x98\x1b[01m\x1b[Krclcpp\x1b[m\x1b[K\xe2\x80\x99 does not name a type\n'}
[25.588188] (plan_env) StderrLine: {'line': b'  250 |   void visCallback(const rclcpp::\x1b[01;31m\x1b[KTimerEvent\x1b[m\x1b[K& /*event*/);\n'}
[25.588387] (plan_env) StderrLine: {'line': b'      |                                  \x1b[01;31m\x1b[K^~~~~~~~~~\x1b[m\x1b[K\n'}
[25.611086] (plan_env) StderrLine: {'line': b'\x1b[01m\x1b[K/root/colcon_ws/src/Fast-Planner/fast_planner/plan_env/include/plan_env/sdf_map.h:279:3:\x1b[m\x1b[K \x1b[01;31m\x1b[Kerror: \x1b[m\x1b[Kinvalid use of template-name \xe2\x80\x98\x1b[01m\x1b[Krclcpp::Subscription\x1b[m\x1b[K\xe2\x80\x99 without an argument list\n'}
[25.611663] (plan_env) StderrLine: {'line': b'  279 |   \x1b[01;31m\x1b[Krclcpp\x1b[m\x1b[K::Subscription indep_depth_sub_, indep_odom_sub_, indep_pose_sub_, indep_cloud_sub_;\n'}
[25.611817] (plan_env) StderrLine: {'line': b'      |   \x1b[01;31m\x1b[K^~~~~~\x1b[m\x1b[K\n'}
[25.611926] (plan_env) StderrLine: {'line': b'\x1b[01m\x1b[K/root/colcon_ws/src/Fast-Planner/fast_planner/plan_env/include/plan_env/sdf_map.h:279:3:\x1b[m\x1b[K \x1b[01;31m\x1b[Kerror: \x1b[m\x1b[Kinvalid use of template-name \xe2\x80\x98\x1b[01m\x1b[Krclcpp::Subscription\x1b[m\x1b[K\xe2\x80\x99 without an argument list\n'}
[25.612062] (plan_env) StderrLine: {'line': b'\x1b[01m\x1b[K/root/colcon_ws/src/Fast-Planner/fast_planner/plan_env/include/plan_env/sdf_map.h:279:3:\x1b[m\x1b[K \x1b[01;31m\x1b[Kerror: \x1b[m\x1b[Kinvalid use of template-name \xe2\x80\x98\x1b[01m\x1b[Krclcpp::Subscription\x1b[m\x1b[K\xe2\x80\x99 without an argument list\n'}
[25.612164] (plan_env) StderrLine: {'line': b'\x1b[01m\x1b[K/root/colcon_ws/src/Fast-Planner/fast_planner/plan_env/include/plan_env/sdf_map.h:279:3:\x1b[m\x1b[K \x1b[01;31m\x1b[Kerror: \x1b[m\x1b[Kinvalid use of template-name \xe2\x80\x98\x1b[01m\x1b[Krclcpp::Subscription\x1b[m\x1b[K\xe2\x80\x99 without an argument list\n'}
[25.612281] (plan_env) StderrLine: {'line': b'\x1b[01m\x1b[K/root/colcon_ws/src/Fast-Planner/fast_planner/plan_env/include/plan_env/sdf_map.h:280:3:\x1b[m\x1b[K \x1b[01;31m\x1b[Kerror: \x1b[m\x1b[Kinvalid use of template-name \xe2\x80\x98\x1b[01m\x1b[Krclcpp::Publisher\x1b[m\x1b[K\xe2\x80\x99 without an argument list\n'}
[25.612380] (plan_env) StderrLine: {'line': b'  280 |   \x1b[01;31m\x1b[Krclcpp\x1b[m\x1b[K::Publisher map_pub_, esdf_pub_, map_inf_pub_, update_range_pub_;\n'}
[25.612471] (plan_env) StderrLine: {'line': b'      |   \x1b[01;31m\x1b[K^~~~~~\x1b[m\x1b[K\n'}
[25.612556] (plan_env) StderrLine: {'line': b'\x1b[01m\x1b[K/root/colcon_ws/src/Fast-Planner/fast_planner/plan_env/include/plan_env/sdf_map.h:280:3:\x1b[m\x1b[K \x1b[01;31m\x1b[Kerror: \x1b[m\x1b[Kinvalid use of template-name \xe2\x80\x98\x1b[01m\x1b[Krclcpp::Publisher\x1b[m\x1b[K\xe2\x80\x99 without an argument list\n'}
[25.612671] (plan_env) StderrLine: {'line': b'\x1b[01m\x1b[K/root/colcon_ws/src/Fast-Planner/fast_planner/plan_env/include/plan_env/sdf_map.h:280:3:\x1b[m\x1b[K \x1b[01;31m\x1b[Kerror: \x1b[m\x1b[Kinvalid use of template-name \xe2\x80\x98\x1b[01m\x1b[Krclcpp::Publisher\x1b[m\x1b[K\xe2\x80\x99 without an argument list\n'}
[25.612758] (plan_env) StderrLine: {'line': b'\x1b[01m\x1b[K/root/colcon_ws/src/Fast-Planner/fast_planner/plan_env/include/plan_env/sdf_map.h:280:3:\x1b[m\x1b[K \x1b[01;31m\x1b[Kerror: \x1b[m\x1b[Kinvalid use of template-name \xe2\x80\x98\x1b[01m\x1b[Krclcpp::Publisher\x1b[m\x1b[K\xe2\x80\x99 without an argument list\n'}
[25.612844] (plan_env) StderrLine: {'line': b'\x1b[01m\x1b[K/root/colcon_ws/src/Fast-Planner/fast_planner/plan_env/include/plan_env/sdf_map.h:281:3:\x1b[m\x1b[K \x1b[01;31m\x1b[Kerror: \x1b[m\x1b[Kinvalid use of template-name \xe2\x80\x98\x1b[01m\x1b[Krclcpp::Publisher\x1b[m\x1b[K\xe2\x80\x99 without an argument list\n'}
[25.612933] (plan_env) StderrLine: {'line': b'  281 |   \x1b[01;31m\x1b[Krclcpp\x1b[m\x1b[K::Publisher unknown_pub_, depth_pub_;\n'}
[25.613020] (plan_env) StderrLine: {'line': b'      |   \x1b[01;31m\x1b[K^~~~~~\x1b[m\x1b[K\n'}
[25.613103] (plan_env) StderrLine: {'line': b'\x1b[01m\x1b[K/root/colcon_ws/src/Fast-Planner/fast_planner/plan_env/include/plan_env/sdf_map.h:281:3:\x1b[m\x1b[K \x1b[01;31m\x1b[Kerror: \x1b[m\x1b[Kinvalid use of template-name \xe2\x80\x98\x1b[01m\x1b[Krclcpp::Publisher\x1b[m\x1b[K\xe2\x80\x99 without an argument list\n'}
[25.613205] (plan_env) StderrLine: {'line': b'\x1b[01m\x1b[K/root/colcon_ws/src/Fast-Planner/fast_planner/plan_env/include/plan_env/sdf_map.h:282:11:\x1b[m\x1b[K \x1b[01;31m\x1b[Kerror: \x1b[m\x1b[K\xe2\x80\x98\x1b[01m\x1b[KTimer\x1b[m\x1b[K\xe2\x80\x99 in namespace \xe2\x80\x98\x1b[01m\x1b[Krclcpp\x1b[m\x1b[K\xe2\x80\x99 does not name a type; did you mean \xe2\x80\x98\x1b[01m\x1b[KTime\x1b[m\x1b[K\xe2\x80\x99?\n'}
[25.613306] (plan_env) StderrLine: {'line': b'  282 |   rclcpp::\x1b[01;31m\x1b[KTimer\x1b[m\x1b[K occ_timer_, esdf_timer_, vis_timer_;\n'}
[25.613390] (plan_env) StderrLine: {'line': b'      |           \x1b[01;31m\x1b[K^~~~~\x1b[m\x1b[K\n'}
[25.613473] (plan_env) StderrLine: {'line': b'      |           \x1b[32m\x1b[KTime\x1b[m\x1b[K\n'}
[25.622473] (plan_env) StderrLine: {'line': b'\x1b[01m\x1b[K/root/colcon_ws/src/Fast-Planner/fast_planner/plan_env/include/plan_env/sdf_map.h:\x1b[m\x1b[K In constructor \xe2\x80\x98\x1b[01m\x1b[KSDFMap::SDFMap()\x1b[m\x1b[K\xe2\x80\x99:\n'}
[25.623326] (plan_env) StderrLine: {'line': b'\x1b[01m\x1b[K/root/colcon_ws/src/Fast-Planner/fast_planner/plan_env/include/plan_env/sdf_map.h:169:12:\x1b[m\x1b[K \x1b[01;31m\x1b[Kerror: \x1b[m\x1b[Kno matching function for call to \xe2\x80\x98\x1b[01m\x1b[Krclcpp::Node::Node()\x1b[m\x1b[K\xe2\x80\x99\n'}
[25.623656] (plan_env) StderrLine: {'line': b'  169 |   SDFMap() \x1b[01;31m\x1b[K{\x1b[m\x1b[K}\n'}
[25.623866] (plan_env) StderrLine: {'line': b'      |            \x1b[01;31m\x1b[K^\x1b[m\x1b[K\n'}
[25.630576] (plan_env) StderrLine: {'line': b'In file included from \x1b[01m\x1b[K/opt/ros/humble/include/rclcpp/rclcpp/executors/single_threaded_executor.hpp:28\x1b[m\x1b[K,\n'}
[25.631043] (plan_env) StderrLine: {'line': b'                 from \x1b[01m\x1b[K/opt/ros/humble/include/rclcpp/rclcpp/executors.hpp:22\x1b[m\x1b[K,\n'}
[25.631164] (plan_env) StderrLine: {'line': b'                 from \x1b[01m\x1b[K/opt/ros/humble/include/rclcpp/rclcpp/rclcpp.hpp:155\x1b[m\x1b[K,\n'}
[25.631263] (plan_env) StderrLine: {'line': b'                 from \x1b[01m\x1b[K/root/colcon_ws/src/Fast-Planner/fast_planner/plan_env/include/plan_env/edt_environment.h:32\x1b[m\x1b[K,\n'}
[25.636999] (plan_env) StderrLine: {'line': b'                 from \x1b[01m\x1b[K/root/colcon_ws/src/Fast-Planner/fast_planner/plan_env/src/edt_environment.cpp:26\x1b[m\x1b[K:\n'}
[25.637333] (plan_env) StderrLine: {'line': b'\x1b[01m\x1b[K/opt/ros/humble/include/rclcpp/rclcpp/node.hpp:1294:3:\x1b[m\x1b[K \x1b[01;36m\x1b[Knote: \x1b[m\x1b[Kcandidate: \xe2\x80\x98\x1b[01m\x1b[Krclcpp::Node::Node(const rclcpp::Node&, const string&)\x1b[m\x1b[K\xe2\x80\x99\n'}
[25.637499] (plan_env) StderrLine: {'line': b' 1294 |   \x1b[01;36m\x1b[KNode\x1b[m\x1b[K(\n'}
[25.637610] (plan_env) StderrLine: {'line': b'      |   \x1b[01;36m\x1b[K^~~~\x1b[m\x1b[K\n'}
[25.637730] (plan_env) StderrLine: {'line': b'\x1b[01m\x1b[K/opt/ros/humble/include/rclcpp/rclcpp/node.hpp:1294:3:\x1b[m\x1b[K \x1b[01;36m\x1b[Knote: \x1b[m\x1b[K  candidate expects 2 arguments, 0 provided\n'}
[25.637836] (plan_env) StderrLine: {'line': b'\x1b[01m\x1b[K/opt/ros/humble/include/rclcpp/rclcpp/node.hpp:101:12:\x1b[m\x1b[K \x1b[01;36m\x1b[Knote: \x1b[m\x1b[Kcandidate: \xe2\x80\x98\x1b[01m\x1b[Krclcpp::Node::Node(const string&, const string&, const rclcpp::NodeOptions&)\x1b[m\x1b[K\xe2\x80\x99\n'}
[25.637940] (plan_env) StderrLine: {'line': b'  101 |   explicit \x1b[01;36m\x1b[KNode\x1b[m\x1b[K(\n'}
[25.638031] (plan_env) StderrLine: {'line': b'      |            \x1b[01;36m\x1b[K^~~~\x1b[m\x1b[K\n'}
[25.638118] (plan_env) StderrLine: {'line': b'\x1b[01m\x1b[K/opt/ros/humble/include/rclcpp/rclcpp/node.hpp:101:12:\x1b[m\x1b[K \x1b[01;36m\x1b[Knote: \x1b[m\x1b[K  candidate expects 3 arguments, 0 provided\n'}
[25.638206] (plan_env) StderrLine: {'line': b'\x1b[01m\x1b[K/opt/ros/humble/include/rclcpp/rclcpp/node.hpp:89:12:\x1b[m\x1b[K \x1b[01;36m\x1b[Knote: \x1b[m\x1b[Kcandidate: \xe2\x80\x98\x1b[01m\x1b[Krclcpp::Node::Node(const string&, const rclcpp::NodeOptions&)\x1b[m\x1b[K\xe2\x80\x99\n'}
[25.638298] (plan_env) StderrLine: {'line': b'   89 |   explicit \x1b[01;36m\x1b[KNode\x1b[m\x1b[K(\n'}
[25.638384] (plan_env) StderrLine: {'line': b'      |            \x1b[01;36m\x1b[K^~~~\x1b[m\x1b[K\n'}
[25.638469] (plan_env) StderrLine: {'line': b'\x1b[01m\x1b[K/opt/ros/humble/include/rclcpp/rclcpp/node.hpp:89:12:\x1b[m\x1b[K \x1b[01;36m\x1b[Knote: \x1b[m\x1b[K  candidate expects 2 arguments, 0 provided\n'}
[25.675559] (-) TimerEvent: {}
[25.776877] (-) TimerEvent: {}
[25.858655] (plan_env) StderrLine: {'line': b'In file included from \x1b[01m\x1b[K/root/colcon_ws/src/Fast-Planner/fast_planner/plan_env/src/edt_environment.cpp:26\x1b[m\x1b[K:\n'}
[25.859126] (plan_env) StderrLine: {'line': b'\x1b[01m\x1b[K/root/colcon_ws/src/Fast-Planner/fast_planner/plan_env/include/plan_env/edt_environment.h:\x1b[m\x1b[K At global scope:\n'}
[25.859275] (plan_env) StderrLine: {'line': b'\x1b[01m\x1b[K/root/colcon_ws/src/Fast-Planner/fast_planner/plan_env/include/plan_env/edt_environment.h:62:11:\x1b[m\x1b[K \x1b[01;31m\x1b[Kerror: \x1b[m\x1b[K\xe2\x80\x98\x1b[01m\x1b[KSharedPtr\x1b[m\x1b[K\xe2\x80\x99 in \xe2\x80\x98\x1b[01m\x1b[Kclass SDFMap\x1b[m\x1b[K\xe2\x80\x99 does not name a type\n'}
[25.859396] (plan_env) StderrLine: {'line': b'   62 |   SDFMap::\x1b[01;31m\x1b[KSharedPtr\x1b[m\x1b[K sdf_map_;\n'}
[25.859493] (plan_env) StderrLine: {'line': b'      |           \x1b[01;31m\x1b[K^~~~~~~~~\x1b[m\x1b[K\n'}
[25.859583] (plan_env) StderrLine: {'line': b'\x1b[01m\x1b[K/root/colcon_ws/src/Fast-Planner/fast_planner/plan_env/include/plan_env/edt_environment.h:65:15:\x1b[m\x1b[K \x1b[01;31m\x1b[Kerror: \x1b[m\x1b[K\xe2\x80\x98\x1b[01m\x1b[KSDFMap::SharedPtr\x1b[m\x1b[K\xe2\x80\x99 has not been declared\n'}
[25.859676] (plan_env) StderrLine: {'line': b'   65 |   void setMap(\x1b[01;31m\x1b[KSDFMap\x1b[m\x1b[K::SharedPtr map);\n'}
[25.859764] (plan_env) StderrLine: {'line': b'      |               \x1b[01;31m\x1b[K^~~~~~\x1b[m\x1b[K\n'}
[25.877022] (-) TimerEvent: {}
[25.907359] (plan_env) StderrLine: {'line': b'\x1b[01m\x1b[K/root/colcon_ws/src/Fast-Planner/fast_planner/plan_env/include/plan_env/edt_environment.h:\x1b[m\x1b[K In member function \xe2\x80\x98\x1b[01m\x1b[Kvoid fast_planner::EDTEnvironment::getMapRegion(Eigen::Vector3d&, Eigen::Vector3d&)\x1b[m\x1b[K\xe2\x80\x99:\n'}
[25.907843] (plan_env) StderrLine: {'line': b'\x1b[01m\x1b[K/root/colcon_ws/src/Fast-Planner/fast_planner/plan_env/include/plan_env/edt_environment.h:75:5:\x1b[m\x1b[K \x1b[01;31m\x1b[Kerror: \x1b[m\x1b[K\xe2\x80\x98\x1b[01m\x1b[Ksdf_map_\x1b[m\x1b[K\xe2\x80\x99 was not declared in this scope\n'}
[25.908048] (plan_env) StderrLine: {'line': b'   75 |     \x1b[01;31m\x1b[Ksdf_map_\x1b[m\x1b[K->getRegion(ori, size);\n'}
[25.908169] (plan_env) StderrLine: {'line': b'      |     \x1b[01;31m\x1b[K^~~~~~~~\x1b[m\x1b[K\n'}
[25.908303] (plan_env) StderrLine: {'line': b'\x1b[01m\x1b[K/root/colcon_ws/src/Fast-Planner/fast_planner/plan_env/src/edt_environment.cpp:\x1b[m\x1b[K At global scope:\n'}
[25.908433] (plan_env) StderrLine: {'line': b'\x1b[01m\x1b[K/root/colcon_ws/src/Fast-Planner/fast_planner/plan_env/src/edt_environment.cpp:34:6:\x1b[m\x1b[K \x1b[01;31m\x1b[Kerror: \x1b[m\x1b[Kno declaration matches \xe2\x80\x98\x1b[01m\x1b[Kvoid fast_planner::EDTEnvironment::setMap(std::shared_ptr<SDFMap>)\x1b[m\x1b[K\xe2\x80\x99\n'}
[25.908534] (plan_env) StderrLine: {'line': b'   34 | void \x1b[01;31m\x1b[KEDTEnvironment\x1b[m\x1b[K::setMap(shared_ptr<SDFMap> map) {\n'}
[25.908627] (plan_env) StderrLine: {'line': b'      |      \x1b[01;31m\x1b[K^~~~~~~~~~~~~~\x1b[m\x1b[K\n'}
[25.908717] (plan_env) StderrLine: {'line': b'In file included from \x1b[01m\x1b[K/root/colcon_ws/src/Fast-Planner/fast_planner/plan_env/src/edt_environment.cpp:26\x1b[m\x1b[K:\n'}
[25.908807] (plan_env) StderrLine: {'line': b'\x1b[01m\x1b[K/root/colcon_ws/src/Fast-Planner/fast_planner/plan_env/include/plan_env/edt_environment.h:65:8:\x1b[m\x1b[K \x1b[01;36m\x1b[Knote: \x1b[m\x1b[Kcandidate is: \xe2\x80\x98\x1b[01m\x1b[Kvoid fast_planner::EDTEnvironment::setMap(int)\x1b[m\x1b[K\xe2\x80\x99\n'}
[25.908901] (plan_env) StderrLine: {'line': b'   65 |   void \x1b[01;36m\x1b[KsetMap\x1b[m\x1b[K(SDFMap::SharedPtr map);\n'}
[25.908987] (plan_env) StderrLine: {'line': b'      |        \x1b[01;36m\x1b[K^~~~~~\x1b[m\x1b[K\n'}
[25.910369] (plan_env) StderrLine: {'line': b'\x1b[01m\x1b[K/root/colcon_ws/src/Fast-Planner/fast_planner/plan_env/include/plan_env/edt_environment.h:47:7:\x1b[m\x1b[K \x1b[01;36m\x1b[Knote: \x1b[m\x1b[K\xe2\x80\x98\x1b[01m\x1b[Kclass fast_planner::EDTEnvironment\x1b[m\x1b[K\xe2\x80\x99 defined here\n'}
[25.910625] (plan_env) StderrLine: {'line': b'   47 | class \x1b[01;36m\x1b[KEDTEnvironment\x1b[m\x1b[K {\n'}
[25.910749] (plan_env) StderrLine: {'line': b'      |       \x1b[01;36m\x1b[K^~~~~~~~~~~~~~\x1b[m\x1b[K\n'}
[25.977291] (-) TimerEvent: {}
[26.001844] (plan_env) StderrLine: {'line': b'\x1b[01m\x1b[K/root/colcon_ws/src/Fast-Planner/fast_planner/plan_env/src/edt_environment.cpp:\x1b[m\x1b[K In member function \xe2\x80\x98\x1b[01m\x1b[Kdouble fast_planner::EDTEnvironment::minDistToAllBox(const Vector3d&, const double&)\x1b[m\x1b[K\xe2\x80\x99:\n'}
[26.002683] (plan_env) StderrLine: {'line': b'\x1b[01m\x1b[K/root/colcon_ws/src/Fast-Planner/fast_planner/plan_env/src/edt_environment.cpp:66:21:\x1b[m\x1b[K \x1b[01;35m\x1b[Kwarning: \x1b[m\x1b[Kcomparison of integer expressions of different signedness: \xe2\x80\x98\x1b[01m\x1b[Kint\x1b[m\x1b[K\xe2\x80\x99 and \xe2\x80\x98\x1b[01m\x1b[Kstd::vector<fast_planner::PolynomialPrediction>::size_type\x1b[m\x1b[K\xe2\x80\x99 {aka \xe2\x80\x98\x1b[01m\x1b[Klong unsigned int\x1b[m\x1b[K\xe2\x80\x99} [\x1b[01;35m\x1b[K-Wsign-compare\x1b[m\x1b[K]\n'}
[26.003223] (plan_env) StderrLine: {'line': b'   66 |   for (int i = 0; \x1b[01;35m\x1b[Ki < obj_prediction_->size()\x1b[m\x1b[K; i++) {\n'}
[26.003556] (plan_env) StderrLine: {'line': b'      |                   \x1b[01;35m\x1b[K~~^~~~~~~~~~~~~~~~~~~~~~~~~\x1b[m\x1b[K\n'}
[26.045697] (plan_env) StderrLine: {'line': b'\x1b[01m\x1b[K/root/colcon_ws/src/Fast-Planner/fast_planner/plan_env/src/edt_environment.cpp:\x1b[m\x1b[K In member function \xe2\x80\x98\x1b[01m\x1b[Kvoid fast_planner::EDTEnvironment::getSurroundDistance(Eigen::Vector3d (*)[2][2], double (*)[2][2])\x1b[m\x1b[K\xe2\x80\x99:\n'}
[26.046435] (plan_env) StderrLine: {'line': b'\x1b[01m\x1b[K/root/colcon_ws/src/Fast-Planner/fast_planner/plan_env/src/edt_environment.cpp:78:26:\x1b[m\x1b[K \x1b[01;31m\x1b[Kerror: \x1b[m\x1b[K\xe2\x80\x98\x1b[01m\x1b[Ksdf_map_\x1b[m\x1b[K\xe2\x80\x99 was not declared in this scope\n'}
[26.046621] (plan_env) StderrLine: {'line': b'   78 |         dists[x][y][z] = \x1b[01;31m\x1b[Ksdf_map_\x1b[m\x1b[K->getDistance(pts[x][y][z]);\n'}
[26.046784] (plan_env) StderrLine: {'line': b'      |                          \x1b[01;31m\x1b[K^~~~~~~~\x1b[m\x1b[K\n'}
[26.077455] (-) TimerEvent: {}
[26.110682] (plan_env) StderrLine: {'line': b'\x1b[01m\x1b[K/root/colcon_ws/src/Fast-Planner/fast_planner/plan_env/src/edt_environment.cpp:\x1b[m\x1b[K In member function \xe2\x80\x98\x1b[01m\x1b[Kvoid fast_planner::EDTEnvironment::evaluateEDTWithGrad(const Vector3d&, double, double&, Eigen::Vector3d&)\x1b[m\x1b[K\xe2\x80\x99:\n'}
[26.111192] (plan_env) StderrLine: {'line': b'\x1b[01m\x1b[K/root/colcon_ws/src/Fast-Planner/fast_planner/plan_env/src/edt_environment.cpp:112:3:\x1b[m\x1b[K \x1b[01;31m\x1b[Kerror: \x1b[m\x1b[K\xe2\x80\x98\x1b[01m\x1b[Ksdf_map_\x1b[m\x1b[K\xe2\x80\x99 was not declared in this scope\n'}
[26.111325] (plan_env) StderrLine: {'line': b'  112 |   \x1b[01;31m\x1b[Ksdf_map_\x1b[m\x1b[K->getSurroundPts(pos, sur_pts, diff);\n'}
[26.111430] (plan_env) StderrLine: {'line': b'      |   \x1b[01;31m\x1b[K^~~~~~~~\x1b[m\x1b[K\n'}
[26.144165] (plan_env) StderrLine: {'line': b'\x1b[01m\x1b[K/root/colcon_ws/src/Fast-Planner/fast_planner/plan_env/src/edt_environment.cpp:\x1b[m\x1b[K In member function \xe2\x80\x98\x1b[01m\x1b[Kdouble fast_planner::EDTEnvironment::evaluateCoarseEDT(Eigen::Vector3d&, double)\x1b[m\x1b[K\xe2\x80\x99:\n'}
[26.144684] (plan_env) StderrLine: {'line': b'\x1b[01m\x1b[K/root/colcon_ws/src/Fast-Planner/fast_planner/plan_env/src/edt_environment.cpp:121:15:\x1b[m\x1b[K \x1b[01;31m\x1b[Kerror: \x1b[m\x1b[K\xe2\x80\x98\x1b[01m\x1b[Ksdf_map_\x1b[m\x1b[K\xe2\x80\x99 was not declared in this scope\n'}
[26.144816] (plan_env) StderrLine: {'line': b'  121 |   double d1 = \x1b[01;31m\x1b[Ksdf_map_\x1b[m\x1b[K->getDistance(pos);\n'}
[26.144923] (plan_env) StderrLine: {'line': b'      |               \x1b[01;31m\x1b[K^~~~~~~~\x1b[m\x1b[K\n'}
[26.177618] (-) TimerEvent: {}
[26.278358] (-) TimerEvent: {}
[26.379095] (-) TimerEvent: {}
[26.479917] (-) TimerEvent: {}
[26.580798] (-) TimerEvent: {}
[26.683069] (-) TimerEvent: {}
[26.786423] (-) TimerEvent: {}
[26.844089] (plan_env) StderrLine: {'line': b'In file included from \x1b[01m\x1b[K/root/colcon_ws/src/Fast-Planner/fast_planner/plan_env/src/sdf_map.cpp:26\x1b[m\x1b[K:\n'}
[26.844736] (plan_env) StderrLine: {'line': b'\x1b[01m\x1b[K/root/colcon_ws/src/Fast-Planner/fast_planner/plan_env/include/plan_env/sdf_map.h:239:50:\x1b[m\x1b[K \x1b[01;31m\x1b[Kerror: \x1b[m\x1b[K\xe2\x80\x98\x1b[01m\x1b[KImageSharedPtr\x1b[m\x1b[K\xe2\x80\x99 in namespace \xe2\x80\x98\x1b[01m\x1b[Ksensor_msgs::msg\x1b[m\x1b[K\xe2\x80\x99 does not name a type\n'}
[26.844983] (plan_env) StderrLine: {'line': b'  239 |   void depthPoseCallback(const sensor_msgs::msg::\x1b[01;31m\x1b[KImageSharedPtr\x1b[m\x1b[K& img,\n'}
[26.845182] (plan_env) StderrLine: {'line': b'      |                                                  \x1b[01;31m\x1b[K^~~~~~~~~~~~~~\x1b[m\x1b[K\n'}
[26.845599] (plan_env) StderrLine: {'line': b'\x1b[01m\x1b[K/root/colcon_ws/src/Fast-Planner/fast_planner/plan_env/include/plan_env/sdf_map.h:240:52:\x1b[m\x1b[K \x1b[01;31m\x1b[Kerror: \x1b[m\x1b[K\xe2\x80\x98\x1b[01m\x1b[KPoseStampedSharedPtr\x1b[m\x1b[K\xe2\x80\x99 in namespace \xe2\x80\x98\x1b[01m\x1b[Kgeometry_msgs::msg\x1b[m\x1b[K\xe2\x80\x99 does not name a type\n'}
[26.845873] (plan_env) StderrLine: {'line': b'  240 |                          const geometry_msgs::msg::\x1b[01;31m\x1b[KPoseStampedSharedPtr\x1b[m\x1b[K& pose);\n'}
[26.846070] (plan_env) StderrLine: {'line': b'      |                                                    \x1b[01;31m\x1b[K^~~~~~~~~~~~~~~~~~~~\x1b[m\x1b[K\n'}
[26.846455] (plan_env) StderrLine: {'line': b'\x1b[01m\x1b[K/root/colcon_ws/src/Fast-Planner/fast_planner/plan_env/include/plan_env/sdf_map.h:241:50:\x1b[m\x1b[K \x1b[01;31m\x1b[Kerror: \x1b[m\x1b[K\xe2\x80\x98\x1b[01m\x1b[KImageSharedPtr\x1b[m\x1b[K\xe2\x80\x99 in namespace \xe2\x80\x98\x1b[01m\x1b[Ksensor_msgs::msg\x1b[m\x1b[K\xe2\x80\x99 does not name a type\n'}
[26.846694] (plan_env) StderrLine: {'line': b'  241 |   void depthOdomCallback(const sensor_msgs::msg::\x1b[01;31m\x1b[KImageSharedPtr\x1b[m\x1b[K& img, const nav_msgs::msg::OdometrySharedPtr& odom);\n'}
[26.846923] (plan_env) StderrLine: {'line': b'      |                                                  \x1b[01;31m\x1b[K^~~~~~~~~~~~~~\x1b[m\x1b[K\n'}
[26.847244] (plan_env) StderrLine: {'line': b'\x1b[01m\x1b[K/root/colcon_ws/src/Fast-Planner/fast_planner/plan_env/include/plan_env/sdf_map.h:241:92:\x1b[m\x1b[K \x1b[01;31m\x1b[Kerror: \x1b[m\x1b[K\xe2\x80\x98\x1b[01m\x1b[KOdometrySharedPtr\x1b[m\x1b[K\xe2\x80\x99 in namespace \xe2\x80\x98\x1b[01m\x1b[Knav_msgs::msg\x1b[m\x1b[K\xe2\x80\x99 does not name a type\n'}
[26.847459] (plan_env) StderrLine: {'line': b'  241 | (const sensor_msgs::msg::ImageSharedPtr& img, const nav_msgs::msg::\x1b[01;31m\x1b[KOdometrySharedPtr\x1b[m\x1b[K& odom);\n'}
[26.847666] (plan_env) StderrLine: {'line': b'      |                                                                    \x1b[01;31m\x1b[K^~~~~~~~~~~~~~~~~\x1b[m\x1b[K\n'}
[26.847825] (plan_env) StderrLine: {'line': b'\n'}
[26.848170] (plan_env) StderrLine: {'line': b'\x1b[01m\x1b[K/root/colcon_ws/src/Fast-Planner/fast_planner/plan_env/include/plan_env/sdf_map.h:242:46:\x1b[m\x1b[K \x1b[01;31m\x1b[Kerror: \x1b[m\x1b[K\xe2\x80\x98\x1b[01m\x1b[KImageSharedPtr\x1b[m\x1b[K\xe2\x80\x99 in namespace \xe2\x80\x98\x1b[01m\x1b[Ksensor_msgs::msg\x1b[m\x1b[K\xe2\x80\x99 does not name a type\n'}
[26.848435] (plan_env) StderrLine: {'line': b'  242 |   void depthCallback(const sensor_msgs::msg::\x1b[01;31m\x1b[KImageSharedPtr\x1b[m\x1b[K& img);\n'}
[26.848627] (plan_env) StderrLine: {'line': b'      |                                              \x1b[01;31m\x1b[K^~~~~~~~~~~~~~\x1b[m\x1b[K\n'}
[26.848981] (plan_env) StderrLine: {'line': b'\x1b[01m\x1b[K/root/colcon_ws/src/Fast-Planner/fast_planner/plan_env/include/plan_env/sdf_map.h:243:46:\x1b[m\x1b[K \x1b[01;31m\x1b[Kerror: \x1b[m\x1b[K\xe2\x80\x98\x1b[01m\x1b[KPointCloud2SharedPtr\x1b[m\x1b[K\xe2\x80\x99 in namespace \xe2\x80\x98\x1b[01m\x1b[Ksensor_msgs::msg\x1b[m\x1b[K\xe2\x80\x99 does not name a type\n'}
[26.849204] (plan_env) StderrLine: {'line': b'  243 |   void cloudCallback(const sensor_msgs::msg::\x1b[01;31m\x1b[KPointCloud2SharedPtr\x1b[m\x1b[K& img);\n'}
[26.849386] (plan_env) StderrLine: {'line': b'      |                                              \x1b[01;31m\x1b[K^~~~~~~~~~~~~~~~~~~~\x1b[m\x1b[K\n'}
[26.849760] (plan_env) StderrLine: {'line': b'\x1b[01m\x1b[K/root/colcon_ws/src/Fast-Planner/fast_planner/plan_env/include/plan_env/sdf_map.h:244:47:\x1b[m\x1b[K \x1b[01;31m\x1b[Kerror: \x1b[m\x1b[K\xe2\x80\x98\x1b[01m\x1b[KPoseStampedSharedPtr\x1b[m\x1b[K\xe2\x80\x99 in namespace \xe2\x80\x98\x1b[01m\x1b[Kgeometry_msgs::msg\x1b[m\x1b[K\xe2\x80\x99 does not name a type\n'}
[26.849987] (plan_env) StderrLine: {'line': b'  244 |   void poseCallback(const geometry_msgs::msg::\x1b[01;31m\x1b[KPoseStampedSharedPtr\x1b[m\x1b[K& pose);\n'}
[26.850166] (plan_env) StderrLine: {'line': b'      |                                               \x1b[01;31m\x1b[K^~~~~~~~~~~~~~~~~~~~\x1b[m\x1b[K\n'}
[26.850512] (plan_env) StderrLine: {'line': b'\x1b[01m\x1b[K/root/colcon_ws/src/Fast-Planner/fast_planner/plan_env/include/plan_env/sdf_map.h:245:42:\x1b[m\x1b[K \x1b[01;31m\x1b[Kerror: \x1b[m\x1b[K\xe2\x80\x98\x1b[01m\x1b[KOdometrySharedPtr\x1b[m\x1b[K\xe2\x80\x99 in namespace \xe2\x80\x98\x1b[01m\x1b[Knav_msgs::msg\x1b[m\x1b[K\xe2\x80\x99 does not name a type\n'}
[26.850728] (plan_env) StderrLine: {'line': b'  245 |   void odomCallback(const nav_msgs::msg::\x1b[01;31m\x1b[KOdometrySharedPtr\x1b[m\x1b[K& odom);\n'}
[26.850905] (plan_env) StderrLine: {'line': b'      |                                          \x1b[01;31m\x1b[K^~~~~~~~~~~~~~~~~\x1b[m\x1b[K\n'}
[26.851514] (plan_env) StderrLine: {'line': b'\x1b[01m\x1b[K/root/colcon_ws/src/Fast-Planner/fast_planner/plan_env/include/plan_env/sdf_map.h:248:46:\x1b[m\x1b[K \x1b[01;31m\x1b[Kerror: \x1b[m\x1b[K\xe2\x80\x98\x1b[01m\x1b[KTimerEvent\x1b[m\x1b[K\xe2\x80\x99 in namespace \xe2\x80\x98\x1b[01m\x1b[Krclcpp\x1b[m\x1b[K\xe2\x80\x99 does not name a type\n'}
[26.851836] (plan_env) StderrLine: {'line': b'  248 |   void updateOccupancyCallback(const rclcpp::\x1b[01;31m\x1b[KTimerEvent\x1b[m\x1b[K& /*event*/);\n'}
[26.852035] (plan_env) StderrLine: {'line': b'      |                                              \x1b[01;31m\x1b[K^~~~~~~~~~\x1b[m\x1b[K\n'}
[26.852624] (plan_env) StderrLine: {'line': b'\x1b[01m\x1b[K/root/colcon_ws/src/Fast-Planner/fast_planner/plan_env/include/plan_env/sdf_map.h:249:41:\x1b[m\x1b[K \x1b[01;31m\x1b[Kerror: \x1b[m\x1b[K\xe2\x80\x98\x1b[01m\x1b[KTimerEvent\x1b[m\x1b[K\xe2\x80\x99 in namespace \xe2\x80\x98\x1b[01m\x1b[Krclcpp\x1b[m\x1b[K\xe2\x80\x99 does not name a type\n'}
[26.852888] (plan_env) StderrLine: {'line': b'  249 |   void updateESDFCallback(const rclcpp::\x1b[01;31m\x1b[KTimerEvent\x1b[m\x1b[K& /*event*/);\n'}
[26.853081] (plan_env) StderrLine: {'line': b'      |                                         \x1b[01;31m\x1b[K^~~~~~~~~~\x1b[m\x1b[K\n'}
[26.853596] (plan_env) StderrLine: {'line': b'\x1b[01m\x1b[K/root/colcon_ws/src/Fast-Planner/fast_planner/plan_env/include/plan_env/sdf_map.h:250:34:\x1b[m\x1b[K \x1b[01;31m\x1b[Kerror: \x1b[m\x1b[K\xe2\x80\x98\x1b[01m\x1b[KTimerEvent\x1b[m\x1b[K\xe2\x80\x99 in namespace \xe2\x80\x98\x1b[01m\x1b[Krclcpp\x1b[m\x1b[K\xe2\x80\x99 does not name a type\n'}
[26.853838] (plan_env) StderrLine: {'line': b'  250 |   void visCallback(const rclcpp::\x1b[01;31m\x1b[KTimerEvent\x1b[m\x1b[K& /*event*/);\n'}
[26.854024] (plan_env) StderrLine: {'line': b'      |                                  \x1b[01;31m\x1b[K^~~~~~~~~~\x1b[m\x1b[K\n'}
[26.879310] (plan_env) StderrLine: {'line': b'\x1b[01m\x1b[K/root/colcon_ws/src/Fast-Planner/fast_planner/plan_env/include/plan_env/sdf_map.h:279:3:\x1b[m\x1b[K \x1b[01;31m\x1b[Kerror: \x1b[m\x1b[Kinvalid use of template-name \xe2\x80\x98\x1b[01m\x1b[Krclcpp::Subscription\x1b[m\x1b[K\xe2\x80\x99 without an argument list\n'}
[26.879899] (plan_env) StderrLine: {'line': b'  279 |   \x1b[01;31m\x1b[Krclcpp\x1b[m\x1b[K::Subscription indep_depth_sub_, indep_odom_sub_, indep_pose_sub_, indep_cloud_sub_;\n'}
[26.880146] (plan_env) StderrLine: {'line': b'      |   \x1b[01;31m\x1b[K^~~~~~\x1b[m\x1b[K\n'}
[26.880492] (plan_env) StderrLine: {'line': b'\x1b[01m\x1b[K/root/colcon_ws/src/Fast-Planner/fast_planner/plan_env/include/plan_env/sdf_map.h:279:3:\x1b[m\x1b[K \x1b[01;31m\x1b[Kerror: \x1b[m\x1b[Kinvalid use of template-name \xe2\x80\x98\x1b[01m\x1b[Krclcpp::Subscription\x1b[m\x1b[K\xe2\x80\x99 without an argument list\n'}
[26.880789] (plan_env) StderrLine: {'line': b'\x1b[01m\x1b[K/root/colcon_ws/src/Fast-Planner/fast_planner/plan_env/include/plan_env/sdf_map.h:279:3:\x1b[m\x1b[K \x1b[01;31m\x1b[Kerror: \x1b[m\x1b[Kinvalid use of template-name \xe2\x80\x98\x1b[01m\x1b[Krclcpp::Subscription\x1b[m\x1b[K\xe2\x80\x99 without an argument list\n'}
[26.881094] (plan_env) StderrLine: {'line': b'\x1b[01m\x1b[K/root/colcon_ws/src/Fast-Planner/fast_planner/plan_env/include/plan_env/sdf_map.h:279:3:\x1b[m\x1b[K \x1b[01;31m\x1b[Kerror: \x1b[m\x1b[Kinvalid use of template-name \xe2\x80\x98\x1b[01m\x1b[Krclcpp::Subscription\x1b[m\x1b[K\xe2\x80\x99 without an argument list\n'}
[26.881459] (plan_env) StderrLine: {'line': b'\x1b[01m\x1b[K/root/colcon_ws/src/Fast-Planner/fast_planner/plan_env/include/plan_env/sdf_map.h:280:3:\x1b[m\x1b[K \x1b[01;31m\x1b[Kerror: \x1b[m\x1b[Kinvalid use of template-name \xe2\x80\x98\x1b[01m\x1b[Krclcpp::Publisher\x1b[m\x1b[K\xe2\x80\x99 without an argument list\n'}
[26.881681] (plan_env) StderrLine: {'line': b'  280 |   \x1b[01;31m\x1b[Krclcpp\x1b[m\x1b[K::Publisher map_pub_, esdf_pub_, map_inf_pub_, update_range_pub_;\n'}
[26.881872] (plan_env) StderrLine: {'line': b'      |   \x1b[01;31m\x1b[K^~~~~~\x1b[m\x1b[K\n'}
[26.882158] (plan_env) StderrLine: {'line': b'\x1b[01m\x1b[K/root/colcon_ws/src/Fast-Planner/fast_planner/plan_env/include/plan_env/sdf_map.h:280:3:\x1b[m\x1b[K \x1b[01;31m\x1b[Kerror: \x1b[m\x1b[Kinvalid use of template-name \xe2\x80\x98\x1b[01m\x1b[Krclcpp::Publisher\x1b[m\x1b[K\xe2\x80\x99 without an argument list\n'}
[26.882445] (plan_env) StderrLine: {'line': b'\x1b[01m\x1b[K/root/colcon_ws/src/Fast-Planner/fast_planner/plan_env/include/plan_env/sdf_map.h:280:3:\x1b[m\x1b[K \x1b[01;31m\x1b[Kerror: \x1b[m\x1b[Kinvalid use of template-name \xe2\x80\x98\x1b[01m\x1b[Krclcpp::Publisher\x1b[m\x1b[K\xe2\x80\x99 without an argument list\n'}
[26.882705] (plan_env) StderrLine: {'line': b'\x1b[01m\x1b[K/root/colcon_ws/src/Fast-Planner/fast_planner/plan_env/include/plan_env/sdf_map.h:280:3:\x1b[m\x1b[K \x1b[01;31m\x1b[Kerror: \x1b[m\x1b[Kinvalid use of template-name \xe2\x80\x98\x1b[01m\x1b[Krclcpp::Publisher\x1b[m\x1b[K\xe2\x80\x99 without an argument list\n'}
[26.883004] (plan_env) StderrLine: {'line': b'\x1b[01m\x1b[K/root/colcon_ws/src/Fast-Planner/fast_planner/plan_env/include/plan_env/sdf_map.h:281:3:\x1b[m\x1b[K \x1b[01;31m\x1b[Kerror: \x1b[m\x1b[Kinvalid use of template-name \xe2\x80\x98\x1b[01m\x1b[Krclcpp::Publisher\x1b[m\x1b[K\xe2\x80\x99 without an argument list\n'}
[26.883232] (plan_env) StderrLine: {'line': b'  281 |   \x1b[01;31m\x1b[Krclcpp\x1b[m\x1b[K::Publisher unknown_pub_, depth_pub_;\n'}
[26.883419] (plan_env) StderrLine: {'line': b'      |   \x1b[01;31m\x1b[K^~~~~~\x1b[m\x1b[K\n'}
[26.883665] (plan_env) StderrLine: {'line': b'\x1b[01m\x1b[K/root/colcon_ws/src/Fast-Planner/fast_planner/plan_env/include/plan_env/sdf_map.h:281:3:\x1b[m\x1b[K \x1b[01;31m\x1b[Kerror: \x1b[m\x1b[Kinvalid use of template-name \xe2\x80\x98\x1b[01m\x1b[Krclcpp::Publisher\x1b[m\x1b[K\xe2\x80\x99 without an argument list\n'}
[26.884165] (plan_env) StderrLine: {'line': b'\x1b[01m\x1b[K/root/colcon_ws/src/Fast-Planner/fast_planner/plan_env/include/plan_env/sdf_map.h:282:11:\x1b[m\x1b[K \x1b[01;31m\x1b[Kerror: \x1b[m\x1b[K\xe2\x80\x98\x1b[01m\x1b[KTimer\x1b[m\x1b[K\xe2\x80\x99 in namespace \xe2\x80\x98\x1b[01m\x1b[Krclcpp\x1b[m\x1b[K\xe2\x80\x99 does not name a type; did you mean \xe2\x80\x98\x1b[01m\x1b[KTime\x1b[m\x1b[K\xe2\x80\x99?\n'}
[26.884454] (plan_env) StderrLine: {'line': b'  282 |   rclcpp::\x1b[01;31m\x1b[KTimer\x1b[m\x1b[K occ_timer_, esdf_timer_, vis_timer_;\n'}
[26.884647] (plan_env) StderrLine: {'line': b'      |           \x1b[01;31m\x1b[K^~~~~\x1b[m\x1b[K\n'}
[26.884838] (plan_env) StderrLine: {'line': b'      |           \x1b[32m\x1b[KTime\x1b[m\x1b[K\n'}
[26.886551] (-) TimerEvent: {}
[26.898078] (plan_env) StderrLine: {'line': b'\x1b[01m\x1b[K/root/colcon_ws/src/Fast-Planner/fast_planner/plan_env/include/plan_env/sdf_map.h:\x1b[m\x1b[K In constructor \xe2\x80\x98\x1b[01m\x1b[KSDFMap::SDFMap()\x1b[m\x1b[K\xe2\x80\x99:\n'}
[26.898673] (plan_env) StderrLine: {'line': b'\x1b[01m\x1b[K/root/colcon_ws/src/Fast-Planner/fast_planner/plan_env/include/plan_env/sdf_map.h:169:12:\x1b[m\x1b[K \x1b[01;31m\x1b[Kerror: \x1b[m\x1b[Kno matching function for call to \xe2\x80\x98\x1b[01m\x1b[Krclcpp::Node::Node()\x1b[m\x1b[K\xe2\x80\x99\n'}
[26.898906] (plan_env) StderrLine: {'line': b'  169 |   SDFMap() \x1b[01;31m\x1b[K{\x1b[m\x1b[K}\n'}
[26.899104] (plan_env) StderrLine: {'line': b'      |            \x1b[01;31m\x1b[K^\x1b[m\x1b[K\n'}
[26.899762] (plan_env) StderrLine: {'line': b'In file included from \x1b[01m\x1b[K/opt/ros/humble/include/rclcpp/rclcpp/executors/single_threaded_executor.hpp:28\x1b[m\x1b[K,\n'}
[26.900029] (plan_env) StderrLine: {'line': b'                 from \x1b[01m\x1b[K/opt/ros/humble/include/rclcpp/rclcpp/executors.hpp:22\x1b[m\x1b[K,\n'}
[26.900247] (plan_env) StderrLine: {'line': b'                 from \x1b[01m\x1b[K/opt/ros/humble/include/rclcpp/rclcpp/rclcpp.hpp:155\x1b[m\x1b[K,\n'}
[26.900446] (plan_env) StderrLine: {'line': b'                 from \x1b[01m\x1b[K/root/colcon_ws/src/Fast-Planner/fast_planner/plan_env/include/plan_env/sdf_map.h:37\x1b[m\x1b[K,\n'}
[26.900636] (plan_env) StderrLine: {'line': b'                 from \x1b[01m\x1b[K/root/colcon_ws/src/Fast-Planner/fast_planner/plan_env/src/sdf_map.cpp:26\x1b[m\x1b[K:\n'}
[26.900831] (plan_env) StderrLine: {'line': b'\x1b[01m\x1b[K/opt/ros/humble/include/rclcpp/rclcpp/node.hpp:1294:3:\x1b[m\x1b[K \x1b[01;36m\x1b[Knote: \x1b[m\x1b[Kcandidate: \xe2\x80\x98\x1b[01m\x1b[Krclcpp::Node::Node(const rclcpp::Node&, const string&)\x1b[m\x1b[K\xe2\x80\x99\n'}
[26.901076] (plan_env) StderrLine: {'line': b' 1294 |   \x1b[01;36m\x1b[KNode\x1b[m\x1b[K(\n'}
[26.901270] (plan_env) StderrLine: {'line': b'      |   \x1b[01;36m\x1b[K^~~~\x1b[m\x1b[K\n'}
[26.901539] (plan_env) StderrLine: {'line': b'\x1b[01m\x1b[K/opt/ros/humble/include/rclcpp/rclcpp/node.hpp:1294:3:\x1b[m\x1b[K \x1b[01;36m\x1b[Knote: \x1b[m\x1b[K  candidate expects 2 arguments, 0 provided\n'}
[26.901890] (plan_env) StderrLine: {'line': b'\x1b[01m\x1b[K/opt/ros/humble/include/rclcpp/rclcpp/node.hpp:101:12:\x1b[m\x1b[K \x1b[01;36m\x1b[Knote: \x1b[m\x1b[Kcandidate: \xe2\x80\x98\x1b[01m\x1b[Krclcpp::Node::Node(const string&, const string&, const rclcpp::NodeOptions&)\x1b[m\x1b[K\xe2\x80\x99\n'}
[26.902135] (plan_env) StderrLine: {'line': b'  101 |   explicit \x1b[01;36m\x1b[KNode\x1b[m\x1b[K(\n'}
[26.902378] (plan_env) StderrLine: {'line': b'      |            \x1b[01;36m\x1b[K^~~~\x1b[m\x1b[K\n'}
[26.902617] (plan_env) StderrLine: {'line': b'\x1b[01m\x1b[K/opt/ros/humble/include/rclcpp/rclcpp/node.hpp:101:12:\x1b[m\x1b[K \x1b[01;36m\x1b[Knote: \x1b[m\x1b[K  candidate expects 3 arguments, 0 provided\n'}
[26.902919] (plan_env) StderrLine: {'line': b'\x1b[01m\x1b[K/opt/ros/humble/include/rclcpp/rclcpp/node.hpp:89:12:\x1b[m\x1b[K \x1b[01;36m\x1b[Knote: \x1b[m\x1b[Kcandidate: \xe2\x80\x98\x1b[01m\x1b[Krclcpp::Node::Node(const string&, const rclcpp::NodeOptions&)\x1b[m\x1b[K\xe2\x80\x99\n'}
[26.903151] (plan_env) StderrLine: {'line': b'   89 |   explicit \x1b[01;36m\x1b[KNode\x1b[m\x1b[K(\n'}
[26.903376] (plan_env) StderrLine: {'line': b'      |            \x1b[01;36m\x1b[K^~~~\x1b[m\x1b[K\n'}
[26.903752] (plan_env) StderrLine: {'line': b'\x1b[01m\x1b[K/opt/ros/humble/include/rclcpp/rclcpp/node.hpp:89:12:\x1b[m\x1b[K \x1b[01;36m\x1b[Knote: \x1b[m\x1b[K  candidate expects 2 arguments, 0 provided\n'}
[26.922044] (quadrotor_msgs) StdoutLine: {'line': b'[ 85%] Built target quadrotor_msgs__py\n'}
[26.964492] (quadrotor_msgs) StdoutLine: {'line': b'[ 86%] \x1b[32mBuilding C object CMakeFiles/quadrotor_msgs__rosidl_generator_py.dir/rosidl_generator_py/quadrotor_msgs/msg/_aux_command_s.c.o\x1b[0m\n'}
[26.972853] (quadrotor_msgs) StdoutLine: {'line': b'[ 87%] \x1b[32mBuilding C object CMakeFiles/quadrotor_msgs__rosidl_generator_py.dir/rosidl_generator_py/quadrotor_msgs/msg/_gains_s.c.o\x1b[0m\n'}
[26.977133] (quadrotor_msgs) StdoutLine: {'line': b'[ 87%] \x1b[32mBuilding C object CMakeFiles/quadrotor_msgs__rosidl_generator_py.dir/rosidl_generator_py/quadrotor_msgs/msg/_corrections_s.c.o\x1b[0m\n'}
[26.986598] (quadrotor_msgs) StdoutLine: {'line': b'[ 88%] \x1b[32mBuilding C object CMakeFiles/quadrotor_msgs__rosidl_generator_py.dir/rosidl_generator_py/quadrotor_msgs/msg/_output_data_s.c.o\x1b[0m\n'}
[26.987088] (-) TimerEvent: {}
[26.996639] (quadrotor_msgs) StdoutLine: {'line': b'[ 89%] \x1b[32mBuilding C object CMakeFiles/quadrotor_msgs__rosidl_generator_py.dir/rosidl_generator_py/quadrotor_msgs/msg/_position_command_s.c.o\x1b[0m\n'}
[27.073872] (quadrotor_msgs) StdoutLine: {'line': b'[ 90%] \x1b[32mBuilding C object CMakeFiles/quadrotor_msgs__rosidl_generator_py.dir/rosidl_generator_py/quadrotor_msgs/msg/_ppr_output_data_s.c.o\x1b[0m\n'}
[27.087350] (-) TimerEvent: {}
[27.091393] (quadrotor_msgs) StdoutLine: {'line': b'[ 90%] \x1b[32mBuilding C object CMakeFiles/quadrotor_msgs__rosidl_generator_py.dir/rosidl_generator_py/quadrotor_msgs/msg/_serial_s.c.o\x1b[0m\n'}
[27.169795] (plan_env) StderrLine: {'line': b'\x1b[01m\x1b[K/root/colcon_ws/src/Fast-Planner/fast_planner/plan_env/src/sdf_map.cpp:\x1b[m\x1b[K In member function \xe2\x80\x98\x1b[01m\x1b[Kvoid SDFMap::initMap(rclcpp::Node&)\x1b[m\x1b[K\xe2\x80\x99:\n'}
[27.170246] (plan_env) StderrLine: {'line': b'\x1b[01m\x1b[K/root/colcon_ws/src/Fast-Planner/fast_planner/plan_env/src/sdf_map.cpp:32:11:\x1b[m\x1b[K \x1b[01;31m\x1b[Kerror: \x1b[m\x1b[Kuse of deleted function \xe2\x80\x98\x1b[01m\x1b[Krclcpp::Node& rclcpp::Node::operator=(const rclcpp::Node&)\x1b[m\x1b[K\xe2\x80\x99\n'}
[27.170424] (plan_env) StderrLine: {'line': b'   32 |   node_ = \x1b[01;31m\x1b[Knh\x1b[m\x1b[K;\n'}
[27.170528] (plan_env) StderrLine: {'line': b'      |           \x1b[01;31m\x1b[K^~\x1b[m\x1b[K\n'}
[27.170618] (plan_env) StderrLine: {'line': b'In file included from \x1b[01m\x1b[K/opt/ros/humble/include/rclcpp/rclcpp/context.hpp:35\x1b[m\x1b[K,\n'}
[27.170707] (plan_env) StderrLine: {'line': b'                 from \x1b[01m\x1b[K/opt/ros/humble/include/rclcpp/rclcpp/executor.hpp:34\x1b[m\x1b[K,\n'}
[27.170793] (plan_env) StderrLine: {'line': b'                 from \x1b[01m\x1b[K/opt/ros/humble/include/rclcpp/rclcpp/executors/multi_threaded_executor.hpp:25\x1b[m\x1b[K,\n'}
[27.170883] (plan_env) StderrLine: {'line': b'                 from \x1b[01m\x1b[K/opt/ros/humble/include/rclcpp/rclcpp/executors.hpp:21\x1b[m\x1b[K,\n'}
[27.170970] (plan_env) StderrLine: {'line': b'                 from \x1b[01m\x1b[K/opt/ros/humble/include/rclcpp/rclcpp/rclcpp.hpp:155\x1b[m\x1b[K,\n'}
[27.171053] (plan_env) StderrLine: {'line': b'                 from \x1b[01m\x1b[K/root/colcon_ws/src/Fast-Planner/fast_planner/plan_env/include/plan_env/sdf_map.h:37\x1b[m\x1b[K,\n'}
[27.171138] (plan_env) StderrLine: {'line': b'                 from \x1b[01m\x1b[K/root/colcon_ws/src/Fast-Planner/fast_planner/plan_env/src/sdf_map.cpp:26\x1b[m\x1b[K:\n'}
[27.171221] (plan_env) StderrLine: {'line': b'\x1b[01m\x1b[K/opt/ros/humble/include/rclcpp/rclcpp/node.hpp:1299:3:\x1b[m\x1b[K \x1b[01;36m\x1b[Knote: \x1b[m\x1b[Kdeclared here\n'}
[27.171303] (plan_env) StderrLine: {'line': b' 1299 |   \x1b[01;36m\x1b[KRCLCPP_DISABLE_COPY\x1b[m\x1b[K(Node)\n'}
[27.171387] (plan_env) StderrLine: {'line': b'      |   \x1b[01;36m\x1b[K^~~~~~~~~~~~~~~~~~~\x1b[m\x1b[K\n'}
[27.171469] (plan_env) StderrLine: {'line': b'\x1b[01m\x1b[K/root/colcon_ws/src/Fast-Planner/fast_planner/plan_env/src/sdf_map.cpp:36:26:\x1b[m\x1b[K \x1b[01;31m\x1b[Kerror: \x1b[m\x1b[Kbase operand of \xe2\x80\x98\x1b[01m\x1b[K->\x1b[m\x1b[K\xe2\x80\x99 has non-pointer type \xe2\x80\x98\x1b[01m\x1b[Krclcpp::Node\x1b[m\x1b[K\xe2\x80\x99\n'}
[27.171560] (plan_env) StderrLine: {'line': b'   36 |   mp_.resolution_ = node_\x1b[01;31m\x1b[K->\x1b[m\x1b[Kdeclare_parameter("sdf_map/resolution", -1.0);\n'}
[27.171643] (plan_env) StderrLine: {'line': b'      |                          \x1b[01;31m\x1b[K^~\x1b[m\x1b[K\n'}
[27.171723] (plan_env) StderrLine: {'line': b'\x1b[01m\x1b[K/root/colcon_ws/src/Fast-Planner/fast_planner/plan_env/src/sdf_map.cpp:37:17:\x1b[m\x1b[K \x1b[01;31m\x1b[Kerror: \x1b[m\x1b[Kbase operand of \xe2\x80\x98\x1b[01m\x1b[K->\x1b[m\x1b[K\xe2\x80\x99 has non-pointer type \xe2\x80\x98\x1b[01m\x1b[Krclcpp::Node\x1b[m\x1b[K\xe2\x80\x99\n'}
[27.171808] (plan_env) StderrLine: {'line': b'   37 |   x_size = node_\x1b[01;31m\x1b[K->\x1b[m\x1b[Kdeclare_parameter("sdf_map/map_size_x", -1.0);\n'}
[27.171891] (plan_env) StderrLine: {'line': b'      |                 \x1b[01;31m\x1b[K^~\x1b[m\x1b[K\n'}
[27.171973] (plan_env) StderrLine: {'line': b'\x1b[01m\x1b[K/root/colcon_ws/src/Fast-Planner/fast_planner/plan_env/src/sdf_map.cpp:38:17:\x1b[m\x1b[K \x1b[01;31m\x1b[Kerror: \x1b[m\x1b[Kbase operand of \xe2\x80\x98\x1b[01m\x1b[K->\x1b[m\x1b[K\xe2\x80\x99 has non-pointer type \xe2\x80\x98\x1b[01m\x1b[Krclcpp::Node\x1b[m\x1b[K\xe2\x80\x99\n'}
[27.172056] (plan_env) StderrLine: {'line': b'   38 |   y_size = node_\x1b[01;31m\x1b[K->\x1b[m\x1b[Kdeclare_parameter("sdf_map/map_size_y", -1.0);\n'}
[27.172136] (plan_env) StderrLine: {'line': b'      |                 \x1b[01;31m\x1b[K^~\x1b[m\x1b[K\n'}
[27.172418] (plan_env) StderrLine: {'line': b'\x1b[01m\x1b[K/root/colcon_ws/src/Fast-Planner/fast_planner/plan_env/src/sdf_map.cpp:39:17:\x1b[m\x1b[K \x1b[01;31m\x1b[Kerror: \x1b[m\x1b[Kbase operand of \xe2\x80\x98\x1b[01m\x1b[K->\x1b[m\x1b[K\xe2\x80\x99 has non-pointer type \xe2\x80\x98\x1b[01m\x1b[Krclcpp::Node\x1b[m\x1b[K\xe2\x80\x99\n'}
[27.172536] (plan_env) StderrLine: {'line': b'   39 |   z_size = node_\x1b[01;31m\x1b[K->\x1b[m\x1b[Kdeclare_parameter("sdf_map/map_size_z", -1.0);\n'}
[27.172626] (plan_env) StderrLine: {'line': b'      |                 \x1b[01;31m\x1b[K^~\x1b[m\x1b[K\n'}
[27.172742] (plan_env) StderrLine: {'line': b'\x1b[01m\x1b[K/root/colcon_ws/src/Fast-Planner/fast_planner/plan_env/src/sdf_map.cpp:40:37:\x1b[m\x1b[K \x1b[01;31m\x1b[Kerror: \x1b[m\x1b[Kbase operand of \xe2\x80\x98\x1b[01m\x1b[K->\x1b[m\x1b[K\xe2\x80\x99 has non-pointer type \xe2\x80\x98\x1b[01m\x1b[Krclcpp::Node\x1b[m\x1b[K\xe2\x80\x99\n'}
[27.172844] (plan_env) StderrLine: {'line': b'   40 |   mp_.local_update_range_(0) = node_\x1b[01;31m\x1b[K->\x1b[m\x1b[Kdeclare_parameter("sdf_map/local_update_range_x", -1.0);\n'}
[27.172933] (plan_env) StderrLine: {'line': b'      |                                     \x1b[01;31m\x1b[K^~\x1b[m\x1b[K\n'}
[27.173030] (plan_env) StderrLine: {'line': b'\x1b[01m\x1b[K/root/colcon_ws/src/Fast-Planner/fast_planner/plan_env/src/sdf_map.cpp:41:37:\x1b[m\x1b[K \x1b[01;31m\x1b[Kerror: \x1b[m\x1b[Kbase operand of \xe2\x80\x98\x1b[01m\x1b[K->\x1b[m\x1b[K\xe2\x80\x99 has non-pointer type \xe2\x80\x98\x1b[01m\x1b[Krclcpp::Node\x1b[m\x1b[K\xe2\x80\x99\n'}
[27.173118] (plan_env) StderrLine: {'line': b'   41 |   mp_.local_update_range_(1) = node_\x1b[01;31m\x1b[K->\x1b[m\x1b[Kdeclare_parameter("sdf_map/local_update_range_y", -1.0);\n'}
[27.173201] (plan_env) StderrLine: {'line': b'      |                                     \x1b[01;31m\x1b[K^~\x1b[m\x1b[K\n'}
[27.173792] (plan_env) StderrLine: {'line': b'\x1b[01m\x1b[K/root/colcon_ws/src/Fast-Planner/fast_planner/plan_env/src/sdf_map.cpp:42:37:\x1b[m\x1b[K \x1b[01;31m\x1b[Kerror: \x1b[m\x1b[Kbase operand of \xe2\x80\x98\x1b[01m\x1b[K->\x1b[m\x1b[K\xe2\x80\x99 has non-pointer type \xe2\x80\x98\x1b[01m\x1b[Krclcpp::Node\x1b[m\x1b[K\xe2\x80\x99\n'}
[27.173935] (plan_env) StderrLine: {'line': b'   42 |   mp_.local_update_range_(2) = node_\x1b[01;31m\x1b[K->\x1b[m\x1b[Kdeclare_parameter("sdf_map/local_update_range_z", -1.0);\n'}
[27.174030] (plan_env) StderrLine: {'line': b'      |                                     \x1b[01;31m\x1b[K^~\x1b[m\x1b[K\n'}
[27.174117] (plan_env) StderrLine: {'line': b'\x1b[01m\x1b[K/root/colcon_ws/src/Fast-Planner/fast_planner/plan_env/src/sdf_map.cpp:43:35:\x1b[m\x1b[K \x1b[01;31m\x1b[Kerror: \x1b[m\x1b[Kbase operand of \xe2\x80\x98\x1b[01m\x1b[K->\x1b[m\x1b[K\xe2\x80\x99 has non-pointer type \xe2\x80\x98\x1b[01m\x1b[Krclcpp::Node\x1b[m\x1b[K\xe2\x80\x99\n'}
[27.174202] (plan_env) StderrLine: {'line': b'   43 |   mp_.obstacles_inflation_ = node_\x1b[01;31m\x1b[K->\x1b[m\x1b[Kdeclare_parameter("sdf_map/obstacles_inflation", -1.0);\n'}
[27.174286] (plan_env) StderrLine: {'line': b'      |                                   \x1b[01;31m\x1b[K^~\x1b[m\x1b[K\n'}
[27.174368] (plan_env) StderrLine: {'line': b'\x1b[01m\x1b[K/root/colcon_ws/src/Fast-Planner/fast_planner/plan_env/src/sdf_map.cpp:45:18:\x1b[m\x1b[K \x1b[01;31m\x1b[Kerror: \x1b[m\x1b[Kbase operand of \xe2\x80\x98\x1b[01m\x1b[K->\x1b[m\x1b[K\xe2\x80\x99 has non-pointer type \xe2\x80\x98\x1b[01m\x1b[Krclcpp::Node\x1b[m\x1b[K\xe2\x80\x99\n'}
[27.174486] (plan_env) StderrLine: {'line': b'   45 |   mp_.fx_ = node_\x1b[01;31m\x1b[K->\x1b[m\x1b[Kdeclare_parameter("sdf_map/fx", -1.0);\n'}
[27.174573] (plan_env) StderrLine: {'line': b'      |                  \x1b[01;31m\x1b[K^~\x1b[m\x1b[K\n'}
[27.174657] (plan_env) StderrLine: {'line': b'\x1b[01m\x1b[K/root/colcon_ws/src/Fast-Planner/fast_planner/plan_env/src/sdf_map.cpp:46:18:\x1b[m\x1b[K \x1b[01;31m\x1b[Kerror: \x1b[m\x1b[Kbase operand of \xe2\x80\x98\x1b[01m\x1b[K->\x1b[m\x1b[K\xe2\x80\x99 has non-pointer type \xe2\x80\x98\x1b[01m\x1b[Krclcpp::Node\x1b[m\x1b[K\xe2\x80\x99\n'}
[27.174743] (plan_env) StderrLine: {'line': b'   46 |   mp_.fy_ = node_\x1b[01;31m\x1b[K->\x1b[m\x1b[Kdeclare_parameter("sdf_map/fy", -1.0);\n'}
[27.174829] (plan_env) StderrLine: {'line': b'      |                  \x1b[01;31m\x1b[K^~\x1b[m\x1b[K\n'}
[27.174912] (plan_env) StderrLine: {'line': b'\x1b[01m\x1b[K/root/colcon_ws/src/Fast-Planner/fast_planner/plan_env/src/sdf_map.cpp:47:18:\x1b[m\x1b[K \x1b[01;31m\x1b[Kerror: \x1b[m\x1b[Kbase operand of \xe2\x80\x98\x1b[01m\x1b[K->\x1b[m\x1b[K\xe2\x80\x99 has non-pointer type \xe2\x80\x98\x1b[01m\x1b[Krclcpp::Node\x1b[m\x1b[K\xe2\x80\x99\n'}
[27.175015] (plan_env) StderrLine: {'line': b'   47 |   mp_.cx_ = node_\x1b[01;31m\x1b[K->\x1b[m\x1b[Kdeclare_parameter("sdf_map/cx", -1.0);\n'}
[27.175100] (plan_env) StderrLine: {'line': b'      |                  \x1b[01;31m\x1b[K^~\x1b[m\x1b[K\n'}
[27.175183] (plan_env) StderrLine: {'line': b'\x1b[01m\x1b[K/root/colcon_ws/src/Fast-Planner/fast_planner/plan_env/src/sdf_map.cpp:48:18:\x1b[m\x1b[K \x1b[01;31m\x1b[Kerror: \x1b[m\x1b[Kbase operand of \xe2\x80\x98\x1b[01m\x1b[K->\x1b[m\x1b[K\xe2\x80\x99 has non-pointer type \xe2\x80\x98\x1b[01m\x1b[Krclcpp::Node\x1b[m\x1b[K\xe2\x80\x99\n'}
[27.175269] (plan_env) StderrLine: {'line': b'   48 |   mp_.cy_ = node_\x1b[01;31m\x1b[K->\x1b[m\x1b[Kdeclare_parameter("sdf_map/cy", -1.0);\n'}
[27.175352] (plan_env) StderrLine: {'line': b'      |                  \x1b[01;31m\x1b[K^~\x1b[m\x1b[K\n'}
[27.175434] (plan_env) StderrLine: {'line': b'\x1b[01m\x1b[K/root/colcon_ws/src/Fast-Planner/fast_planner/plan_env/src/sdf_map.cpp:50:32:\x1b[m\x1b[K \x1b[01;31m\x1b[Kerror: \x1b[m\x1b[Kbase operand of \xe2\x80\x98\x1b[01m\x1b[K->\x1b[m\x1b[K\xe2\x80\x99 has non-pointer type \xe2\x80\x98\x1b[01m\x1b[Krclcpp::Node\x1b[m\x1b[K\xe2\x80\x99\n'}
[27.175517] (plan_env) StderrLine: {'line': b'   50 |   mp_.use_depth_filter_ = node_\x1b[01;31m\x1b[K->\x1b[m\x1b[Kdeclare_parameter("sdf_map/use_depth_filter", true);\n'}
[27.175601] (plan_env) StderrLine: {'line': b'      |                                \x1b[01;31m\x1b[K^~\x1b[m\x1b[K\n'}
[27.175874] (plan_env) StderrLine: {'line': b'\x1b[01m\x1b[K/root/colcon_ws/src/Fast-Planner/fast_planner/plan_env/src/sdf_map.cpp:51:38:\x1b[m\x1b[K \x1b[01;31m\x1b[Kerror: \x1b[m\x1b[Kbase operand of \xe2\x80\x98\x1b[01m\x1b[K->\x1b[m\x1b[K\xe2\x80\x99 has non-pointer type \xe2\x80\x98\x1b[01m\x1b[Krclcpp::Node\x1b[m\x1b[K\xe2\x80\x99\n'}
[27.175972] (plan_env) StderrLine: {'line': b'   51 |   mp_.depth_filter_tolerance_ = node_\x1b[01;31m\x1b[K->\x1b[m\x1b[Kdeclare_parameter("sdf_map/depth_filter_tolerance", -1.0);\n'}
[27.176063] (plan_env) StderrLine: {'line': b'      |                                      \x1b[01;31m\x1b[K^~\x1b[m\x1b[K\n'}
[27.176148] (plan_env) StderrLine: {'line': b'\x1b[01m\x1b[K/root/colcon_ws/src/Fast-Planner/fast_planner/plan_env/src/sdf_map.cpp:52:36:\x1b[m\x1b[K \x1b[01;31m\x1b[Kerror: \x1b[m\x1b[Kbase operand of \xe2\x80\x98\x1b[01m\x1b[K->\x1b[m\x1b[K\xe2\x80\x99 has non-pointer type \xe2\x80\x98\x1b[01m\x1b[Krclcpp::Node\x1b[m\x1b[K\xe2\x80\x99\n'}
[27.176265] (plan_env) StderrLine: {'line': b'   52 |   mp_.depth_filter_maxdist_ = node_\x1b[01;31m\x1b[K->\x1b[m\x1b[Kdeclare_parameter("sdf_map/depth_filter_maxdist", -1.0);\n'}
[27.176358] (plan_env) StderrLine: {'line': b'      |                                    \x1b[01;31m\x1b[K^~\x1b[m\x1b[K\n'}
[27.176443] (plan_env) StderrLine: {'line': b'\x1b[01m\x1b[K/root/colcon_ws/src/Fast-Planner/fast_planner/plan_env/src/sdf_map.cpp:53:36:\x1b[m\x1b[K \x1b[01;31m\x1b[Kerror: \x1b[m\x1b[Kbase operand of \xe2\x80\x98\x1b[01m\x1b[K->\x1b[m\x1b[K\xe2\x80\x99 has non-pointer type \xe2\x80\x98\x1b[01m\x1b[Krclcpp::Node\x1b[m\x1b[K\xe2\x80\x99\n'}
[27.176553] (plan_env) StderrLine: {'line': b'   53 |   mp_.depth_filter_mindist_ = node_\x1b[01;31m\x1b[K->\x1b[m\x1b[Kdeclare_parameter("sdf_map/depth_filter_mindist", -1.0);\n'}
[27.176652] (plan_env) StderrLine: {'line': b'      |                                    \x1b[01;31m\x1b[K^~\x1b[m\x1b[K\n'}
[27.176735] (plan_env) StderrLine: {'line': b'\x1b[01m\x1b[K/root/colcon_ws/src/Fast-Planner/fast_planner/plan_env/src/sdf_map.cpp:54:35:\x1b[m\x1b[K \x1b[01;31m\x1b[Kerror: \x1b[m\x1b[Kbase operand of \xe2\x80\x98\x1b[01m\x1b[K->\x1b[m\x1b[K\xe2\x80\x99 has non-pointer type \xe2\x80\x98\x1b[01m\x1b[Krclcpp::Node\x1b[m\x1b[K\xe2\x80\x99\n'}
[27.176821] (plan_env) StderrLine: {'line': b'   54 |   mp_.depth_filter_margin_ = node_\x1b[01;31m\x1b[K->\x1b[m\x1b[Kdeclare_parameter("sdf_map/depth_filter_margin", -1);\n'}
[27.176908] (plan_env) StderrLine: {'line': b'      |                                   \x1b[01;31m\x1b[K^~\x1b[m\x1b[K\n'}
[27.177004] (plan_env) StderrLine: {'line': b'\x1b[01m\x1b[K/root/colcon_ws/src/Fast-Planner/fast_planner/plan_env/src/sdf_map.cpp:55:38:\x1b[m\x1b[K \x1b[01;31m\x1b[Kerror: \x1b[m\x1b[Kbase operand of \xe2\x80\x98\x1b[01m\x1b[K->\x1b[m\x1b[K\xe2\x80\x99 has non-pointer type \xe2\x80\x98\x1b[01m\x1b[Krclcpp::Node\x1b[m\x1b[K\xe2\x80\x99\n'}
[27.177088] (plan_env) StderrLine: {'line': b'   55 |   mp_.k_depth_scaling_factor_ = node_\x1b[01;31m\x1b[K->\x1b[m\x1b[Kdeclare_parameter("sdf_map/k_depth_scaling_factor", -1.0);\n'}
[27.177169] (plan_env) StderrLine: {'line': b'      |                                      \x1b[01;31m\x1b[K^~\x1b[m\x1b[K\n'}
[27.177252] (plan_env) StderrLine: {'line': b'\x1b[01m\x1b[K/root/colcon_ws/src/Fast-Planner/fast_planner/plan_env/src/sdf_map.cpp:56:26:\x1b[m\x1b[K \x1b[01;31m\x1b[Kerror: \x1b[m\x1b[Kbase operand of \xe2\x80\x98\x1b[01m\x1b[K->\x1b[m\x1b[K\xe2\x80\x99 has non-pointer type \xe2\x80\x98\x1b[01m\x1b[Krclcpp::Node\x1b[m\x1b[K\xe2\x80\x99\n'}
[27.177338] (plan_env) StderrLine: {'line': b'   56 |   mp_.skip_pixel_ = node_\x1b[01;31m\x1b[K->\x1b[m\x1b[Kdeclare_parameter("sdf_map/skip_pixel", -1);\n'}
[27.177423] (plan_env) StderrLine: {'line': b'      |                          \x1b[01;31m\x1b[K^~\x1b[m\x1b[K\n'}
[27.177504] (plan_env) StderrLine: {'line': b'\x1b[01m\x1b[K/root/colcon_ws/src/Fast-Planner/fast_planner/plan_env/src/sdf_map.cpp:58:21:\x1b[m\x1b[K \x1b[01;31m\x1b[Kerror: \x1b[m\x1b[Kbase operand of \xe2\x80\x98\x1b[01m\x1b[K->\x1b[m\x1b[K\xe2\x80\x99 has non-pointer type \xe2\x80\x98\x1b[01m\x1b[Krclcpp::Node\x1b[m\x1b[K\xe2\x80\x99\n'}
[27.177609] (plan_env) StderrLine: {'line': b'   58 |   mp_.p_hit_ = node_\x1b[01;31m\x1b[K->\x1b[m\x1b[Kdeclare_parameter("sdf_map/p_hit", 0.70);\n'}
[27.177693] (plan_env) StderrLine: {'line': b'      |                     \x1b[01;31m\x1b[K^~\x1b[m\x1b[K\n'}
[27.177775] (plan_env) StderrLine: {'line': b'\x1b[01m\x1b[K/root/colcon_ws/src/Fast-Planner/fast_planner/plan_env/src/sdf_map.cpp:59:22:\x1b[m\x1b[K \x1b[01;31m\x1b[Kerror: \x1b[m\x1b[Kbase operand of \xe2\x80\x98\x1b[01m\x1b[K->\x1b[m\x1b[K\xe2\x80\x99 has non-pointer type \xe2\x80\x98\x1b[01m\x1b[Krclcpp::Node\x1b[m\x1b[K\xe2\x80\x99\n'}
[27.177858] (plan_env) StderrLine: {'line': b'   59 |   mp_.p_miss_ = node_\x1b[01;31m\x1b[K->\x1b[m\x1b[Kdeclare_parameter("sdf_map/p_miss", 0.35);\n'}
[27.177940] (plan_env) StderrLine: {'line': b'      |                      \x1b[01;31m\x1b[K^~\x1b[m\x1b[K\n'}
[27.178021] (plan_env) StderrLine: {'line': b'\x1b[01m\x1b[K/root/colcon_ws/src/Fast-Planner/fast_planner/plan_env/src/sdf_map.cpp:60:21:\x1b[m\x1b[K \x1b[01;31m\x1b[Kerror: \x1b[m\x1b[Kbase operand of \xe2\x80\x98\x1b[01m\x1b[K->\x1b[m\x1b[K\xe2\x80\x99 has non-pointer type \xe2\x80\x98\x1b[01m\x1b[Krclcpp::Node\x1b[m\x1b[K\xe2\x80\x99\n'}
[27.178103] (plan_env) StderrLine: {'line': b'   60 |   mp_.p_min_ = node_\x1b[01;31m\x1b[K->\x1b[m\x1b[Kdeclare_parameter("sdf_map/p_min", 0.12);\n'}
[27.178186] (plan_env) StderrLine: {'line': b'      |                     \x1b[01;31m\x1b[K^~\x1b[m\x1b[K\n'}
[27.178264] (plan_env) StderrLine: {'line': b'\x1b[01m\x1b[K/root/colcon_ws/src/Fast-Planner/fast_planner/plan_env/src/sdf_map.cpp:61:21:\x1b[m\x1b[K \x1b[01;31m\x1b[Kerror: \x1b[m\x1b[Kbase operand of \xe2\x80\x98\x1b[01m\x1b[K->\x1b[m\x1b[K\xe2\x80\x99 has non-pointer type \xe2\x80\x98\x1b[01m\x1b[Krclcpp::Node\x1b[m\x1b[K\xe2\x80\x99\n'}
[27.178346] (plan_env) StderrLine: {'line': b'   61 |   mp_.p_max_ = node_\x1b[01;31m\x1b[K->\x1b[m\x1b[Kdeclare_parameter("sdf_map/p_max", 0.97);\n'}
[27.178426] (plan_env) StderrLine: {'line': b'      |                     \x1b[01;31m\x1b[K^~\x1b[m\x1b[K\n'}
[27.178511] (plan_env) StderrLine: {'line': b'\x1b[01m\x1b[K/root/colcon_ws/src/Fast-Planner/fast_planner/plan_env/src/sdf_map.cpp:62:21:\x1b[m\x1b[K \x1b[01;31m\x1b[Kerror: \x1b[m\x1b[Kbase operand of \xe2\x80\x98\x1b[01m\x1b[K->\x1b[m\x1b[K\xe2\x80\x99 has non-pointer type \xe2\x80\x98\x1b[01m\x1b[Krclcpp::Node\x1b[m\x1b[K\xe2\x80\x99\n'}
[27.178616] (plan_env) StderrLine: {'line': b'   62 |   mp_.p_occ_ = node_\x1b[01;31m\x1b[K->\x1b[m\x1b[Kdeclare_parameter("sdf_map/p_occ", 0.80);\n'}
[27.178698] (plan_env) StderrLine: {'line': b'      |                     \x1b[01;31m\x1b[K^~\x1b[m\x1b[K\n'}
[27.178778] (plan_env) StderrLine: {'line': b'\x1b[01m\x1b[K/root/colcon_ws/src/Fast-Planner/fast_planner/plan_env/src/sdf_map.cpp:63:30:\x1b[m\x1b[K \x1b[01;31m\x1b[Kerror: \x1b[m\x1b[Kbase operand of \xe2\x80\x98\x1b[01m\x1b[K->\x1b[m\x1b[K\xe2\x80\x99 has non-pointer type \xe2\x80\x98\x1b[01m\x1b[Krclcpp::Node\x1b[m\x1b[K\xe2\x80\x99\n'}
[27.178863] (plan_env) StderrLine: {'line': b'   63 |   mp_.min_ray_length_ = node_\x1b[01;31m\x1b[K->\x1b[m\x1b[Kdeclare_parameter("sdf_map/min_ray_length", -0.1);\n'}
[27.178946] (plan_env) StderrLine: {'line': b'      |                              \x1b[01;31m\x1b[K^~\x1b[m\x1b[K\n'}
[27.179024] (plan_env) StderrLine: {'line': b'\x1b[01m\x1b[K/root/colcon_ws/src/Fast-Planner/fast_planner/plan_env/src/sdf_map.cpp:64:30:\x1b[m\x1b[K \x1b[01;31m\x1b[Kerror: \x1b[m\x1b[Kbase operand of \xe2\x80\x98\x1b[01m\x1b[K->\x1b[m\x1b[K\xe2\x80\x99 has non-pointer type \xe2\x80\x98\x1b[01m\x1b[Krclcpp::Node\x1b[m\x1b[K\xe2\x80\x99\n'}
[27.179106] (plan_env) StderrLine: {'line': b'   64 |   mp_.max_ray_length_ = node_\x1b[01;31m\x1b[K->\x1b[m\x1b[Kdeclare_parameter("sdf_map/max_ray_length", -0.1);\n'}
[27.179205] (plan_env) StderrLine: {'line': b'      |                              \x1b[01;31m\x1b[K^~\x1b[m\x1b[K\n'}
[27.179287] (plan_env) StderrLine: {'line': b'\x1b[01m\x1b[K/root/colcon_ws/src/Fast-Planner/fast_planner/plan_env/src/sdf_map.cpp:66:33:\x1b[m\x1b[K \x1b[01;31m\x1b[Kerror: \x1b[m\x1b[Kbase operand of \xe2\x80\x98\x1b[01m\x1b[K->\x1b[m\x1b[K\xe2\x80\x99 has non-pointer type \xe2\x80\x98\x1b[01m\x1b[Krclcpp::Node\x1b[m\x1b[K\xe2\x80\x99\n'}
[27.179372] (plan_env) StderrLine: {'line': b'   66 |   mp_.esdf_slice_height_ = node_\x1b[01;31m\x1b[K->\x1b[m\x1b[Kdeclare_parameter("sdf_map/esdf_slice_height", -0.1);\n'}
[27.179472] (plan_env) StderrLine: {'line': b'      |                                 \x1b[01;31m\x1b[K^~\x1b[m\x1b[K\n'}
[27.179554] (plan_env) StderrLine: {'line': b'\x1b[01m\x1b[K/root/colcon_ws/src/Fast-Planner/fast_planner/plan_env/src/sdf_map.cpp:67:45:\x1b[m\x1b[K \x1b[01;31m\x1b[Kerror: \x1b[m\x1b[Kbase operand of \xe2\x80\x98\x1b[01m\x1b[K->\x1b[m\x1b[K\xe2\x80\x99 has non-pointer type \xe2\x80\x98\x1b[01m\x1b[Krclcpp::Node\x1b[m\x1b[K\xe2\x80\x99\n'}
[27.179637] (plan_env) StderrLine: {'line': b'   67 |   mp_.visualization_truncate_height_ = node_\x1b[01;31m\x1b[K->\x1b[m\x1b[Kdeclare_parameter("sdf_map/visualization_truncate_height", -0.1);\n'}
[27.179723] (plan_env) StderrLine: {'line': b'      |                                             \x1b[01;31m\x1b[K^~\x1b[m\x1b[K\n'}
[27.179805] (plan_env) StderrLine: {'line': b'\x1b[01m\x1b[K/root/colcon_ws/src/Fast-Planner/fast_planner/plan_env/src/sdf_map.cpp:68:35:\x1b[m\x1b[K \x1b[01;31m\x1b[Kerror: \x1b[m\x1b[Kbase operand of \xe2\x80\x98\x1b[01m\x1b[K->\x1b[m\x1b[K\xe2\x80\x99 has non-pointer type \xe2\x80\x98\x1b[01m\x1b[Krclcpp::Node\x1b[m\x1b[K\xe2\x80\x99\n'}
[27.179889] (plan_env) StderrLine: {'line': b'   68 |   mp_.virtual_ceil_height_ = node_\x1b[01;31m\x1b[K->\x1b[m\x1b[Kdeclare_parameter("sdf_map/virtual_ceil_height", -0.1);\n'}
[27.179970] (plan_env) StderrLine: {'line': b'      |                                   \x1b[01;31m\x1b[K^~\x1b[m\x1b[K\n'}
[27.180049] (plan_env) StderrLine: {'line': b'\x1b[01m\x1b[K/root/colcon_ws/src/Fast-Planner/fast_planner/plan_env/src/sdf_map.cpp:70:29:\x1b[m\x1b[K \x1b[01;31m\x1b[Kerror: \x1b[m\x1b[Kbase operand of \xe2\x80\x98\x1b[01m\x1b[K->\x1b[m\x1b[K\xe2\x80\x99 has non-pointer type \xe2\x80\x98\x1b[01m\x1b[Krclcpp::Node\x1b[m\x1b[K\xe2\x80\x99\n'}
[27.180132] (plan_env) StderrLine: {'line': b'   70 |   mp_.show_occ_time_ = node_\x1b[01;31m\x1b[K->\x1b[m\x1b[Kdeclare_parameter("sdf_map/show_occ_time", false);\n'}
[27.180243] (plan_env) StderrLine: {'line': b'      |                             \x1b[01;31m\x1b[K^~\x1b[m\x1b[K\n'}
[27.180359] (plan_env) StderrLine: {'line': b'\x1b[01m\x1b[K/root/colcon_ws/src/Fast-Planner/fast_planner/plan_env/src/sdf_map.cpp:71:30:\x1b[m\x1b[K \x1b[01;31m\x1b[Kerror: \x1b[m\x1b[Kbase operand of \xe2\x80\x98\x1b[01m\x1b[K->\x1b[m\x1b[K\xe2\x80\x99 has non-pointer type \xe2\x80\x98\x1b[01m\x1b[Krclcpp::Node\x1b[m\x1b[K\xe2\x80\x99\n'}
[27.180461] (plan_env) StderrLine: {'line': b'   71 |   mp_.show_esdf_time_ = node_\x1b[01;31m\x1b[K->\x1b[m\x1b[Kdeclare_parameter("sdf_map/show_esdf_time", false);\n'}
[27.180549] (plan_env) StderrLine: {'line': b'      |                              \x1b[01;31m\x1b[K^~\x1b[m\x1b[K\n'}
[27.180631] (plan_env) StderrLine: {'line': b'\x1b[01m\x1b[K/root/colcon_ws/src/Fast-Planner/fast_planner/plan_env/src/sdf_map.cpp:72:25:\x1b[m\x1b[K \x1b[01;31m\x1b[Kerror: \x1b[m\x1b[Kbase operand of \xe2\x80\x98\x1b[01m\x1b[K->\x1b[m\x1b[K\xe2\x80\x99 has non-pointer type \xe2\x80\x98\x1b[01m\x1b[Krclcpp::Node\x1b[m\x1b[K\xe2\x80\x99\n'}
[27.180714] (plan_env) StderrLine: {'line': b'   72 |   mp_.pose_type_ = node_\x1b[01;31m\x1b[K->\x1b[m\x1b[Kdeclare_parameter("sdf_map/pose_type", 1);\n'}
[27.180796] (plan_env) StderrLine: {'line': b'      |                         \x1b[01;31m\x1b[K^~\x1b[m\x1b[K\n'}
[27.180876] (plan_env) StderrLine: {'line': b'\x1b[01m\x1b[K/root/colcon_ws/src/Fast-Planner/fast_planner/plan_env/src/sdf_map.cpp:74:24:\x1b[m\x1b[K \x1b[01;31m\x1b[Kerror: \x1b[m\x1b[Kbase operand of \xe2\x80\x98\x1b[01m\x1b[K->\x1b[m\x1b[K\xe2\x80\x99 has non-pointer type \xe2\x80\x98\x1b[01m\x1b[Krclcpp::Node\x1b[m\x1b[K\xe2\x80\x99\n'}
[27.180960] (plan_env) StderrLine: {'line': b'   74 |   mp_.frame_id_ = node_\x1b[01;31m\x1b[K->\x1b[m\x1b[Kdeclare_parameter("sdf_map/frame_id", string("world"));\n'}
[27.181043] (plan_env) StderrLine: {'line': b'      |                        \x1b[01;31m\x1b[K^~\x1b[m\x1b[K\n'}
[27.181125] (plan_env) StderrLine: {'line': b'\x1b[01m\x1b[K/root/colcon_ws/src/Fast-Planner/fast_planner/plan_env/src/sdf_map.cpp:75:35:\x1b[m\x1b[K \x1b[01;31m\x1b[Kerror: \x1b[m\x1b[Kbase operand of \xe2\x80\x98\x1b[01m\x1b[K->\x1b[m\x1b[K\xe2\x80\x99 has non-pointer type \xe2\x80\x98\x1b[01m\x1b[Krclcpp::Node\x1b[m\x1b[K\xe2\x80\x99\n'}
[27.181208] (plan_env) StderrLine: {'line': b'   75 |   mp_.local_bound_inflate_ = node_\x1b[01;31m\x1b[K->\x1b[m\x1b[Kdeclare_parameter("sdf_map/local_bound_inflate", 1.0);\n'}
[27.181290] (plan_env) StderrLine: {'line': b'      |                                   \x1b[01;31m\x1b[K^~\x1b[m\x1b[K\n'}
[27.181371] (plan_env) StderrLine: {'line': b'\x1b[01m\x1b[K/root/colcon_ws/src/Fast-Planner/fast_planner/plan_env/src/sdf_map.cpp:76:32:\x1b[m\x1b[K \x1b[01;31m\x1b[Kerror: \x1b[m\x1b[Kbase operand of \xe2\x80\x98\x1b[01m\x1b[K->\x1b[m\x1b[K\xe2\x80\x99 has non-pointer type \xe2\x80\x98\x1b[01m\x1b[Krclcpp::Node\x1b[m\x1b[K\xe2\x80\x99\n'}
[27.181456] (plan_env) StderrLine: {'line': b'   76 |   mp_.local_map_margin_ = node_\x1b[01;31m\x1b[K->\x1b[m\x1b[Kdeclare_parameter("sdf_map/local_map_margin", 1);\n'}
[27.181536] (plan_env) StderrLine: {'line': b'      |                                \x1b[01;31m\x1b[K^~\x1b[m\x1b[K\n'}
[27.181616] (plan_env) StderrLine: {'line': b'\x1b[01m\x1b[K/root/colcon_ws/src/Fast-Planner/fast_planner/plan_env/src/sdf_map.cpp:77:29:\x1b[m\x1b[K \x1b[01;31m\x1b[Kerror: \x1b[m\x1b[Kbase operand of \xe2\x80\x98\x1b[01m\x1b[K->\x1b[m\x1b[K\xe2\x80\x99 has non-pointer type \xe2\x80\x98\x1b[01m\x1b[Krclcpp::Node\x1b[m\x1b[K\xe2\x80\x99\n'}
[27.181698] (plan_env) StderrLine: {'line': b'   77 |   mp_.ground_height_ = node_\x1b[01;31m\x1b[K->\x1b[m\x1b[Kdeclare_parameter("sdf_map/ground_height", 1.0);\n'}
[27.181796] (plan_env) StderrLine: {'line': b'      |                             \x1b[01;31m\x1b[K^~\x1b[m\x1b[K\n'}
[27.187579] (-) TimerEvent: {}
[27.279247] (quadrotor_msgs) StdoutLine: {'line': b'[ 91%] \x1b[32mBuilding C object CMakeFiles/quadrotor_msgs__rosidl_generator_py.dir/rosidl_generator_py/quadrotor_msgs/msg/_so3_command_s.c.o\x1b[0m\n'}
[27.287810] (-) TimerEvent: {}
[27.365198] (quadrotor_msgs) StdoutLine: {'line': b'[ 92%] \x1b[32mBuilding C object CMakeFiles/quadrotor_msgs__rosidl_generator_py.dir/rosidl_generator_py/quadrotor_msgs/msg/_status_data_s.c.o\x1b[0m\n'}
[27.388011] (-) TimerEvent: {}
[27.396971] (quadrotor_msgs) StdoutLine: {'line': b'[ 93%] \x1b[32mBuilding C object CMakeFiles/quadrotor_msgs__rosidl_generator_py.dir/rosidl_generator_py/quadrotor_msgs/msg/_trpy_command_s.c.o\x1b[0m\n'}
[27.419148] (quadrotor_msgs) StdoutLine: {'line': b'[ 94%] \x1b[32mBuilding C object CMakeFiles/quadrotor_msgs__rosidl_generator_py.dir/rosidl_generator_py/quadrotor_msgs/msg/_odometry_s.c.o\x1b[0m\n'}
[27.463784] (plan_env) StderrLine: {'line': b'\x1b[01m\x1b[K/root/colcon_ws/src/Fast-Planner/fast_planner/plan_env/src/sdf_map.cpp:131:104:\x1b[m\x1b[K \x1b[01;31m\x1b[Kerror: \x1b[m\x1b[Kno matching function for call to \xe2\x80\x98\x1b[01m\x1b[Kmessage_filters::Subscriber<sensor_msgs::msg::Image_<std::allocator<void> > >::Subscriber(rclcpp::Node&, const char [15], int)\x1b[m\x1b[K\xe2\x80\x99\n'}
[27.464552] (plan_env) StderrLine: {'line': b'  131 | ge_filters::Subscriber<sensor_msgs::msg::Image>(node_, "/sdf_map/depth", 50\x1b[01;31m\x1b[K)\x1b[m\x1b[K);\n'}
[27.464849] (plan_env) StderrLine: {'line': b'      |                                                                            \x1b[01;31m\x1b[K^\x1b[m\x1b[K\n'}
[27.465036] (plan_env) StderrLine: {'line': b'\n'}
[27.465494] (plan_env) StderrLine: {'line': b'In file included from \x1b[01m\x1b[K/root/colcon_ws/src/Fast-Planner/fast_planner/plan_env/include/plan_env/sdf_map.h:45\x1b[m\x1b[K,\n'}
[27.465838] (quadrotor_msgs) StdoutLine: {'line': b'[ 94%] \x1b[32mBuilding C object CMakeFiles/quadrotor_msgs__rosidl_generator_py.dir/rosidl_generator_py/quadrotor_msgs/msg/_polynomial_trajectory_s.c.o\x1b[0m\n'}
[27.466117] (plan_env) StderrLine: {'line': b'                 from \x1b[01m\x1b[K/root/colcon_ws/src/Fast-Planner/fast_planner/plan_env/src/sdf_map.cpp:26\x1b[m\x1b[K:\n'}
[27.466239] (plan_env) StderrLine: {'line': b'\x1b[01m\x1b[K/opt/ros/humble/include/message_filters/message_filters/subscriber.h:203:3:\x1b[m\x1b[K \x1b[01;36m\x1b[Knote: \x1b[m\x1b[Kcandidate: \xe2\x80\x98\x1b[01m\x1b[Kmessage_filters::Subscriber<M, NodeType>::Subscriber() [with M = sensor_msgs::msg::Image_<std::allocator<void> >; NodeType = rclcpp::Node]\x1b[m\x1b[K\xe2\x80\x99\n'}
[27.466346] (plan_env) StderrLine: {'line': b'  203 |   \x1b[01;36m\x1b[KSubscriber\x1b[m\x1b[K() = default;\n'}
[27.466439] (plan_env) StderrLine: {'line': b'      |   \x1b[01;36m\x1b[K^~~~~~~~~~\x1b[m\x1b[K\n'}
[27.466527] (plan_env) StderrLine: {'line': b'\x1b[01m\x1b[K/opt/ros/humble/include/message_filters/message_filters/subscriber.h:203:3:\x1b[m\x1b[K \x1b[01;36m\x1b[Knote: \x1b[m\x1b[K  candidate expects 0 arguments, 3 provided\n'}
[27.466987] (plan_env) StderrLine: {'line': b'\x1b[01m\x1b[K/opt/ros/humble/include/message_filters/message_filters/subscriber.h:191:3:\x1b[m\x1b[K \x1b[01;36m\x1b[Knote: \x1b[m\x1b[Kcandidate: \xe2\x80\x98\x1b[01m\x1b[Kmessage_filters::Subscriber<M, NodeType>::Subscriber(NodeType*, const string&, rmw_qos_profile_t, rclcpp::SubscriptionOptions) [with M = sensor_msgs::msg::Image_<std::allocator<void> >; NodeType = rclcpp::Node; std::string = std::__cxx11::basic_string<char>; rmw_qos_profile_t = rmw_qos_profile_s; rclcpp::SubscriptionOptions = rclcpp::SubscriptionOptionsWithAllocator<std::allocator<void> >]\x1b[m\x1b[K\xe2\x80\x99\n'}
[27.467274] (plan_env) StderrLine: {'line': b'  191 |   \x1b[01;36m\x1b[KSubscriber\x1b[m\x1b[K(\n'}
[27.467376] (plan_env) StderrLine: {'line': b'      |   \x1b[01;36m\x1b[K^~~~~~~~~~\x1b[m\x1b[K\n'}
[27.467466] (plan_env) StderrLine: {'line': b'\x1b[01m\x1b[K/opt/ros/humble/include/message_filters/message_filters/subscriber.h:191:3:\x1b[m\x1b[K \x1b[01;36m\x1b[Knote: \x1b[m\x1b[K  candidate expects 4 arguments, 3 provided\n'}
[27.467556] (plan_env) StderrLine: {'line': b'\x1b[01m\x1b[K/opt/ros/humble/include/message_filters/message_filters/subscriber.h:182:3:\x1b[m\x1b[K \x1b[01;36m\x1b[Knote: \x1b[m\x1b[Kcandidate: \xe2\x80\x98\x1b[01m\x1b[Kmessage_filters::Subscriber<M, NodeType>::Subscriber(message_filters::Subscriber<M, NodeType>::NodePtr, const string&, rmw_qos_profile_t, rclcpp::SubscriptionOptions) [with M = sensor_msgs::msg::Image_<std::allocator<void> >; NodeType = rclcpp::Node; message_filters::Subscriber<M, NodeType>::NodePtr = std::shared_ptr<rclcpp::Node>; std::string = std::__cxx11::basic_string<char>; rmw_qos_profile_t = rmw_qos_profile_s; rclcpp::SubscriptionOptions = rclcpp::SubscriptionOptionsWithAllocator<std::allocator<void> >]\x1b[m\x1b[K\xe2\x80\x99\n'}
[27.467693] (plan_env) StderrLine: {'line': b'  182 |   \x1b[01;36m\x1b[KSubscriber\x1b[m\x1b[K(\n'}
[27.467781] (plan_env) StderrLine: {'line': b'      |   \x1b[01;36m\x1b[K^~~~~~~~~~\x1b[m\x1b[K\n'}
[27.467864] (plan_env) StderrLine: {'line': b'\x1b[01m\x1b[K/opt/ros/humble/include/message_filters/message_filters/subscriber.h:182:3:\x1b[m\x1b[K \x1b[01;36m\x1b[Knote: \x1b[m\x1b[K  candidate expects 4 arguments, 3 provided\n'}
[27.467948] (plan_env) StderrLine: {'line': b'\x1b[01m\x1b[K/opt/ros/humble/include/message_filters/message_filters/subscriber.h:167:3:\x1b[m\x1b[K \x1b[01;36m\x1b[Knote: \x1b[m\x1b[Kcandidate: \xe2\x80\x98\x1b[01m\x1b[Kmessage_filters::Subscriber<M, NodeType>::Subscriber(NodeType*, const string&, rmw_qos_profile_t) [with M = sensor_msgs::msg::Image_<std::allocator<void> >; NodeType = rclcpp::Node; std::string = std::__cxx11::basic_string<char>; rmw_qos_profile_t = rmw_qos_profile_s]\x1b[m\x1b[K\xe2\x80\x99\n'}
[27.468039] (plan_env) StderrLine: {'line': b'  167 |   \x1b[01;36m\x1b[KSubscriber\x1b[m\x1b[K(NodeType * node, const std::string& topic, const rmw_qos_profile_t qos = rmw_qos_profile_default)\n'}
[27.468328] (plan_env) StderrLine: {'line': b'      |   \x1b[01;36m\x1b[K^~~~~~~~~~\x1b[m\x1b[K\n'}
[27.469269] (plan_env) StderrLine: {'line': b'\x1b[01m\x1b[K/opt/ros/humble/include/message_filters/message_filters/subscriber.h:167:25:\x1b[m\x1b[K \x1b[01;36m\x1b[Knote: \x1b[m\x1b[K  no known conversion for argument 1 from \xe2\x80\x98\x1b[01m\x1b[Krclcpp::Node\x1b[m\x1b[K\xe2\x80\x99 to \xe2\x80\x98\x1b[01m\x1b[Krclcpp::Node*\x1b[m\x1b[K\xe2\x80\x99\n'}
[27.469675] (plan_env) StderrLine: {'line': b'  167 |   Subscriber(\x1b[01;36m\x1b[KNodeType * node\x1b[m\x1b[K, const std::string& topic, const rmw_qos_profile_t qos = rmw_qos_profile_default)\n'}
[27.469908] (plan_env) StderrLine: {'line': b'      |              \x1b[01;36m\x1b[K~~~~~~~~~~~^~~~\x1b[m\x1b[K\n'}
[27.470263] (plan_env) StderrLine: {'line': b'\x1b[01m\x1b[K/opt/ros/humble/include/message_filters/message_filters/subscriber.h:162:3:\x1b[m\x1b[K \x1b[01;36m\x1b[Knote: \x1b[m\x1b[Kcandidate: \xe2\x80\x98\x1b[01m\x1b[Kmessage_filters::Subscriber<M, NodeType>::Subscriber(message_filters::Subscriber<M, NodeType>::NodePtr, const string&, rmw_qos_profile_t) [with M = sensor_msgs::msg::Image_<std::allocator<void> >; NodeType = rclcpp::Node; message_filters::Subscriber<M, NodeType>::NodePtr = std::shared_ptr<rclcpp::Node>; std::string = std::__cxx11::basic_string<char>; rmw_qos_profile_t = rmw_qos_profile_s]\x1b[m\x1b[K\xe2\x80\x99\n'}
[27.470491] (plan_env) StderrLine: {'line': b'  162 |   \x1b[01;36m\x1b[KSubscriber\x1b[m\x1b[K(NodePtr node, const std::string& topic, const rmw_qos_profile_t qos = rmw_qos_profile_default)\n'}
[27.470676] (plan_env) StderrLine: {'line': b'      |   \x1b[01;36m\x1b[K^~~~~~~~~~\x1b[m\x1b[K\n'}
[27.470936] (plan_env) StderrLine: {'line': b'\x1b[01m\x1b[K/opt/ros/humble/include/message_filters/message_filters/subscriber.h:162:22:\x1b[m\x1b[K \x1b[01;36m\x1b[Knote: \x1b[m\x1b[K  no known conversion for argument 1 from \xe2\x80\x98\x1b[01m\x1b[Krclcpp::Node\x1b[m\x1b[K\xe2\x80\x99 to \xe2\x80\x98\x1b[01m\x1b[Kmessage_filters::Subscriber<sensor_msgs::msg::Image_<std::allocator<void> > >::NodePtr\x1b[m\x1b[K\xe2\x80\x99 {aka \xe2\x80\x98\x1b[01m\x1b[Kstd::shared_ptr<rclcpp::Node>\x1b[m\x1b[K\xe2\x80\x99}\n'}
[27.471177] (plan_env) StderrLine: {'line': b'  162 |   Subscriber(\x1b[01;36m\x1b[KNodePtr node\x1b[m\x1b[K, const std::string& topic, const rmw_qos_profile_t qos = rmw_qos_profile_default)\n'}
[27.471372] (plan_env) StderrLine: {'line': b'      |              \x1b[01;36m\x1b[K~~~~~~~~^~~~\x1b[m\x1b[K\n'}
[27.488244] (-) TimerEvent: {}
[27.503855] (quadrotor_msgs) StdoutLine: {'line': b'[ 95%] \x1b[32mBuilding C object CMakeFiles/quadrotor_msgs__rosidl_generator_py.dir/rosidl_generator_py/quadrotor_msgs/msg/_lqr_trajectory_s.c.o\x1b[0m\n'}
[27.588602] (-) TimerEvent: {}
[27.689346] (-) TimerEvent: {}
[27.790108] (-) TimerEvent: {}
[27.820330] (plan_env) StderrLine: {'line': b'\x1b[01m\x1b[K/root/colcon_ws/src/Fast-Planner/fast_planner/plan_env/src/sdf_map.cpp:135:100:\x1b[m\x1b[K \x1b[01;31m\x1b[Kerror: \x1b[m\x1b[Kno matching function for call to \xe2\x80\x98\x1b[01m\x1b[Kmessage_filters::Subscriber<geometry_msgs::msg::PoseStamped_<std::allocator<void> > >::Subscriber(rclcpp::Node&, const char [14], int)\x1b[m\x1b[K\xe2\x80\x99\n'}
[27.820919] (plan_env) StderrLine: {'line': b'  135 | ers::Subscriber<geometry_msgs::msg::PoseStamped>(node_, "/sdf_map/pose", 25\x1b[01;31m\x1b[K)\x1b[m\x1b[K);\n'}
[27.821074] (plan_env) StderrLine: {'line': b'      |                                                                            \x1b[01;31m\x1b[K^\x1b[m\x1b[K\n'}
[27.821182] (plan_env) StderrLine: {'line': b'\n'}
[27.821280] (plan_env) StderrLine: {'line': b'In file included from \x1b[01m\x1b[K/root/colcon_ws/src/Fast-Planner/fast_planner/plan_env/include/plan_env/sdf_map.h:45\x1b[m\x1b[K,\n'}
[27.821377] (plan_env) StderrLine: {'line': b'                 from \x1b[01m\x1b[K/root/colcon_ws/src/Fast-Planner/fast_planner/plan_env/src/sdf_map.cpp:26\x1b[m\x1b[K:\n'}
[27.821468] (plan_env) StderrLine: {'line': b'\x1b[01m\x1b[K/opt/ros/humble/include/message_filters/message_filters/subscriber.h:203:3:\x1b[m\x1b[K \x1b[01;36m\x1b[Knote: \x1b[m\x1b[Kcandidate: \xe2\x80\x98\x1b[01m\x1b[Kmessage_filters::Subscriber<M, NodeType>::Subscriber() [with M = geometry_msgs::msg::PoseStamped_<std::allocator<void> >; NodeType = rclcpp::Node]\x1b[m\x1b[K\xe2\x80\x99\n'}
[27.821605] (plan_env) StderrLine: {'line': b'  203 |   \x1b[01;36m\x1b[KSubscriber\x1b[m\x1b[K() = default;\n'}
[27.821695] (plan_env) StderrLine: {'line': b'      |   \x1b[01;36m\x1b[K^~~~~~~~~~\x1b[m\x1b[K\n'}
[27.821783] (plan_env) StderrLine: {'line': b'\x1b[01m\x1b[K/opt/ros/humble/include/message_filters/message_filters/subscriber.h:203:3:\x1b[m\x1b[K \x1b[01;36m\x1b[Knote: \x1b[m\x1b[K  candidate expects 0 arguments, 3 provided\n'}
[27.821872] (plan_env) StderrLine: {'line': b'\x1b[01m\x1b[K/opt/ros/humble/include/message_filters/message_filters/subscriber.h:191:3:\x1b[m\x1b[K \x1b[01;36m\x1b[Knote: \x1b[m\x1b[Kcandidate: \xe2\x80\x98\x1b[01m\x1b[Kmessage_filters::Subscriber<M, NodeType>::Subscriber(NodeType*, const string&, rmw_qos_profile_t, rclcpp::SubscriptionOptions) [with M = geometry_msgs::msg::PoseStamped_<std::allocator<void> >; NodeType = rclcpp::Node; std::string = std::__cxx11::basic_string<char>; rmw_qos_profile_t = rmw_qos_profile_s; rclcpp::SubscriptionOptions = rclcpp::SubscriptionOptionsWithAllocator<std::allocator<void> >]\x1b[m\x1b[K\xe2\x80\x99\n'}
[27.821967] (plan_env) StderrLine: {'line': b'  191 |   \x1b[01;36m\x1b[KSubscriber\x1b[m\x1b[K(\n'}
[27.822052] (plan_env) StderrLine: {'line': b'      |   \x1b[01;36m\x1b[K^~~~~~~~~~\x1b[m\x1b[K\n'}
[27.822137] (plan_env) StderrLine: {'line': b'\x1b[01m\x1b[K/opt/ros/humble/include/message_filters/message_filters/subscriber.h:191:3:\x1b[m\x1b[K \x1b[01;36m\x1b[Knote: \x1b[m\x1b[K  candidate expects 4 arguments, 3 provided\n'}
[27.822223] (plan_env) StderrLine: {'line': b'\x1b[01m\x1b[K/opt/ros/humble/include/message_filters/message_filters/subscriber.h:182:3:\x1b[m\x1b[K \x1b[01;36m\x1b[Knote: \x1b[m\x1b[Kcandidate: \xe2\x80\x98\x1b[01m\x1b[Kmessage_filters::Subscriber<M, NodeType>::Subscriber(message_filters::Subscriber<M, NodeType>::NodePtr, const string&, rmw_qos_profile_t, rclcpp::SubscriptionOptions) [with M = geometry_msgs::msg::PoseStamped_<std::allocator<void> >; NodeType = rclcpp::Node; message_filters::Subscriber<M, NodeType>::NodePtr = std::shared_ptr<rclcpp::Node>; std::string = std::__cxx11::basic_string<char>; rmw_qos_profile_t = rmw_qos_profile_s; rclcpp::SubscriptionOptions = rclcpp::SubscriptionOptionsWithAllocator<std::allocator<void> >]\x1b[m\x1b[K\xe2\x80\x99\n'}
[27.822357] (plan_env) StderrLine: {'line': b'  182 |   \x1b[01;36m\x1b[KSubscriber\x1b[m\x1b[K(\n'}
[27.822445] (plan_env) StderrLine: {'line': b'      |   \x1b[01;36m\x1b[K^~~~~~~~~~\x1b[m\x1b[K\n'}
[27.822528] (plan_env) StderrLine: {'line': b'\x1b[01m\x1b[K/opt/ros/humble/include/message_filters/message_filters/subscriber.h:182:3:\x1b[m\x1b[K \x1b[01;36m\x1b[Knote: \x1b[m\x1b[K  candidate expects 4 arguments, 3 provided\n'}
[27.822613] (plan_env) StderrLine: {'line': b'\x1b[01m\x1b[K/opt/ros/humble/include/message_filters/message_filters/subscriber.h:167:3:\x1b[m\x1b[K \x1b[01;36m\x1b[Knote: \x1b[m\x1b[Kcandidate: \xe2\x80\x98\x1b[01m\x1b[Kmessage_filters::Subscriber<M, NodeType>::Subscriber(NodeType*, const string&, rmw_qos_profile_t) [with M = geometry_msgs::msg::PoseStamped_<std::allocator<void> >; NodeType = rclcpp::Node; std::string = std::__cxx11::basic_string<char>; rmw_qos_profile_t = rmw_qos_profile_s]\x1b[m\x1b[K\xe2\x80\x99\n'}
[27.822700] (plan_env) StderrLine: {'line': b'  167 |   \x1b[01;36m\x1b[KSubscriber\x1b[m\x1b[K(NodeType * node, const std::string& topic, const rmw_qos_profile_t qos = rmw_qos_profile_default)\n'}
[27.822806] (plan_env) StderrLine: {'line': b'      |   \x1b[01;36m\x1b[K^~~~~~~~~~\x1b[m\x1b[K\n'}
[27.822891] (plan_env) StderrLine: {'line': b'\x1b[01m\x1b[K/opt/ros/humble/include/message_filters/message_filters/subscriber.h:167:25:\x1b[m\x1b[K \x1b[01;36m\x1b[Knote: \x1b[m\x1b[K  no known conversion for argument 1 from \xe2\x80\x98\x1b[01m\x1b[Krclcpp::Node\x1b[m\x1b[K\xe2\x80\x99 to \xe2\x80\x98\x1b[01m\x1b[Krclcpp::Node*\x1b[m\x1b[K\xe2\x80\x99\n'}
[27.822998] (plan_env) StderrLine: {'line': b'  167 |   Subscriber(\x1b[01;36m\x1b[KNodeType * node\x1b[m\x1b[K, const std::string& topic, const rmw_qos_profile_t qos = rmw_qos_profile_default)\n'}
[27.823085] (plan_env) StderrLine: {'line': b'      |              \x1b[01;36m\x1b[K~~~~~~~~~~~^~~~\x1b[m\x1b[K\n'}
[27.823168] (plan_env) StderrLine: {'line': b'\x1b[01m\x1b[K/opt/ros/humble/include/message_filters/message_filters/subscriber.h:162:3:\x1b[m\x1b[K \x1b[01;36m\x1b[Knote: \x1b[m\x1b[Kcandidate: \xe2\x80\x98\x1b[01m\x1b[Kmessage_filters::Subscriber<M, NodeType>::Subscriber(message_filters::Subscriber<M, NodeType>::NodePtr, const string&, rmw_qos_profile_t) [with M = geometry_msgs::msg::PoseStamped_<std::allocator<void> >; NodeType = rclcpp::Node; message_filters::Subscriber<M, NodeType>::NodePtr = std::shared_ptr<rclcpp::Node>; std::string = std::__cxx11::basic_string<char>; rmw_qos_profile_t = rmw_qos_profile_s]\x1b[m\x1b[K\xe2\x80\x99\n'}
[27.823255] (plan_env) StderrLine: {'line': b'  162 |   \x1b[01;36m\x1b[KSubscriber\x1b[m\x1b[K(NodePtr node, const std::string& topic, const rmw_qos_profile_t qos = rmw_qos_profile_default)\n'}
[27.823338] (plan_env) StderrLine: {'line': b'      |   \x1b[01;36m\x1b[K^~~~~~~~~~\x1b[m\x1b[K\n'}
[27.823419] (plan_env) StderrLine: {'line': b'\x1b[01m\x1b[K/opt/ros/humble/include/message_filters/message_filters/subscriber.h:162:22:\x1b[m\x1b[K \x1b[01;36m\x1b[Knote: \x1b[m\x1b[K  no known conversion for argument 1 from \xe2\x80\x98\x1b[01m\x1b[Krclcpp::Node\x1b[m\x1b[K\xe2\x80\x99 to \xe2\x80\x98\x1b[01m\x1b[Kmessage_filters::Subscriber<geometry_msgs::msg::PoseStamped_<std::allocator<void> > >::NodePtr\x1b[m\x1b[K\xe2\x80\x99 {aka \xe2\x80\x98\x1b[01m\x1b[Kstd::shared_ptr<rclcpp::Node>\x1b[m\x1b[K\xe2\x80\x99}\n'}
[27.823505] (plan_env) StderrLine: {'line': b'  162 |   Subscriber(\x1b[01;36m\x1b[KNodePtr node\x1b[m\x1b[K, const std::string& topic, const rmw_qos_profile_t qos = rmw_qos_profile_default)\n'}
[27.823601] (plan_env) StderrLine: {'line': b'      |              \x1b[01;36m\x1b[K~~~~~~~~^~~~\x1b[m\x1b[K\n'}
[27.846455] (quadrotor_msgs) StdoutLine: {'line': b'[ 96%] \x1b[32m\x1b[1mLinking C shared library rosidl_generator_py/quadrotor_msgs/libquadrotor_msgs__rosidl_generator_py.so\x1b[0m\n'}
[27.890325] (-) TimerEvent: {}
[27.946531] (quadrotor_msgs) StdoutLine: {'line': b'[ 96%] Built target quadrotor_msgs__rosidl_generator_py\n'}
[27.972699] (plan_env) StderrLine: {'line': b'\x1b[01m\x1b[K/root/colcon_ws/src/Fast-Planner/fast_planner/plan_env/src/sdf_map.cpp:139:47:\x1b[m\x1b[K \x1b[01;31m\x1b[Kerror: \x1b[m\x1b[K\xe2\x80\x98\x1b[01m\x1b[Kbind\x1b[m\x1b[K\xe2\x80\x99 is not a member of \xe2\x80\x98\x1b[01m\x1b[Kboost\x1b[m\x1b[K\xe2\x80\x99; did you mean \xe2\x80\x98\x1b[01m\x1b[Kfind\x1b[m\x1b[K\xe2\x80\x99?\n'}
[27.973276] (plan_env) StderrLine: {'line': b'  139 |     sync_image_pose_->registerCallback(boost::\x1b[01;31m\x1b[Kbind\x1b[m\x1b[K(&SDFMap::depthPoseCallback, this, _1, _2));\n'}
[27.973445] (plan_env) StderrLine: {'line': b'      |                                               \x1b[01;31m\x1b[K^~~~\x1b[m\x1b[K\n'}
[27.973553] (plan_env) StderrLine: {'line': b'      |                                               \x1b[32m\x1b[Kfind\x1b[m\x1b[K\n'}
[27.978197] (plan_env) StderrLine: {'line': b'\x1b[01m\x1b[K/root/colcon_ws/src/Fast-Planner/fast_planner/plan_env/src/sdf_map.cpp:139:86:\x1b[m\x1b[K \x1b[01;31m\x1b[Kerror: \x1b[m\x1b[K\xe2\x80\x98\x1b[01m\x1b[K_1\x1b[m\x1b[K\xe2\x80\x99 was not declared in this scope\n'}
[27.978898] (plan_env) StderrLine: {'line': b'  139 | ose_->registerCallback(boost::bind(&SDFMap::depthPoseCallback, this, \x1b[01;31m\x1b[K_1\x1b[m\x1b[K, _2));\n'}
[27.979480] (plan_env) StderrLine: {'line': b'      |                                                                      \x1b[01;31m\x1b[K^~\x1b[m\x1b[K\n'}
[27.979716] (plan_env) StderrLine: {'line': b'\n'}
[27.979824] (plan_env) StderrLine: {'line': b'\x1b[01m\x1b[K/root/colcon_ws/src/Fast-Planner/fast_planner/plan_env/src/sdf_map.cpp:139:86:\x1b[m\x1b[K \x1b[01;36m\x1b[Knote: \x1b[m\x1b[Ksuggested alternatives:\n'}
[27.979922] (plan_env) StderrLine: {'line': b'In file included from \x1b[01m\x1b[K/usr/include/boost/mpl/aux_/include_preprocessed.hpp:37\x1b[m\x1b[K,\n'}
[27.980049] (plan_env) StderrLine: {'line': b'                 from \x1b[01m\x1b[K/usr/include/boost/mpl/placeholders.hpp:43\x1b[m\x1b[K,\n'}
[27.980144] (plan_env) StderrLine: {'line': b'                 from \x1b[01m\x1b[K/usr/include/boost/mpl/apply.hpp:24\x1b[m\x1b[K,\n'}
[27.980258] (plan_env) StderrLine: {'line': b'                 from \x1b[01m\x1b[K/usr/include/boost/mpl/aux_/iter_apply.hpp:17\x1b[m\x1b[K,\n'}
[27.980350] (plan_env) StderrLine: {'line': b'                 from \x1b[01m\x1b[K/usr/include/boost/mpl/aux_/find_if_pred.hpp:14\x1b[m\x1b[K,\n'}
[27.980436] (plan_env) StderrLine: {'line': b'                 from \x1b[01m\x1b[K/usr/include/boost/mpl/find_if.hpp:17\x1b[m\x1b[K,\n'}
[27.980521] (plan_env) StderrLine: {'line': b'                 from \x1b[01m\x1b[K/usr/include/boost/mpl/find.hpp:17\x1b[m\x1b[K,\n'}
[27.980604] (plan_env) StderrLine: {'line': b'                 from \x1b[01m\x1b[K/usr/include/boost/mpl/aux_/contains_impl.hpp:20\x1b[m\x1b[K,\n'}
[27.980688] (plan_env) StderrLine: {'line': b'                 from \x1b[01m\x1b[K/usr/include/boost/mpl/contains.hpp:20\x1b[m\x1b[K,\n'}
[27.980769] (plan_env) StderrLine: {'line': b'                 from \x1b[01m\x1b[K/usr/include/pcl-1.12/pcl/impl/point_types.hpp:49\x1b[m\x1b[K,\n'}
[27.980851] (plan_env) StderrLine: {'line': b'                 from \x1b[01m\x1b[K/usr/include/pcl-1.12/pcl/point_types.h:354\x1b[m\x1b[K,\n'}
[27.980931] (plan_env) StderrLine: {'line': b'                 from \x1b[01m\x1b[K/root/colcon_ws/src/Fast-Planner/fast_planner/plan_env/include/plan_env/sdf_map.h:42\x1b[m\x1b[K,\n'}
[27.981015] (plan_env) StderrLine: {'line': b'                 from \x1b[01m\x1b[K/root/colcon_ws/src/Fast-Planner/fast_planner/plan_env/src/sdf_map.cpp:26\x1b[m\x1b[K:\n'}
[27.981100] (plan_env) StderrLine: {'line': b'\x1b[01m\x1b[K/usr/include/boost/mpl/aux_/preprocessed/gcc/placeholders.hpp:29:16:\x1b[m\x1b[K \x1b[01;36m\x1b[Knote: \x1b[m\x1b[K  \xe2\x80\x98\x1b[01m\x1b[Kmpl_::_1\x1b[m\x1b[K\xe2\x80\x99\n'}
[27.981185] (plan_env) StderrLine: {'line': b'   29 | typedef arg<1> \x1b[01;36m\x1b[K_1\x1b[m\x1b[K;\n'}
[27.981298] (plan_env) StderrLine: {'line': b'      |                \x1b[01;36m\x1b[K^~\x1b[m\x1b[K\n'}
[27.981465] (plan_env) StderrLine: {'line': b'In file included from \x1b[01m\x1b[K/usr/include/eigen3/Eigen/Core:85\x1b[m\x1b[K,\n'}
[27.981563] (plan_env) StderrLine: {'line': b'                 from \x1b[01m\x1b[K/usr/include/eigen3/Eigen/Dense:1\x1b[m\x1b[K,\n'}
[27.981672] (plan_env) StderrLine: {'line': b'                 from \x1b[01m\x1b[K/usr/include/eigen3/Eigen/Eigen:1\x1b[m\x1b[K,\n'}
[27.981760] (plan_env) StderrLine: {'line': b'                 from \x1b[01m\x1b[K/root/colcon_ws/src/Fast-Planner/fast_planner/plan_env/include/plan_env/sdf_map.h:29\x1b[m\x1b[K,\n'}
[27.981848] (plan_env) StderrLine: {'line': b'                 from \x1b[01m\x1b[K/root/colcon_ws/src/Fast-Planner/fast_planner/plan_env/src/sdf_map.cpp:26\x1b[m\x1b[K:\n'}
[27.981933] (plan_env) StderrLine: {'line': b'\x1b[01m\x1b[K/usr/include/c++/11/functional:225:34:\x1b[m\x1b[K \x1b[01;36m\x1b[Knote: \x1b[m\x1b[K  \xe2\x80\x98\x1b[01m\x1b[Kstd::placeholders::_1\x1b[m\x1b[K\xe2\x80\x99\n'}
[27.982021] (plan_env) StderrLine: {'line': b'  225 |     extern const _Placeholder<1> \x1b[01;36m\x1b[K_1\x1b[m\x1b[K;\n'}
[27.982105] (plan_env) StderrLine: {'line': b'      |                                  \x1b[01;36m\x1b[K^~\x1b[m\x1b[K\n'}
[27.982188] (plan_env) StderrLine: {'line': b'In file included from \x1b[01m\x1b[K/usr/include/boost/mpl/aux_/include_preprocessed.hpp:37\x1b[m\x1b[K,\n'}
[27.982272] (plan_env) StderrLine: {'line': b'                 from \x1b[01m\x1b[K/usr/include/boost/mpl/placeholders.hpp:43\x1b[m\x1b[K,\n'}
[27.982356] (plan_env) StderrLine: {'line': b'                 from \x1b[01m\x1b[K/usr/include/boost/mpl/apply.hpp:24\x1b[m\x1b[K,\n'}
[27.982438] (plan_env) StderrLine: {'line': b'                 from \x1b[01m\x1b[K/usr/include/boost/mpl/aux_/iter_apply.hpp:17\x1b[m\x1b[K,\n'}
[27.982520] (plan_env) StderrLine: {'line': b'                 from \x1b[01m\x1b[K/usr/include/boost/mpl/aux_/find_if_pred.hpp:14\x1b[m\x1b[K,\n'}
[27.982601] (plan_env) StderrLine: {'line': b'                 from \x1b[01m\x1b[K/usr/include/boost/mpl/find_if.hpp:17\x1b[m\x1b[K,\n'}
[27.982684] (plan_env) StderrLine: {'line': b'                 from \x1b[01m\x1b[K/usr/include/boost/mpl/find.hpp:17\x1b[m\x1b[K,\n'}
[27.982764] (plan_env) StderrLine: {'line': b'                 from \x1b[01m\x1b[K/usr/include/boost/mpl/aux_/contains_impl.hpp:20\x1b[m\x1b[K,\n'}
[27.982845] (plan_env) StderrLine: {'line': b'                 from \x1b[01m\x1b[K/usr/include/boost/mpl/contains.hpp:20\x1b[m\x1b[K,\n'}
[27.982926] (plan_env) StderrLine: {'line': b'                 from \x1b[01m\x1b[K/usr/include/pcl-1.12/pcl/impl/point_types.hpp:49\x1b[m\x1b[K,\n'}
[27.983007] (plan_env) StderrLine: {'line': b'                 from \x1b[01m\x1b[K/usr/include/pcl-1.12/pcl/point_types.h:354\x1b[m\x1b[K,\n'}
[27.983111] (plan_env) StderrLine: {'line': b'                 from \x1b[01m\x1b[K/root/colcon_ws/src/Fast-Planner/fast_planner/plan_env/include/plan_env/sdf_map.h:42\x1b[m\x1b[K,\n'}
[27.983197] (plan_env) StderrLine: {'line': b'                 from \x1b[01m\x1b[K/root/colcon_ws/src/Fast-Planner/fast_planner/plan_env/src/sdf_map.cpp:26\x1b[m\x1b[K:\n'}
[27.983284] (plan_env) StderrLine: {'line': b'\x1b[01m\x1b[K/usr/include/boost/mpl/aux_/preprocessed/gcc/placeholders.hpp:29:16:\x1b[m\x1b[K \x1b[01;36m\x1b[Knote: \x1b[m\x1b[K  \xe2\x80\x98\x1b[01m\x1b[Kmpl_::_1\x1b[m\x1b[K\xe2\x80\x99\n'}
[27.983370] (plan_env) StderrLine: {'line': b'   29 | typedef arg<1> \x1b[01;36m\x1b[K_1\x1b[m\x1b[K;\n'}
[27.983455] (plan_env) StderrLine: {'line': b'      |                \x1b[01;36m\x1b[K^~\x1b[m\x1b[K\n'}
[27.983544] (plan_env) StderrLine: {'line': b'\x1b[01m\x1b[K/usr/include/boost/mpl/aux_/preprocessed/gcc/placeholders.hpp:29:16:\x1b[m\x1b[K \x1b[01;36m\x1b[Knote: \x1b[m\x1b[K  \xe2\x80\x98\x1b[01m\x1b[Kmpl_::_1\x1b[m\x1b[K\xe2\x80\x99\n'}
[27.985026] (plan_env) StderrLine: {'line': b'\x1b[01m\x1b[K/root/colcon_ws/src/Fast-Planner/fast_planner/plan_env/src/sdf_map.cpp:139:90:\x1b[m\x1b[K \x1b[01;31m\x1b[Kerror: \x1b[m\x1b[K\xe2\x80\x98\x1b[01m\x1b[K_2\x1b[m\x1b[K\xe2\x80\x99 was not declared in this scope\n'}
[27.985525] (plan_env) StderrLine: {'line': b'  139 | ose_->registerCallback(boost::bind(&SDFMap::depthPoseCallback, this, _1, \x1b[01;31m\x1b[K_2\x1b[m\x1b[K));\n'}
[27.985678] (plan_env) StderrLine: {'line': b'      |                                                                          \x1b[01;31m\x1b[K^~\x1b[m\x1b[K\n'}
[27.985785] (plan_env) StderrLine: {'line': b'\n'}
[27.985883] (plan_env) StderrLine: {'line': b'\x1b[01m\x1b[K/root/colcon_ws/src/Fast-Planner/fast_planner/plan_env/src/sdf_map.cpp:139:90:\x1b[m\x1b[K \x1b[01;36m\x1b[Knote: \x1b[m\x1b[Ksuggested alternatives:\n'}
[27.986230] (plan_env) StderrLine: {'line': b'In file included from \x1b[01m\x1b[K/usr/include/boost/mpl/aux_/include_preprocessed.hpp:37\x1b[m\x1b[K,\n'}
[27.986464] (plan_env) StderrLine: {'line': b'                 from \x1b[01m\x1b[K/usr/include/boost/mpl/placeholders.hpp:43\x1b[m\x1b[K,\n'}
[27.986654] (plan_env) StderrLine: {'line': b'                 from \x1b[01m\x1b[K/usr/include/boost/mpl/apply.hpp:24\x1b[m\x1b[K,\n'}
[27.986842] (plan_env) StderrLine: {'line': b'                 from \x1b[01m\x1b[K/usr/include/boost/mpl/aux_/iter_apply.hpp:17\x1b[m\x1b[K,\n'}
[27.987018] (plan_env) StderrLine: {'line': b'                 from \x1b[01m\x1b[K/usr/include/boost/mpl/aux_/find_if_pred.hpp:14\x1b[m\x1b[K,\n'}
[27.987187] (plan_env) StderrLine: {'line': b'                 from \x1b[01m\x1b[K/usr/include/boost/mpl/find_if.hpp:17\x1b[m\x1b[K,\n'}
[27.987351] (plan_env) StderrLine: {'line': b'                 from \x1b[01m\x1b[K/usr/include/boost/mpl/find.hpp:17\x1b[m\x1b[K,\n'}
[27.987518] (plan_env) StderrLine: {'line': b'                 from \x1b[01m\x1b[K/usr/include/boost/mpl/aux_/contains_impl.hpp:20\x1b[m\x1b[K,\n'}
[27.987682] (plan_env) StderrLine: {'line': b'                 from \x1b[01m\x1b[K/usr/include/boost/mpl/contains.hpp:20\x1b[m\x1b[K,\n'}
[27.987850] (plan_env) StderrLine: {'line': b'                 from \x1b[01m\x1b[K/usr/include/pcl-1.12/pcl/impl/point_types.hpp:49\x1b[m\x1b[K,\n'}
[27.988019] (plan_env) StderrLine: {'line': b'                 from \x1b[01m\x1b[K/usr/include/pcl-1.12/pcl/point_types.h:354\x1b[m\x1b[K,\n'}
[27.988185] (plan_env) StderrLine: {'line': b'                 from \x1b[01m\x1b[K/root/colcon_ws/src/Fast-Planner/fast_planner/plan_env/include/plan_env/sdf_map.h:42\x1b[m\x1b[K,\n'}
[27.988381] (plan_env) StderrLine: {'line': b'                 from \x1b[01m\x1b[K/root/colcon_ws/src/Fast-Planner/fast_planner/plan_env/src/sdf_map.cpp:26\x1b[m\x1b[K:\n'}
[27.988563] (plan_env) StderrLine: {'line': b'\x1b[01m\x1b[K/usr/include/boost/mpl/aux_/preprocessed/gcc/placeholders.hpp:42:16:\x1b[m\x1b[K \x1b[01;36m\x1b[Knote: \x1b[m\x1b[K  \xe2\x80\x98\x1b[01m\x1b[Kmpl_::_2\x1b[m\x1b[K\xe2\x80\x99\n'}
[27.988734] (plan_env) StderrLine: {'line': b'   42 | typedef arg<2> \x1b[01;36m\x1b[K_2\x1b[m\x1b[K;\n'}
[27.988903] (plan_env) StderrLine: {'line': b'      |                \x1b[01;36m\x1b[K^~\x1b[m\x1b[K\n'}
[27.989194] (plan_env) StderrLine: {'line': b'In file included from \x1b[01m\x1b[K/usr/include/eigen3/Eigen/Core:85\x1b[m\x1b[K,\n'}
[27.989401] (plan_env) StderrLine: {'line': b'                 from \x1b[01m\x1b[K/usr/include/eigen3/Eigen/Dense:1\x1b[m\x1b[K,\n'}
[27.989580] (plan_env) StderrLine: {'line': b'                 from \x1b[01m\x1b[K/usr/include/eigen3/Eigen/Eigen:1\x1b[m\x1b[K,\n'}
[27.989784] (plan_env) StderrLine: {'line': b'                 from \x1b[01m\x1b[K/root/colcon_ws/src/Fast-Planner/fast_planner/plan_env/include/plan_env/sdf_map.h:29\x1b[m\x1b[K,\n'}
[27.989962] (plan_env) StderrLine: {'line': b'                 from \x1b[01m\x1b[K/root/colcon_ws/src/Fast-Planner/fast_planner/plan_env/src/sdf_map.cpp:26\x1b[m\x1b[K:\n'}
[27.990141] (plan_env) StderrLine: {'line': b'\x1b[01m\x1b[K/usr/include/c++/11/functional:226:34:\x1b[m\x1b[K \x1b[01;36m\x1b[Knote: \x1b[m\x1b[K  \xe2\x80\x98\x1b[01m\x1b[Kstd::placeholders::_2\x1b[m\x1b[K\xe2\x80\x99\n'}
[27.990334] (plan_env) StderrLine: {'line': b'  226 |     extern const _Placeholder<2> \x1b[01;36m\x1b[K_2\x1b[m\x1b[K;\n'}
[27.990437] (-) TimerEvent: {}
[27.990972] (quadrotor_msgs) StdoutLine: {'line': b'[ 97%] \x1b[32mBuilding C object CMakeFiles/quadrotor_msgs__rosidl_typesupport_introspection_c__pyext.dir/rosidl_generator_py/quadrotor_msgs/_quadrotor_msgs_s.ep.rosidl_typesupport_introspection_c.c.o\x1b[0m\n'}
[27.991271] (plan_env) StderrLine: {'line': b'      |                                  \x1b[01;36m\x1b[K^~\x1b[m\x1b[K\n'}
[27.991599] (plan_env) StderrLine: {'line': b'In file included from \x1b[01m\x1b[K/usr/include/boost/mpl/aux_/include_preprocessed.hpp:37\x1b[m\x1b[K,\n'}
[27.991813] (plan_env) StderrLine: {'line': b'                 from \x1b[01m\x1b[K/usr/include/boost/mpl/placeholders.hpp:43\x1b[m\x1b[K,\n'}
[27.991988] (plan_env) StderrLine: {'line': b'                 from \x1b[01m\x1b[K/usr/include/boost/mpl/apply.hpp:24\x1b[m\x1b[K,\n'}
[27.992165] (plan_env) StderrLine: {'line': b'                 from \x1b[01m\x1b[K/usr/include/boost/mpl/aux_/iter_apply.hpp:17\x1b[m\x1b[K,\n'}
[27.992593] (plan_env) StderrLine: {'line': b'                 from \x1b[01m\x1b[K/usr/include/boost/mpl/aux_/find_if_pred.hpp:14\x1b[m\x1b[K,\n'}
[27.992790] (plan_env) StderrLine: {'line': b'                 from \x1b[01m\x1b[K/usr/include/boost/mpl/find_if.hpp:17\x1b[m\x1b[K,\n'}
[27.992965] (plan_env) StderrLine: {'line': b'                 from \x1b[01m\x1b[K/usr/include/boost/mpl/find.hpp:17\x1b[m\x1b[K,\n'}
[27.993140] (plan_env) StderrLine: {'line': b'                 from \x1b[01m\x1b[K/usr/include/boost/mpl/aux_/contains_impl.hpp:20\x1b[m\x1b[K,\n'}
[27.993308] (plan_env) StderrLine: {'line': b'                 from \x1b[01m\x1b[K/usr/include/boost/mpl/contains.hpp:20\x1b[m\x1b[K,\n'}
[27.993476] (plan_env) StderrLine: {'line': b'                 from \x1b[01m\x1b[K/usr/include/pcl-1.12/pcl/impl/point_types.hpp:49\x1b[m\x1b[K,\n'}
[27.993642] (plan_env) StderrLine: {'line': b'                 from \x1b[01m\x1b[K/usr/include/pcl-1.12/pcl/point_types.h:354\x1b[m\x1b[K,\n'}
[27.993806] (plan_env) StderrLine: {'line': b'                 from \x1b[01m\x1b[K/root/colcon_ws/src/Fast-Planner/fast_planner/plan_env/include/plan_env/sdf_map.h:42\x1b[m\x1b[K,\n'}
[27.994012] (plan_env) StderrLine: {'line': b'                 from \x1b[01m\x1b[K/root/colcon_ws/src/Fast-Planner/fast_planner/plan_env/src/sdf_map.cpp:26\x1b[m\x1b[K:\n'}
[27.994191] (plan_env) StderrLine: {'line': b'\x1b[01m\x1b[K/usr/include/boost/mpl/aux_/preprocessed/gcc/placeholders.hpp:42:16:\x1b[m\x1b[K \x1b[01;36m\x1b[Knote: \x1b[m\x1b[K  \xe2\x80\x98\x1b[01m\x1b[Kmpl_::_2\x1b[m\x1b[K\xe2\x80\x99\n'}
[27.994373] (quadrotor_msgs) StdoutLine: {'line': b'[ 98%] \x1b[32mBuilding C object CMakeFiles/quadrotor_msgs__rosidl_typesupport_fastrtps_c__pyext.dir/rosidl_generator_py/quadrotor_msgs/_quadrotor_msgs_s.ep.rosidl_typesupport_fastrtps_c.c.o\x1b[0m\n'}
[27.994597] (plan_env) StderrLine: {'line': b'   42 | typedef arg<2> \x1b[01;36m\x1b[K_2\x1b[m\x1b[K;\n'}
[27.994782] (plan_env) StderrLine: {'line': b'      |                \x1b[01;36m\x1b[K^~\x1b[m\x1b[K\n'}
[27.995038] (plan_env) StderrLine: {'line': b'\x1b[01m\x1b[K/usr/include/boost/mpl/aux_/preprocessed/gcc/placeholders.hpp:42:16:\x1b[m\x1b[K \x1b[01;36m\x1b[Knote: \x1b[m\x1b[K  \xe2\x80\x98\x1b[01m\x1b[Kmpl_::_2\x1b[m\x1b[K\xe2\x80\x99\n'}
[27.996941] (quadrotor_msgs) StdoutLine: {'line': b'[ 99%] \x1b[32mBuilding C object CMakeFiles/quadrotor_msgs__rosidl_typesupport_c__pyext.dir/rosidl_generator_py/quadrotor_msgs/_quadrotor_msgs_s.ep.rosidl_typesupport_c.c.o\x1b[0m\n'}
[28.010367] (map_generator) StderrLine: {'line': b'\x1b[01m\x1b[K/root/colcon_ws/src/Fast-Planner/uav_simulator/map_generator/src/random_forest_sensing.cpp:32:19:\x1b[m\x1b[K \x1b[01;31m\x1b[Kerror: \x1b[m\x1b[Kclass template argument deduction failed:\n'}
[28.011137] (map_generator) StderrLine: {'line': b'   32 | rclcpp::Publisher \x1b[01;31m\x1b[K_local_map_pub\x1b[m\x1b[K;\n'}
[28.011516] (map_generator) StderrLine: {'line': b'      |                   \x1b[01;31m\x1b[K^~~~~~~~~~~~~~\x1b[m\x1b[K\n'}
[28.011932] (map_generator) StderrLine: {'line': b'\x1b[01m\x1b[K/root/colcon_ws/src/Fast-Planner/uav_simulator/map_generator/src/random_forest_sensing.cpp:32:19:\x1b[m\x1b[K \x1b[01;31m\x1b[Kerror: \x1b[m\x1b[Kno matching function for call to \xe2\x80\x98\x1b[01m\x1b[KPublisher()\x1b[m\x1b[K\xe2\x80\x99\n'}
[28.012078] (map_generator) StderrLine: {'line': b'In file included from \x1b[01m\x1b[K/opt/ros/humble/include/rclcpp/rclcpp/topic_statistics/subscription_topic_statistics.hpp:31\x1b[m\x1b[K,\n'}
[28.012196] (map_generator) StderrLine: {'line': b'                 from \x1b[01m\x1b[K/opt/ros/humble/include/rclcpp/rclcpp/subscription.hpp:50\x1b[m\x1b[K,\n'}
[28.012484] (map_generator) StderrLine: {'line': b'                 from \x1b[01m\x1b[K/opt/ros/humble/include/rclcpp/rclcpp/any_executable.hpp:25\x1b[m\x1b[K,\n'}
[28.012784] (map_generator) StderrLine: {'line': b'                 from \x1b[01m\x1b[K/opt/ros/humble/include/rclcpp/rclcpp/memory_strategy.hpp:25\x1b[m\x1b[K,\n'}
[28.012905] (map_generator) StderrLine: {'line': b'                 from \x1b[01m\x1b[K/opt/ros/humble/include/rclcpp/rclcpp/memory_strategies.hpp:18\x1b[m\x1b[K,\n'}
[28.013231] (map_generator) StderrLine: {'line': b'                 from \x1b[01m\x1b[K/opt/ros/humble/include/rclcpp/rclcpp/executor_options.hpp:20\x1b[m\x1b[K,\n'}
[28.013437] (map_generator) StderrLine: {'line': b'                 from \x1b[01m\x1b[K/opt/ros/humble/include/rclcpp/rclcpp/executor.hpp:37\x1b[m\x1b[K,\n'}
[28.013749] (map_generator) StderrLine: {'line': b'                 from \x1b[01m\x1b[K/opt/ros/humble/include/rclcpp/rclcpp/executors/multi_threaded_executor.hpp:25\x1b[m\x1b[K,\n'}
[28.014148] (map_generator) StderrLine: {'line': b'                 from \x1b[01m\x1b[K/opt/ros/humble/include/rclcpp/rclcpp/executors.hpp:21\x1b[m\x1b[K,\n'}
[28.014467] (map_generator) StderrLine: {'line': b'                 from \x1b[01m\x1b[K/opt/ros/humble/include/rclcpp/rclcpp/rclcpp.hpp:155\x1b[m\x1b[K,\n'}
[28.014778] (map_generator) StderrLine: {'line': b'                 from \x1b[01m\x1b[K/opt/ros/humble/include/pcl_conversions/pcl_conversions/pcl_conversions.h:43\x1b[m\x1b[K,\n'}
[28.015044] (map_generator) StderrLine: {'line': b'                 from \x1b[01m\x1b[K/root/colcon_ws/src/Fast-Planner/uav_simulator/map_generator/src/random_forest_sensing.cpp:5\x1b[m\x1b[K:\n'}
[28.015268] (map_generator) StderrLine: {'line': b'\x1b[01m\x1b[K/opt/ros/humble/include/rclcpp/rclcpp/publisher.hpp:125:3:\x1b[m\x1b[K \x1b[01;36m\x1b[Knote: \x1b[m\x1b[Kcandidate: \xe2\x80\x98\x1b[01m\x1b[Ktemplate<class MessageT, class AllocatorT> Publisher(rclcpp::node_interfaces::NodeBaseInterface*, const string&, const rclcpp::QoS&, const rclcpp::PublisherOptionsWithAllocator<AllocatorT>&)-> rclcpp::Publisher<MessageT, AllocatorT>\x1b[m\x1b[K\xe2\x80\x99\n'}
[28.015380] (map_generator) StderrLine: {'line': b'  125 |   \x1b[01;36m\x1b[KPublisher\x1b[m\x1b[K(\n'}
[28.015483] (map_generator) StderrLine: {'line': b'      |   \x1b[01;36m\x1b[K^~~~~~~~~\x1b[m\x1b[K\n'}
[28.015810] (map_generator) StderrLine: {'line': b'\x1b[01m\x1b[K/opt/ros/humble/include/rclcpp/rclcpp/publisher.hpp:125:3:\x1b[m\x1b[K \x1b[01;36m\x1b[Knote: \x1b[m\x1b[K  template argument deduction/substitution failed:\n'}
[28.015937] (map_generator) StderrLine: {'line': b'\x1b[01m\x1b[K/root/colcon_ws/src/Fast-Planner/uav_simulator/map_generator/src/random_forest_sensing.cpp:32:19:\x1b[m\x1b[K \x1b[01;36m\x1b[Knote: \x1b[m\x1b[K  candidate expects 4 arguments, 0 provided\n'}
[28.016052] (map_generator) StderrLine: {'line': b'   32 | rclcpp::Publisher \x1b[01;36m\x1b[K_local_map_pub\x1b[m\x1b[K;\n'}
[28.016477] (map_generator) StderrLine: {'line': b'      |                   \x1b[01;36m\x1b[K^~~~~~~~~~~~~~\x1b[m\x1b[K\n'}
[28.016802] (map_generator) StderrLine: {'line': b'In file included from \x1b[01m\x1b[K/opt/ros/humble/include/rclcpp/rclcpp/topic_statistics/subscription_topic_statistics.hpp:31\x1b[m\x1b[K,\n'}
[28.017083] (map_generator) StderrLine: {'line': b'                 from \x1b[01m\x1b[K/opt/ros/humble/include/rclcpp/rclcpp/subscription.hpp:50\x1b[m\x1b[K,\n'}
[28.017190] (map_generator) StderrLine: {'line': b'                 from \x1b[01m\x1b[K/opt/ros/humble/include/rclcpp/rclcpp/any_executable.hpp:25\x1b[m\x1b[K,\n'}
[28.017284] (map_generator) StderrLine: {'line': b'                 from \x1b[01m\x1b[K/opt/ros/humble/include/rclcpp/rclcpp/memory_strategy.hpp:25\x1b[m\x1b[K,\n'}
[28.017374] (map_generator) StderrLine: {'line': b'                 from \x1b[01m\x1b[K/opt/ros/humble/include/rclcpp/rclcpp/memory_strategies.hpp:18\x1b[m\x1b[K,\n'}
[28.017460] (map_generator) StderrLine: {'line': b'                 from \x1b[01m\x1b[K/opt/ros/humble/include/rclcpp/rclcpp/executor_options.hpp:20\x1b[m\x1b[K,\n'}
[28.017545] (map_generator) StderrLine: {'line': b'                 from \x1b[01m\x1b[K/opt/ros/humble/include/rclcpp/rclcpp/executor.hpp:37\x1b[m\x1b[K,\n'}
[28.017628] (map_generator) StderrLine: {'line': b'                 from \x1b[01m\x1b[K/opt/ros/humble/include/rclcpp/rclcpp/executors/multi_threaded_executor.hpp:25\x1b[m\x1b[K,\n'}
[28.017712] (map_generator) StderrLine: {'line': b'                 from \x1b[01m\x1b[K/opt/ros/humble/include/rclcpp/rclcpp/executors.hpp:21\x1b[m\x1b[K,\n'}
[28.017794] (map_generator) StderrLine: {'line': b'                 from \x1b[01m\x1b[K/opt/ros/humble/include/rclcpp/rclcpp/rclcpp.hpp:155\x1b[m\x1b[K,\n'}
[28.017878] (map_generator) StderrLine: {'line': b'                 from \x1b[01m\x1b[K/opt/ros/humble/include/pcl_conversions/pcl_conversions/pcl_conversions.h:43\x1b[m\x1b[K,\n'}
[28.017994] (map_generator) StderrLine: {'line': b'                 from \x1b[01m\x1b[K/root/colcon_ws/src/Fast-Planner/uav_simulator/map_generator/src/random_forest_sensing.cpp:5\x1b[m\x1b[K:\n'}
[28.018087] (map_generator) StderrLine: {'line': b'\x1b[01m\x1b[K/opt/ros/humble/include/rclcpp/rclcpp/publisher.hpp:77:7:\x1b[m\x1b[K \x1b[01;36m\x1b[Knote: \x1b[m\x1b[Kcandidate: \xe2\x80\x98\x1b[01m\x1b[Ktemplate<class MessageT, class AllocatorT> Publisher(rclcpp::Publisher<MessageT, AllocatorT>)-> rclcpp::Publisher<MessageT, AllocatorT>\x1b[m\x1b[K\xe2\x80\x99\n'}
[28.018184] (map_generator) StderrLine: {'line': b'   77 | class \x1b[01;36m\x1b[KPublisher\x1b[m\x1b[K : public PublisherBase\n'}
[28.018274] (map_generator) StderrLine: {'line': b'      |       \x1b[01;36m\x1b[K^~~~~~~~~\x1b[m\x1b[K\n'}
[28.018363] (map_generator) StderrLine: {'line': b'\x1b[01m\x1b[K/opt/ros/humble/include/rclcpp/rclcpp/publisher.hpp:77:7:\x1b[m\x1b[K \x1b[01;36m\x1b[Knote: \x1b[m\x1b[K  template argument deduction/substitution failed:\n'}
[28.018452] (map_generator) StderrLine: {'line': b'\x1b[01m\x1b[K/root/colcon_ws/src/Fast-Planner/uav_simulator/map_generator/src/random_forest_sensing.cpp:32:19:\x1b[m\x1b[K \x1b[01;36m\x1b[Knote: \x1b[m\x1b[K  candidate expects 1 argument, 0 provided\n'}
[28.018543] (map_generator) StderrLine: {'line': b'   32 | rclcpp::Publisher \x1b[01;36m\x1b[K_local_map_pub\x1b[m\x1b[K;\n'}
[28.018634] (map_generator) StderrLine: {'line': b'      |                   \x1b[01;36m\x1b[K^~~~~~~~~~~~~~\x1b[m\x1b[K\n'}
[28.018722] (map_generator) StderrLine: {'line': b'\x1b[01m\x1b[K/root/colcon_ws/src/Fast-Planner/uav_simulator/map_generator/src/random_forest_sensing.cpp:33:19:\x1b[m\x1b[K \x1b[01;31m\x1b[Kerror: \x1b[m\x1b[Kclass template argument deduction failed:\n'}
[28.018853] (map_generator) StderrLine: {'line': b'   33 | rclcpp::Publisher \x1b[01;31m\x1b[K_all_map_pub\x1b[m\x1b[K;\n'}
[28.018956] (map_generator) StderrLine: {'line': b'      |                   \x1b[01;31m\x1b[K^~~~~~~~~~~~\x1b[m\x1b[K\n'}
[28.019045] (map_generator) StderrLine: {'line': b'\x1b[01m\x1b[K/root/colcon_ws/src/Fast-Planner/uav_simulator/map_generator/src/random_forest_sensing.cpp:33:19:\x1b[m\x1b[K \x1b[01;31m\x1b[Kerror: \x1b[m\x1b[Kno matching function for call to \xe2\x80\x98\x1b[01m\x1b[KPublisher()\x1b[m\x1b[K\xe2\x80\x99\n'}
[28.019136] (map_generator) StderrLine: {'line': b'In file included from \x1b[01m\x1b[K/opt/ros/humble/include/rclcpp/rclcpp/topic_statistics/subscription_topic_statistics.hpp:31\x1b[m\x1b[K,\n'}
[28.019254] (map_generator) StderrLine: {'line': b'                 from \x1b[01m\x1b[K/opt/ros/humble/include/rclcpp/rclcpp/subscription.hpp:50\x1b[m\x1b[K,\n'}
[28.019341] (map_generator) StderrLine: {'line': b'                 from \x1b[01m\x1b[K/opt/ros/humble/include/rclcpp/rclcpp/any_executable.hpp:25\x1b[m\x1b[K,\n'}
[28.019427] (map_generator) StderrLine: {'line': b'                 from \x1b[01m\x1b[K/opt/ros/humble/include/rclcpp/rclcpp/memory_strategy.hpp:25\x1b[m\x1b[K,\n'}
[28.019509] (map_generator) StderrLine: {'line': b'                 from \x1b[01m\x1b[K/opt/ros/humble/include/rclcpp/rclcpp/memory_strategies.hpp:18\x1b[m\x1b[K,\n'}
[28.019591] (map_generator) StderrLine: {'line': b'                 from \x1b[01m\x1b[K/opt/ros/humble/include/rclcpp/rclcpp/executor_options.hpp:20\x1b[m\x1b[K,\n'}
[28.019675] (map_generator) StderrLine: {'line': b'                 from \x1b[01m\x1b[K/opt/ros/humble/include/rclcpp/rclcpp/executor.hpp:37\x1b[m\x1b[K,\n'}
[28.019764] (map_generator) StderrLine: {'line': b'                 from \x1b[01m\x1b[K/opt/ros/humble/include/rclcpp/rclcpp/executors/multi_threaded_executor.hpp:25\x1b[m\x1b[K,\n'}
[28.019849] (map_generator) StderrLine: {'line': b'                 from \x1b[01m\x1b[K/opt/ros/humble/include/rclcpp/rclcpp/executors.hpp:21\x1b[m\x1b[K,\n'}
[28.019929] (map_generator) StderrLine: {'line': b'                 from \x1b[01m\x1b[K/opt/ros/humble/include/rclcpp/rclcpp/rclcpp.hpp:155\x1b[m\x1b[K,\n'}
[28.020010] (map_generator) StderrLine: {'line': b'                 from \x1b[01m\x1b[K/opt/ros/humble/include/pcl_conversions/pcl_conversions/pcl_conversions.h:43\x1b[m\x1b[K,\n'}
[28.020090] (map_generator) StderrLine: {'line': b'                 from \x1b[01m\x1b[K/root/colcon_ws/src/Fast-Planner/uav_simulator/map_generator/src/random_forest_sensing.cpp:5\x1b[m\x1b[K:\n'}
[28.020170] (map_generator) StderrLine: {'line': b'\x1b[01m\x1b[K/opt/ros/humble/include/rclcpp/rclcpp/publisher.hpp:125:3:\x1b[m\x1b[K \x1b[01;36m\x1b[Knote: \x1b[m\x1b[Kcandidate: \xe2\x80\x98\x1b[01m\x1b[Ktemplate<class MessageT, class AllocatorT> Publisher(rclcpp::node_interfaces::NodeBaseInterface*, const string&, const rclcpp::QoS&, const rclcpp::PublisherOptionsWithAllocator<AllocatorT>&)-> rclcpp::Publisher<MessageT, AllocatorT>\x1b[m\x1b[K\xe2\x80\x99\n'}
[28.020333] (map_generator) StderrLine: {'line': b'  125 |   \x1b[01;36m\x1b[KPublisher\x1b[m\x1b[K(\n'}
[28.020426] (map_generator) StderrLine: {'line': b'      |   \x1b[01;36m\x1b[K^~~~~~~~~\x1b[m\x1b[K\n'}
[28.020509] (map_generator) StderrLine: {'line': b'\x1b[01m\x1b[K/opt/ros/humble/include/rclcpp/rclcpp/publisher.hpp:125:3:\x1b[m\x1b[K \x1b[01;36m\x1b[Knote: \x1b[m\x1b[K  template argument deduction/substitution failed:\n'}
[28.020595] (map_generator) StderrLine: {'line': b'\x1b[01m\x1b[K/root/colcon_ws/src/Fast-Planner/uav_simulator/map_generator/src/random_forest_sensing.cpp:33:19:\x1b[m\x1b[K \x1b[01;36m\x1b[Knote: \x1b[m\x1b[K  candidate expects 4 arguments, 0 provided\n'}
[28.020680] (map_generator) StderrLine: {'line': b'   33 | rclcpp::Publisher \x1b[01;36m\x1b[K_all_map_pub\x1b[m\x1b[K;\n'}
[28.020762] (map_generator) StderrLine: {'line': b'      |                   \x1b[01;36m\x1b[K^~~~~~~~~~~~\x1b[m\x1b[K\n'}
[28.020844] (map_generator) StderrLine: {'line': b'In file included from \x1b[01m\x1b[K/opt/ros/humble/include/rclcpp/rclcpp/topic_statistics/subscription_topic_statistics.hpp:31\x1b[m\x1b[K,\n'}
[28.020926] (map_generator) StderrLine: {'line': b'                 from \x1b[01m\x1b[K/opt/ros/humble/include/rclcpp/rclcpp/subscription.hpp:50\x1b[m\x1b[K,\n'}
[28.021009] (map_generator) StderrLine: {'line': b'                 from \x1b[01m\x1b[K/opt/ros/humble/include/rclcpp/rclcpp/any_executable.hpp:25\x1b[m\x1b[K,\n'}
[28.021090] (map_generator) StderrLine: {'line': b'                 from \x1b[01m\x1b[K/opt/ros/humble/include/rclcpp/rclcpp/memory_strategy.hpp:25\x1b[m\x1b[K,\n'}
[28.021173] (map_generator) StderrLine: {'line': b'                 from \x1b[01m\x1b[K/opt/ros/humble/include/rclcpp/rclcpp/memory_strategies.hpp:18\x1b[m\x1b[K,\n'}
[28.021293] (map_generator) StderrLine: {'line': b'                 from \x1b[01m\x1b[K/opt/ros/humble/include/rclcpp/rclcpp/executor_options.hpp:20\x1b[m\x1b[K,\n'}
[28.021376] (map_generator) StderrLine: {'line': b'                 from \x1b[01m\x1b[K/opt/ros/humble/include/rclcpp/rclcpp/executor.hpp:37\x1b[m\x1b[K,\n'}
[28.021458] (map_generator) StderrLine: {'line': b'                 from \x1b[01m\x1b[K/opt/ros/humble/include/rclcpp/rclcpp/executors/multi_threaded_executor.hpp:25\x1b[m\x1b[K,\n'}
[28.021540] (map_generator) StderrLine: {'line': b'                 from \x1b[01m\x1b[K/opt/ros/humble/include/rclcpp/rclcpp/executors.hpp:21\x1b[m\x1b[K,\n'}
[28.021620] (map_generator) StderrLine: {'line': b'                 from \x1b[01m\x1b[K/opt/ros/humble/include/rclcpp/rclcpp/rclcpp.hpp:155\x1b[m\x1b[K,\n'}
[28.021700] (map_generator) StderrLine: {'line': b'                 from \x1b[01m\x1b[K/opt/ros/humble/include/pcl_conversions/pcl_conversions/pcl_conversions.h:43\x1b[m\x1b[K,\n'}
[28.021782] (map_generator) StderrLine: {'line': b'                 from \x1b[01m\x1b[K/root/colcon_ws/src/Fast-Planner/uav_simulator/map_generator/src/random_forest_sensing.cpp:5\x1b[m\x1b[K:\n'}
[28.021866] (map_generator) StderrLine: {'line': b'\x1b[01m\x1b[K/opt/ros/humble/include/rclcpp/rclcpp/publisher.hpp:77:7:\x1b[m\x1b[K \x1b[01;36m\x1b[Knote: \x1b[m\x1b[Kcandidate: \xe2\x80\x98\x1b[01m\x1b[Ktemplate<class MessageT, class AllocatorT> Publisher(rclcpp::Publisher<MessageT, AllocatorT>)-> rclcpp::Publisher<MessageT, AllocatorT>\x1b[m\x1b[K\xe2\x80\x99\n'}
[28.021963] (map_generator) StderrLine: {'line': b'   77 | class \x1b[01;36m\x1b[KPublisher\x1b[m\x1b[K : public PublisherBase\n'}
[28.022048] (map_generator) StderrLine: {'line': b'      |       \x1b[01;36m\x1b[K^~~~~~~~~\x1b[m\x1b[K\n'}
[28.022130] (map_generator) StderrLine: {'line': b'\x1b[01m\x1b[K/opt/ros/humble/include/rclcpp/rclcpp/publisher.hpp:77:7:\x1b[m\x1b[K \x1b[01;36m\x1b[Knote: \x1b[m\x1b[K  template argument deduction/substitution failed:\n'}
[28.022214] (map_generator) StderrLine: {'line': b'\x1b[01m\x1b[K/root/colcon_ws/src/Fast-Planner/uav_simulator/map_generator/src/random_forest_sensing.cpp:33:19:\x1b[m\x1b[K \x1b[01;36m\x1b[Knote: \x1b[m\x1b[K  candidate expects 1 argument, 0 provided\n'}
[28.022298] (map_generator) StderrLine: {'line': b'   33 | rclcpp::Publisher \x1b[01;36m\x1b[K_all_map_pub\x1b[m\x1b[K;\n'}
[28.022379] (map_generator) StderrLine: {'line': b'      |                   \x1b[01;36m\x1b[K^~~~~~~~~~~~\x1b[m\x1b[K\n'}
[28.022461] (map_generator) StderrLine: {'line': b'\x1b[01m\x1b[K/root/colcon_ws/src/Fast-Planner/uav_simulator/map_generator/src/random_forest_sensing.cpp:34:19:\x1b[m\x1b[K \x1b[01;31m\x1b[Kerror: \x1b[m\x1b[Kclass template argument deduction failed:\n'}
[28.022545] (map_generator) StderrLine: {'line': b'   34 | rclcpp::Publisher \x1b[01;31m\x1b[Kclick_map_pub_\x1b[m\x1b[K;\n'}
[28.022628] (map_generator) StderrLine: {'line': b'      |                   \x1b[01;31m\x1b[K^~~~~~~~~~~~~~\x1b[m\x1b[K\n'}
[28.022707] (map_generator) StderrLine: {'line': b'\x1b[01m\x1b[K/root/colcon_ws/src/Fast-Planner/uav_simulator/map_generator/src/random_forest_sensing.cpp:34:19:\x1b[m\x1b[K \x1b[01;31m\x1b[Kerror: \x1b[m\x1b[Kno matching function for call to \xe2\x80\x98\x1b[01m\x1b[KPublisher()\x1b[m\x1b[K\xe2\x80\x99\n'}
[28.022793] (map_generator) StderrLine: {'line': b'In file included from \x1b[01m\x1b[K/opt/ros/humble/include/rclcpp/rclcpp/topic_statistics/subscription_topic_statistics.hpp:31\x1b[m\x1b[K,\n'}
[28.022875] (map_generator) StderrLine: {'line': b'                 from \x1b[01m\x1b[K/opt/ros/humble/include/rclcpp/rclcpp/subscription.hpp:50\x1b[m\x1b[K,\n'}
[28.022958] (map_generator) StderrLine: {'line': b'                 from \x1b[01m\x1b[K/opt/ros/humble/include/rclcpp/rclcpp/any_executable.hpp:25\x1b[m\x1b[K,\n'}
[28.023041] (map_generator) StderrLine: {'line': b'                 from \x1b[01m\x1b[K/opt/ros/humble/include/rclcpp/rclcpp/memory_strategy.hpp:25\x1b[m\x1b[K,\n'}
[28.023141] (map_generator) StderrLine: {'line': b'                 from \x1b[01m\x1b[K/opt/ros/humble/include/rclcpp/rclcpp/memory_strategies.hpp:18\x1b[m\x1b[K,\n'}
[28.023225] (map_generator) StderrLine: {'line': b'                 from \x1b[01m\x1b[K/opt/ros/humble/include/rclcpp/rclcpp/executor_options.hpp:20\x1b[m\x1b[K,\n'}
[28.023306] (map_generator) StderrLine: {'line': b'                 from \x1b[01m\x1b[K/opt/ros/humble/include/rclcpp/rclcpp/executor.hpp:37\x1b[m\x1b[K,\n'}
[28.023388] (map_generator) StderrLine: {'line': b'                 from \x1b[01m\x1b[K/opt/ros/humble/include/rclcpp/rclcpp/executors/multi_threaded_executor.hpp:25\x1b[m\x1b[K,\n'}
[28.023469] (map_generator) StderrLine: {'line': b'                 from \x1b[01m\x1b[K/opt/ros/humble/include/rclcpp/rclcpp/executors.hpp:21\x1b[m\x1b[K,\n'}
[28.023551] (map_generator) StderrLine: {'line': b'                 from \x1b[01m\x1b[K/opt/ros/humble/include/rclcpp/rclcpp/rclcpp.hpp:155\x1b[m\x1b[K,\n'}
[28.023646] (map_generator) StderrLine: {'line': b'                 from \x1b[01m\x1b[K/opt/ros/humble/include/pcl_conversions/pcl_conversions/pcl_conversions.h:43\x1b[m\x1b[K,\n'}
[28.023729] (map_generator) StderrLine: {'line': b'                 from \x1b[01m\x1b[K/root/colcon_ws/src/Fast-Planner/uav_simulator/map_generator/src/random_forest_sensing.cpp:5\x1b[m\x1b[K:\n'}
[28.023815] (map_generator) StderrLine: {'line': b'\x1b[01m\x1b[K/opt/ros/humble/include/rclcpp/rclcpp/publisher.hpp:125:3:\x1b[m\x1b[K \x1b[01;36m\x1b[Knote: \x1b[m\x1b[Kcandidate: \xe2\x80\x98\x1b[01m\x1b[Ktemplate<class MessageT, class AllocatorT> Publisher(rclcpp::node_interfaces::NodeBaseInterface*, const string&, const rclcpp::QoS&, const rclcpp::PublisherOptionsWithAllocator<AllocatorT>&)-> rclcpp::Publisher<MessageT, AllocatorT>\x1b[m\x1b[K\xe2\x80\x99\n'}
[28.023907] (map_generator) StderrLine: {'line': b'  125 |   \x1b[01;36m\x1b[KPublisher\x1b[m\x1b[K(\n'}
[28.023989] (map_generator) StderrLine: {'line': b'      |   \x1b[01;36m\x1b[K^~~~~~~~~\x1b[m\x1b[K\n'}
[28.024070] (map_generator) StderrLine: {'line': b'\x1b[01m\x1b[K/opt/ros/humble/include/rclcpp/rclcpp/publisher.hpp:125:3:\x1b[m\x1b[K \x1b[01;36m\x1b[Knote: \x1b[m\x1b[K  template argument deduction/substitution failed:\n'}
[28.024154] (map_generator) StderrLine: {'line': b'\x1b[01m\x1b[K/root/colcon_ws/src/Fast-Planner/uav_simulator/map_generator/src/random_forest_sensing.cpp:34:19:\x1b[m\x1b[K \x1b[01;36m\x1b[Knote: \x1b[m\x1b[K  candidate expects 4 arguments, 0 provided\n'}
[28.024339] (map_generator) StderrLine: {'line': b'   34 | rclcpp::Publisher \x1b[01;36m\x1b[Kclick_map_pub_\x1b[m\x1b[K;\n'}
[28.024431] (map_generator) StderrLine: {'line': b'      |                   \x1b[01;36m\x1b[K^~~~~~~~~~~~~~\x1b[m\x1b[K\n'}
[28.024515] (map_generator) StderrLine: {'line': b'In file included from \x1b[01m\x1b[K/opt/ros/humble/include/rclcpp/rclcpp/topic_statistics/subscription_topic_statistics.hpp:31\x1b[m\x1b[K,\n'}
[28.024600] (map_generator) StderrLine: {'line': b'                 from \x1b[01m\x1b[K/opt/ros/humble/include/rclcpp/rclcpp/subscription.hpp:50\x1b[m\x1b[K,\n'}
[28.024683] (map_generator) StderrLine: {'line': b'                 from \x1b[01m\x1b[K/opt/ros/humble/include/rclcpp/rclcpp/any_executable.hpp:25\x1b[m\x1b[K,\n'}
[28.024764] (map_generator) StderrLine: {'line': b'                 from \x1b[01m\x1b[K/opt/ros/humble/include/rclcpp/rclcpp/memory_strategy.hpp:25\x1b[m\x1b[K,\n'}
[28.024857] (map_generator) StderrLine: {'line': b'                 from \x1b[01m\x1b[K/opt/ros/humble/include/rclcpp/rclcpp/memory_strategies.hpp:18\x1b[m\x1b[K,\n'}
[28.024943] (map_generator) StderrLine: {'line': b'                 from \x1b[01m\x1b[K/opt/ros/humble/include/rclcpp/rclcpp/executor_options.hpp:20\x1b[m\x1b[K,\n'}
[28.025025] (map_generator) StderrLine: {'line': b'                 from \x1b[01m\x1b[K/opt/ros/humble/include/rclcpp/rclcpp/executor.hpp:37\x1b[m\x1b[K,\n'}
[28.025107] (map_generator) StderrLine: {'line': b'                 from \x1b[01m\x1b[K/opt/ros/humble/include/rclcpp/rclcpp/executors/multi_threaded_executor.hpp:25\x1b[m\x1b[K,\n'}
[28.025201] (map_generator) StderrLine: {'line': b'                 from \x1b[01m\x1b[K/opt/ros/humble/include/rclcpp/rclcpp/executors.hpp:21\x1b[m\x1b[K,\n'}
[28.025284] (map_generator) StderrLine: {'line': b'                 from \x1b[01m\x1b[K/opt/ros/humble/include/rclcpp/rclcpp/rclcpp.hpp:155\x1b[m\x1b[K,\n'}
[28.025370] (map_generator) StderrLine: {'line': b'                 from \x1b[01m\x1b[K/opt/ros/humble/include/pcl_conversions/pcl_conversions/pcl_conversions.h:43\x1b[m\x1b[K,\n'}
[28.025452] (map_generator) StderrLine: {'line': b'                 from \x1b[01m\x1b[K/root/colcon_ws/src/Fast-Planner/uav_simulator/map_generator/src/random_forest_sensing.cpp:5\x1b[m\x1b[K:\n'}
[28.025536] (map_generator) StderrLine: {'line': b'\x1b[01m\x1b[K/opt/ros/humble/include/rclcpp/rclcpp/publisher.hpp:77:7:\x1b[m\x1b[K \x1b[01;36m\x1b[Knote: \x1b[m\x1b[Kcandidate: \xe2\x80\x98\x1b[01m\x1b[Ktemplate<class MessageT, class AllocatorT> Publisher(rclcpp::Publisher<MessageT, AllocatorT>)-> rclcpp::Publisher<MessageT, AllocatorT>\x1b[m\x1b[K\xe2\x80\x99\n'}
[28.025624] (map_generator) StderrLine: {'line': b'   77 | class \x1b[01;36m\x1b[KPublisher\x1b[m\x1b[K : public PublisherBase\n'}
[28.025708] (map_generator) StderrLine: {'line': b'      |       \x1b[01;36m\x1b[K^~~~~~~~~\x1b[m\x1b[K\n'}
[28.025790] (map_generator) StderrLine: {'line': b'\x1b[01m\x1b[K/opt/ros/humble/include/rclcpp/rclcpp/publisher.hpp:77:7:\x1b[m\x1b[K \x1b[01;36m\x1b[Knote: \x1b[m\x1b[K  template argument deduction/substitution failed:\n'}
[28.025874] (map_generator) StderrLine: {'line': b'\x1b[01m\x1b[K/root/colcon_ws/src/Fast-Planner/uav_simulator/map_generator/src/random_forest_sensing.cpp:34:19:\x1b[m\x1b[K \x1b[01;36m\x1b[Knote: \x1b[m\x1b[K  candidate expects 1 argument, 0 provided\n'}
[28.025956] (map_generator) StderrLine: {'line': b'   34 | rclcpp::Publisher \x1b[01;36m\x1b[Kclick_map_pub_\x1b[m\x1b[K;\n'}
[28.026038] (map_generator) StderrLine: {'line': b'      |                   \x1b[01;36m\x1b[K^~~~~~~~~~~~~~\x1b[m\x1b[K\n'}
[28.026119] (map_generator) StderrLine: {'line': b'\x1b[01m\x1b[K/root/colcon_ws/src/Fast-Planner/uav_simulator/map_generator/src/random_forest_sensing.cpp:35:22:\x1b[m\x1b[K \x1b[01;31m\x1b[Kerror: \x1b[m\x1b[Kclass template argument deduction failed:\n'}
[28.026202] (map_generator) StderrLine: {'line': b'   35 | rclcpp::Subscription \x1b[01;31m\x1b[K_odom_sub\x1b[m\x1b[K;\n'}
[28.026283] (map_generator) StderrLine: {'line': b'      |                      \x1b[01;31m\x1b[K^~~~~~~~~\x1b[m\x1b[K\n'}
[28.026366] (map_generator) StderrLine: {'line': b'\x1b[01m\x1b[K/root/colcon_ws/src/Fast-Planner/uav_simulator/map_generator/src/random_forest_sensing.cpp:35:22:\x1b[m\x1b[K \x1b[01;31m\x1b[Kerror: \x1b[m\x1b[Kno matching function for call to \xe2\x80\x98\x1b[01m\x1b[KSubscription()\x1b[m\x1b[K\xe2\x80\x99\n'}
[28.026454] (map_generator) StderrLine: {'line': b'In file included from \x1b[01m\x1b[K/opt/ros/humble/include/rclcpp/rclcpp/context.hpp:35\x1b[m\x1b[K,\n'}
[28.026538] (map_generator) StderrLine: {'line': b'                 from \x1b[01m\x1b[K/opt/ros/humble/include/rclcpp/rclcpp/executor.hpp:34\x1b[m\x1b[K,\n'}
[28.026619] (map_generator) StderrLine: {'line': b'                 from \x1b[01m\x1b[K/opt/ros/humble/include/rclcpp/rclcpp/executors/multi_threaded_executor.hpp:25\x1b[m\x1b[K,\n'}
[28.026701] (map_generator) StderrLine: {'line': b'                 from \x1b[01m\x1b[K/opt/ros/humble/include/rclcpp/rclcpp/executors.hpp:21\x1b[m\x1b[K,\n'}
[28.026803] (map_generator) StderrLine: {'line': b'                 from \x1b[01m\x1b[K/opt/ros/humble/include/rclcpp/rclcpp/rclcpp.hpp:155\x1b[m\x1b[K,\n'}
[28.026886] (map_generator) StderrLine: {'line': b'                 from \x1b[01m\x1b[K/opt/ros/humble/include/pcl_conversions/pcl_conversions/pcl_conversions.h:43\x1b[m\x1b[K,\n'}
[28.026970] (map_generator) StderrLine: {'line': b'                 from \x1b[01m\x1b[K/root/colcon_ws/src/Fast-Planner/uav_simulator/map_generator/src/random_forest_sensing.cpp:5\x1b[m\x1b[K:\n'}
[28.027069] (map_generator) StderrLine: {'line': b'\x1b[01m\x1b[K/opt/ros/humble/include/rclcpp/rclcpp/subscription.hpp:423:3:\x1b[m\x1b[K \x1b[01;36m\x1b[Knote: \x1b[m\x1b[Kcandidate: \xe2\x80\x98\x1b[01m\x1b[Ktemplate<class MessageT, class AllocatorT, class SubscribedT, class ROSMessageT, class MessageMemoryStrategyT> Subscription(const rclcpp::Subscription<MessageT, AllocatorT, SubscribedT, ROSMessageT, MessageMemoryStrategyT>&)-> rclcpp::Subscription<MessageT, AllocatorT, SubscribedT, ROSMessageT, MessageMemoryStrategyT>\x1b[m\x1b[K\xe2\x80\x99\n'}
[28.027163] (map_generator) StderrLine: {'line': b'  423 |   \x1b[01;36m\x1b[KRCLCPP_DISABLE_COPY\x1b[m\x1b[K(Subscription)\n'}
[28.027248] (map_generator) StderrLine: {'line': b'      |   \x1b[01;36m\x1b[K^~~~~~~~~~~~~~~~~~~\x1b[m\x1b[K\n'}
[28.027329] (map_generator) StderrLine: {'line': b'\x1b[01m\x1b[K/opt/ros/humble/include/rclcpp/rclcpp/subscription.hpp:423:3:\x1b[m\x1b[K \x1b[01;36m\x1b[Knote: \x1b[m\x1b[K  template argument deduction/substitution failed:\n'}
[28.027425] (map_generator) StderrLine: {'line': b'\x1b[01m\x1b[K/root/colcon_ws/src/Fast-Planner/uav_simulator/map_generator/src/random_forest_sensing.cpp:35:22:\x1b[m\x1b[K \x1b[01;36m\x1b[Knote: \x1b[m\x1b[K  candidate expects 1 argument, 0 provided\n'}
[28.027523] (map_generator) StderrLine: {'line': b'   35 | rclcpp::Subscription \x1b[01;36m\x1b[K_odom_sub\x1b[m\x1b[K;\n'}
[28.027609] (map_generator) StderrLine: {'line': b'      |                      \x1b[01;36m\x1b[K^~~~~~~~~\x1b[m\x1b[K\n'}
[28.027692] (map_generator) StderrLine: {'line': b'In file included from \x1b[01m\x1b[K/opt/ros/humble/include/rclcpp/rclcpp/any_executable.hpp:25\x1b[m\x1b[K,\n'}
[28.027774] (map_generator) StderrLine: {'line': b'                 from \x1b[01m\x1b[K/opt/ros/humble/include/rclcpp/rclcpp/memory_strategy.hpp:25\x1b[m\x1b[K,\n'}
[28.027855] (map_generator) StderrLine: {'line': b'                 from \x1b[01m\x1b[K/opt/ros/humble/include/rclcpp/rclcpp/memory_strategies.hpp:18\x1b[m\x1b[K,\n'}
[28.027936] (map_generator) StderrLine: {'line': b'                 from \x1b[01m\x1b[K/opt/ros/humble/include/rclcpp/rclcpp/executor_options.hpp:20\x1b[m\x1b[K,\n'}
[28.028017] (map_generator) StderrLine: {'line': b'                 from \x1b[01m\x1b[K/opt/ros/humble/include/rclcpp/rclcpp/executor.hpp:37\x1b[m\x1b[K,\n'}
[28.028099] (map_generator) StderrLine: {'line': b'                 from \x1b[01m\x1b[K/opt/ros/humble/include/rclcpp/rclcpp/executors/multi_threaded_executor.hpp:25\x1b[m\x1b[K,\n'}
[28.028180] (map_generator) StderrLine: {'line': b'                 from \x1b[01m\x1b[K/opt/ros/humble/include/rclcpp/rclcpp/executors.hpp:21\x1b[m\x1b[K,\n'}
[28.028305] (map_generator) StderrLine: {'line': b'                 from \x1b[01m\x1b[K/opt/ros/humble/include/rclcpp/rclcpp/rclcpp.hpp:155\x1b[m\x1b[K,\n'}
[28.028390] (map_generator) StderrLine: {'line': b'                 from \x1b[01m\x1b[K/opt/ros/humble/include/pcl_conversions/pcl_conversions/pcl_conversions.h:43\x1b[m\x1b[K,\n'}
[28.028474] (map_generator) StderrLine: {'line': b'                 from \x1b[01m\x1b[K/root/colcon_ws/src/Fast-Planner/uav_simulator/map_generator/src/random_forest_sensing.cpp:5\x1b[m\x1b[K:\n'}
[28.028556] (map_generator) StderrLine: {'line': b'\x1b[01m\x1b[K/opt/ros/humble/include/rclcpp/rclcpp/subscription.hpp:130:3:\x1b[m\x1b[K \x1b[01;36m\x1b[Knote: \x1b[m\x1b[Kcandidate: \xe2\x80\x98\x1b[01m\x1b[Ktemplate<class MessageT, class AllocatorT, class SubscribedT, class ROSMessageT, class MessageMemoryStrategyT> Subscription(rclcpp::node_interfaces::NodeBaseInterface*, const rosidl_message_type_support_t&, const string&, const rclcpp::QoS&, rclcpp::AnySubscriptionCallback<CallbackMessageT, AllocatorT>, const rclcpp::SubscriptionOptionsWithAllocator<AllocatorT>&, typename MessageMemoryStrategyT::SharedPtr, std::shared_ptr<rclcpp::topic_statistics::SubscriptionTopicStatistics<ROSMessageT> >)-> rclcpp::Subscription<MessageT, AllocatorT, SubscribedT, ROSMessageT, MessageMemoryStrategyT>\x1b[m\x1b[K\xe2\x80\x99\n'}
[28.028673] (map_generator) StderrLine: {'line': b'  130 |   \x1b[01;36m\x1b[KSubscription\x1b[m\x1b[K(\n'}
[28.028754] (map_generator) StderrLine: {'line': b'      |   \x1b[01;36m\x1b[K^~~~~~~~~~~~\x1b[m\x1b[K\n'}
[28.028834] (map_generator) StderrLine: {'line': b'\x1b[01m\x1b[K/opt/ros/humble/include/rclcpp/rclcpp/subscription.hpp:130:3:\x1b[m\x1b[K \x1b[01;36m\x1b[Knote: \x1b[m\x1b[K  template argument deduction/substitution failed:\n'}
[28.028918] (map_generator) StderrLine: {'line': b'\x1b[01m\x1b[K/root/colcon_ws/src/Fast-Planner/uav_simulator/map_generator/src/random_forest_sensing.cpp:35:22:\x1b[m\x1b[K \x1b[01;36m\x1b[Knote: \x1b[m\x1b[K  candidate expects 8 arguments, 0 provided\n'}
[28.029002] (map_generator) StderrLine: {'line': b'   35 | rclcpp::Subscription \x1b[01;36m\x1b[K_odom_sub\x1b[m\x1b[K;\n'}
[28.029084] (map_generator) StderrLine: {'line': b'      |                      \x1b[01;36m\x1b[K^~~~~~~~~\x1b[m\x1b[K\n'}
[28.029166] (map_generator) StderrLine: {'line': b'In file included from \x1b[01m\x1b[K/opt/ros/humble/include/rclcpp/rclcpp/any_executable.hpp:25\x1b[m\x1b[K,\n'}
[28.029246] (map_generator) StderrLine: {'line': b'                 from \x1b[01m\x1b[K/opt/ros/humble/include/rclcpp/rclcpp/memory_strategy.hpp:25\x1b[m\x1b[K,\n'}
[28.029327] (map_generator) StderrLine: {'line': b'                 from \x1b[01m\x1b[K/opt/ros/humble/include/rclcpp/rclcpp/memory_strategies.hpp:18\x1b[m\x1b[K,\n'}
[28.029408] (map_generator) StderrLine: {'line': b'                 from \x1b[01m\x1b[K/opt/ros/humble/include/rclcpp/rclcpp/executor_options.hpp:20\x1b[m\x1b[K,\n'}
[28.029489] (map_generator) StderrLine: {'line': b'                 from \x1b[01m\x1b[K/opt/ros/humble/include/rclcpp/rclcpp/executor.hpp:37\x1b[m\x1b[K,\n'}
[28.029571] (map_generator) StderrLine: {'line': b'                 from \x1b[01m\x1b[K/opt/ros/humble/include/rclcpp/rclcpp/executors/multi_threaded_executor.hpp:25\x1b[m\x1b[K,\n'}
[28.029670] (map_generator) StderrLine: {'line': b'                 from \x1b[01m\x1b[K/opt/ros/humble/include/rclcpp/rclcpp/executors.hpp:21\x1b[m\x1b[K,\n'}
[28.029753] (map_generator) StderrLine: {'line': b'                 from \x1b[01m\x1b[K/opt/ros/humble/include/rclcpp/rclcpp/rclcpp.hpp:155\x1b[m\x1b[K,\n'}
[28.029836] (map_generator) StderrLine: {'line': b'                 from \x1b[01m\x1b[K/opt/ros/humble/include/pcl_conversions/pcl_conversions/pcl_conversions.h:43\x1b[m\x1b[K,\n'}
[28.029918] (map_generator) StderrLine: {'line': b'                 from \x1b[01m\x1b[K/root/colcon_ws/src/Fast-Planner/uav_simulator/map_generator/src/random_forest_sensing.cpp:5\x1b[m\x1b[K:\n'}
[28.029999] (map_generator) StderrLine: {'line': b'\x1b[01m\x1b[K/opt/ros/humble/include/rclcpp/rclcpp/subscription.hpp:75:7:\x1b[m\x1b[K \x1b[01;36m\x1b[Knote: \x1b[m\x1b[Kcandidate: \xe2\x80\x98\x1b[01m\x1b[Ktemplate<class MessageT, class AllocatorT, class SubscribedT, class ROSMessageT, class MessageMemoryStrategyT> Subscription(rclcpp::Subscription<MessageT, AllocatorT, SubscribedT, ROSMessageT, MessageMemoryStrategyT>)-> rclcpp::Subscription<MessageT, AllocatorT, SubscribedT, ROSMessageT, MessageMemoryStrategyT>\x1b[m\x1b[K\xe2\x80\x99\n'}
[28.030100] (map_generator) StderrLine: {'line': b'   75 | class \x1b[01;36m\x1b[KSubscription\x1b[m\x1b[K : public SubscriptionBase\n'}
[28.030199] (map_generator) StderrLine: {'line': b'      |       \x1b[01;36m\x1b[K^~~~~~~~~~~~\x1b[m\x1b[K\n'}
[28.030282] (map_generator) StderrLine: {'line': b'\x1b[01m\x1b[K/opt/ros/humble/include/rclcpp/rclcpp/subscription.hpp:75:7:\x1b[m\x1b[K \x1b[01;36m\x1b[Knote: \x1b[m\x1b[K  template argument deduction/substitution failed:\n'}
[28.030367] (map_generator) StderrLine: {'line': b'\x1b[01m\x1b[K/root/colcon_ws/src/Fast-Planner/uav_simulator/map_generator/src/random_forest_sensing.cpp:35:22:\x1b[m\x1b[K \x1b[01;36m\x1b[Knote: \x1b[m\x1b[K  candidate expects 1 argument, 0 provided\n'}
[28.030450] (map_generator) StderrLine: {'line': b'   35 | rclcpp::Subscription \x1b[01;36m\x1b[K_odom_sub\x1b[m\x1b[K;\n'}
[28.030543] (map_generator) StderrLine: {'line': b'      |                      \x1b[01;36m\x1b[K^~~~~~~~~\x1b[m\x1b[K\n'}
[28.090709] (-) TimerEvent: {}
[28.141949] (plan_env) StderrLine: {'line': b'\x1b[01m\x1b[K/root/colcon_ws/src/Fast-Planner/fast_planner/plan_env/src/sdf_map.cpp:142:105:\x1b[m\x1b[K \x1b[01;31m\x1b[Kerror: \x1b[m\x1b[Kno matching function for call to \xe2\x80\x98\x1b[01m\x1b[Kmessage_filters::Subscriber<nav_msgs::msg::Odometry_<std::allocator<void> > >::Subscriber(rclcpp::Node&, const char [14], int)\x1b[m\x1b[K\xe2\x80\x99\n'}
[28.142760] (plan_env) StderrLine: {'line': b'  142 | ge_filters::Subscriber<nav_msgs::msg::Odometry>(node_, "/sdf_map/odom", 100\x1b[01;31m\x1b[K)\x1b[m\x1b[K);\n'}
[28.142939] (plan_env) StderrLine: {'line': b'      |                                                                            \x1b[01;31m\x1b[K^\x1b[m\x1b[K\n'}
[28.143053] (plan_env) StderrLine: {'line': b'\n'}
[28.143151] (plan_env) StderrLine: {'line': b'In file included from \x1b[01m\x1b[K/root/colcon_ws/src/Fast-Planner/fast_planner/plan_env/include/plan_env/sdf_map.h:45\x1b[m\x1b[K,\n'}
[28.143246] (plan_env) StderrLine: {'line': b'                 from \x1b[01m\x1b[K/root/colcon_ws/src/Fast-Planner/fast_planner/plan_env/src/sdf_map.cpp:26\x1b[m\x1b[K:\n'}
[28.143336] (plan_env) StderrLine: {'line': b'\x1b[01m\x1b[K/opt/ros/humble/include/message_filters/message_filters/subscriber.h:203:3:\x1b[m\x1b[K \x1b[01;36m\x1b[Knote: \x1b[m\x1b[Kcandidate: \xe2\x80\x98\x1b[01m\x1b[Kmessage_filters::Subscriber<M, NodeType>::Subscriber() [with M = nav_msgs::msg::Odometry_<std::allocator<void> >; NodeType = rclcpp::Node]\x1b[m\x1b[K\xe2\x80\x99\n'}
[28.143435] (plan_env) StderrLine: {'line': b'  203 |   \x1b[01;36m\x1b[KSubscriber\x1b[m\x1b[K() = default;\n'}
[28.143520] (plan_env) StderrLine: {'line': b'      |   \x1b[01;36m\x1b[K^~~~~~~~~~\x1b[m\x1b[K\n'}
[28.143605] (plan_env) StderrLine: {'line': b'\x1b[01m\x1b[K/opt/ros/humble/include/message_filters/message_filters/subscriber.h:203:3:\x1b[m\x1b[K \x1b[01;36m\x1b[Knote: \x1b[m\x1b[K  candidate expects 0 arguments, 3 provided\n'}
[28.143689] (plan_env) StderrLine: {'line': b'\x1b[01m\x1b[K/opt/ros/humble/include/message_filters/message_filters/subscriber.h:191:3:\x1b[m\x1b[K \x1b[01;36m\x1b[Knote: \x1b[m\x1b[Kcandidate: \xe2\x80\x98\x1b[01m\x1b[Kmessage_filters::Subscriber<M, NodeType>::Subscriber(NodeType*, const string&, rmw_qos_profile_t, rclcpp::SubscriptionOptions) [with M = nav_msgs::msg::Odometry_<std::allocator<void> >; NodeType = rclcpp::Node; std::string = std::__cxx11::basic_string<char>; rmw_qos_profile_t = rmw_qos_profile_s; rclcpp::SubscriptionOptions = rclcpp::SubscriptionOptionsWithAllocator<std::allocator<void> >]\x1b[m\x1b[K\xe2\x80\x99\n'}
[28.143788] (plan_env) StderrLine: {'line': b'  191 |   \x1b[01;36m\x1b[KSubscriber\x1b[m\x1b[K(\n'}
[28.143872] (plan_env) StderrLine: {'line': b'      |   \x1b[01;36m\x1b[K^~~~~~~~~~\x1b[m\x1b[K\n'}
[28.143952] (plan_env) StderrLine: {'line': b'\x1b[01m\x1b[K/opt/ros/humble/include/message_filters/message_filters/subscriber.h:191:3:\x1b[m\x1b[K \x1b[01;36m\x1b[Knote: \x1b[m\x1b[K  candidate expects 4 arguments, 3 provided\n'}
[28.144037] (plan_env) StderrLine: {'line': b'\x1b[01m\x1b[K/opt/ros/humble/include/message_filters/message_filters/subscriber.h:182:3:\x1b[m\x1b[K \x1b[01;36m\x1b[Knote: \x1b[m\x1b[Kcandidate: \xe2\x80\x98\x1b[01m\x1b[Kmessage_filters::Subscriber<M, NodeType>::Subscriber(message_filters::Subscriber<M, NodeType>::NodePtr, const string&, rmw_qos_profile_t, rclcpp::SubscriptionOptions) [with M = nav_msgs::msg::Odometry_<std::allocator<void> >; NodeType = rclcpp::Node; message_filters::Subscriber<M, NodeType>::NodePtr = std::shared_ptr<rclcpp::Node>; std::string = std::__cxx11::basic_string<char>; rmw_qos_profile_t = rmw_qos_profile_s; rclcpp::SubscriptionOptions = rclcpp::SubscriptionOptionsWithAllocator<std::allocator<void> >]\x1b[m\x1b[K\xe2\x80\x99\n'}
[28.144177] (plan_env) StderrLine: {'line': b'  182 |   \x1b[01;36m\x1b[KSubscriber\x1b[m\x1b[K(\n'}
[28.144292] (plan_env) StderrLine: {'line': b'      |   \x1b[01;36m\x1b[K^~~~~~~~~~\x1b[m\x1b[K\n'}
[28.144396] (plan_env) StderrLine: {'line': b'\x1b[01m\x1b[K/opt/ros/humble/include/message_filters/message_filters/subscriber.h:182:3:\x1b[m\x1b[K \x1b[01;36m\x1b[Knote: \x1b[m\x1b[K  candidate expects 4 arguments, 3 provided\n'}
[28.144482] (plan_env) StderrLine: {'line': b'\x1b[01m\x1b[K/opt/ros/humble/include/message_filters/message_filters/subscriber.h:167:3:\x1b[m\x1b[K \x1b[01;36m\x1b[Knote: \x1b[m\x1b[Kcandidate: \xe2\x80\x98\x1b[01m\x1b[Kmessage_filters::Subscriber<M, NodeType>::Subscriber(NodeType*, const string&, rmw_qos_profile_t) [with M = nav_msgs::msg::Odometry_<std::allocator<void> >; NodeType = rclcpp::Node; std::string = std::__cxx11::basic_string<char>; rmw_qos_profile_t = rmw_qos_profile_s]\x1b[m\x1b[K\xe2\x80\x99\n'}
[28.144572] (plan_env) StderrLine: {'line': b'  167 |   \x1b[01;36m\x1b[KSubscriber\x1b[m\x1b[K(NodeType * node, const std::string& topic, const rmw_qos_profile_t qos = rmw_qos_profile_default)\n'}
[28.144658] (plan_env) StderrLine: {'line': b'      |   \x1b[01;36m\x1b[K^~~~~~~~~~\x1b[m\x1b[K\n'}
[28.144740] (plan_env) StderrLine: {'line': b'\x1b[01m\x1b[K/opt/ros/humble/include/message_filters/message_filters/subscriber.h:167:25:\x1b[m\x1b[K \x1b[01;36m\x1b[Knote: \x1b[m\x1b[K  no known conversion for argument 1 from \xe2\x80\x98\x1b[01m\x1b[Krclcpp::Node\x1b[m\x1b[K\xe2\x80\x99 to \xe2\x80\x98\x1b[01m\x1b[Krclcpp::Node*\x1b[m\x1b[K\xe2\x80\x99\n'}
[28.144854] (plan_env) StderrLine: {'line': b'  167 |   Subscriber(\x1b[01;36m\x1b[KNodeType * node\x1b[m\x1b[K, const std::string& topic, const rmw_qos_profile_t qos = rmw_qos_profile_default)\n'}
[28.144941] (plan_env) StderrLine: {'line': b'      |              \x1b[01;36m\x1b[K~~~~~~~~~~~^~~~\x1b[m\x1b[K\n'}
[28.145022] (plan_env) StderrLine: {'line': b'\x1b[01m\x1b[K/opt/ros/humble/include/message_filters/message_filters/subscriber.h:162:3:\x1b[m\x1b[K \x1b[01;36m\x1b[Knote: \x1b[m\x1b[Kcandidate: \xe2\x80\x98\x1b[01m\x1b[Kmessage_filters::Subscriber<M, NodeType>::Subscriber(message_filters::Subscriber<M, NodeType>::NodePtr, const string&, rmw_qos_profile_t) [with M = nav_msgs::msg::Odometry_<std::allocator<void> >; NodeType = rclcpp::Node; message_filters::Subscriber<M, NodeType>::NodePtr = std::shared_ptr<rclcpp::Node>; std::string = std::__cxx11::basic_string<char>; rmw_qos_profile_t = rmw_qos_profile_s]\x1b[m\x1b[K\xe2\x80\x99\n'}
[28.145115] (plan_env) StderrLine: {'line': b'  162 |   \x1b[01;36m\x1b[KSubscriber\x1b[m\x1b[K(NodePtr node, const std::string& topic, const rmw_qos_profile_t qos = rmw_qos_profile_default)\n'}
[28.145201] (plan_env) StderrLine: {'line': b'      |   \x1b[01;36m\x1b[K^~~~~~~~~~\x1b[m\x1b[K\n'}
[28.145281] (plan_env) StderrLine: {'line': b'\x1b[01m\x1b[K/opt/ros/humble/include/message_filters/message_filters/subscriber.h:162:22:\x1b[m\x1b[K \x1b[01;36m\x1b[Knote: \x1b[m\x1b[K  no known conversion for argument 1 from \xe2\x80\x98\x1b[01m\x1b[Krclcpp::Node\x1b[m\x1b[K\xe2\x80\x99 to \xe2\x80\x98\x1b[01m\x1b[Kmessage_filters::Subscriber<nav_msgs::msg::Odometry_<std::allocator<void> > >::NodePtr\x1b[m\x1b[K\xe2\x80\x99 {aka \xe2\x80\x98\x1b[01m\x1b[Kstd::shared_ptr<rclcpp::Node>\x1b[m\x1b[K\xe2\x80\x99}\n'}
[28.145368] (plan_env) StderrLine: {'line': b'  162 |   Subscriber(\x1b[01;36m\x1b[KNodePtr node\x1b[m\x1b[K, const std::string& topic, const rmw_qos_profile_t qos = rmw_qos_profile_default)\n'}
[28.145448] (plan_env) StderrLine: {'line': b'      |              \x1b[01;36m\x1b[K~~~~~~~~^~~~\x1b[m\x1b[K\n'}
[28.191285] (-) TimerEvent: {}
[28.201593] (map_generator) StderrLine: {'line': b'In file included from \x1b[01m\x1b[K/opt/ros/humble/include/rclcpp/rclcpp/client.hpp:40\x1b[m\x1b[K,\n'}
[28.202399] (map_generator) StderrLine: {'line': b'                 from \x1b[01m\x1b[K/opt/ros/humble/include/rclcpp/rclcpp/callback_group.hpp:24\x1b[m\x1b[K,\n'}
[28.202573] (map_generator) StderrLine: {'line': b'                 from \x1b[01m\x1b[K/opt/ros/humble/include/rclcpp/rclcpp/any_executable.hpp:20\x1b[m\x1b[K,\n'}
[28.202949] (map_generator) StderrLine: {'line': b'                 from \x1b[01m\x1b[K/opt/ros/humble/include/rclcpp/rclcpp/memory_strategy.hpp:25\x1b[m\x1b[K,\n'}
[28.203205] (map_generator) StderrLine: {'line': b'                 from \x1b[01m\x1b[K/opt/ros/humble/include/rclcpp/rclcpp/memory_strategies.hpp:18\x1b[m\x1b[K,\n'}
[28.203313] (map_generator) StderrLine: {'line': b'                 from \x1b[01m\x1b[K/opt/ros/humble/include/rclcpp/rclcpp/executor_options.hpp:20\x1b[m\x1b[K,\n'}
[28.203407] (map_generator) StderrLine: {'line': b'                 from \x1b[01m\x1b[K/opt/ros/humble/include/rclcpp/rclcpp/executor.hpp:37\x1b[m\x1b[K,\n'}
[28.203495] (map_generator) StderrLine: {'line': b'                 from \x1b[01m\x1b[K/opt/ros/humble/include/rclcpp/rclcpp/executors/multi_threaded_executor.hpp:25\x1b[m\x1b[K,\n'}
[28.203583] (map_generator) StderrLine: {'line': b'                 from \x1b[01m\x1b[K/opt/ros/humble/include/rclcpp/rclcpp/executors.hpp:21\x1b[m\x1b[K,\n'}
[28.203668] (map_generator) StderrLine: {'line': b'                 from \x1b[01m\x1b[K/opt/ros/humble/include/rclcpp/rclcpp/rclcpp.hpp:155\x1b[m\x1b[K,\n'}
[28.203750] (map_generator) StderrLine: {'line': b'                 from \x1b[01m\x1b[K/opt/ros/humble/include/pcl_conversions/pcl_conversions/pcl_conversions.h:43\x1b[m\x1b[K,\n'}
[28.203839] (map_generator) StderrLine: {'line': b'                 from \x1b[01m\x1b[K/root/colcon_ws/src/Fast-Planner/uav_simulator/map_generator/src/random_forest_sensing.cpp:5\x1b[m\x1b[K:\n'}
[28.203928] (map_generator) StderrLine: {'line': b'\x1b[01m\x1b[K/root/colcon_ws/src/Fast-Planner/uav_simulator/map_generator/src/random_forest_sensing.cpp:\x1b[m\x1b[K In function \xe2\x80\x98\x1b[01m\x1b[Kvoid RandomMapGenerate()\x1b[m\x1b[K\xe2\x80\x99:\n'}
[28.204019] (map_generator) StderrLine: {'line': b'\x1b[01m\x1b[K/root/colcon_ws/src/Fast-Planner/uav_simulator/map_generator/src/random_forest_sensing.cpp:167:15:\x1b[m\x1b[K \x1b[01;31m\x1b[Kerror: \x1b[m\x1b[K\xe2\x80\x98\x1b[01m\x1b[Knode_\x1b[m\x1b[K\xe2\x80\x99 was not declared in this scope; did you mean \xe2\x80\x98\x1b[01m\x1b[Kmode_t\x1b[m\x1b[K\xe2\x80\x99?\n'}
[28.204110] (map_generator) StderrLine: {'line': b'  167 |   RCLCPP_WARN(\x1b[01;31m\x1b[Knode_\x1b[m\x1b[K->get_logger(), this->get_logger(), "Finished generate random map ");\n'}
[28.204192] (map_generator) StderrLine: {'line': b'      |               \x1b[01;31m\x1b[K^~~~~\x1b[m\x1b[K\n'}
[28.204309] (map_generator) StderrLine: {'line': b'\x1b[01m\x1b[K/root/colcon_ws/src/Fast-Planner/uav_simulator/map_generator/src/random_forest_sensing.cpp:167:3:\x1b[m\x1b[K \x1b[01;31m\x1b[Kerror: \x1b[m\x1b[Ktemplate argument 1 is invalid\n'}
[28.204398] (map_generator) StderrLine: {'line': b'  167 |   \x1b[01;31m\x1b[KRCLCPP_WARN\x1b[m\x1b[K(node_->get_logger(), this->get_logger(), "Finished generate random map ");\n'}
[28.204483] (map_generator) StderrLine: {'line': b'      |   \x1b[01;31m\x1b[K^~~~~~~~~~~\x1b[m\x1b[K\n'}
[28.204565] (map_generator) StderrLine: {'line': b'In file included from \x1b[01m\x1b[K/opt/ros/humble/include/rclcpp/rclcpp/logging.hpp:24\x1b[m\x1b[K,\n'}
[28.204646] (map_generator) StderrLine: {'line': b'                 from \x1b[01m\x1b[K/opt/ros/humble/include/rclcpp/rclcpp/client.hpp:40\x1b[m\x1b[K,\n'}
[28.204726] (map_generator) StderrLine: {'line': b'                 from \x1b[01m\x1b[K/opt/ros/humble/include/rclcpp/rclcpp/callback_group.hpp:24\x1b[m\x1b[K,\n'}
[28.204807] (map_generator) StderrLine: {'line': b'                 from \x1b[01m\x1b[K/opt/ros/humble/include/rclcpp/rclcpp/any_executable.hpp:20\x1b[m\x1b[K,\n'}
[28.204887] (map_generator) StderrLine: {'line': b'                 from \x1b[01m\x1b[K/opt/ros/humble/include/rclcpp/rclcpp/memory_strategy.hpp:25\x1b[m\x1b[K,\n'}
[28.204971] (map_generator) StderrLine: {'line': b'                 from \x1b[01m\x1b[K/opt/ros/humble/include/rclcpp/rclcpp/memory_strategies.hpp:18\x1b[m\x1b[K,\n'}
[28.205081] (map_generator) StderrLine: {'line': b'                 from \x1b[01m\x1b[K/opt/ros/humble/include/rclcpp/rclcpp/executor_options.hpp:20\x1b[m\x1b[K,\n'}
[28.205181] (map_generator) StderrLine: {'line': b'                 from \x1b[01m\x1b[K/opt/ros/humble/include/rclcpp/rclcpp/executor.hpp:37\x1b[m\x1b[K,\n'}
[28.205267] (map_generator) StderrLine: {'line': b'                 from \x1b[01m\x1b[K/opt/ros/humble/include/rclcpp/rclcpp/executors/multi_threaded_executor.hpp:25\x1b[m\x1b[K,\n'}
[28.205352] (map_generator) StderrLine: {'line': b'                 from \x1b[01m\x1b[K/opt/ros/humble/include/rclcpp/rclcpp/executors.hpp:21\x1b[m\x1b[K,\n'}
[28.205437] (map_generator) StderrLine: {'line': b'                 from \x1b[01m\x1b[K/opt/ros/humble/include/rclcpp/rclcpp/rclcpp.hpp:155\x1b[m\x1b[K,\n'}
[28.205534] (map_generator) StderrLine: {'line': b'                 from \x1b[01m\x1b[K/opt/ros/humble/include/pcl_conversions/pcl_conversions/pcl_conversions.h:43\x1b[m\x1b[K,\n'}
[28.205623] (map_generator) StderrLine: {'line': b'                 from \x1b[01m\x1b[K/root/colcon_ws/src/Fast-Planner/uav_simulator/map_generator/src/random_forest_sensing.cpp:5\x1b[m\x1b[K:\n'}
[28.205709] (map_generator) StderrLine: {'line': b'\x1b[01m\x1b[K/root/colcon_ws/src/Fast-Planner/uav_simulator/map_generator/src/random_forest_sensing.cpp:167:36:\x1b[m\x1b[K \x1b[01;31m\x1b[Kerror: \x1b[m\x1b[Kinvalid use of \xe2\x80\x98\x1b[01m\x1b[Kthis\x1b[m\x1b[K\xe2\x80\x99 in non-member function\n'}
[28.205815] (map_generator) StderrLine: {'line': b'  167 |   RCLCPP_WARN(node_->get_logger(), \x1b[01;31m\x1b[Kthis\x1b[m\x1b[K->get_logger(), "Finished generate random map ");\n'}
[28.205898] (map_generator) StderrLine: {'line': b'      |                                    \x1b[01;31m\x1b[K^~~~\x1b[m\x1b[K\n'}
[28.212955] (plan_env) StderrLine: {'line': b'\x1b[01m\x1b[K/root/colcon_ws/src/Fast-Planner/fast_planner/plan_env/src/sdf_map.cpp:146:47:\x1b[m\x1b[K \x1b[01;31m\x1b[Kerror: \x1b[m\x1b[K\xe2\x80\x98\x1b[01m\x1b[Kbind\x1b[m\x1b[K\xe2\x80\x99 is not a member of \xe2\x80\x98\x1b[01m\x1b[Kboost\x1b[m\x1b[K\xe2\x80\x99; did you mean \xe2\x80\x98\x1b[01m\x1b[Kfind\x1b[m\x1b[K\xe2\x80\x99?\n'}
[28.213501] (plan_env) StderrLine: {'line': b'  146 |     sync_image_odom_->registerCallback(boost::\x1b[01;31m\x1b[Kbind\x1b[m\x1b[K(&SDFMap::depthOdomCallback, this, _1, _2));\n'}
[28.213629] (plan_env) StderrLine: {'line': b'      |                                               \x1b[01;31m\x1b[K^~~~\x1b[m\x1b[K\n'}
[28.213730] (plan_env) StderrLine: {'line': b'      |                                               \x1b[32m\x1b[Kfind\x1b[m\x1b[K\n'}
[28.217280] (plan_env) StderrLine: {'line': b'\x1b[01m\x1b[K/root/colcon_ws/src/Fast-Planner/fast_planner/plan_env/src/sdf_map.cpp:146:86:\x1b[m\x1b[K \x1b[01;31m\x1b[Kerror: \x1b[m\x1b[K\xe2\x80\x98\x1b[01m\x1b[K_1\x1b[m\x1b[K\xe2\x80\x99 was not declared in this scope\n'}
[28.218155] (plan_env) StderrLine: {'line': b'  146 | dom_->registerCallback(boost::bind(&SDFMap::depthOdomCallback, this, \x1b[01;31m\x1b[K_1\x1b[m\x1b[K, _2));\n'}
[28.218326] (plan_env) StderrLine: {'line': b'      |                                                                      \x1b[01;31m\x1b[K^~\x1b[m\x1b[K\n'}
[28.218431] (plan_env) StderrLine: {'line': b'\n'}
[28.218521] (plan_env) StderrLine: {'line': b'\x1b[01m\x1b[K/root/colcon_ws/src/Fast-Planner/fast_planner/plan_env/src/sdf_map.cpp:146:86:\x1b[m\x1b[K \x1b[01;36m\x1b[Knote: \x1b[m\x1b[Ksuggested alternatives:\n'}
[28.218613] (plan_env) StderrLine: {'line': b'In file included from \x1b[01m\x1b[K/usr/include/boost/mpl/aux_/include_preprocessed.hpp:37\x1b[m\x1b[K,\n'}
[28.218733] (plan_env) StderrLine: {'line': b'                 from \x1b[01m\x1b[K/usr/include/boost/mpl/placeholders.hpp:43\x1b[m\x1b[K,\n'}
[28.218819] (plan_env) StderrLine: {'line': b'                 from \x1b[01m\x1b[K/usr/include/boost/mpl/apply.hpp:24\x1b[m\x1b[K,\n'}
[28.218903] (plan_env) StderrLine: {'line': b'                 from \x1b[01m\x1b[K/usr/include/boost/mpl/aux_/iter_apply.hpp:17\x1b[m\x1b[K,\n'}
[28.218986] (plan_env) StderrLine: {'line': b'                 from \x1b[01m\x1b[K/usr/include/boost/mpl/aux_/find_if_pred.hpp:14\x1b[m\x1b[K,\n'}
[28.219087] (plan_env) StderrLine: {'line': b'                 from \x1b[01m\x1b[K/usr/include/boost/mpl/find_if.hpp:17\x1b[m\x1b[K,\n'}
[28.219170] (plan_env) StderrLine: {'line': b'                 from \x1b[01m\x1b[K/usr/include/boost/mpl/find.hpp:17\x1b[m\x1b[K,\n'}
[28.219249] (plan_env) StderrLine: {'line': b'                 from \x1b[01m\x1b[K/usr/include/boost/mpl/aux_/contains_impl.hpp:20\x1b[m\x1b[K,\n'}
[28.219330] (plan_env) StderrLine: {'line': b'                 from \x1b[01m\x1b[K/usr/include/boost/mpl/contains.hpp:20\x1b[m\x1b[K,\n'}
[28.219410] (plan_env) StderrLine: {'line': b'                 from \x1b[01m\x1b[K/usr/include/pcl-1.12/pcl/impl/point_types.hpp:49\x1b[m\x1b[K,\n'}
[28.219493] (plan_env) StderrLine: {'line': b'                 from \x1b[01m\x1b[K/usr/include/pcl-1.12/pcl/point_types.h:354\x1b[m\x1b[K,\n'}
[28.219573] (plan_env) StderrLine: {'line': b'                 from \x1b[01m\x1b[K/root/colcon_ws/src/Fast-Planner/fast_planner/plan_env/include/plan_env/sdf_map.h:42\x1b[m\x1b[K,\n'}
[28.219652] (plan_env) StderrLine: {'line': b'                 from \x1b[01m\x1b[K/root/colcon_ws/src/Fast-Planner/fast_planner/plan_env/src/sdf_map.cpp:26\x1b[m\x1b[K:\n'}
[28.219734] (plan_env) StderrLine: {'line': b'\x1b[01m\x1b[K/usr/include/boost/mpl/aux_/preprocessed/gcc/placeholders.hpp:29:16:\x1b[m\x1b[K \x1b[01;36m\x1b[Knote: \x1b[m\x1b[K  \xe2\x80\x98\x1b[01m\x1b[Kmpl_::_1\x1b[m\x1b[K\xe2\x80\x99\n'}
[28.219849] (plan_env) StderrLine: {'line': b'   29 | typedef arg<1> \x1b[01;36m\x1b[K_1\x1b[m\x1b[K;\n'}
[28.219936] (plan_env) StderrLine: {'line': b'      |                \x1b[01;36m\x1b[K^~\x1b[m\x1b[K\n'}
[28.220018] (plan_env) StderrLine: {'line': b'In file included from \x1b[01m\x1b[K/usr/include/eigen3/Eigen/Core:85\x1b[m\x1b[K,\n'}
[28.220100] (plan_env) StderrLine: {'line': b'                 from \x1b[01m\x1b[K/usr/include/eigen3/Eigen/Dense:1\x1b[m\x1b[K,\n'}
[28.220198] (plan_env) StderrLine: {'line': b'                 from \x1b[01m\x1b[K/usr/include/eigen3/Eigen/Eigen:1\x1b[m\x1b[K,\n'}
[28.221609] (plan_env) StderrLine: {'line': b'                 from \x1b[01m\x1b[K/root/colcon_ws/src/Fast-Planner/fast_planner/plan_env/include/plan_env/sdf_map.h:29\x1b[m\x1b[K,\n'}
[28.221888] (plan_env) StderrLine: {'line': b'                 from \x1b[01m\x1b[K/root/colcon_ws/src/Fast-Planner/fast_planner/plan_env/src/sdf_map.cpp:26\x1b[m\x1b[K:\n'}
[28.221993] (plan_env) StderrLine: {'line': b'\x1b[01m\x1b[K/usr/include/c++/11/functional:225:34:\x1b[m\x1b[K \x1b[01;36m\x1b[Knote: \x1b[m\x1b[K  \xe2\x80\x98\x1b[01m\x1b[Kstd::placeholders::_1\x1b[m\x1b[K\xe2\x80\x99\n'}
[28.222085] (plan_env) StderrLine: {'line': b'  225 |     extern const _Placeholder<1> \x1b[01;36m\x1b[K_1\x1b[m\x1b[K;\n'}
[28.222172] (plan_env) StderrLine: {'line': b'      |                                  \x1b[01;36m\x1b[K^~\x1b[m\x1b[K\n'}
[28.222256] (plan_env) StderrLine: {'line': b'In file included from \x1b[01m\x1b[K/usr/include/boost/mpl/aux_/include_preprocessed.hpp:37\x1b[m\x1b[K,\n'}
[28.222339] (plan_env) StderrLine: {'line': b'                 from \x1b[01m\x1b[K/usr/include/boost/mpl/placeholders.hpp:43\x1b[m\x1b[K,\n'}
[28.222422] (plan_env) StderrLine: {'line': b'                 from \x1b[01m\x1b[K/usr/include/boost/mpl/apply.hpp:24\x1b[m\x1b[K,\n'}
[28.222505] (plan_env) StderrLine: {'line': b'                 from \x1b[01m\x1b[K/usr/include/boost/mpl/aux_/iter_apply.hpp:17\x1b[m\x1b[K,\n'}
[28.222590] (plan_env) StderrLine: {'line': b'                 from \x1b[01m\x1b[K/usr/include/boost/mpl/aux_/find_if_pred.hpp:14\x1b[m\x1b[K,\n'}
[28.222675] (plan_env) StderrLine: {'line': b'                 from \x1b[01m\x1b[K/usr/include/boost/mpl/find_if.hpp:17\x1b[m\x1b[K,\n'}
[28.222755] (plan_env) StderrLine: {'line': b'                 from \x1b[01m\x1b[K/usr/include/boost/mpl/find.hpp:17\x1b[m\x1b[K,\n'}
[28.222834] (plan_env) StderrLine: {'line': b'                 from \x1b[01m\x1b[K/usr/include/boost/mpl/aux_/contains_impl.hpp:20\x1b[m\x1b[K,\n'}
[28.222915] (plan_env) StderrLine: {'line': b'                 from \x1b[01m\x1b[K/usr/include/boost/mpl/contains.hpp:20\x1b[m\x1b[K,\n'}
[28.223038] (plan_env) StderrLine: {'line': b'                 from \x1b[01m\x1b[K/usr/include/pcl-1.12/pcl/impl/point_types.hpp:49\x1b[m\x1b[K,\n'}
[28.223122] (plan_env) StderrLine: {'line': b'                 from \x1b[01m\x1b[K/usr/include/pcl-1.12/pcl/point_types.h:354\x1b[m\x1b[K,\n'}
[28.223205] (plan_env) StderrLine: {'line': b'                 from \x1b[01m\x1b[K/root/colcon_ws/src/Fast-Planner/fast_planner/plan_env/include/plan_env/sdf_map.h:42\x1b[m\x1b[K,\n'}
[28.223287] (plan_env) StderrLine: {'line': b'                 from \x1b[01m\x1b[K/root/colcon_ws/src/Fast-Planner/fast_planner/plan_env/src/sdf_map.cpp:26\x1b[m\x1b[K:\n'}
[28.223370] (plan_env) StderrLine: {'line': b'\x1b[01m\x1b[K/usr/include/boost/mpl/aux_/preprocessed/gcc/placeholders.hpp:29:16:\x1b[m\x1b[K \x1b[01;36m\x1b[Knote: \x1b[m\x1b[K  \xe2\x80\x98\x1b[01m\x1b[Kmpl_::_1\x1b[m\x1b[K\xe2\x80\x99\n'}
[28.223454] (plan_env) StderrLine: {'line': b'   29 | typedef arg<1> \x1b[01;36m\x1b[K_1\x1b[m\x1b[K;\n'}
[28.223534] (plan_env) StderrLine: {'line': b'      |                \x1b[01;36m\x1b[K^~\x1b[m\x1b[K\n'}
[28.223613] (plan_env) StderrLine: {'line': b'\x1b[01m\x1b[K/usr/include/boost/mpl/aux_/preprocessed/gcc/placeholders.hpp:29:16:\x1b[m\x1b[K \x1b[01;36m\x1b[Knote: \x1b[m\x1b[K  \xe2\x80\x98\x1b[01m\x1b[Kmpl_::_1\x1b[m\x1b[K\xe2\x80\x99\n'}
[28.223695] (plan_env) StderrLine: {'line': b'\x1b[01m\x1b[K/root/colcon_ws/src/Fast-Planner/fast_planner/plan_env/src/sdf_map.cpp:146:90:\x1b[m\x1b[K \x1b[01;31m\x1b[Kerror: \x1b[m\x1b[K\xe2\x80\x98\x1b[01m\x1b[K_2\x1b[m\x1b[K\xe2\x80\x99 was not declared in this scope\n'}
[28.223784] (plan_env) StderrLine: {'line': b'  146 | dom_->registerCallback(boost::bind(&SDFMap::depthOdomCallback, this, _1, \x1b[01;31m\x1b[K_2\x1b[m\x1b[K));\n'}
[28.223869] (plan_env) StderrLine: {'line': b'      |                                                                          \x1b[01;31m\x1b[K^~\x1b[m\x1b[K\n'}
[28.223953] (plan_env) StderrLine: {'line': b'\n'}
[28.224036] (plan_env) StderrLine: {'line': b'\x1b[01m\x1b[K/root/colcon_ws/src/Fast-Planner/fast_planner/plan_env/src/sdf_map.cpp:146:90:\x1b[m\x1b[K \x1b[01;36m\x1b[Knote: \x1b[m\x1b[Ksuggested alternatives:\n'}
[28.224118] (plan_env) StderrLine: {'line': b'In file included from \x1b[01m\x1b[K/usr/include/boost/mpl/aux_/include_preprocessed.hpp:37\x1b[m\x1b[K,\n'}
[28.224291] (plan_env) StderrLine: {'line': b'                 from \x1b[01m\x1b[K/usr/include/boost/mpl/placeholders.hpp:43\x1b[m\x1b[K,\n'}
[28.224385] (plan_env) StderrLine: {'line': b'                 from \x1b[01m\x1b[K/usr/include/boost/mpl/apply.hpp:24\x1b[m\x1b[K,\n'}
[28.224471] (plan_env) StderrLine: {'line': b'                 from \x1b[01m\x1b[K/usr/include/boost/mpl/aux_/iter_apply.hpp:17\x1b[m\x1b[K,\n'}
[28.224555] (plan_env) StderrLine: {'line': b'                 from \x1b[01m\x1b[K/usr/include/boost/mpl/aux_/find_if_pred.hpp:14\x1b[m\x1b[K,\n'}
[28.224636] (plan_env) StderrLine: {'line': b'                 from \x1b[01m\x1b[K/usr/include/boost/mpl/find_if.hpp:17\x1b[m\x1b[K,\n'}
[28.224718] (plan_env) StderrLine: {'line': b'                 from \x1b[01m\x1b[K/usr/include/boost/mpl/find.hpp:17\x1b[m\x1b[K,\n'}
[28.224798] (plan_env) StderrLine: {'line': b'                 from \x1b[01m\x1b[K/usr/include/boost/mpl/aux_/contains_impl.hpp:20\x1b[m\x1b[K,\n'}
[28.224880] (plan_env) StderrLine: {'line': b'                 from \x1b[01m\x1b[K/usr/include/boost/mpl/contains.hpp:20\x1b[m\x1b[K,\n'}
[28.224960] (plan_env) StderrLine: {'line': b'                 from \x1b[01m\x1b[K/usr/include/pcl-1.12/pcl/impl/point_types.hpp:49\x1b[m\x1b[K,\n'}
[28.225040] (plan_env) StderrLine: {'line': b'                 from \x1b[01m\x1b[K/usr/include/pcl-1.12/pcl/point_types.h:354\x1b[m\x1b[K,\n'}
[28.225143] (plan_env) StderrLine: {'line': b'                 from \x1b[01m\x1b[K/root/colcon_ws/src/Fast-Planner/fast_planner/plan_env/include/plan_env/sdf_map.h:42\x1b[m\x1b[K,\n'}
[28.225232] (plan_env) StderrLine: {'line': b'                 from \x1b[01m\x1b[K/root/colcon_ws/src/Fast-Planner/fast_planner/plan_env/src/sdf_map.cpp:26\x1b[m\x1b[K:\n'}
[28.225361] (plan_env) StderrLine: {'line': b'\x1b[01m\x1b[K/usr/include/boost/mpl/aux_/preprocessed/gcc/placeholders.hpp:42:16:\x1b[m\x1b[K \x1b[01;36m\x1b[Knote: \x1b[m\x1b[K  \xe2\x80\x98\x1b[01m\x1b[Kmpl_::_2\x1b[m\x1b[K\xe2\x80\x99\n'}
[28.225452] (plan_env) StderrLine: {'line': b'   42 | typedef arg<2> \x1b[01;36m\x1b[K_2\x1b[m\x1b[K;\n'}
[28.225536] (plan_env) StderrLine: {'line': b'      |                \x1b[01;36m\x1b[K^~\x1b[m\x1b[K\n'}
[28.225618] (plan_env) StderrLine: {'line': b'In file included from \x1b[01m\x1b[K/usr/include/eigen3/Eigen/Core:85\x1b[m\x1b[K,\n'}
[28.225700] (plan_env) StderrLine: {'line': b'                 from \x1b[01m\x1b[K/usr/include/eigen3/Eigen/Dense:1\x1b[m\x1b[K,\n'}
[28.225782] (plan_env) StderrLine: {'line': b'                 from \x1b[01m\x1b[K/usr/include/eigen3/Eigen/Eigen:1\x1b[m\x1b[K,\n'}
[28.225881] (plan_env) StderrLine: {'line': b'                 from \x1b[01m\x1b[K/root/colcon_ws/src/Fast-Planner/fast_planner/plan_env/include/plan_env/sdf_map.h:29\x1b[m\x1b[K,\n'}
[28.225962] (plan_env) StderrLine: {'line': b'                 from \x1b[01m\x1b[K/root/colcon_ws/src/Fast-Planner/fast_planner/plan_env/src/sdf_map.cpp:26\x1b[m\x1b[K:\n'}
[28.226042] (plan_env) StderrLine: {'line': b'\x1b[01m\x1b[K/usr/include/c++/11/functional:226:34:\x1b[m\x1b[K \x1b[01;36m\x1b[Knote: \x1b[m\x1b[K  \xe2\x80\x98\x1b[01m\x1b[Kstd::placeholders::_2\x1b[m\x1b[K\xe2\x80\x99\n'}
[28.226125] (plan_env) StderrLine: {'line': b'  226 |     extern const _Placeholder<2> \x1b[01;36m\x1b[K_2\x1b[m\x1b[K;\n'}
[28.226208] (plan_env) StderrLine: {'line': b'      |                                  \x1b[01;36m\x1b[K^~\x1b[m\x1b[K\n'}
[28.226288] (plan_env) StderrLine: {'line': b'In file included from \x1b[01m\x1b[K/usr/include/boost/mpl/aux_/include_preprocessed.hpp:37\x1b[m\x1b[K,\n'}
[28.226369] (plan_env) StderrLine: {'line': b'                 from \x1b[01m\x1b[K/usr/include/boost/mpl/placeholders.hpp:43\x1b[m\x1b[K,\n'}
[28.226449] (plan_env) StderrLine: {'line': b'                 from \x1b[01m\x1b[K/usr/include/boost/mpl/apply.hpp:24\x1b[m\x1b[K,\n'}
[28.226530] (plan_env) StderrLine: {'line': b'                 from \x1b[01m\x1b[K/usr/include/boost/mpl/aux_/iter_apply.hpp:17\x1b[m\x1b[K,\n'}
[28.226610] (plan_env) StderrLine: {'line': b'                 from \x1b[01m\x1b[K/usr/include/boost/mpl/aux_/find_if_pred.hpp:14\x1b[m\x1b[K,\n'}
[28.226690] (plan_env) StderrLine: {'line': b'                 from \x1b[01m\x1b[K/usr/include/boost/mpl/find_if.hpp:17\x1b[m\x1b[K,\n'}
[28.226771] (plan_env) StderrLine: {'line': b'                 from \x1b[01m\x1b[K/usr/include/boost/mpl/find.hpp:17\x1b[m\x1b[K,\n'}
[28.226853] (plan_env) StderrLine: {'line': b'                 from \x1b[01m\x1b[K/usr/include/boost/mpl/aux_/contains_impl.hpp:20\x1b[m\x1b[K,\n'}
[28.226935] (plan_env) StderrLine: {'line': b'                 from \x1b[01m\x1b[K/usr/include/boost/mpl/contains.hpp:20\x1b[m\x1b[K,\n'}
[28.227014] (plan_env) StderrLine: {'line': b'                 from \x1b[01m\x1b[K/usr/include/pcl-1.12/pcl/impl/point_types.hpp:49\x1b[m\x1b[K,\n'}
[28.227092] (plan_env) StderrLine: {'line': b'                 from \x1b[01m\x1b[K/usr/include/pcl-1.12/pcl/point_types.h:354\x1b[m\x1b[K,\n'}
[28.227172] (plan_env) StderrLine: {'line': b'                 from \x1b[01m\x1b[K/root/colcon_ws/src/Fast-Planner/fast_planner/plan_env/include/plan_env/sdf_map.h:42\x1b[m\x1b[K,\n'}
[28.227254] (plan_env) StderrLine: {'line': b'                 from \x1b[01m\x1b[K/root/colcon_ws/src/Fast-Planner/fast_planner/plan_env/src/sdf_map.cpp:26\x1b[m\x1b[K:\n'}
[28.227337] (plan_env) StderrLine: {'line': b'\x1b[01m\x1b[K/usr/include/boost/mpl/aux_/preprocessed/gcc/placeholders.hpp:42:16:\x1b[m\x1b[K \x1b[01;36m\x1b[Knote: \x1b[m\x1b[K  \xe2\x80\x98\x1b[01m\x1b[Kmpl_::_2\x1b[m\x1b[K\xe2\x80\x99\n'}
[28.227421] (plan_env) StderrLine: {'line': b'   42 | typedef arg<2> \x1b[01;36m\x1b[K_2\x1b[m\x1b[K;\n'}
[28.227501] (plan_env) StderrLine: {'line': b'      |                \x1b[01;36m\x1b[K^~\x1b[m\x1b[K\n'}
[28.227599] (plan_env) StderrLine: {'line': b'\x1b[01m\x1b[K/usr/include/boost/mpl/aux_/preprocessed/gcc/placeholders.hpp:42:16:\x1b[m\x1b[K \x1b[01;36m\x1b[Knote: \x1b[m\x1b[K  \xe2\x80\x98\x1b[01m\x1b[Kmpl_::_2\x1b[m\x1b[K\xe2\x80\x99\n'}
[28.227682] (plan_env) StderrLine: {'line': b'\x1b[01m\x1b[K/root/colcon_ws/src/Fast-Planner/fast_planner/plan_env/src/sdf_map.cpp:152:33:\x1b[m\x1b[K \x1b[01;31m\x1b[Kerror: \x1b[m\x1b[Kbase operand of \xe2\x80\x98\x1b[01m\x1b[K->\x1b[m\x1b[K\xe2\x80\x99 has non-pointer type \xe2\x80\x98\x1b[01m\x1b[Krclcpp::Node\x1b[m\x1b[K\xe2\x80\x99\n'}
[28.227771] (plan_env) StderrLine: {'line': b'  152 |       /* TODO: \xe8\xbd\xac\xe6\x8d\xa2\xe8\xae\xa2\xe9\x98\x85 */ node_\x1b[01;31m\x1b[K->\x1b[m\x1b[Kcreate_subscription<sensor_msgs::msg::PointCloud2>("/sdf_map/cloud", 10, &SDFMap::cloudCallback, this);\n'}
[28.227856] (plan_env) StderrLine: {'line': b'      |                                 \x1b[01;31m\x1b[K^~\x1b[m\x1b[K\n'}
[28.227940] (plan_env) StderrLine: {'line': b'\x1b[01m\x1b[K/root/colcon_ws/src/Fast-Planner/fast_planner/plan_env/src/sdf_map.cpp:152:84:\x1b[m\x1b[K \x1b[01;31m\x1b[Kerror: \x1b[m\x1b[Kexpected primary-expression before \xe2\x80\x98\x1b[01m\x1b[K>\x1b[m\x1b[K\xe2\x80\x99 token\n'}
[28.228027] (plan_env) StderrLine: {'line': b'  152 |  \xe6\x8d\xa2\xe8\xae\xa2\xe9\x98\x85 */ node_->create_subscription<sensor_msgs::msg::PointCloud2\x1b[01;31m\x1b[K>\x1b[m\x1b[K("/sdf_map/cloud", 10, &SDFMap::cloudCallback, this);\n'}
[28.228129] (plan_env) StderrLine: {'line': b'      |                                                                    \x1b[01;31m\x1b[K^\x1b[m\x1b[K\n'}
[28.228497] (plan_env) StderrLine: {'line': b'\n'}
[28.228675] (plan_env) StderrLine: {'line': b'\x1b[01m\x1b[K/root/colcon_ws/src/Fast-Planner/fast_planner/plan_env/src/sdf_map.cpp:152:86:\x1b[m\x1b[K \x1b[01;35m\x1b[Kwarning: \x1b[m\x1b[Kleft operand of comma operator has no effect [\x1b[01;35m\x1b[K-Wunused-value\x1b[m\x1b[K]\n'}
[28.228776] (plan_env) StderrLine: {'line': b'  152 |  \xe8\xae\xa2\xe9\x98\x85 */ node_->create_subscription<sensor_msgs::msg::PointCloud2>(\x1b[01;35m\x1b[K"/sdf_map/cloud"\x1b[m\x1b[K, 10, &SDFMap::cloudCallback, this);\n'}
[28.228895] (plan_env) StderrLine: {'line': b'      |                                                                    \x1b[01;35m\x1b[K^~~~~~~~~~~~~~~~\x1b[m\x1b[K\n'}
[28.228990] (plan_env) StderrLine: {'line': b'\n'}
[28.229075] (plan_env) StderrLine: {'line': b'\x1b[01m\x1b[K/root/colcon_ws/src/Fast-Planner/fast_planner/plan_env/src/sdf_map.cpp:152:117:\x1b[m\x1b[K \x1b[01;35m\x1b[Kwarning: \x1b[m\x1b[Kright operand of comma operator has no effect [\x1b[01;35m\x1b[K-Wunused-value\x1b[m\x1b[K]\n'}
[28.229161] (plan_env) StderrLine: {'line': b'  152 | tion<sensor_msgs::msg::PointCloud2>("/sdf_map/cloud", 10, &SDFMap::\x1b[01;35m\x1b[KcloudCallback\x1b[m\x1b[K, this);\n'}
[28.229246] (plan_env) StderrLine: {'line': b'      |                                                                    \x1b[01;35m\x1b[K^~~~~~~~~~~~~\x1b[m\x1b[K\n'}
[28.229329] (plan_env) StderrLine: {'line': b'\n'}
[28.229409] (plan_env) StderrLine: {'line': b'\x1b[01m\x1b[K/root/colcon_ws/src/Fast-Planner/fast_planner/plan_env/src/sdf_map.cpp:152:132:\x1b[m\x1b[K \x1b[01;35m\x1b[Kwarning: \x1b[m\x1b[Kright operand of comma operator has no effect [\x1b[01;35m\x1b[K-Wunused-value\x1b[m\x1b[K]\n'}
[28.229493] (plan_env) StderrLine: {'line': b'  152 | r_msgs::msg::PointCloud2>("/sdf_map/cloud", 10, &SDFMap::cloudCallback, \x1b[01;35m\x1b[Kthis\x1b[m\x1b[K);\n'}
[28.229575] (plan_env) StderrLine: {'line': b'      |                                                                         \x1b[01;35m\x1b[K^~~~\x1b[m\x1b[K\n'}
[28.229687] (plan_env) StderrLine: {'line': b'\n'}
[28.229772] (plan_env) StderrLine: {'line': b'\x1b[01m\x1b[K/root/colcon_ws/src/Fast-Planner/fast_planner/plan_env/src/sdf_map.cpp:154:33:\x1b[m\x1b[K \x1b[01;31m\x1b[Kerror: \x1b[m\x1b[Kbase operand of \xe2\x80\x98\x1b[01m\x1b[K->\x1b[m\x1b[K\xe2\x80\x99 has non-pointer type \xe2\x80\x98\x1b[01m\x1b[Krclcpp::Node\x1b[m\x1b[K\xe2\x80\x99\n'}
[28.229872] (plan_env) StderrLine: {'line': b'  154 |       /* TODO: \xe8\xbd\xac\xe6\x8d\xa2\xe8\xae\xa2\xe9\x98\x85 */ node_\x1b[01;31m\x1b[K->\x1b[m\x1b[Kcreate_subscription<nav_msgs::msg::Odometry>("/sdf_map/odom", 10, &SDFMap::odomCallback, this);\n'}
[28.229958] (plan_env) StderrLine: {'line': b'      |                                 \x1b[01;31m\x1b[K^~\x1b[m\x1b[K\n'}
[28.230042] (plan_env) StderrLine: {'line': b'\x1b[01m\x1b[K/root/colcon_ws/src/Fast-Planner/fast_planner/plan_env/src/sdf_map.cpp:154:78:\x1b[m\x1b[K \x1b[01;31m\x1b[Kerror: \x1b[m\x1b[Kexpected primary-expression before \xe2\x80\x98\x1b[01m\x1b[K>\x1b[m\x1b[K\xe2\x80\x99 token\n'}
[28.230126] (plan_env) StderrLine: {'line': b'  154 | ODO: \xe8\xbd\xac\xe6\x8d\xa2\xe8\xae\xa2\xe9\x98\x85 */ node_->create_subscription<nav_msgs::msg::Odometry\x1b[01;31m\x1b[K>\x1b[m\x1b[K("/sdf_map/odom", 10, &SDFMap::odomCallback, this);\n'}
[28.230209] (plan_env) StderrLine: {'line': b'      |                                                                    \x1b[01;31m\x1b[K^\x1b[m\x1b[K\n'}
[28.230313] (plan_env) StderrLine: {'line': b'\n'}
[28.230401] (plan_env) StderrLine: {'line': b'\x1b[01m\x1b[K/root/colcon_ws/src/Fast-Planner/fast_planner/plan_env/src/sdf_map.cpp:154:80:\x1b[m\x1b[K \x1b[01;35m\x1b[Kwarning: \x1b[m\x1b[Kleft operand of comma operator has no effect [\x1b[01;35m\x1b[K-Wunused-value\x1b[m\x1b[K]\n'}
[28.230485] (plan_env) StderrLine: {'line': b'  154 | O: \xe8\xbd\xac\xe6\x8d\xa2\xe8\xae\xa2\xe9\x98\x85 */ node_->create_subscription<nav_msgs::msg::Odometry>(\x1b[01;35m\x1b[K"/sdf_map/odom"\x1b[m\x1b[K, 10, &SDFMap::odomCallback, this);\n'}
[28.230570] (plan_env) StderrLine: {'line': b'      |                                                                    \x1b[01;35m\x1b[K^~~~~~~~~~~~~~~\x1b[m\x1b[K\n'}
[28.230653] (plan_env) StderrLine: {'line': b'\n'}
[28.230734] (plan_env) StderrLine: {'line': b'\x1b[01m\x1b[K/root/colcon_ws/src/Fast-Planner/fast_planner/plan_env/src/sdf_map.cpp:154:110:\x1b[m\x1b[K \x1b[01;35m\x1b[Kwarning: \x1b[m\x1b[Kright operand of comma operator has no effect [\x1b[01;35m\x1b[K-Wunused-value\x1b[m\x1b[K]\n'}
[28.230818] (plan_env) StderrLine: {'line': b'  154 | ubscription<nav_msgs::msg::Odometry>("/sdf_map/odom", 10, &SDFMap::\x1b[01;35m\x1b[KodomCallback\x1b[m\x1b[K, this);\n'}
[28.230902] (plan_env) StderrLine: {'line': b'      |                                                                    \x1b[01;35m\x1b[K^~~~~~~~~~~~\x1b[m\x1b[K\n'}
[28.230983] (plan_env) StderrLine: {'line': b'\n'}
[28.231061] (plan_env) StderrLine: {'line': b'\x1b[01m\x1b[K/root/colcon_ws/src/Fast-Planner/fast_planner/plan_env/src/sdf_map.cpp:154:124:\x1b[m\x1b[K \x1b[01;35m\x1b[Kwarning: \x1b[m\x1b[Kright operand of comma operator has no effect [\x1b[01;35m\x1b[K-Wunused-value\x1b[m\x1b[K]\n'}
[28.231141] (plan_env) StderrLine: {'line': b'  154 | on<nav_msgs::msg::Odometry>("/sdf_map/odom", 10, &SDFMap::odomCallback, \x1b[01;35m\x1b[Kthis\x1b[m\x1b[K);\n'}
[28.231221] (plan_env) StderrLine: {'line': b'      |                                                                         \x1b[01;35m\x1b[K^~~~\x1b[m\x1b[K\n'}
[28.231303] (plan_env) StderrLine: {'line': b'\n'}
[28.242769] (map_generator) StderrLine: {'line': b'In file included from \x1b[01m\x1b[K/opt/ros/humble/include/rclcpp/rclcpp/client.hpp:40\x1b[m\x1b[K,\n'}
[28.243488] (map_generator) StderrLine: {'line': b'                 from \x1b[01m\x1b[K/opt/ros/humble/include/rclcpp/rclcpp/callback_group.hpp:24\x1b[m\x1b[K,\n'}
[28.243658] (map_generator) StderrLine: {'line': b'                 from \x1b[01m\x1b[K/opt/ros/humble/include/rclcpp/rclcpp/any_executable.hpp:20\x1b[m\x1b[K,\n'}
[28.243760] (map_generator) StderrLine: {'line': b'                 from \x1b[01m\x1b[K/opt/ros/humble/include/rclcpp/rclcpp/memory_strategy.hpp:25\x1b[m\x1b[K,\n'}
[28.243852] (map_generator) StderrLine: {'line': b'                 from \x1b[01m\x1b[K/opt/ros/humble/include/rclcpp/rclcpp/memory_strategies.hpp:18\x1b[m\x1b[K,\n'}
[28.243967] (map_generator) StderrLine: {'line': b'                 from \x1b[01m\x1b[K/opt/ros/humble/include/rclcpp/rclcpp/executor_options.hpp:20\x1b[m\x1b[K,\n'}
[28.244310] (map_generator) StderrLine: {'line': b'                 from \x1b[01m\x1b[K/opt/ros/humble/include/rclcpp/rclcpp/executor.hpp:37\x1b[m\x1b[K,\n'}
[28.244615] (map_generator) StderrLine: {'line': b'                 from \x1b[01m\x1b[K/opt/ros/humble/include/rclcpp/rclcpp/executors/multi_threaded_executor.hpp:25\x1b[m\x1b[K,\n'}
[28.244728] (map_generator) StderrLine: {'line': b'                 from \x1b[01m\x1b[K/opt/ros/humble/include/rclcpp/rclcpp/executors.hpp:21\x1b[m\x1b[K,\n'}
[28.244823] (map_generator) StderrLine: {'line': b'                 from \x1b[01m\x1b[K/opt/ros/humble/include/rclcpp/rclcpp/rclcpp.hpp:155\x1b[m\x1b[K,\n'}
[28.244908] (map_generator) StderrLine: {'line': b'                 from \x1b[01m\x1b[K/opt/ros/humble/include/pcl_conversions/pcl_conversions/pcl_conversions.h:43\x1b[m\x1b[K,\n'}
[28.244993] (map_generator) StderrLine: {'line': b'                 from \x1b[01m\x1b[K/root/colcon_ws/src/Fast-Planner/uav_simulator/map_generator/src/random_forest_sensing.cpp:5\x1b[m\x1b[K:\n'}
[28.245083] (map_generator) StderrLine: {'line': b'\x1b[01m\x1b[K/root/colcon_ws/src/Fast-Planner/uav_simulator/map_generator/src/random_forest_sensing.cpp:\x1b[m\x1b[K In function \xe2\x80\x98\x1b[01m\x1b[Kvoid pubSensedPoints()\x1b[m\x1b[K\xe2\x80\x99:\n'}
[28.245181] (map_generator) StderrLine: {'line': b'\x1b[01m\x1b[K/root/colcon_ws/src/Fast-Planner/uav_simulator/map_generator/src/random_forest_sensing.cpp:221:18:\x1b[m\x1b[K \x1b[01;31m\x1b[Kerror: \x1b[m\x1b[K\xe2\x80\x98\x1b[01m\x1b[Knode_\x1b[m\x1b[K\xe2\x80\x99 was not declared in this scope; did you mean \xe2\x80\x98\x1b[01m\x1b[Kmode_t\x1b[m\x1b[K\xe2\x80\x99?\n'}
[28.245284] (map_generator) StderrLine: {'line': b'  221 |     RCLCPP_ERROR(\x1b[01;31m\x1b[Knode_\x1b[m\x1b[K->get_logger(), this->get_logger(), "[Map server] No obstacles .");\n'}
[28.245385] (map_generator) StderrLine: {'line': b'      |                  \x1b[01;31m\x1b[K^~~~~\x1b[m\x1b[K\n'}
[28.245470] (map_generator) StderrLine: {'line': b'\x1b[01m\x1b[K/root/colcon_ws/src/Fast-Planner/uav_simulator/map_generator/src/random_forest_sensing.cpp:221:5:\x1b[m\x1b[K \x1b[01;31m\x1b[Kerror: \x1b[m\x1b[Ktemplate argument 1 is invalid\n'}
[28.245557] (map_generator) StderrLine: {'line': b'  221 |     \x1b[01;31m\x1b[KRCLCPP_ERROR\x1b[m\x1b[K(node_->get_logger(), this->get_logger(), "[Map server] No obstacles .");\n'}
[28.245638] (map_generator) StderrLine: {'line': b'      |     \x1b[01;31m\x1b[K^~~~~~~~~~~~\x1b[m\x1b[K\n'}
[28.245719] (map_generator) StderrLine: {'line': b'In file included from \x1b[01m\x1b[K/opt/ros/humble/include/rclcpp/rclcpp/logging.hpp:24\x1b[m\x1b[K,\n'}
[28.245804] (map_generator) StderrLine: {'line': b'                 from \x1b[01m\x1b[K/opt/ros/humble/include/rclcpp/rclcpp/client.hpp:40\x1b[m\x1b[K,\n'}
[28.245889] (map_generator) StderrLine: {'line': b'                 from \x1b[01m\x1b[K/opt/ros/humble/include/rclcpp/rclcpp/callback_group.hpp:24\x1b[m\x1b[K,\n'}
[28.245976] (map_generator) StderrLine: {'line': b'                 from \x1b[01m\x1b[K/opt/ros/humble/include/rclcpp/rclcpp/any_executable.hpp:20\x1b[m\x1b[K,\n'}
[28.246057] (map_generator) StderrLine: {'line': b'                 from \x1b[01m\x1b[K/opt/ros/humble/include/rclcpp/rclcpp/memory_strategy.hpp:25\x1b[m\x1b[K,\n'}
[28.246138] (map_generator) StderrLine: {'line': b'                 from \x1b[01m\x1b[K/opt/ros/humble/include/rclcpp/rclcpp/memory_strategies.hpp:18\x1b[m\x1b[K,\n'}
[28.246223] (map_generator) StderrLine: {'line': b'                 from \x1b[01m\x1b[K/opt/ros/humble/include/rclcpp/rclcpp/executor_options.hpp:20\x1b[m\x1b[K,\n'}
[28.246304] (map_generator) StderrLine: {'line': b'                 from \x1b[01m\x1b[K/opt/ros/humble/include/rclcpp/rclcpp/executor.hpp:37\x1b[m\x1b[K,\n'}
[28.246387] (map_generator) StderrLine: {'line': b'                 from \x1b[01m\x1b[K/opt/ros/humble/include/rclcpp/rclcpp/executors/multi_threaded_executor.hpp:25\x1b[m\x1b[K,\n'}
[28.246539] (map_generator) StderrLine: {'line': b'                 from \x1b[01m\x1b[K/opt/ros/humble/include/rclcpp/rclcpp/executors.hpp:21\x1b[m\x1b[K,\n'}
[28.246640] (map_generator) StderrLine: {'line': b'                 from \x1b[01m\x1b[K/opt/ros/humble/include/rclcpp/rclcpp/rclcpp.hpp:155\x1b[m\x1b[K,\n'}
[28.246734] (map_generator) StderrLine: {'line': b'                 from \x1b[01m\x1b[K/opt/ros/humble/include/pcl_conversions/pcl_conversions/pcl_conversions.h:43\x1b[m\x1b[K,\n'}
[28.246984] (map_generator) StderrLine: {'line': b'                 from \x1b[01m\x1b[K/root/colcon_ws/src/Fast-Planner/uav_simulator/map_generator/src/random_forest_sensing.cpp:5\x1b[m\x1b[K:\n'}
[28.247114] (map_generator) StderrLine: {'line': b'\x1b[01m\x1b[K/root/colcon_ws/src/Fast-Planner/uav_simulator/map_generator/src/random_forest_sensing.cpp:221:39:\x1b[m\x1b[K \x1b[01;31m\x1b[Kerror: \x1b[m\x1b[Kinvalid use of \xe2\x80\x98\x1b[01m\x1b[Kthis\x1b[m\x1b[K\xe2\x80\x99 in non-member function\n'}
[28.247230] (map_generator) StderrLine: {'line': b'  221 |     RCLCPP_ERROR(node_->get_logger(), \x1b[01;31m\x1b[Kthis\x1b[m\x1b[K->get_logger(), "[Map server] No obstacles .");\n'}
[28.247336] (map_generator) StderrLine: {'line': b'      |                                       \x1b[01;31m\x1b[K^~~~\x1b[m\x1b[K\n'}
[28.247440] (map_generator) StderrLine: {'line': b'\x1b[01m\x1b[K/root/colcon_ws/src/Fast-Planner/uav_simulator/map_generator/src/random_forest_sensing.cpp:\x1b[m\x1b[K In function \xe2\x80\x98\x1b[01m\x1b[Kint main(int, char**)\x1b[m\x1b[K\xe2\x80\x99:\n'}
[28.247727] (map_generator) StderrLine: {'line': b'\x1b[01m\x1b[K/root/colcon_ws/src/Fast-Planner/uav_simulator/map_generator/src/random_forest_sensing.cpp:272:28:\x1b[m\x1b[K \x1b[01;31m\x1b[Kerror: \x1b[m\x1b[Kinvalid initialization of reference of type \xe2\x80\x98\x1b[01m\x1b[Kconst rclcpp::InitOptions&\x1b[m\x1b[K\xe2\x80\x99 from expression of type \xe2\x80\x98\x1b[01m\x1b[Kconst char [19]\x1b[m\x1b[K\xe2\x80\x99\n'}
[28.248129] (map_generator) StderrLine: {'line': b'  272 |   rclcpp::init(argc, argv, \x1b[01;31m\x1b[K"random_map_sensing"\x1b[m\x1b[K);\n'}
[28.248326] (map_generator) StderrLine: {'line': b'      |                            \x1b[01;31m\x1b[K^~~~~~~~~~~~~~~~~~~~\x1b[m\x1b[K\n'}
[28.248430] (map_generator) StderrLine: {'line': b'In file included from \x1b[01m\x1b[K/opt/ros/humble/include/rclcpp/rclcpp/logging.hpp:25\x1b[m\x1b[K,\n'}
[28.248522] (map_generator) StderrLine: {'line': b'                 from \x1b[01m\x1b[K/opt/ros/humble/include/rclcpp/rclcpp/client.hpp:40\x1b[m\x1b[K,\n'}
[28.248613] (map_generator) StderrLine: {'line': b'                 from \x1b[01m\x1b[K/opt/ros/humble/include/rclcpp/rclcpp/callback_group.hpp:24\x1b[m\x1b[K,\n'}
[28.248704] (map_generator) StderrLine: {'line': b'                 from \x1b[01m\x1b[K/opt/ros/humble/include/rclcpp/rclcpp/any_executable.hpp:20\x1b[m\x1b[K,\n'}
[28.248792] (map_generator) StderrLine: {'line': b'                 from \x1b[01m\x1b[K/opt/ros/humble/include/rclcpp/rclcpp/memory_strategy.hpp:25\x1b[m\x1b[K,\n'}
[28.248880] (map_generator) StderrLine: {'line': b'                 from \x1b[01m\x1b[K/opt/ros/humble/include/rclcpp/rclcpp/memory_strategies.hpp:18\x1b[m\x1b[K,\n'}
[28.248969] (map_generator) StderrLine: {'line': b'                 from \x1b[01m\x1b[K/opt/ros/humble/include/rclcpp/rclcpp/executor_options.hpp:20\x1b[m\x1b[K,\n'}
[28.249056] (map_generator) StderrLine: {'line': b'                 from \x1b[01m\x1b[K/opt/ros/humble/include/rclcpp/rclcpp/executor.hpp:37\x1b[m\x1b[K,\n'}
[28.249147] (map_generator) StderrLine: {'line': b'                 from \x1b[01m\x1b[K/opt/ros/humble/include/rclcpp/rclcpp/executors/multi_threaded_executor.hpp:25\x1b[m\x1b[K,\n'}
[28.249240] (map_generator) StderrLine: {'line': b'                 from \x1b[01m\x1b[K/opt/ros/humble/include/rclcpp/rclcpp/executors.hpp:21\x1b[m\x1b[K,\n'}
[28.249335] (map_generator) StderrLine: {'line': b'                 from \x1b[01m\x1b[K/opt/ros/humble/include/rclcpp/rclcpp/rclcpp.hpp:155\x1b[m\x1b[K,\n'}
[28.249471] (map_generator) StderrLine: {'line': b'                 from \x1b[01m\x1b[K/opt/ros/humble/include/pcl_conversions/pcl_conversions/pcl_conversions.h:43\x1b[m\x1b[K,\n'}
[28.249589] (map_generator) StderrLine: {'line': b'                 from \x1b[01m\x1b[K/root/colcon_ws/src/Fast-Planner/uav_simulator/map_generator/src/random_forest_sensing.cpp:5\x1b[m\x1b[K:\n'}
[28.249695] (map_generator) StderrLine: {'line': b'\x1b[01m\x1b[K/opt/ros/humble/include/rclcpp/rclcpp/utilities.hpp:78:23:\x1b[m\x1b[K \x1b[01;36m\x1b[Knote: \x1b[m\x1b[Kin passing argument 3 of \xe2\x80\x98\x1b[01m\x1b[Kvoid rclcpp::init(int, const char* const*, const rclcpp::InitOptions&, rclcpp::SignalHandlerOptions)\x1b[m\x1b[K\xe2\x80\x99\n'}
[28.249809] (map_generator) StderrLine: {'line': b'   78 |   \x1b[01;36m\x1b[Kconst InitOptions & init_options = InitOptions()\x1b[m\x1b[K,\n'}
[28.249913] (map_generator) StderrLine: {'line': b'      |   \x1b[01;36m\x1b[K~~~~~~~~~~~~~~~~~~~~^~~~~~~~~~~~~~~~~~~~~~~~~~~~\x1b[m\x1b[K\n'}
[28.252347] (map_generator) StderrLine: {'line': b'\x1b[01m\x1b[K/root/colcon_ws/src/Fast-Planner/uav_simulator/map_generator/src/random_forest_sensing.cpp:275:42:\x1b[m\x1b[K \x1b[01;31m\x1b[Kerror: \x1b[m\x1b[Kbase operand of \xe2\x80\x98\x1b[01m\x1b[K->\x1b[m\x1b[K\xe2\x80\x99 has non-pointer type \xe2\x80\x98\x1b[01m\x1b[Krclcpp::Node\x1b[m\x1b[K\xe2\x80\x99\n'}
[28.252922] (map_generator) StderrLine: {'line': b'  275 |   _local_map_pub = /* TODO: \xe8\xbd\xac\xe6\x8d\xa2\xe5\x8f\x91\xe5\xb8\x83 */ n\x1b[01;31m\x1b[K->\x1b[m\x1b[Kcreate_publisher<sensor_msgs::msg::PointCloud2>("/map_generator/local_cloud", 1);\n'}
[28.253316] (map_generator) StderrLine: {'line': b'      |                                          \x1b[01;31m\x1b[K^~\x1b[m\x1b[K\n'}
[28.253619] (map_generator) StderrLine: {'line': b'\x1b[01m\x1b[K/root/colcon_ws/src/Fast-Planner/uav_simulator/map_generator/src/random_forest_sensing.cpp:275:90:\x1b[m\x1b[K \x1b[01;31m\x1b[Kerror: \x1b[m\x1b[Kexpected primary-expression before \xe2\x80\x98\x1b[01m\x1b[K>\x1b[m\x1b[K\xe2\x80\x99 token\n'}
[28.253767] (map_generator) StderrLine: {'line': b'  275 | TODO: \xe8\xbd\xac\xe6\x8d\xa2\xe5\x8f\x91\xe5\xb8\x83 */ n->create_publisher<sensor_msgs::msg::PointCloud2\x1b[01;31m\x1b[K>\x1b[m\x1b[K("/map_generator/local_cloud", 1);\n'}
[28.254009] (map_generator) StderrLine: {'line': b'      |                                                                    \x1b[01;31m\x1b[K^\x1b[m\x1b[K\n'}
[28.254303] (map_generator) StderrLine: {'line': b'\n'}
[28.254435] (map_generator) StderrLine: {'line': b'\x1b[01m\x1b[K/root/colcon_ws/src/Fast-Planner/uav_simulator/map_generator/src/random_forest_sensing.cpp:275:92:\x1b[m\x1b[K \x1b[01;35m\x1b[Kwarning: \x1b[m\x1b[Kleft operand of comma operator has no effect [\x1b[01;35m\x1b[K-Wunused-value\x1b[m\x1b[K]\n'}
[28.260686] (map_generator) StderrLine: {'line': b'  275 | DO: \xe8\xbd\xac\xe6\x8d\xa2\xe5\x8f\x91\xe5\xb8\x83 */ n->create_publisher<sensor_msgs::msg::PointCloud2>(\x1b[01;35m\x1b[K"/map_generator/local_cloud"\x1b[m\x1b[K, 1);\n'}
[28.260951] (map_generator) StderrLine: {'line': b'      |                                                                    \x1b[01;35m\x1b[K^~~~~~~~~~~~~~~~~~~~~~~~~~~~\x1b[m\x1b[K\n'}
[28.261068] (map_generator) StderrLine: {'line': b'\n'}
[28.261168] (map_generator) StderrLine: {'line': b'\x1b[01m\x1b[K/root/colcon_ws/src/Fast-Planner/uav_simulator/map_generator/src/random_forest_sensing.cpp:276:40:\x1b[m\x1b[K \x1b[01;31m\x1b[Kerror: \x1b[m\x1b[Kbase operand of \xe2\x80\x98\x1b[01m\x1b[K->\x1b[m\x1b[K\xe2\x80\x99 has non-pointer type \xe2\x80\x98\x1b[01m\x1b[Krclcpp::Node\x1b[m\x1b[K\xe2\x80\x99\n'}
[28.261267] (map_generator) StderrLine: {'line': b'  276 |   _all_map_pub = /* TODO: \xe8\xbd\xac\xe6\x8d\xa2\xe5\x8f\x91\xe5\xb8\x83 */ n\x1b[01;31m\x1b[K->\x1b[m\x1b[Kcreate_publisher<sensor_msgs::msg::PointCloud2>("/map_generator/global_cloud", 1);\n'}
[28.261357] (map_generator) StderrLine: {'line': b'      |                                        \x1b[01;31m\x1b[K^~\x1b[m\x1b[K\n'}
[28.261485] (map_generator) StderrLine: {'line': b'\x1b[01m\x1b[K/root/colcon_ws/src/Fast-Planner/uav_simulator/map_generator/src/random_forest_sensing.cpp:276:88:\x1b[m\x1b[K \x1b[01;31m\x1b[Kerror: \x1b[m\x1b[Kexpected primary-expression before \xe2\x80\x98\x1b[01m\x1b[K>\x1b[m\x1b[K\xe2\x80\x99 token\n'}
[28.261598] (map_generator) StderrLine: {'line': b'  276 | TODO: \xe8\xbd\xac\xe6\x8d\xa2\xe5\x8f\x91\xe5\xb8\x83 */ n->create_publisher<sensor_msgs::msg::PointCloud2\x1b[01;31m\x1b[K>\x1b[m\x1b[K("/map_generator/global_cloud", 1);\n'}
[28.261689] (map_generator) StderrLine: {'line': b'      |                                                                    \x1b[01;31m\x1b[K^\x1b[m\x1b[K\n'}
[28.261775] (map_generator) StderrLine: {'line': b'\n'}
[28.261856] (map_generator) StderrLine: {'line': b'\x1b[01m\x1b[K/root/colcon_ws/src/Fast-Planner/uav_simulator/map_generator/src/random_forest_sensing.cpp:276:90:\x1b[m\x1b[K \x1b[01;35m\x1b[Kwarning: \x1b[m\x1b[Kleft operand of comma operator has no effect [\x1b[01;35m\x1b[K-Wunused-value\x1b[m\x1b[K]\n'}
[28.261943] (map_generator) StderrLine: {'line': b'  276 | DO: \xe8\xbd\xac\xe6\x8d\xa2\xe5\x8f\x91\xe5\xb8\x83 */ n->create_publisher<sensor_msgs::msg::PointCloud2>(\x1b[01;35m\x1b[K"/map_generator/global_cloud"\x1b[m\x1b[K, 1);\n'}
[28.262028] (map_generator) StderrLine: {'line': b'      |                                                                    \x1b[01;35m\x1b[K^~~~~~~~~~~~~~~~~~~~~~~~~~~~~\x1b[m\x1b[K\n'}
[28.262112] (map_generator) StderrLine: {'line': b'\n'}
[28.262192] (map_generator) StderrLine: {'line': b'\x1b[01m\x1b[K/root/colcon_ws/src/Fast-Planner/uav_simulator/map_generator/src/random_forest_sensing.cpp:278:17:\x1b[m\x1b[K \x1b[01;31m\x1b[Kerror: \x1b[m\x1b[K\xe2\x80\x98\x1b[01m\x1b[Kclass rclcpp::Node\x1b[m\x1b[K\xe2\x80\x99 has no member named \xe2\x80\x98\x1b[01m\x1b[Ksubscribe\x1b[m\x1b[K\xe2\x80\x99\n'}
[28.262278] (map_generator) StderrLine: {'line': b'  278 |   _odom_sub = n.\x1b[01;31m\x1b[Ksubscribe\x1b[m\x1b[K("odometry", 50, rcvOdometryCallbck);\n'}
[28.262363] (map_generator) StderrLine: {'line': b'      |                 \x1b[01;31m\x1b[K^~~~~~~~~\x1b[m\x1b[K\n'}
[28.262448] (map_generator) StderrLine: {'line': b'\x1b[01m\x1b[K/root/colcon_ws/src/Fast-Planner/uav_simulator/map_generator/src/random_forest_sensing.cpp:281:29:\x1b[m\x1b[K \x1b[01;31m\x1b[Kerror: \x1b[m\x1b[Kbase operand of \xe2\x80\x98\x1b[01m\x1b[K->\x1b[m\x1b[K\xe2\x80\x99 has non-pointer type \xe2\x80\x98\x1b[01m\x1b[Krclcpp::Node\x1b[m\x1b[K\xe2\x80\x99\n'}
[28.262531] (map_generator) StderrLine: {'line': b'  281 |       /* TODO: \xe8\xbd\xac\xe6\x8d\xa2\xe5\x8f\x91\xe5\xb8\x83 */ n\x1b[01;31m\x1b[K->\x1b[m\x1b[Kcreate_publisher<sensor_msgs::msg::PointCloud2>("/pcl_render_node/local_map", 1);\n'}
[28.262616] (map_generator) StderrLine: {'line': b'      |                             \x1b[01;31m\x1b[K^~\x1b[m\x1b[K\n'}
[28.262697] (map_generator) StderrLine: {'line': b'\x1b[01m\x1b[K/root/colcon_ws/src/Fast-Planner/uav_simulator/map_generator/src/random_forest_sensing.cpp:281:77:\x1b[m\x1b[K \x1b[01;31m\x1b[Kerror: \x1b[m\x1b[Kexpected primary-expression before \xe2\x80\x98\x1b[01m\x1b[K>\x1b[m\x1b[K\xe2\x80\x99 token\n'}
[28.262789] (map_generator) StderrLine: {'line': b'  281 | TODO: \xe8\xbd\xac\xe6\x8d\xa2\xe5\x8f\x91\xe5\xb8\x83 */ n->create_publisher<sensor_msgs::msg::PointCloud2\x1b[01;31m\x1b[K>\x1b[m\x1b[K("/pcl_render_node/local_map", 1);\n'}
[28.262874] (map_generator) StderrLine: {'line': b'      |                                                                    \x1b[01;31m\x1b[K^\x1b[m\x1b[K\n'}
[28.262956] (map_generator) StderrLine: {'line': b'\n'}
[28.263036] (map_generator) StderrLine: {'line': b'\x1b[01m\x1b[K/root/colcon_ws/src/Fast-Planner/uav_simulator/map_generator/src/random_forest_sensing.cpp:281:79:\x1b[m\x1b[K \x1b[01;35m\x1b[Kwarning: \x1b[m\x1b[Kleft operand of comma operator has no effect [\x1b[01;35m\x1b[K-Wunused-value\x1b[m\x1b[K]\n'}
[28.263119] (map_generator) StderrLine: {'line': b'  281 | DO: \xe8\xbd\xac\xe6\x8d\xa2\xe5\x8f\x91\xe5\xb8\x83 */ n->create_publisher<sensor_msgs::msg::PointCloud2>(\x1b[01;35m\x1b[K"/pcl_render_node/local_map"\x1b[m\x1b[K, 1);\n'}
[28.263228] (map_generator) StderrLine: {'line': b'      |                                                                    \x1b[01;35m\x1b[K^~~~~~~~~~~~~~~~~~~~~~~~~~~~\x1b[m\x1b[K\n'}
[28.263312] (map_generator) StderrLine: {'line': b'\n'}
[28.263391] (map_generator) StderrLine: {'line': b'\x1b[01m\x1b[K/root/colcon_ws/src/Fast-Planner/uav_simulator/map_generator/src/random_forest_sensing.cpp:284:14:\x1b[m\x1b[K \x1b[01;31m\x1b[Kerror: \x1b[m\x1b[Kbase operand of \xe2\x80\x98\x1b[01m\x1b[K->\x1b[m\x1b[K\xe2\x80\x99 has non-pointer type \xe2\x80\x98\x1b[01m\x1b[Krclcpp::Node\x1b[m\x1b[K\xe2\x80\x99\n'}
[28.263493] (map_generator) StderrLine: {'line': b'  284 |   _init_x = n\x1b[01;31m\x1b[K->\x1b[m\x1b[Kdeclare_parameter("init_state_x", 0.0);\n'}
[28.263581] (map_generator) StderrLine: {'line': b'      |              \x1b[01;31m\x1b[K^~\x1b[m\x1b[K\n'}
[28.263663] (map_generator) StderrLine: {'line': b'\x1b[01m\x1b[K/root/colcon_ws/src/Fast-Planner/uav_simulator/map_generator/src/random_forest_sensing.cpp:285:14:\x1b[m\x1b[K \x1b[01;31m\x1b[Kerror: \x1b[m\x1b[Kbase operand of \xe2\x80\x98\x1b[01m\x1b[K->\x1b[m\x1b[K\xe2\x80\x99 has non-pointer type \xe2\x80\x98\x1b[01m\x1b[Krclcpp::Node\x1b[m\x1b[K\xe2\x80\x99\n'}
[28.263747] (map_generator) StderrLine: {'line': b'  285 |   _init_y = n\x1b[01;31m\x1b[K->\x1b[m\x1b[Kdeclare_parameter("init_state_y", 0.0);\n'}
[28.263847] (map_generator) StderrLine: {'line': b'      |              \x1b[01;31m\x1b[K^~\x1b[m\x1b[K\n'}
[28.263930] (map_generator) StderrLine: {'line': b'\x1b[01m\x1b[K/root/colcon_ws/src/Fast-Planner/uav_simulator/map_generator/src/random_forest_sensing.cpp:287:14:\x1b[m\x1b[K \x1b[01;31m\x1b[Kerror: \x1b[m\x1b[Kbase operand of \xe2\x80\x98\x1b[01m\x1b[K->\x1b[m\x1b[K\xe2\x80\x99 has non-pointer type \xe2\x80\x98\x1b[01m\x1b[Krclcpp::Node\x1b[m\x1b[K\xe2\x80\x99\n'}
[28.264016] (map_generator) StderrLine: {'line': b'  287 |   _x_size = n\x1b[01;31m\x1b[K->\x1b[m\x1b[Kdeclare_parameter("map/x_size", 50.0);\n'}
[28.264098] (map_generator) StderrLine: {'line': b'      |              \x1b[01;31m\x1b[K^~\x1b[m\x1b[K\n'}
[28.264180] (map_generator) StderrLine: {'line': b'\x1b[01m\x1b[K/root/colcon_ws/src/Fast-Planner/uav_simulator/map_generator/src/random_forest_sensing.cpp:288:14:\x1b[m\x1b[K \x1b[01;31m\x1b[Kerror: \x1b[m\x1b[Kbase operand of \xe2\x80\x98\x1b[01m\x1b[K->\x1b[m\x1b[K\xe2\x80\x99 has non-pointer type \xe2\x80\x98\x1b[01m\x1b[Krclcpp::Node\x1b[m\x1b[K\xe2\x80\x99\n'}
[28.264303] (map_generator) StderrLine: {'line': b'  288 |   _y_size = n\x1b[01;31m\x1b[K->\x1b[m\x1b[Kdeclare_parameter("map/y_size", 50.0);\n'}
[28.264392] (map_generator) StderrLine: {'line': b'      |              \x1b[01;31m\x1b[K^~\x1b[m\x1b[K\n'}
[28.264474] (map_generator) StderrLine: {'line': b'\x1b[01m\x1b[K/root/colcon_ws/src/Fast-Planner/uav_simulator/map_generator/src/random_forest_sensing.cpp:289:14:\x1b[m\x1b[K \x1b[01;31m\x1b[Kerror: \x1b[m\x1b[Kbase operand of \xe2\x80\x98\x1b[01m\x1b[K->\x1b[m\x1b[K\xe2\x80\x99 has non-pointer type \xe2\x80\x98\x1b[01m\x1b[Krclcpp::Node\x1b[m\x1b[K\xe2\x80\x99\n'}
[28.264585] (map_generator) StderrLine: {'line': b'  289 |   _z_size = n\x1b[01;31m\x1b[K->\x1b[m\x1b[Kdeclare_parameter("map/z_size", 5.0);\n'}
[28.264669] (map_generator) StderrLine: {'line': b'      |              \x1b[01;31m\x1b[K^~\x1b[m\x1b[K\n'}
[28.264751] (map_generator) StderrLine: {'line': b'\x1b[01m\x1b[K/root/colcon_ws/src/Fast-Planner/uav_simulator/map_generator/src/random_forest_sensing.cpp:290:15:\x1b[m\x1b[K \x1b[01;31m\x1b[Kerror: \x1b[m\x1b[Kbase operand of \xe2\x80\x98\x1b[01m\x1b[K->\x1b[m\x1b[K\xe2\x80\x99 has non-pointer type \xe2\x80\x98\x1b[01m\x1b[Krclcpp::Node\x1b[m\x1b[K\xe2\x80\x99\n'}
[28.264833] (map_generator) StderrLine: {'line': b'  290 |   _obs_num = n\x1b[01;31m\x1b[K->\x1b[m\x1b[Kdeclare_parameter("map/obs_num", 30);\n'}
[28.264938] (map_generator) StderrLine: {'line': b'      |               \x1b[01;31m\x1b[K^~\x1b[m\x1b[K\n'}
[28.265019] (map_generator) StderrLine: {'line': b'\x1b[01m\x1b[K/root/colcon_ws/src/Fast-Planner/uav_simulator/map_generator/src/random_forest_sensing.cpp:291:18:\x1b[m\x1b[K \x1b[01;31m\x1b[Kerror: \x1b[m\x1b[Kbase operand of \xe2\x80\x98\x1b[01m\x1b[K->\x1b[m\x1b[K\xe2\x80\x99 has non-pointer type \xe2\x80\x98\x1b[01m\x1b[Krclcpp::Node\x1b[m\x1b[K\xe2\x80\x99\n'}
[28.265103] (map_generator) StderrLine: {'line': b'  291 |   _resolution = n\x1b[01;31m\x1b[K->\x1b[m\x1b[Kdeclare_parameter("map/resolution", 0.1);\n'}
[28.265185] (map_generator) StderrLine: {'line': b'      |                  \x1b[01;31m\x1b[K^~\x1b[m\x1b[K\n'}
[28.265264] (map_generator) StderrLine: {'line': b'\x1b[01m\x1b[K/root/colcon_ws/src/Fast-Planner/uav_simulator/map_generator/src/random_forest_sensing.cpp:292:18:\x1b[m\x1b[K \x1b[01;31m\x1b[Kerror: \x1b[m\x1b[Kbase operand of \xe2\x80\x98\x1b[01m\x1b[K->\x1b[m\x1b[K\xe2\x80\x99 has non-pointer type \xe2\x80\x98\x1b[01m\x1b[Krclcpp::Node\x1b[m\x1b[K\xe2\x80\x99\n'}
[28.265345] (map_generator) StderrLine: {'line': b'  292 |   circle_num_ = n\x1b[01;31m\x1b[K->\x1b[m\x1b[Kdeclare_parameter("map/circle_num", 30);\n'}
[28.265426] (map_generator) StderrLine: {'line': b'      |                  \x1b[01;31m\x1b[K^~\x1b[m\x1b[K\n'}
[28.265506] (map_generator) StderrLine: {'line': b'\x1b[01m\x1b[K/root/colcon_ws/src/Fast-Planner/uav_simulator/map_generator/src/random_forest_sensing.cpp:294:11:\x1b[m\x1b[K \x1b[01;31m\x1b[Kerror: \x1b[m\x1b[Kbase operand of \xe2\x80\x98\x1b[01m\x1b[K->\x1b[m\x1b[K\xe2\x80\x99 has non-pointer type \xe2\x80\x98\x1b[01m\x1b[Krclcpp::Node\x1b[m\x1b[K\xe2\x80\x99\n'}
[28.265590] (map_generator) StderrLine: {'line': b'  294 |   _w_l = n\x1b[01;31m\x1b[K->\x1b[m\x1b[Kdeclare_parameter("ObstacleShape/lower_rad", 0.3);\n'}
[28.265674] (map_generator) StderrLine: {'line': b'      |           \x1b[01;31m\x1b[K^~\x1b[m\x1b[K\n'}
[28.265756] (map_generator) StderrLine: {'line': b'\x1b[01m\x1b[K/root/colcon_ws/src/Fast-Planner/uav_simulator/map_generator/src/random_forest_sensing.cpp:295:11:\x1b[m\x1b[K \x1b[01;31m\x1b[Kerror: \x1b[m\x1b[Kbase operand of \xe2\x80\x98\x1b[01m\x1b[K->\x1b[m\x1b[K\xe2\x80\x99 has non-pointer type \xe2\x80\x98\x1b[01m\x1b[Krclcpp::Node\x1b[m\x1b[K\xe2\x80\x99\n'}
[28.265838] (map_generator) StderrLine: {'line': b'  295 |   _w_h = n\x1b[01;31m\x1b[K->\x1b[m\x1b[Kdeclare_parameter("ObstacleShape/upper_rad", 0.8);\n'}
[28.265920] (map_generator) StderrLine: {'line': b'      |           \x1b[01;31m\x1b[K^~\x1b[m\x1b[K\n'}
[28.268619] (map_generator) StderrLine: {'line': b'\x1b[01m\x1b[K/root/colcon_ws/src/Fast-Planner/uav_simulator/map_generator/src/random_forest_sensing.cpp:296:11:\x1b[m\x1b[K \x1b[01;31m\x1b[Kerror: \x1b[m\x1b[Kbase operand of \xe2\x80\x98\x1b[01m\x1b[K->\x1b[m\x1b[K\xe2\x80\x99 has non-pointer type \xe2\x80\x98\x1b[01m\x1b[Krclcpp::Node\x1b[m\x1b[K\xe2\x80\x99\n'}
[28.268852] (map_generator) StderrLine: {'line': b'  296 |   _h_l = n\x1b[01;31m\x1b[K->\x1b[m\x1b[Kdeclare_parameter("ObstacleShape/lower_hei", 3.0);\n'}
[28.268981] (map_generator) StderrLine: {'line': b'      |           \x1b[01;31m\x1b[K^~\x1b[m\x1b[K\n'}
[28.269083] (map_generator) StderrLine: {'line': b'\x1b[01m\x1b[K/root/colcon_ws/src/Fast-Planner/uav_simulator/map_generator/src/random_forest_sensing.cpp:297:11:\x1b[m\x1b[K \x1b[01;31m\x1b[Kerror: \x1b[m\x1b[Kbase operand of \xe2\x80\x98\x1b[01m\x1b[K->\x1b[m\x1b[K\xe2\x80\x99 has non-pointer type \xe2\x80\x98\x1b[01m\x1b[Krclcpp::Node\x1b[m\x1b[K\xe2\x80\x99\n'}
[28.269215] (map_generator) StderrLine: {'line': b'  297 |   _h_h = n\x1b[01;31m\x1b[K->\x1b[m\x1b[Kdeclare_parameter("ObstacleShape/upper_hei", 7.0);\n'}
[28.269309] (map_generator) StderrLine: {'line': b'      |           \x1b[01;31m\x1b[K^~\x1b[m\x1b[K\n'}
[28.269394] (map_generator) StderrLine: {'line': b'\x1b[01m\x1b[K/root/colcon_ws/src/Fast-Planner/uav_simulator/map_generator/src/random_forest_sensing.cpp:299:16:\x1b[m\x1b[K \x1b[01;31m\x1b[Kerror: \x1b[m\x1b[Kbase operand of \xe2\x80\x98\x1b[01m\x1b[K->\x1b[m\x1b[K\xe2\x80\x99 has non-pointer type \xe2\x80\x98\x1b[01m\x1b[Krclcpp::Node\x1b[m\x1b[K\xe2\x80\x99\n'}
[28.269506] (map_generator) StderrLine: {'line': b'  299 |   radius_l_ = n\x1b[01;31m\x1b[K->\x1b[m\x1b[Kdeclare_parameter("ObstacleShape/radius_l", 7.0);\n'}
[28.269594] (map_generator) StderrLine: {'line': b'      |                \x1b[01;31m\x1b[K^~\x1b[m\x1b[K\n'}
[28.269678] (map_generator) StderrLine: {'line': b'\x1b[01m\x1b[K/root/colcon_ws/src/Fast-Planner/uav_simulator/map_generator/src/random_forest_sensing.cpp:300:16:\x1b[m\x1b[K \x1b[01;31m\x1b[Kerror: \x1b[m\x1b[Kbase operand of \xe2\x80\x98\x1b[01m\x1b[K->\x1b[m\x1b[K\xe2\x80\x99 has non-pointer type \xe2\x80\x98\x1b[01m\x1b[Krclcpp::Node\x1b[m\x1b[K\xe2\x80\x99\n'}
[28.269780] (map_generator) StderrLine: {'line': b'  300 |   radius_h_ = n\x1b[01;31m\x1b[K->\x1b[m\x1b[Kdeclare_parameter("ObstacleShape/radius_h", 7.0);\n'}
[28.269864] (map_generator) StderrLine: {'line': b'      |                \x1b[01;31m\x1b[K^~\x1b[m\x1b[K\n'}
[28.269946] (map_generator) StderrLine: {'line': b'\x1b[01m\x1b[K/root/colcon_ws/src/Fast-Planner/uav_simulator/map_generator/src/random_forest_sensing.cpp:301:11:\x1b[m\x1b[K \x1b[01;31m\x1b[Kerror: \x1b[m\x1b[Kbase operand of \xe2\x80\x98\x1b[01m\x1b[K->\x1b[m\x1b[K\xe2\x80\x99 has non-pointer type \xe2\x80\x98\x1b[01m\x1b[Krclcpp::Node\x1b[m\x1b[K\xe2\x80\x99\n'}
[28.270029] (map_generator) StderrLine: {'line': b'  301 |   z_l_ = n\x1b[01;31m\x1b[K->\x1b[m\x1b[Kdeclare_parameter("ObstacleShape/z_l", 7.0);\n'}
[28.270111] (map_generator) StderrLine: {'line': b'      |           \x1b[01;31m\x1b[K^~\x1b[m\x1b[K\n'}
[28.270192] (map_generator) StderrLine: {'line': b'\x1b[01m\x1b[K/root/colcon_ws/src/Fast-Planner/uav_simulator/map_generator/src/random_forest_sensing.cpp:302:11:\x1b[m\x1b[K \x1b[01;31m\x1b[Kerror: \x1b[m\x1b[Kbase operand of \xe2\x80\x98\x1b[01m\x1b[K->\x1b[m\x1b[K\xe2\x80\x99 has non-pointer type \xe2\x80\x98\x1b[01m\x1b[Krclcpp::Node\x1b[m\x1b[K\xe2\x80\x99\n'}
[28.270274] (map_generator) StderrLine: {'line': b'  302 |   z_h_ = n\x1b[01;31m\x1b[K->\x1b[m\x1b[Kdeclare_parameter("ObstacleShape/z_h", 7.0);\n'}
[28.270355] (map_generator) StderrLine: {'line': b'      |           \x1b[01;31m\x1b[K^~\x1b[m\x1b[K\n'}
[28.270436] (map_generator) StderrLine: {'line': b'\x1b[01m\x1b[K/root/colcon_ws/src/Fast-Planner/uav_simulator/map_generator/src/random_forest_sensing.cpp:303:13:\x1b[m\x1b[K \x1b[01;31m\x1b[Kerror: \x1b[m\x1b[Kbase operand of \xe2\x80\x98\x1b[01m\x1b[K->\x1b[m\x1b[K\xe2\x80\x99 has non-pointer type \xe2\x80\x98\x1b[01m\x1b[Krclcpp::Node\x1b[m\x1b[K\xe2\x80\x99\n'}
[28.270534] (map_generator) StderrLine: {'line': b'  303 |   theta_ = n\x1b[01;31m\x1b[K->\x1b[m\x1b[Kdeclare_parameter("ObstacleShape/theta", 7.0);\n'}
[28.270617] (map_generator) StderrLine: {'line': b'      |             \x1b[01;31m\x1b[K^~\x1b[m\x1b[K\n'}
[28.270696] (map_generator) StderrLine: {'line': b'\x1b[01m\x1b[K/root/colcon_ws/src/Fast-Planner/uav_simulator/map_generator/src/random_forest_sensing.cpp:305:21:\x1b[m\x1b[K \x1b[01;31m\x1b[Kerror: \x1b[m\x1b[Kbase operand of \xe2\x80\x98\x1b[01m\x1b[K->\x1b[m\x1b[K\xe2\x80\x99 has non-pointer type \xe2\x80\x98\x1b[01m\x1b[Krclcpp::Node\x1b[m\x1b[K\xe2\x80\x99\n'}
[28.270778] (map_generator) StderrLine: {'line': b'  305 |   _sensing_range = n\x1b[01;31m\x1b[K->\x1b[m\x1b[Kdeclare_parameter("sensing/radius", 10.0);\n'}
[28.270858] (map_generator) StderrLine: {'line': b'      |                     \x1b[01;31m\x1b[K^~\x1b[m\x1b[K\n'}
[28.270937] (map_generator) StderrLine: {'line': b'\x1b[01m\x1b[K/root/colcon_ws/src/Fast-Planner/uav_simulator/map_generator/src/random_forest_sensing.cpp:306:18:\x1b[m\x1b[K \x1b[01;31m\x1b[Kerror: \x1b[m\x1b[Kbase operand of \xe2\x80\x98\x1b[01m\x1b[K->\x1b[m\x1b[K\xe2\x80\x99 has non-pointer type \xe2\x80\x98\x1b[01m\x1b[Krclcpp::Node\x1b[m\x1b[K\xe2\x80\x99\n'}
[28.271018] (map_generator) StderrLine: {'line': b'  306 |   _sense_rate = n\x1b[01;31m\x1b[K->\x1b[m\x1b[Kdeclare_parameter("sensing/radius", 10.0);\n'}
[28.271114] (map_generator) StderrLine: {'line': b'      |                  \x1b[01;31m\x1b[K^~\x1b[m\x1b[K\n'}
[28.271195] (map_generator) StderrLine: {'line': b'\x1b[01m\x1b[K/root/colcon_ws/src/Fast-Planner/uav_simulator/map_generator/src/random_forest_sensing.cpp:317:34:\x1b[m\x1b[K \x1b[01;31m\x1b[Kerror: \x1b[m\x1b[Kinvalid initialization of reference of type \xe2\x80\x98\x1b[01m\x1b[Kconst nanoseconds&\x1b[m\x1b[K\xe2\x80\x99 {aka \xe2\x80\x98\x1b[01m\x1b[Kconst std::chrono::duration<long int, std::ratio<1, 1000000000> >&\x1b[m\x1b[K\xe2\x80\x99} from expression of type \xe2\x80\x98\x1b[01m\x1b[Kstd::chrono::duration<double>\x1b[m\x1b[K\xe2\x80\x99\n'}
[28.271285] (map_generator) StderrLine: {'line': b'  317 |   rclcpp::sleep_for(std::chrono::\x1b[01;31m\x1b[Kduration<double>(0.5)\x1b[m\x1b[K);\n'}
[28.271366] (map_generator) StderrLine: {'line': b'      |                                  \x1b[01;31m\x1b[K^~~~~~~~~~~~~~~~~~~~~\x1b[m\x1b[K\n'}
[28.271445] (map_generator) StderrLine: {'line': b'In file included from \x1b[01m\x1b[K/opt/ros/humble/include/rclcpp/rclcpp/logging.hpp:25\x1b[m\x1b[K,\n'}
[28.271521] (map_generator) StderrLine: {'line': b'                 from \x1b[01m\x1b[K/opt/ros/humble/include/rclcpp/rclcpp/client.hpp:40\x1b[m\x1b[K,\n'}
[28.271598] (map_generator) StderrLine: {'line': b'                 from \x1b[01m\x1b[K/opt/ros/humble/include/rclcpp/rclcpp/callback_group.hpp:24\x1b[m\x1b[K,\n'}
[28.271679] (map_generator) StderrLine: {'line': b'                 from \x1b[01m\x1b[K/opt/ros/humble/include/rclcpp/rclcpp/any_executable.hpp:20\x1b[m\x1b[K,\n'}
[28.271758] (map_generator) StderrLine: {'line': b'                 from \x1b[01m\x1b[K/opt/ros/humble/include/rclcpp/rclcpp/memory_strategy.hpp:25\x1b[m\x1b[K,\n'}
[28.271851] (map_generator) StderrLine: {'line': b'                 from \x1b[01m\x1b[K/opt/ros/humble/include/rclcpp/rclcpp/memory_strategies.hpp:18\x1b[m\x1b[K,\n'}
[28.271934] (map_generator) StderrLine: {'line': b'                 from \x1b[01m\x1b[K/opt/ros/humble/include/rclcpp/rclcpp/executor_options.hpp:20\x1b[m\x1b[K,\n'}
[28.272013] (map_generator) StderrLine: {'line': b'                 from \x1b[01m\x1b[K/opt/ros/humble/include/rclcpp/rclcpp/executor.hpp:37\x1b[m\x1b[K,\n'}
[28.272092] (map_generator) StderrLine: {'line': b'                 from \x1b[01m\x1b[K/opt/ros/humble/include/rclcpp/rclcpp/executors/multi_threaded_executor.hpp:25\x1b[m\x1b[K,\n'}
[28.272172] (map_generator) StderrLine: {'line': b'                 from \x1b[01m\x1b[K/opt/ros/humble/include/rclcpp/rclcpp/executors.hpp:21\x1b[m\x1b[K,\n'}
[28.272291] (map_generator) StderrLine: {'line': b'                 from \x1b[01m\x1b[K/opt/ros/humble/include/rclcpp/rclcpp/rclcpp.hpp:155\x1b[m\x1b[K,\n'}
[28.272374] (map_generator) StderrLine: {'line': b'                 from \x1b[01m\x1b[K/opt/ros/humble/include/pcl_conversions/pcl_conversions/pcl_conversions.h:43\x1b[m\x1b[K,\n'}
[28.272455] (map_generator) StderrLine: {'line': b'                 from \x1b[01m\x1b[K/root/colcon_ws/src/Fast-Planner/uav_simulator/map_generator/src/random_forest_sensing.cpp:5\x1b[m\x1b[K:\n'}
[28.272538] (map_generator) StderrLine: {'line': b'\x1b[01m\x1b[K/opt/ros/humble/include/rclcpp/rclcpp/utilities.hpp:233:36:\x1b[m\x1b[K \x1b[01;36m\x1b[Knote: \x1b[m\x1b[Kin passing argument 1 of \xe2\x80\x98\x1b[01m\x1b[Kbool rclcpp::sleep_for(const nanoseconds&, rclcpp::Context::SharedPtr)\x1b[m\x1b[K\xe2\x80\x99\n'}
[28.272642] (map_generator) StderrLine: {'line': b'  233 |   \x1b[01;36m\x1b[Kconst std::chrono::nanoseconds & nanoseconds\x1b[m\x1b[K,\n'}
[28.272725] (map_generator) StderrLine: {'line': b'      |   \x1b[01;36m\x1b[K~~~~~~~~~~~~~~~~~~~~~~~~~~~~~~~~~^~~~~~~~~~~\x1b[m\x1b[K\n'}
[28.272811] (plan_env) StderrLine: {'line': b'\x1b[01m\x1b[K/root/colcon_ws/src/Fast-Planner/fast_planner/plan_env/src/sdf_map.cpp:156:3:\x1b[m\x1b[K \x1b[01;31m\x1b[Kerror: \x1b[m\x1b[K\xe2\x80\x98\x1b[01m\x1b[Kocc_timer_\x1b[m\x1b[K\xe2\x80\x99 was not declared in this scope; did you mean \xe2\x80\x98\x1b[01m\x1b[Krcl_timer_t\x1b[m\x1b[K\xe2\x80\x99?\n'}
[28.272938] (plan_env) StderrLine: {'line': b'  156 |   \x1b[01;31m\x1b[Kocc_timer_\x1b[m\x1b[K = node_->create_wall_timer(std::chrono::duration<double>(0.05), &SDFMap::updateOccupancyCallback, this);\n'}
[28.273024] (plan_env) StderrLine: {'line': b'      |   \x1b[01;31m\x1b[K^~~~~~~~~~\x1b[m\x1b[K\n'}
[28.273106] (plan_env) StderrLine: {'line': b'      |   \x1b[32m\x1b[Krcl_timer_t\x1b[m\x1b[K\n'}
[28.273186] (plan_env) StderrLine: {'line': b'\x1b[01m\x1b[K/root/colcon_ws/src/Fast-Planner/fast_planner/plan_env/src/sdf_map.cpp:156:21:\x1b[m\x1b[K \x1b[01;31m\x1b[Kerror: \x1b[m\x1b[Kbase operand of \xe2\x80\x98\x1b[01m\x1b[K->\x1b[m\x1b[K\xe2\x80\x99 has non-pointer type \xe2\x80\x98\x1b[01m\x1b[Krclcpp::Node\x1b[m\x1b[K\xe2\x80\x99\n'}
[28.273304] (plan_env) StderrLine: {'line': b'  156 |   occ_timer_ = node_\x1b[01;31m\x1b[K->\x1b[m\x1b[Kcreate_wall_timer(std::chrono::duration<double>(0.05), &SDFMap::updateOccupancyCallback, this);\n'}
[28.273387] (plan_env) StderrLine: {'line': b'      |                     \x1b[01;31m\x1b[K^~\x1b[m\x1b[K\n'}
[28.284712] (map_generator) StderrLine: {'line': b'\x1b[01m\x1b[K/root/colcon_ws/src/Fast-Planner/uav_simulator/map_generator/src/random_forest_sensing.cpp:325:23:\x1b[m\x1b[K \x1b[01;31m\x1b[Kerror: \x1b[m\x1b[K\xe2\x80\x98\x1b[01m\x1b[Knode\x1b[m\x1b[K\xe2\x80\x99 was not declared in this scope\n'}
[28.285229] (map_generator) StderrLine: {'line': b'  325 |     rclcpp::spin_some(\x1b[01;31m\x1b[Knode\x1b[m\x1b[K);\n'}
[28.285370] (map_generator) StderrLine: {'line': b'      |                       \x1b[01;31m\x1b[K^~~~\x1b[m\x1b[K\n'}
[28.291465] (-) TimerEvent: {}
[28.297029] (quadrotor_msgs) StdoutLine: {'line': b'[100%] \x1b[32m\x1b[1mLinking C shared library rosidl_generator_py/quadrotor_msgs/quadrotor_msgs_s__rosidl_typesupport_introspection_c.cpython-310-aarch64-linux-gnu.so\x1b[0m\n'}
[28.297645] (quadrotor_msgs) StdoutLine: {'line': b'[100%] \x1b[32m\x1b[1mLinking C shared library rosidl_generator_py/quadrotor_msgs/quadrotor_msgs_s__rosidl_typesupport_fastrtps_c.cpython-310-aarch64-linux-gnu.so\x1b[0m\n'}
[28.321132] (plan_env) StderrLine: {'line': b'\x1b[01m\x1b[K/root/colcon_ws/src/Fast-Planner/fast_planner/plan_env/src/sdf_map.cpp:157:3:\x1b[m\x1b[K \x1b[01;31m\x1b[Kerror: \x1b[m\x1b[K\xe2\x80\x98\x1b[01m\x1b[Kesdf_timer_\x1b[m\x1b[K\xe2\x80\x99 was not declared in this scope\n'}
[28.321647] (plan_env) StderrLine: {'line': b'  157 |   \x1b[01;31m\x1b[Kesdf_timer_\x1b[m\x1b[K = node_->create_wall_timer(std::chrono::duration<double>(0.05), &SDFMap::updateESDFCallback, this);\n'}
[28.321784] (plan_env) StderrLine: {'line': b'      |   \x1b[01;31m\x1b[K^~~~~~~~~~~\x1b[m\x1b[K\n'}
[28.321884] (plan_env) StderrLine: {'line': b'\x1b[01m\x1b[K/root/colcon_ws/src/Fast-Planner/fast_planner/plan_env/src/sdf_map.cpp:157:22:\x1b[m\x1b[K \x1b[01;31m\x1b[Kerror: \x1b[m\x1b[Kbase operand of \xe2\x80\x98\x1b[01m\x1b[K->\x1b[m\x1b[K\xe2\x80\x99 has non-pointer type \xe2\x80\x98\x1b[01m\x1b[Krclcpp::Node\x1b[m\x1b[K\xe2\x80\x99\n'}
[28.321985] (plan_env) StderrLine: {'line': b'  157 |   esdf_timer_ = node_\x1b[01;31m\x1b[K->\x1b[m\x1b[Kcreate_wall_timer(std::chrono::duration<double>(0.05), &SDFMap::updateESDFCallback, this);\n'}
[28.322075] (plan_env) StderrLine: {'line': b'      |                      \x1b[01;31m\x1b[K^~\x1b[m\x1b[K\n'}
[28.353581] (quadrotor_msgs) StdoutLine: {'line': b'[100%] \x1b[32m\x1b[1mLinking C shared library rosidl_generator_py/quadrotor_msgs/quadrotor_msgs_s__rosidl_typesupport_c.cpython-310-aarch64-linux-gnu.so\x1b[0m\n'}
[28.373318] (plan_env) StderrLine: {'line': b'\x1b[01m\x1b[K/root/colcon_ws/src/Fast-Planner/fast_planner/plan_env/src/sdf_map.cpp:158:3:\x1b[m\x1b[K \x1b[01;31m\x1b[Kerror: \x1b[m\x1b[K\xe2\x80\x98\x1b[01m\x1b[Kvis_timer_\x1b[m\x1b[K\xe2\x80\x99 was not declared in this scope\n'}
[28.373983] (plan_env) StderrLine: {'line': b'  158 |   \x1b[01;31m\x1b[Kvis_timer_\x1b[m\x1b[K = node_->create_wall_timer(std::chrono::duration<double>(0.05), &SDFMap::visCallback, this);\n'}
[28.374346] (plan_env) StderrLine: {'line': b'      |   \x1b[01;31m\x1b[K^~~~~~~~~~\x1b[m\x1b[K\n'}
[28.374659] (plan_env) StderrLine: {'line': b'\x1b[01m\x1b[K/root/colcon_ws/src/Fast-Planner/fast_planner/plan_env/src/sdf_map.cpp:158:21:\x1b[m\x1b[K \x1b[01;31m\x1b[Kerror: \x1b[m\x1b[Kbase operand of \xe2\x80\x98\x1b[01m\x1b[K->\x1b[m\x1b[K\xe2\x80\x99 has non-pointer type \xe2\x80\x98\x1b[01m\x1b[Krclcpp::Node\x1b[m\x1b[K\xe2\x80\x99\n'}
[28.374805] (plan_env) StderrLine: {'line': b'  158 |   vis_timer_ = node_\x1b[01;31m\x1b[K->\x1b[m\x1b[Kcreate_wall_timer(std::chrono::duration<double>(0.05), &SDFMap::visCallback, this);\n'}
[28.374923] (plan_env) StderrLine: {'line': b'      |                     \x1b[01;31m\x1b[K^~\x1b[m\x1b[K\n'}
[28.375032] (plan_env) StderrLine: {'line': b'\x1b[01m\x1b[K/root/colcon_ws/src/Fast-Planner/fast_planner/plan_env/src/sdf_map.cpp:160:40:\x1b[m\x1b[K \x1b[01;31m\x1b[Kerror: \x1b[m\x1b[Kbase operand of \xe2\x80\x98\x1b[01m\x1b[K->\x1b[m\x1b[K\xe2\x80\x99 has non-pointer type \xe2\x80\x98\x1b[01m\x1b[Krclcpp::Node\x1b[m\x1b[K\xe2\x80\x99\n'}
[28.375142] (plan_env) StderrLine: {'line': b'  160 |   map_pub_ = /* TODO: \xe8\xbd\xac\xe6\x8d\xa2\xe5\x8f\x91\xe5\xb8\x83 */ node_\x1b[01;31m\x1b[K->\x1b[m\x1b[Kcreate_publisher<sensor_msgs::msg::PointCloud2>("/sdf_map/occupancy", 10);\n'}
[28.375249] (plan_env) StderrLine: {'line': b'      |                                        \x1b[01;31m\x1b[K^~\x1b[m\x1b[K\n'}
[28.375351] (plan_env) StderrLine: {'line': b'\x1b[01m\x1b[K/root/colcon_ws/src/Fast-Planner/fast_planner/plan_env/src/sdf_map.cpp:160:88:\x1b[m\x1b[K \x1b[01;31m\x1b[Kerror: \x1b[m\x1b[Kexpected primary-expression before \xe2\x80\x98\x1b[01m\x1b[K>\x1b[m\x1b[K\xe2\x80\x99 token\n'}
[28.375454] (plan_env) StderrLine: {'line': b'  160 | : \xe8\xbd\xac\xe6\x8d\xa2\xe5\x8f\x91\xe5\xb8\x83 */ node_->create_publisher<sensor_msgs::msg::PointCloud2\x1b[01;31m\x1b[K>\x1b[m\x1b[K("/sdf_map/occupancy", 10);\n'}
[28.375556] (plan_env) StderrLine: {'line': b'      |                                                                    \x1b[01;31m\x1b[K^\x1b[m\x1b[K\n'}
[28.375655] (plan_env) StderrLine: {'line': b'\n'}
[28.375900] (plan_env) StderrLine: {'line': b'\x1b[01m\x1b[K/root/colcon_ws/src/Fast-Planner/fast_planner/plan_env/src/sdf_map.cpp:160:90:\x1b[m\x1b[K \x1b[01;35m\x1b[Kwarning: \x1b[m\x1b[Kleft operand of comma operator has no effect [\x1b[01;35m\x1b[K-Wunused-value\x1b[m\x1b[K]\n'}
[28.376332] (plan_env) StderrLine: {'line': b'  160 | \xe8\xbd\xac\xe6\x8d\xa2\xe5\x8f\x91\xe5\xb8\x83 */ node_->create_publisher<sensor_msgs::msg::PointCloud2>(\x1b[01;35m\x1b[K"/sdf_map/occupancy"\x1b[m\x1b[K, 10);\n'}
[28.376467] (plan_env) StderrLine: {'line': b'      |                                                                    \x1b[01;35m\x1b[K^~~~~~~~~~~~~~~~~~~~\x1b[m\x1b[K\n'}
[28.376578] (plan_env) StderrLine: {'line': b'\n'}
[28.376684] (plan_env) StderrLine: {'line': b'\x1b[01m\x1b[K/root/colcon_ws/src/Fast-Planner/fast_planner/plan_env/src/sdf_map.cpp:161:44:\x1b[m\x1b[K \x1b[01;31m\x1b[Kerror: \x1b[m\x1b[Kbase operand of \xe2\x80\x98\x1b[01m\x1b[K->\x1b[m\x1b[K\xe2\x80\x99 has non-pointer type \xe2\x80\x98\x1b[01m\x1b[Krclcpp::Node\x1b[m\x1b[K\xe2\x80\x99\n'}
[28.376792] (plan_env) StderrLine: {'line': b'  161 |   map_inf_pub_ = /* TODO: \xe8\xbd\xac\xe6\x8d\xa2\xe5\x8f\x91\xe5\xb8\x83 */ node_\x1b[01;31m\x1b[K->\x1b[m\x1b[Kcreate_publisher<sensor_msgs::msg::PointCloud2>("/sdf_map/occupancy_inflate", 10);\n'}
[28.376896] (plan_env) StderrLine: {'line': b'      |                                            \x1b[01;31m\x1b[K^~\x1b[m\x1b[K\n'}
[28.376997] (plan_env) StderrLine: {'line': b'\x1b[01m\x1b[K/root/colcon_ws/src/Fast-Planner/fast_planner/plan_env/src/sdf_map.cpp:161:92:\x1b[m\x1b[K \x1b[01;31m\x1b[Kerror: \x1b[m\x1b[Kexpected primary-expression before \xe2\x80\x98\x1b[01m\x1b[K>\x1b[m\x1b[K\xe2\x80\x99 token\n'}
[28.377100] (plan_env) StderrLine: {'line': b'  161 | : \xe8\xbd\xac\xe6\x8d\xa2\xe5\x8f\x91\xe5\xb8\x83 */ node_->create_publisher<sensor_msgs::msg::PointCloud2\x1b[01;31m\x1b[K>\x1b[m\x1b[K("/sdf_map/occupancy_inflate", 10);\n'}
[28.377638] (plan_env) StderrLine: {'line': b'      |                                                                    \x1b[01;31m\x1b[K^\x1b[m\x1b[K\n'}
[28.377874] (plan_env) StderrLine: {'line': b'\n'}
[28.377977] (plan_env) StderrLine: {'line': b'\x1b[01m\x1b[K/root/colcon_ws/src/Fast-Planner/fast_planner/plan_env/src/sdf_map.cpp:161:94:\x1b[m\x1b[K \x1b[01;35m\x1b[Kwarning: \x1b[m\x1b[Kleft operand of comma operator has no effect [\x1b[01;35m\x1b[K-Wunused-value\x1b[m\x1b[K]\n'}
[28.378100] (plan_env) StderrLine: {'line': b'  161 | \xe8\xbd\xac\xe6\x8d\xa2\xe5\x8f\x91\xe5\xb8\x83 */ node_->create_publisher<sensor_msgs::msg::PointCloud2>(\x1b[01;35m\x1b[K"/sdf_map/occupancy_inflate"\x1b[m\x1b[K, 10);\n'}
[28.378193] (plan_env) StderrLine: {'line': b'      |                                                                    \x1b[01;35m\x1b[K^~~~~~~~~~~~~~~~~~~~~~~~~~~~\x1b[m\x1b[K\n'}
[28.378282] (plan_env) StderrLine: {'line': b'\n'}
[28.378367] (plan_env) StderrLine: {'line': b'\x1b[01m\x1b[K/root/colcon_ws/src/Fast-Planner/fast_planner/plan_env/src/sdf_map.cpp:162:41:\x1b[m\x1b[K \x1b[01;31m\x1b[Kerror: \x1b[m\x1b[Kbase operand of \xe2\x80\x98\x1b[01m\x1b[K->\x1b[m\x1b[K\xe2\x80\x99 has non-pointer type \xe2\x80\x98\x1b[01m\x1b[Krclcpp::Node\x1b[m\x1b[K\xe2\x80\x99\n'}
[28.378463] (plan_env) StderrLine: {'line': b'  162 |   esdf_pub_ = /* TODO: \xe8\xbd\xac\xe6\x8d\xa2\xe5\x8f\x91\xe5\xb8\x83 */ node_\x1b[01;31m\x1b[K->\x1b[m\x1b[Kcreate_publisher<sensor_msgs::msg::PointCloud2>("/sdf_map/esdf", 10);\n'}
[28.378555] (plan_env) StderrLine: {'line': b'      |                                         \x1b[01;31m\x1b[K^~\x1b[m\x1b[K\n'}
[28.378641] (plan_env) StderrLine: {'line': b'\x1b[01m\x1b[K/root/colcon_ws/src/Fast-Planner/fast_planner/plan_env/src/sdf_map.cpp:162:89:\x1b[m\x1b[K \x1b[01;31m\x1b[Kerror: \x1b[m\x1b[Kexpected primary-expression before \xe2\x80\x98\x1b[01m\x1b[K>\x1b[m\x1b[K\xe2\x80\x99 token\n'}
[28.378729] (plan_env) StderrLine: {'line': b'  162 | : \xe8\xbd\xac\xe6\x8d\xa2\xe5\x8f\x91\xe5\xb8\x83 */ node_->create_publisher<sensor_msgs::msg::PointCloud2\x1b[01;31m\x1b[K>\x1b[m\x1b[K("/sdf_map/esdf", 10);\n'}
[28.378815] (plan_env) StderrLine: {'line': b'      |                                                                    \x1b[01;31m\x1b[K^\x1b[m\x1b[K\n'}
[28.378898] (plan_env) StderrLine: {'line': b'\n'}
[28.378981] (plan_env) StderrLine: {'line': b'\x1b[01m\x1b[K/root/colcon_ws/src/Fast-Planner/fast_planner/plan_env/src/sdf_map.cpp:162:91:\x1b[m\x1b[K \x1b[01;35m\x1b[Kwarning: \x1b[m\x1b[Kleft operand of comma operator has no effect [\x1b[01;35m\x1b[K-Wunused-value\x1b[m\x1b[K]\n'}
[28.379065] (plan_env) StderrLine: {'line': b'  162 | \xe8\xbd\xac\xe6\x8d\xa2\xe5\x8f\x91\xe5\xb8\x83 */ node_->create_publisher<sensor_msgs::msg::PointCloud2>(\x1b[01;35m\x1b[K"/sdf_map/esdf"\x1b[m\x1b[K, 10);\n'}
[28.379180] (plan_env) StderrLine: {'line': b'      |                                                                    \x1b[01;35m\x1b[K^~~~~~~~~~~~~~~\x1b[m\x1b[K\n'}
[28.379268] (plan_env) StderrLine: {'line': b'\n'}
[28.379351] (plan_env) StderrLine: {'line': b'\x1b[01m\x1b[K/root/colcon_ws/src/Fast-Planner/fast_planner/plan_env/src/sdf_map.cpp:163:49:\x1b[m\x1b[K \x1b[01;31m\x1b[Kerror: \x1b[m\x1b[Kbase operand of \xe2\x80\x98\x1b[01m\x1b[K->\x1b[m\x1b[K\xe2\x80\x99 has non-pointer type \xe2\x80\x98\x1b[01m\x1b[Krclcpp::Node\x1b[m\x1b[K\xe2\x80\x99\n'}
[28.379442] (plan_env) StderrLine: {'line': b'  163 |   update_range_pub_ = /* TODO: \xe8\xbd\xac\xe6\x8d\xa2\xe5\x8f\x91\xe5\xb8\x83 */ node_\x1b[01;31m\x1b[K->\x1b[m\x1b[Kcreate_publisher<visualization_msgs::msg::Marker>("/sdf_map/update_range", 10);\n'}
[28.379529] (plan_env) StderrLine: {'line': b'      |                                                 \x1b[01;31m\x1b[K^~\x1b[m\x1b[K\n'}
[28.379612] (plan_env) StderrLine: {'line': b'\x1b[01m\x1b[K/root/colcon_ws/src/Fast-Planner/fast_planner/plan_env/src/sdf_map.cpp:163:99:\x1b[m\x1b[K \x1b[01;31m\x1b[Kerror: \x1b[m\x1b[Kexpected primary-expression before \xe2\x80\x98\x1b[01m\x1b[K>\x1b[m\x1b[K\xe2\x80\x99 token\n'}
[28.379730] (plan_env) StderrLine: {'line': b'  163 | \xe8\xbd\xac\xe6\x8d\xa2\xe5\x8f\x91\xe5\xb8\x83 */ node_->create_publisher<visualization_msgs::msg::Marker\x1b[01;31m\x1b[K>\x1b[m\x1b[K("/sdf_map/update_range", 10);\n'}
[28.379818] (plan_env) StderrLine: {'line': b'      |                                                                    \x1b[01;31m\x1b[K^\x1b[m\x1b[K\n'}
[28.379905] (plan_env) StderrLine: {'line': b'\n'}
[28.379985] (plan_env) StderrLine: {'line': b'\x1b[01m\x1b[K/root/colcon_ws/src/Fast-Planner/fast_planner/plan_env/src/sdf_map.cpp:163:101:\x1b[m\x1b[K \x1b[01;35m\x1b[Kwarning: \x1b[m\x1b[Kleft operand of comma operator has no effect [\x1b[01;35m\x1b[K-Wunused-value\x1b[m\x1b[K]\n'}
[28.380069] (plan_env) StderrLine: {'line': b'  163 | \xe6\x8d\xa2\xe5\x8f\x91\xe5\xb8\x83 */ node_->create_publisher<visualization_msgs::msg::Marker>(\x1b[01;35m\x1b[K"/sdf_map/update_range"\x1b[m\x1b[K, 10);\n'}
[28.380153] (plan_env) StderrLine: {'line': b'      |                                                                    \x1b[01;35m\x1b[K^~~~~~~~~~~~~~~~~~~~~~~\x1b[m\x1b[K\n'}
[28.380275] (plan_env) StderrLine: {'line': b'\n'}
[28.380363] (plan_env) StderrLine: {'line': b'\x1b[01m\x1b[K/root/colcon_ws/src/Fast-Planner/fast_planner/plan_env/src/sdf_map.cpp:165:44:\x1b[m\x1b[K \x1b[01;31m\x1b[Kerror: \x1b[m\x1b[Kbase operand of \xe2\x80\x98\x1b[01m\x1b[K->\x1b[m\x1b[K\xe2\x80\x99 has non-pointer type \xe2\x80\x98\x1b[01m\x1b[Krclcpp::Node\x1b[m\x1b[K\xe2\x80\x99\n'}
[28.380452] (plan_env) StderrLine: {'line': b'  165 |   unknown_pub_ = /* TODO: \xe8\xbd\xac\xe6\x8d\xa2\xe5\x8f\x91\xe5\xb8\x83 */ node_\x1b[01;31m\x1b[K->\x1b[m\x1b[Kcreate_publisher<sensor_msgs::msg::PointCloud2>("/sdf_map/unknown", 10);\n'}
[28.380538] (plan_env) StderrLine: {'line': b'      |                                            \x1b[01;31m\x1b[K^~\x1b[m\x1b[K\n'}
[28.380623] (plan_env) StderrLine: {'line': b'\x1b[01m\x1b[K/root/colcon_ws/src/Fast-Planner/fast_planner/plan_env/src/sdf_map.cpp:165:92:\x1b[m\x1b[K \x1b[01;31m\x1b[Kerror: \x1b[m\x1b[Kexpected primary-expression before \xe2\x80\x98\x1b[01m\x1b[K>\x1b[m\x1b[K\xe2\x80\x99 token\n'}
[28.380708] (plan_env) StderrLine: {'line': b'  165 | : \xe8\xbd\xac\xe6\x8d\xa2\xe5\x8f\x91\xe5\xb8\x83 */ node_->create_publisher<sensor_msgs::msg::PointCloud2\x1b[01;31m\x1b[K>\x1b[m\x1b[K("/sdf_map/unknown", 10);\n'}
[28.380813] (plan_env) StderrLine: {'line': b'      |                                                                    \x1b[01;31m\x1b[K^\x1b[m\x1b[K\n'}
[28.380900] (plan_env) StderrLine: {'line': b'\n'}
[28.380982] (plan_env) StderrLine: {'line': b'\x1b[01m\x1b[K/root/colcon_ws/src/Fast-Planner/fast_planner/plan_env/src/sdf_map.cpp:165:94:\x1b[m\x1b[K \x1b[01;35m\x1b[Kwarning: \x1b[m\x1b[Kleft operand of comma operator has no effect [\x1b[01;35m\x1b[K-Wunused-value\x1b[m\x1b[K]\n'}
[28.381067] (plan_env) StderrLine: {'line': b'  165 | \xe8\xbd\xac\xe6\x8d\xa2\xe5\x8f\x91\xe5\xb8\x83 */ node_->create_publisher<sensor_msgs::msg::PointCloud2>(\x1b[01;35m\x1b[K"/sdf_map/unknown"\x1b[m\x1b[K, 10);\n'}
[28.381151] (plan_env) StderrLine: {'line': b'      |                                                                    \x1b[01;35m\x1b[K^~~~~~~~~~~~~~~~~~\x1b[m\x1b[K\n'}
[28.381252] (plan_env) StderrLine: {'line': b'\n'}
[28.381332] (plan_env) StderrLine: {'line': b'\x1b[01m\x1b[K/root/colcon_ws/src/Fast-Planner/fast_planner/plan_env/src/sdf_map.cpp:166:42:\x1b[m\x1b[K \x1b[01;31m\x1b[Kerror: \x1b[m\x1b[Kbase operand of \xe2\x80\x98\x1b[01m\x1b[K->\x1b[m\x1b[K\xe2\x80\x99 has non-pointer type \xe2\x80\x98\x1b[01m\x1b[Krclcpp::Node\x1b[m\x1b[K\xe2\x80\x99\n'}
[28.381417] (plan_env) StderrLine: {'line': b'  166 |   depth_pub_ = /* TODO: \xe8\xbd\xac\xe6\x8d\xa2\xe5\x8f\x91\xe5\xb8\x83 */ node_\x1b[01;31m\x1b[K->\x1b[m\x1b[Kcreate_publisher<sensor_msgs::msg::PointCloud2>("/sdf_map/depth_cloud", 10);\n'}
[28.381503] (plan_env) StderrLine: {'line': b'      |                                          \x1b[01;31m\x1b[K^~\x1b[m\x1b[K\n'}
[28.381586] (plan_env) StderrLine: {'line': b'\x1b[01m\x1b[K/root/colcon_ws/src/Fast-Planner/fast_planner/plan_env/src/sdf_map.cpp:166:90:\x1b[m\x1b[K \x1b[01;31m\x1b[Kerror: \x1b[m\x1b[Kexpected primary-expression before \xe2\x80\x98\x1b[01m\x1b[K>\x1b[m\x1b[K\xe2\x80\x99 token\n'}
[28.381689] (plan_env) StderrLine: {'line': b'  166 | : \xe8\xbd\xac\xe6\x8d\xa2\xe5\x8f\x91\xe5\xb8\x83 */ node_->create_publisher<sensor_msgs::msg::PointCloud2\x1b[01;31m\x1b[K>\x1b[m\x1b[K("/sdf_map/depth_cloud", 10);\n'}
[28.381774] (plan_env) StderrLine: {'line': b'      |                                                                    \x1b[01;31m\x1b[K^\x1b[m\x1b[K\n'}
[28.381858] (plan_env) StderrLine: {'line': b'\n'}
[28.381940] (plan_env) StderrLine: {'line': b'\x1b[01m\x1b[K/root/colcon_ws/src/Fast-Planner/fast_planner/plan_env/src/sdf_map.cpp:166:92:\x1b[m\x1b[K \x1b[01;35m\x1b[Kwarning: \x1b[m\x1b[Kleft operand of comma operator has no effect [\x1b[01;35m\x1b[K-Wunused-value\x1b[m\x1b[K]\n'}
[28.382025] (plan_env) StderrLine: {'line': b'  166 | \xe8\xbd\xac\xe6\x8d\xa2\xe5\x8f\x91\xe5\xb8\x83 */ node_->create_publisher<sensor_msgs::msg::PointCloud2>(\x1b[01;35m\x1b[K"/sdf_map/depth_cloud"\x1b[m\x1b[K, 10);\n'}
[28.382107] (plan_env) StderrLine: {'line': b'      |                                                                    \x1b[01;35m\x1b[K^~~~~~~~~~~~~~~~~~~~~~\x1b[m\x1b[K\n'}
[28.382191] (plan_env) StderrLine: {'line': b'\n'}
[28.389692] (quadrotor_msgs) StdoutLine: {'line': b'[100%] Built target quadrotor_msgs__rosidl_typesupport_fastrtps_c__pyext\n'}
[28.391615] (-) TimerEvent: {}
[28.398248] (plan_env) StderrLine: {'line': b'In file included from \x1b[01m\x1b[K/opt/ros/humble/include/rclcpp/rclcpp/client.hpp:40\x1b[m\x1b[K,\n'}
[28.398800] (plan_env) StderrLine: {'line': b'                 from \x1b[01m\x1b[K/opt/ros/humble/include/rclcpp/rclcpp/callback_group.hpp:24\x1b[m\x1b[K,\n'}
[28.399056] (plan_env) StderrLine: {'line': b'                 from \x1b[01m\x1b[K/opt/ros/humble/include/rclcpp/rclcpp/any_executable.hpp:20\x1b[m\x1b[K,\n'}
[28.399242] (plan_env) StderrLine: {'line': b'                 from \x1b[01m\x1b[K/opt/ros/humble/include/rclcpp/rclcpp/memory_strategy.hpp:25\x1b[m\x1b[K,\n'}
[28.399425] (plan_env) StderrLine: {'line': b'                 from \x1b[01m\x1b[K/opt/ros/humble/include/rclcpp/rclcpp/memory_strategies.hpp:18\x1b[m\x1b[K,\n'}
[28.399612] (plan_env) StderrLine: {'line': b'                 from \x1b[01m\x1b[K/opt/ros/humble/include/rclcpp/rclcpp/executor_options.hpp:20\x1b[m\x1b[K,\n'}
[28.399793] (plan_env) StderrLine: {'line': b'                 from \x1b[01m\x1b[K/opt/ros/humble/include/rclcpp/rclcpp/executor.hpp:37\x1b[m\x1b[K,\n'}
[28.399973] (plan_env) StderrLine: {'line': b'                 from \x1b[01m\x1b[K/opt/ros/humble/include/rclcpp/rclcpp/executors/multi_threaded_executor.hpp:25\x1b[m\x1b[K,\n'}
[28.400150] (plan_env) StderrLine: {'line': b'                 from \x1b[01m\x1b[K/opt/ros/humble/include/rclcpp/rclcpp/executors.hpp:21\x1b[m\x1b[K,\n'}
[28.400346] (plan_env) StderrLine: {'line': b'                 from \x1b[01m\x1b[K/opt/ros/humble/include/rclcpp/rclcpp/rclcpp.hpp:155\x1b[m\x1b[K,\n'}
[28.400552] (plan_env) StderrLine: {'line': b'                 from \x1b[01m\x1b[K/root/colcon_ws/src/Fast-Planner/fast_planner/plan_env/include/plan_env/sdf_map.h:37\x1b[m\x1b[K,\n'}
[28.400668] (plan_env) StderrLine: {'line': b'                 from \x1b[01m\x1b[K/root/colcon_ws/src/Fast-Planner/fast_planner/plan_env/src/sdf_map.cpp:26\x1b[m\x1b[K:\n'}
[28.400762] (plan_env) StderrLine: {'line': b'\x1b[01m\x1b[K/root/colcon_ws/src/Fast-Planner/fast_planner/plan_env/src/sdf_map.cpp:\x1b[m\x1b[K In member function \xe2\x80\x98\x1b[01m\x1b[Kvoid SDFMap::updateESDF3d()\x1b[m\x1b[K\xe2\x80\x99:\n'}
[28.400854] (plan_env) StderrLine: {'line': b'\x1b[01m\x1b[K/root/colcon_ws/src/Fast-Planner/fast_planner/plan_env/src/sdf_map.cpp:302:29:\x1b[m\x1b[K \x1b[01;31m\x1b[Kerror: \x1b[m\x1b[Kbase operand of \xe2\x80\x98\x1b[01m\x1b[K->\x1b[m\x1b[K\xe2\x80\x99 has non-pointer type \xe2\x80\x98\x1b[01m\x1b[Krclcpp::Node\x1b[m\x1b[K\xe2\x80\x99\n'}
[28.400966] (plan_env) StderrLine: {'line': b'  302 |           RCLCPP_ERROR(node_\x1b[01;31m\x1b[K->\x1b[m\x1b[Kget_logger(), this->get_logger(), "what?");\n'}
[28.401053] (plan_env) StderrLine: {'line': b'      |                             \x1b[01;31m\x1b[K^~\x1b[m\x1b[K\n'}
[28.401229] (plan_env) StderrLine: {'line': b'\x1b[01m\x1b[K/root/colcon_ws/src/Fast-Planner/fast_planner/plan_env/src/sdf_map.cpp:302:29:\x1b[m\x1b[K \x1b[01;31m\x1b[Kerror: \x1b[m\x1b[Kbase operand of \xe2\x80\x98\x1b[01m\x1b[K->\x1b[m\x1b[K\xe2\x80\x99 has non-pointer type \xe2\x80\x98\x1b[01m\x1b[Krclcpp::Node\x1b[m\x1b[K\xe2\x80\x99\n'}
[28.401350] (plan_env) StderrLine: {'line': b'\x1b[01m\x1b[K/root/colcon_ws/src/Fast-Planner/fast_planner/plan_env/src/sdf_map.cpp:302:11:\x1b[m\x1b[K \x1b[01;31m\x1b[Kerror: \x1b[m\x1b[Ktemplate argument 1 is invalid\n'}
[28.401447] (plan_env) StderrLine: {'line': b'  302 |           \x1b[01;31m\x1b[KRCLCPP_ERROR\x1b[m\x1b[K(node_->get_logger(), this->get_logger(), "what?");\n'}
[28.401532] (plan_env) StderrLine: {'line': b'      |           \x1b[01;31m\x1b[K^~~~~~~~~~~~\x1b[m\x1b[K\n'}
[28.401762] (plan_env) StderrLine: {'line': b'In file included from \x1b[01m\x1b[K/opt/ros/humble/include/rclcpp/rclcpp/logging.hpp:24\x1b[m\x1b[K,\n'}
[28.401870] (plan_env) StderrLine: {'line': b'                 from \x1b[01m\x1b[K/opt/ros/humble/include/rclcpp/rclcpp/client.hpp:40\x1b[m\x1b[K,\n'}
[28.401958] (plan_env) StderrLine: {'line': b'                 from \x1b[01m\x1b[K/opt/ros/humble/include/rclcpp/rclcpp/callback_group.hpp:24\x1b[m\x1b[K,\n'}
[28.402041] (plan_env) StderrLine: {'line': b'                 from \x1b[01m\x1b[K/opt/ros/humble/include/rclcpp/rclcpp/any_executable.hpp:20\x1b[m\x1b[K,\n'}
[28.402121] (plan_env) StderrLine: {'line': b'                 from \x1b[01m\x1b[K/opt/ros/humble/include/rclcpp/rclcpp/memory_strategy.hpp:25\x1b[m\x1b[K,\n'}
[28.402200] (plan_env) StderrLine: {'line': b'                 from \x1b[01m\x1b[K/opt/ros/humble/include/rclcpp/rclcpp/memory_strategies.hpp:18\x1b[m\x1b[K,\n'}
[28.402280] (plan_env) StderrLine: {'line': b'                 from \x1b[01m\x1b[K/opt/ros/humble/include/rclcpp/rclcpp/executor_options.hpp:20\x1b[m\x1b[K,\n'}
[28.402389] (plan_env) StderrLine: {'line': b'                 from \x1b[01m\x1b[K/opt/ros/humble/include/rclcpp/rclcpp/executor.hpp:37\x1b[m\x1b[K,\n'}
[28.402473] (plan_env) StderrLine: {'line': b'                 from \x1b[01m\x1b[K/opt/ros/humble/include/rclcpp/rclcpp/executors/multi_threaded_executor.hpp:25\x1b[m\x1b[K,\n'}
[28.402557] (plan_env) StderrLine: {'line': b'                 from \x1b[01m\x1b[K/opt/ros/humble/include/rclcpp/rclcpp/executors.hpp:21\x1b[m\x1b[K,\n'}
[28.402638] (plan_env) StderrLine: {'line': b'                 from \x1b[01m\x1b[K/opt/ros/humble/include/rclcpp/rclcpp/rclcpp.hpp:155\x1b[m\x1b[K,\n'}
[28.402720] (plan_env) StderrLine: {'line': b'                 from \x1b[01m\x1b[K/root/colcon_ws/src/Fast-Planner/fast_planner/plan_env/include/plan_env/sdf_map.h:37\x1b[m\x1b[K,\n'}
[28.402802] (plan_env) StderrLine: {'line': b'                 from \x1b[01m\x1b[K/root/colcon_ws/src/Fast-Planner/fast_planner/plan_env/src/sdf_map.cpp:26\x1b[m\x1b[K:\n'}
[28.402884] (plan_env) StderrLine: {'line': b'\x1b[01m\x1b[K/root/colcon_ws/src/Fast-Planner/fast_planner/plan_env/src/sdf_map.cpp:302:29:\x1b[m\x1b[K \x1b[01;31m\x1b[Kerror: \x1b[m\x1b[Kbase operand of \xe2\x80\x98\x1b[01m\x1b[K->\x1b[m\x1b[K\xe2\x80\x99 has non-pointer type \xe2\x80\x98\x1b[01m\x1b[Krclcpp::Node\x1b[m\x1b[K\xe2\x80\x99\n'}
[28.402971] (plan_env) StderrLine: {'line': b'  302 |           RCLCPP_ERROR(node_\x1b[01;31m\x1b[K->\x1b[m\x1b[Kget_logger(), this->get_logger(), "what?");\n'}
[28.403053] (plan_env) StderrLine: {'line': b'      |                             \x1b[01;31m\x1b[K^~\x1b[m\x1b[K\n'}
[28.403133] (plan_env) StderrLine: {'line': b'\x1b[01m\x1b[K/root/colcon_ws/src/Fast-Planner/fast_planner/plan_env/src/sdf_map.cpp:302:29:\x1b[m\x1b[K \x1b[01;31m\x1b[Kerror: \x1b[m\x1b[Kbase operand of \xe2\x80\x98\x1b[01m\x1b[K->\x1b[m\x1b[K\xe2\x80\x99 has non-pointer type \xe2\x80\x98\x1b[01m\x1b[Krclcpp::Node\x1b[m\x1b[K\xe2\x80\x99\n'}
[28.403234] (plan_env) StderrLine: {'line': b'  302 |           RCLCPP_ERROR(node_\x1b[01;31m\x1b[K->\x1b[m\x1b[Kget_logger(), this->get_logger(), "what?");\n'}
[28.403315] (plan_env) StderrLine: {'line': b'      |                             \x1b[01;31m\x1b[K^~\x1b[m\x1b[K\n'}
[28.403505] (plan_env) StderrLine: {'line': b'\x1b[01m\x1b[K/root/colcon_ws/src/Fast-Planner/fast_planner/plan_env/src/sdf_map.cpp:302:51:\x1b[m\x1b[K \x1b[01;31m\x1b[Kerror: \x1b[m\x1b[K\xe2\x80\x98\x1b[01m\x1b[Kclass SDFMap\x1b[m\x1b[K\xe2\x80\x99 has no member named \xe2\x80\x98\x1b[01m\x1b[Kget_logger\x1b[m\x1b[K\xe2\x80\x99\n'}
[28.403612] (plan_env) StderrLine: {'line': b'  302 |           RCLCPP_ERROR(node_->get_logger(), this->\x1b[01;31m\x1b[Kget_logger\x1b[m\x1b[K(), "what?");\n'}
[28.403700] (plan_env) StderrLine: {'line': b'      |                                                   \x1b[01;31m\x1b[K^~~~~~~~~~\x1b[m\x1b[K\n'}
[28.426551] (quadrotor_msgs) StdoutLine: {'line': b'[100%] Built target quadrotor_msgs__rosidl_typesupport_introspection_c__pyext\n'}
[28.443415] (quadrotor_msgs) StdoutLine: {'line': b'[100%] Built target quadrotor_msgs__rosidl_typesupport_c__pyext\n'}
[28.470044] (quadrotor_msgs) JobEnded: {'identifier': 'quadrotor_msgs', 'rc': 'SIGINT'}
[28.491818] (-) TimerEvent: {}
[28.592520] (-) TimerEvent: {}
[28.693367] (-) TimerEvent: {}
[28.794473] (-) TimerEvent: {}
[28.855343] (plan_env) StderrLine: {'line': b'\x1b[01m\x1b[K/root/colcon_ws/src/Fast-Planner/fast_planner/plan_env/src/sdf_map.cpp:\x1b[m\x1b[K At global scope:\n'}
[28.855802] (plan_env) StderrLine: {'line': b'\x1b[01m\x1b[K/root/colcon_ws/src/Fast-Planner/fast_planner/plan_env/src/sdf_map.cpp:765:40:\x1b[m\x1b[K \x1b[01;31m\x1b[Kerror: \x1b[m\x1b[K\xe2\x80\x98\x1b[01m\x1b[KTimerEvent\x1b[m\x1b[K\xe2\x80\x99 in namespace \xe2\x80\x98\x1b[01m\x1b[Krclcpp\x1b[m\x1b[K\xe2\x80\x99 does not name a type\n'}
[28.856042] (plan_env) StderrLine: {'line': b'  765 | void SDFMap::visCallback(const rclcpp::\x1b[01;31m\x1b[KTimerEvent\x1b[m\x1b[K& /*event*/) {\n'}
[28.856159] (plan_env) StderrLine: {'line': b'      |                                        \x1b[01;31m\x1b[K^~~~~~~~~~\x1b[m\x1b[K\n'}
[28.856634] (plan_env) StderrLine: {'line': b'\x1b[01m\x1b[K/root/colcon_ws/src/Fast-Planner/fast_planner/plan_env/src/sdf_map.cpp:775:52:\x1b[m\x1b[K \x1b[01;31m\x1b[Kerror: \x1b[m\x1b[K\xe2\x80\x98\x1b[01m\x1b[KTimerEvent\x1b[m\x1b[K\xe2\x80\x99 in namespace \xe2\x80\x98\x1b[01m\x1b[Krclcpp\x1b[m\x1b[K\xe2\x80\x99 does not name a type\n'}
[28.857943] (plan_env) StderrLine: {'line': b'  775 | void SDFMap::updateOccupancyCallback(const rclcpp::\x1b[01;31m\x1b[KTimerEvent\x1b[m\x1b[K& /*event*/) {\n'}
[28.858223] (plan_env) StderrLine: {'line': b'      |                                                    \x1b[01;31m\x1b[K^~~~~~~~~~\x1b[m\x1b[K\n'}
[28.858327] (plan_env) StderrLine: {'line': b'\x1b[01m\x1b[K/root/colcon_ws/src/Fast-Planner/fast_planner/plan_env/src/sdf_map.cpp:\x1b[m\x1b[K In member function \xe2\x80\x98\x1b[01m\x1b[Kvoid SDFMap::updateOccupancyCallback(const int&)\x1b[m\x1b[K\xe2\x80\x99:\n'}
[28.858458] (plan_env) StderrLine: {'line': b'\x1b[01m\x1b[K/root/colcon_ws/src/Fast-Planner/fast_planner/plan_env/src/sdf_map.cpp:780:13:\x1b[m\x1b[K \x1b[01;31m\x1b[Kerror: \x1b[m\x1b[Kbase operand of \xe2\x80\x98\x1b[01m\x1b[K->\x1b[m\x1b[K\xe2\x80\x99 has non-pointer type \xe2\x80\x98\x1b[01m\x1b[Krclcpp::Node\x1b[m\x1b[K\xe2\x80\x99\n'}
[28.858713] (plan_env) StderrLine: {'line': b'  780 |   t1 = node_\x1b[01;31m\x1b[K->\x1b[m\x1b[Know();\n'}
[28.858863] (plan_env) StderrLine: {'line': b'      |             \x1b[01;31m\x1b[K^~\x1b[m\x1b[K\n'}
[28.858955] (plan_env) StderrLine: {'line': b'\x1b[01m\x1b[K/root/colcon_ws/src/Fast-Planner/fast_planner/plan_env/src/sdf_map.cpp:787:13:\x1b[m\x1b[K \x1b[01;31m\x1b[Kerror: \x1b[m\x1b[Kbase operand of \xe2\x80\x98\x1b[01m\x1b[K->\x1b[m\x1b[K\xe2\x80\x99 has non-pointer type \xe2\x80\x98\x1b[01m\x1b[Krclcpp::Node\x1b[m\x1b[K\xe2\x80\x99\n'}
[28.859062] (plan_env) StderrLine: {'line': b'  787 |   t2 = node_\x1b[01;31m\x1b[K->\x1b[m\x1b[Know();\n'}
[28.859268] (plan_env) StderrLine: {'line': b'      |             \x1b[01;31m\x1b[K^~\x1b[m\x1b[K\n'}
[28.859358] (plan_env) StderrLine: {'line': b'In file included from \x1b[01m\x1b[K/opt/ros/humble/include/rclcpp/rclcpp/client.hpp:40\x1b[m\x1b[K,\n'}
[28.859447] (plan_env) StderrLine: {'line': b'                 from \x1b[01m\x1b[K/opt/ros/humble/include/rclcpp/rclcpp/callback_group.hpp:24\x1b[m\x1b[K,\n'}
[28.859532] (plan_env) StderrLine: {'line': b'                 from \x1b[01m\x1b[K/opt/ros/humble/include/rclcpp/rclcpp/any_executable.hpp:20\x1b[m\x1b[K,\n'}
[28.859615] (plan_env) StderrLine: {'line': b'                 from \x1b[01m\x1b[K/opt/ros/humble/include/rclcpp/rclcpp/memory_strategy.hpp:25\x1b[m\x1b[K,\n'}
[28.859698] (plan_env) StderrLine: {'line': b'                 from \x1b[01m\x1b[K/opt/ros/humble/include/rclcpp/rclcpp/memory_strategies.hpp:18\x1b[m\x1b[K,\n'}
[28.859780] (plan_env) StderrLine: {'line': b'                 from \x1b[01m\x1b[K/opt/ros/humble/include/rclcpp/rclcpp/executor_options.hpp:20\x1b[m\x1b[K,\n'}
[28.859863] (plan_env) StderrLine: {'line': b'                 from \x1b[01m\x1b[K/opt/ros/humble/include/rclcpp/rclcpp/executor.hpp:37\x1b[m\x1b[K,\n'}
[28.859961] (plan_env) StderrLine: {'line': b'                 from \x1b[01m\x1b[K/opt/ros/humble/include/rclcpp/rclcpp/executors/multi_threaded_executor.hpp:25\x1b[m\x1b[K,\n'}
[28.860048] (plan_env) StderrLine: {'line': b'                 from \x1b[01m\x1b[K/opt/ros/humble/include/rclcpp/rclcpp/executors.hpp:21\x1b[m\x1b[K,\n'}
[28.860132] (plan_env) StderrLine: {'line': b'                 from \x1b[01m\x1b[K/opt/ros/humble/include/rclcpp/rclcpp/rclcpp.hpp:155\x1b[m\x1b[K,\n'}
[28.860242] (plan_env) StderrLine: {'line': b'                 from \x1b[01m\x1b[K/root/colcon_ws/src/Fast-Planner/fast_planner/plan_env/include/plan_env/sdf_map.h:37\x1b[m\x1b[K,\n'}
[28.860337] (plan_env) StderrLine: {'line': b'                 from \x1b[01m\x1b[K/root/colcon_ws/src/Fast-Planner/fast_planner/plan_env/src/sdf_map.cpp:26\x1b[m\x1b[K:\n'}
[28.860422] (plan_env) StderrLine: {'line': b'\x1b[01m\x1b[K/root/colcon_ws/src/Fast-Planner/fast_planner/plan_env/src/sdf_map.cpp:793:22:\x1b[m\x1b[K \x1b[01;31m\x1b[Kerror: \x1b[m\x1b[Kbase operand of \xe2\x80\x98\x1b[01m\x1b[K->\x1b[m\x1b[K\xe2\x80\x99 has non-pointer type \xe2\x80\x98\x1b[01m\x1b[Krclcpp::Node\x1b[m\x1b[K\xe2\x80\x99\n'}
[28.860509] (plan_env) StderrLine: {'line': b'  793 |     RCLCPP_WARN(node_\x1b[01;31m\x1b[K->\x1b[m\x1b[Kget_logger(), this->get_logger(), "Fusion: cur t = %lf, avg t = %lf, max t = %lf", (t2 - t1).seconds(),\n'}
[28.860593] (plan_env) StderrLine: {'line': b'      |                      \x1b[01;31m\x1b[K^~\x1b[m\x1b[K\n'}
[28.860723] (plan_env) StderrLine: {'line': b'\x1b[01m\x1b[K/root/colcon_ws/src/Fast-Planner/fast_planner/plan_env/src/sdf_map.cpp:793:22:\x1b[m\x1b[K \x1b[01;31m\x1b[Kerror: \x1b[m\x1b[Kbase operand of \xe2\x80\x98\x1b[01m\x1b[K->\x1b[m\x1b[K\xe2\x80\x99 has non-pointer type \xe2\x80\x98\x1b[01m\x1b[Krclcpp::Node\x1b[m\x1b[K\xe2\x80\x99\n'}
[28.860811] (plan_env) StderrLine: {'line': b'\x1b[01m\x1b[K/root/colcon_ws/src/Fast-Planner/fast_planner/plan_env/src/sdf_map.cpp:793:5:\x1b[m\x1b[K \x1b[01;31m\x1b[Kerror: \x1b[m\x1b[Ktemplate argument 1 is invalid\n'}
[28.860897] (plan_env) StderrLine: {'line': b'  793 |     \x1b[01;31m\x1b[KRCLCPP_WARN\x1b[m\x1b[K(node_->get_logger(), this->get_logger(), "Fusion: cur t = %lf, avg t = %lf, max t = %lf", (t2 - t1).seconds(),\n'}
[28.860997] (plan_env) StderrLine: {'line': b'      |     \x1b[01;31m\x1b[K^~~~~~~~~~~\x1b[m\x1b[K\n'}
[28.861081] (plan_env) StderrLine: {'line': b'In file included from \x1b[01m\x1b[K/opt/ros/humble/include/rclcpp/rclcpp/logging.hpp:24\x1b[m\x1b[K,\n'}
[28.861165] (plan_env) StderrLine: {'line': b'                 from \x1b[01m\x1b[K/opt/ros/humble/include/rclcpp/rclcpp/client.hpp:40\x1b[m\x1b[K,\n'}
[28.861248] (plan_env) StderrLine: {'line': b'                 from \x1b[01m\x1b[K/opt/ros/humble/include/rclcpp/rclcpp/callback_group.hpp:24\x1b[m\x1b[K,\n'}
[28.861383] (plan_env) StderrLine: {'line': b'                 from \x1b[01m\x1b[K/opt/ros/humble/include/rclcpp/rclcpp/any_executable.hpp:20\x1b[m\x1b[K,\n'}
[28.861474] (plan_env) StderrLine: {'line': b'                 from \x1b[01m\x1b[K/opt/ros/humble/include/rclcpp/rclcpp/memory_strategy.hpp:25\x1b[m\x1b[K,\n'}
[28.861561] (plan_env) StderrLine: {'line': b'                 from \x1b[01m\x1b[K/opt/ros/humble/include/rclcpp/rclcpp/memory_strategies.hpp:18\x1b[m\x1b[K,\n'}
[28.861645] (plan_env) StderrLine: {'line': b'                 from \x1b[01m\x1b[K/opt/ros/humble/include/rclcpp/rclcpp/executor_options.hpp:20\x1b[m\x1b[K,\n'}
[28.861729] (plan_env) StderrLine: {'line': b'                 from \x1b[01m\x1b[K/opt/ros/humble/include/rclcpp/rclcpp/executor.hpp:37\x1b[m\x1b[K,\n'}
[28.861812] (plan_env) StderrLine: {'line': b'                 from \x1b[01m\x1b[K/opt/ros/humble/include/rclcpp/rclcpp/executors/multi_threaded_executor.hpp:25\x1b[m\x1b[K,\n'}
[28.861895] (plan_env) StderrLine: {'line': b'                 from \x1b[01m\x1b[K/opt/ros/humble/include/rclcpp/rclcpp/executors.hpp:21\x1b[m\x1b[K,\n'}
[28.861977] (plan_env) StderrLine: {'line': b'                 from \x1b[01m\x1b[K/opt/ros/humble/include/rclcpp/rclcpp/rclcpp.hpp:155\x1b[m\x1b[K,\n'}
[28.862083] (plan_env) StderrLine: {'line': b'                 from \x1b[01m\x1b[K/root/colcon_ws/src/Fast-Planner/fast_planner/plan_env/include/plan_env/sdf_map.h:37\x1b[m\x1b[K,\n'}
[28.862171] (plan_env) StderrLine: {'line': b'                 from \x1b[01m\x1b[K/root/colcon_ws/src/Fast-Planner/fast_planner/plan_env/src/sdf_map.cpp:26\x1b[m\x1b[K:\n'}
[28.862256] (plan_env) StderrLine: {'line': b'\x1b[01m\x1b[K/root/colcon_ws/src/Fast-Planner/fast_planner/plan_env/src/sdf_map.cpp:793:22:\x1b[m\x1b[K \x1b[01;31m\x1b[Kerror: \x1b[m\x1b[Kbase operand of \xe2\x80\x98\x1b[01m\x1b[K->\x1b[m\x1b[K\xe2\x80\x99 has non-pointer type \xe2\x80\x98\x1b[01m\x1b[Krclcpp::Node\x1b[m\x1b[K\xe2\x80\x99\n'}
[28.862343] (plan_env) StderrLine: {'line': b'  793 |     RCLCPP_WARN(node_\x1b[01;31m\x1b[K->\x1b[m\x1b[Kget_logger(), this->get_logger(), "Fusion: cur t = %lf, avg t = %lf, max t = %lf", (t2 - t1).seconds(),\n'}
[28.862428] (plan_env) StderrLine: {'line': b'      |                      \x1b[01;31m\x1b[K^~\x1b[m\x1b[K\n'}
[28.862510] (plan_env) StderrLine: {'line': b'\x1b[01m\x1b[K/root/colcon_ws/src/Fast-Planner/fast_planner/plan_env/src/sdf_map.cpp:793:22:\x1b[m\x1b[K \x1b[01;31m\x1b[Kerror: \x1b[m\x1b[Kbase operand of \xe2\x80\x98\x1b[01m\x1b[K->\x1b[m\x1b[K\xe2\x80\x99 has non-pointer type \xe2\x80\x98\x1b[01m\x1b[Krclcpp::Node\x1b[m\x1b[K\xe2\x80\x99\n'}
[28.862595] (plan_env) StderrLine: {'line': b'  793 |     RCLCPP_WARN(node_\x1b[01;31m\x1b[K->\x1b[m\x1b[Kget_logger(), this->get_logger(), "Fusion: cur t = %lf, avg t = %lf, max t = %lf", (t2 - t1).seconds(),\n'}
[28.862677] (plan_env) StderrLine: {'line': b'      |                      \x1b[01;31m\x1b[K^~\x1b[m\x1b[K\n'}
[28.862758] (plan_env) StderrLine: {'line': b'\x1b[01m\x1b[K/root/colcon_ws/src/Fast-Planner/fast_planner/plan_env/src/sdf_map.cpp:793:44:\x1b[m\x1b[K \x1b[01;31m\x1b[Kerror: \x1b[m\x1b[K\xe2\x80\x98\x1b[01m\x1b[Kclass SDFMap\x1b[m\x1b[K\xe2\x80\x99 has no member named \xe2\x80\x98\x1b[01m\x1b[Kget_logger\x1b[m\x1b[K\xe2\x80\x99\n'}
[28.862843] (plan_env) StderrLine: {'line': b'  793 |     RCLCPP_WARN(node_->get_logger(), this->\x1b[01;31m\x1b[Kget_logger\x1b[m\x1b[K(), "Fusion: cur t = %lf, avg t = %lf, max t = %lf", (t2 - t1).seconds(),\n'}
[28.862926] (plan_env) StderrLine: {'line': b'      |                                            \x1b[01;31m\x1b[K^~~~~~~~~~\x1b[m\x1b[K\n'}
[28.863007] (plan_env) StderrLine: {'line': b'\x1b[01m\x1b[K/root/colcon_ws/src/Fast-Planner/fast_planner/plan_env/src/sdf_map.cpp:\x1b[m\x1b[K At global scope:\n'}
[28.863100] (plan_env) StderrLine: {'line': b'\x1b[01m\x1b[K/root/colcon_ws/src/Fast-Planner/fast_planner/plan_env/src/sdf_map.cpp:801:47:\x1b[m\x1b[K \x1b[01;31m\x1b[Kerror: \x1b[m\x1b[K\xe2\x80\x98\x1b[01m\x1b[KTimerEvent\x1b[m\x1b[K\xe2\x80\x99 in namespace \xe2\x80\x98\x1b[01m\x1b[Krclcpp\x1b[m\x1b[K\xe2\x80\x99 does not name a type\n'}
[28.863196] (plan_env) StderrLine: {'line': b'  801 | void SDFMap::updateESDFCallback(const rclcpp::\x1b[01;31m\x1b[KTimerEvent\x1b[m\x1b[K& /*event*/) {\n'}
[28.863281] (plan_env) StderrLine: {'line': b'      |                                               \x1b[01;31m\x1b[K^~~~~~~~~~\x1b[m\x1b[K\n'}
[28.863365] (plan_env) StderrLine: {'line': b'\x1b[01m\x1b[K/root/colcon_ws/src/Fast-Planner/fast_planner/plan_env/src/sdf_map.cpp:\x1b[m\x1b[K In member function \xe2\x80\x98\x1b[01m\x1b[Kvoid SDFMap::updateESDFCallback(const int&)\x1b[m\x1b[K\xe2\x80\x99:\n'}
[28.863586] (plan_env) StderrLine: {'line': b'\x1b[01m\x1b[K/root/colcon_ws/src/Fast-Planner/fast_planner/plan_env/src/sdf_map.cpp:806:13:\x1b[m\x1b[K \x1b[01;31m\x1b[Kerror: \x1b[m\x1b[Kbase operand of \xe2\x80\x98\x1b[01m\x1b[K->\x1b[m\x1b[K\xe2\x80\x99 has non-pointer type \xe2\x80\x98\x1b[01m\x1b[Krclcpp::Node\x1b[m\x1b[K\xe2\x80\x99\n'}
[28.863677] (plan_env) StderrLine: {'line': b'  806 |   t1 = node_\x1b[01;31m\x1b[K->\x1b[m\x1b[Know();\n'}
[28.863763] (plan_env) StderrLine: {'line': b'      |             \x1b[01;31m\x1b[K^~\x1b[m\x1b[K\n'}
[28.863846] (plan_env) StderrLine: {'line': b'\x1b[01m\x1b[K/root/colcon_ws/src/Fast-Planner/fast_planner/plan_env/src/sdf_map.cpp:810:13:\x1b[m\x1b[K \x1b[01;31m\x1b[Kerror: \x1b[m\x1b[Kbase operand of \xe2\x80\x98\x1b[01m\x1b[K->\x1b[m\x1b[K\xe2\x80\x99 has non-pointer type \xe2\x80\x98\x1b[01m\x1b[Krclcpp::Node\x1b[m\x1b[K\xe2\x80\x99\n'}
[28.863930] (plan_env) StderrLine: {'line': b'  810 |   t2 = node_\x1b[01;31m\x1b[K->\x1b[m\x1b[Know();\n'}
[28.864012] (plan_env) StderrLine: {'line': b'      |             \x1b[01;31m\x1b[K^~\x1b[m\x1b[K\n'}
[28.864096] (plan_env) StderrLine: {'line': b'In file included from \x1b[01m\x1b[K/opt/ros/humble/include/rclcpp/rclcpp/client.hpp:40\x1b[m\x1b[K,\n'}
[28.864178] (plan_env) StderrLine: {'line': b'                 from \x1b[01m\x1b[K/opt/ros/humble/include/rclcpp/rclcpp/callback_group.hpp:24\x1b[m\x1b[K,\n'}
[28.864391] (plan_env) StderrLine: {'line': b'                 from \x1b[01m\x1b[K/opt/ros/humble/include/rclcpp/rclcpp/any_executable.hpp:20\x1b[m\x1b[K,\n'}
[28.864506] (plan_env) StderrLine: {'line': b'                 from \x1b[01m\x1b[K/opt/ros/humble/include/rclcpp/rclcpp/memory_strategy.hpp:25\x1b[m\x1b[K,\n'}
[28.864595] (plan_env) StderrLine: {'line': b'                 from \x1b[01m\x1b[K/opt/ros/humble/include/rclcpp/rclcpp/memory_strategies.hpp:18\x1b[m\x1b[K,\n'}
[28.864679] (plan_env) StderrLine: {'line': b'                 from \x1b[01m\x1b[K/opt/ros/humble/include/rclcpp/rclcpp/executor_options.hpp:20\x1b[m\x1b[K,\n'}
[28.864762] (plan_env) StderrLine: {'line': b'                 from \x1b[01m\x1b[K/opt/ros/humble/include/rclcpp/rclcpp/executor.hpp:37\x1b[m\x1b[K,\n'}
[28.864845] (plan_env) StderrLine: {'line': b'                 from \x1b[01m\x1b[K/opt/ros/humble/include/rclcpp/rclcpp/executors/multi_threaded_executor.hpp:25\x1b[m\x1b[K,\n'}
[28.864928] (plan_env) StderrLine: {'line': b'                 from \x1b[01m\x1b[K/opt/ros/humble/include/rclcpp/rclcpp/executors.hpp:21\x1b[m\x1b[K,\n'}
[28.865010] (plan_env) StderrLine: {'line': b'                 from \x1b[01m\x1b[K/opt/ros/humble/include/rclcpp/rclcpp/rclcpp.hpp:155\x1b[m\x1b[K,\n'}
[28.865106] (plan_env) StderrLine: {'line': b'                 from \x1b[01m\x1b[K/root/colcon_ws/src/Fast-Planner/fast_planner/plan_env/include/plan_env/sdf_map.h:37\x1b[m\x1b[K,\n'}
[28.865230] (plan_env) StderrLine: {'line': b'                 from \x1b[01m\x1b[K/root/colcon_ws/src/Fast-Planner/fast_planner/plan_env/src/sdf_map.cpp:26\x1b[m\x1b[K:\n'}
[28.865353] (plan_env) StderrLine: {'line': b'\x1b[01m\x1b[K/root/colcon_ws/src/Fast-Planner/fast_planner/plan_env/src/sdf_map.cpp:816:22:\x1b[m\x1b[K \x1b[01;31m\x1b[Kerror: \x1b[m\x1b[Kbase operand of \xe2\x80\x98\x1b[01m\x1b[K->\x1b[m\x1b[K\xe2\x80\x99 has non-pointer type \xe2\x80\x98\x1b[01m\x1b[Krclcpp::Node\x1b[m\x1b[K\xe2\x80\x99\n'}
[28.865707] (plan_env) StderrLine: {'line': b'  816 |     RCLCPP_WARN(node_\x1b[01;31m\x1b[K->\x1b[m\x1b[Kget_logger(), this->get_logger(), "ESDF: cur t = %lf, avg t = %lf, max t = %lf", (t2 - t1).seconds(),\n'}
[28.865808] (plan_env) StderrLine: {'line': b'      |                      \x1b[01;31m\x1b[K^~\x1b[m\x1b[K\n'}
[28.865897] (plan_env) StderrLine: {'line': b'\x1b[01m\x1b[K/root/colcon_ws/src/Fast-Planner/fast_planner/plan_env/src/sdf_map.cpp:816:22:\x1b[m\x1b[K \x1b[01;31m\x1b[Kerror: \x1b[m\x1b[Kbase operand of \xe2\x80\x98\x1b[01m\x1b[K->\x1b[m\x1b[K\xe2\x80\x99 has non-pointer type \xe2\x80\x98\x1b[01m\x1b[Krclcpp::Node\x1b[m\x1b[K\xe2\x80\x99\n'}
[28.866170] (plan_env) StderrLine: {'line': b'\x1b[01m\x1b[K/root/colcon_ws/src/Fast-Planner/fast_planner/plan_env/src/sdf_map.cpp:816:5:\x1b[m\x1b[K \x1b[01;31m\x1b[Kerror: \x1b[m\x1b[Ktemplate argument 1 is invalid\n'}
[28.866538] (plan_env) StderrLine: {'line': b'  816 |     \x1b[01;31m\x1b[KRCLCPP_WARN\x1b[m\x1b[K(node_->get_logger(), this->get_logger(), "ESDF: cur t = %lf, avg t = %lf, max t = %lf", (t2 - t1).seconds(),\n'}
[28.866681] (plan_env) StderrLine: {'line': b'      |     \x1b[01;31m\x1b[K^~~~~~~~~~~\x1b[m\x1b[K\n'}
[28.866785] (plan_env) StderrLine: {'line': b'In file included from \x1b[01m\x1b[K/opt/ros/humble/include/rclcpp/rclcpp/logging.hpp:24\x1b[m\x1b[K,\n'}
[28.866881] (plan_env) StderrLine: {'line': b'                 from \x1b[01m\x1b[K/opt/ros/humble/include/rclcpp/rclcpp/client.hpp:40\x1b[m\x1b[K,\n'}
[28.866975] (plan_env) StderrLine: {'line': b'                 from \x1b[01m\x1b[K/opt/ros/humble/include/rclcpp/rclcpp/callback_group.hpp:24\x1b[m\x1b[K,\n'}
[28.867070] (plan_env) StderrLine: {'line': b'                 from \x1b[01m\x1b[K/opt/ros/humble/include/rclcpp/rclcpp/any_executable.hpp:20\x1b[m\x1b[K,\n'}
[28.867158] (plan_env) StderrLine: {'line': b'                 from \x1b[01m\x1b[K/opt/ros/humble/include/rclcpp/rclcpp/memory_strategy.hpp:25\x1b[m\x1b[K,\n'}
[28.867242] (plan_env) StderrLine: {'line': b'                 from \x1b[01m\x1b[K/opt/ros/humble/include/rclcpp/rclcpp/memory_strategies.hpp:18\x1b[m\x1b[K,\n'}
[28.867328] (plan_env) StderrLine: {'line': b'                 from \x1b[01m\x1b[K/opt/ros/humble/include/rclcpp/rclcpp/executor_options.hpp:20\x1b[m\x1b[K,\n'}
[28.867414] (plan_env) StderrLine: {'line': b'                 from \x1b[01m\x1b[K/opt/ros/humble/include/rclcpp/rclcpp/executor.hpp:37\x1b[m\x1b[K,\n'}
[28.867546] (plan_env) StderrLine: {'line': b'                 from \x1b[01m\x1b[K/opt/ros/humble/include/rclcpp/rclcpp/executors/multi_threaded_executor.hpp:25\x1b[m\x1b[K,\n'}
[28.867635] (plan_env) StderrLine: {'line': b'                 from \x1b[01m\x1b[K/opt/ros/humble/include/rclcpp/rclcpp/executors.hpp:21\x1b[m\x1b[K,\n'}
[28.867831] (plan_env) StderrLine: {'line': b'                 from \x1b[01m\x1b[K/opt/ros/humble/include/rclcpp/rclcpp/rclcpp.hpp:155\x1b[m\x1b[K,\n'}
[28.867933] (plan_env) StderrLine: {'line': b'                 from \x1b[01m\x1b[K/root/colcon_ws/src/Fast-Planner/fast_planner/plan_env/include/plan_env/sdf_map.h:37\x1b[m\x1b[K,\n'}
[28.868024] (plan_env) StderrLine: {'line': b'                 from \x1b[01m\x1b[K/root/colcon_ws/src/Fast-Planner/fast_planner/plan_env/src/sdf_map.cpp:26\x1b[m\x1b[K:\n'}
[28.868113] (plan_env) StderrLine: {'line': b'\x1b[01m\x1b[K/root/colcon_ws/src/Fast-Planner/fast_planner/plan_env/src/sdf_map.cpp:816:22:\x1b[m\x1b[K \x1b[01;31m\x1b[Kerror: \x1b[m\x1b[Kbase operand of \xe2\x80\x98\x1b[01m\x1b[K->\x1b[m\x1b[K\xe2\x80\x99 has non-pointer type \xe2\x80\x98\x1b[01m\x1b[Krclcpp::Node\x1b[m\x1b[K\xe2\x80\x99\n'}
[28.868237] (plan_env) StderrLine: {'line': b'  816 |     RCLCPP_WARN(node_\x1b[01;31m\x1b[K->\x1b[m\x1b[Kget_logger(), this->get_logger(), "ESDF: cur t = %lf, avg t = %lf, max t = %lf", (t2 - t1).seconds(),\n'}
[28.868338] (plan_env) StderrLine: {'line': b'      |                      \x1b[01;31m\x1b[K^~\x1b[m\x1b[K\n'}
[28.868427] (plan_env) StderrLine: {'line': b'\x1b[01m\x1b[K/root/colcon_ws/src/Fast-Planner/fast_planner/plan_env/src/sdf_map.cpp:816:22:\x1b[m\x1b[K \x1b[01;31m\x1b[Kerror: \x1b[m\x1b[Kbase operand of \xe2\x80\x98\x1b[01m\x1b[K->\x1b[m\x1b[K\xe2\x80\x99 has non-pointer type \xe2\x80\x98\x1b[01m\x1b[Krclcpp::Node\x1b[m\x1b[K\xe2\x80\x99\n'}
[28.868547] (plan_env) StderrLine: {'line': b'  816 |     RCLCPP_WARN(node_\x1b[01;31m\x1b[K->\x1b[m\x1b[Kget_logger(), this->get_logger(), "ESDF: cur t = %lf, avg t = %lf, max t = %lf", (t2 - t1).seconds(),\n'}
[28.868720] (plan_env) StderrLine: {'line': b'      |                      \x1b[01;31m\x1b[K^~\x1b[m\x1b[K\n'}
[28.868808] (plan_env) StderrLine: {'line': b'\x1b[01m\x1b[K/root/colcon_ws/src/Fast-Planner/fast_planner/plan_env/src/sdf_map.cpp:816:44:\x1b[m\x1b[K \x1b[01;31m\x1b[Kerror: \x1b[m\x1b[K\xe2\x80\x98\x1b[01m\x1b[Kclass SDFMap\x1b[m\x1b[K\xe2\x80\x99 has no member named \xe2\x80\x98\x1b[01m\x1b[Kget_logger\x1b[m\x1b[K\xe2\x80\x99\n'}
[28.868918] (plan_env) StderrLine: {'line': b'  816 |     RCLCPP_WARN(node_->get_logger(), this->\x1b[01;31m\x1b[Kget_logger\x1b[m\x1b[K(), "ESDF: cur t = %lf, avg t = %lf, max t = %lf", (t2 - t1).seconds(),\n'}
[28.869007] (plan_env) StderrLine: {'line': b'      |                                            \x1b[01;31m\x1b[K^~~~~~~~~~\x1b[m\x1b[K\n'}
[28.869097] (plan_env) StderrLine: {'line': b'\x1b[01m\x1b[K/root/colcon_ws/src/Fast-Planner/fast_planner/plan_env/src/sdf_map.cpp:\x1b[m\x1b[K At global scope:\n'}
[28.869195] (plan_env) StderrLine: {'line': b'\x1b[01m\x1b[K/root/colcon_ws/src/Fast-Planner/fast_planner/plan_env/src/sdf_map.cpp:822:56:\x1b[m\x1b[K \x1b[01;31m\x1b[Kerror: \x1b[m\x1b[K\xe2\x80\x98\x1b[01m\x1b[KImageSharedPtr\x1b[m\x1b[K\xe2\x80\x99 in namespace \xe2\x80\x98\x1b[01m\x1b[Ksensor_msgs::msg\x1b[m\x1b[K\xe2\x80\x99 does not name a type\n'}
[28.869288] (plan_env) StderrLine: {'line': b'  822 | void SDFMap::depthPoseCallback(const sensor_msgs::msg::\x1b[01;31m\x1b[KImageSharedPtr\x1b[m\x1b[K& img,\n'}
[28.869579] (plan_env) StderrLine: {'line': b'      |                                                        \x1b[01;31m\x1b[K^~~~~~~~~~~~~~\x1b[m\x1b[K\n'}
[28.869677] (plan_env) StderrLine: {'line': b'\x1b[01m\x1b[K/root/colcon_ws/src/Fast-Planner/fast_planner/plan_env/src/sdf_map.cpp:823:58:\x1b[m\x1b[K \x1b[01;31m\x1b[Kerror: \x1b[m\x1b[K\xe2\x80\x98\x1b[01m\x1b[KPoseStampedSharedPtr\x1b[m\x1b[K\xe2\x80\x99 in namespace \xe2\x80\x98\x1b[01m\x1b[Kgeometry_msgs::msg\x1b[m\x1b[K\xe2\x80\x99 does not name a type\n'}
[28.869772] (plan_env) StderrLine: {'line': b'  823 |                                const geometry_msgs::msg::\x1b[01;31m\x1b[KPoseStampedSharedPtr\x1b[m\x1b[K& pose) {\n'}
[28.869938] (plan_env) StderrLine: {'line': b'      |                                                          \x1b[01;31m\x1b[K^~~~~~~~~~~~~~~~~~~~\x1b[m\x1b[K\n'}
[28.871650] (plan_env) StderrLine: {'line': b'\x1b[01m\x1b[K/root/colcon_ws/src/Fast-Planner/fast_planner/plan_env/src/sdf_map.cpp:\x1b[m\x1b[K In member function \xe2\x80\x98\x1b[01m\x1b[Kvoid SDFMap::depthPoseCallback(const int&, const int&)\x1b[m\x1b[K\xe2\x80\x99:\n'}
[28.871960] (plan_env) StderrLine: {'line': b'\x1b[01m\x1b[K/root/colcon_ws/src/Fast-Planner/fast_planner/plan_env/src/sdf_map.cpp:826:40:\x1b[m\x1b[K \x1b[01;31m\x1b[Kerror: \x1b[m\x1b[Kbase operand of \xe2\x80\x98\x1b[01m\x1b[K->\x1b[m\x1b[K\xe2\x80\x99 is not a pointer\n'}
[28.872062] (plan_env) StderrLine: {'line': b'  826 |   cv_ptr = cv_bridge::toCvCopy(img, img\x1b[01;31m\x1b[K->\x1b[m\x1b[Kencoding);\n'}
[28.872155] (plan_env) StderrLine: {'line': b'      |                                        \x1b[01;31m\x1b[K^~\x1b[m\x1b[K\n'}
[28.872279] (plan_env) StderrLine: {'line': b'\x1b[01m\x1b[K/root/colcon_ws/src/Fast-Planner/fast_planner/plan_env/src/sdf_map.cpp:828:10:\x1b[m\x1b[K \x1b[01;31m\x1b[Kerror: \x1b[m\x1b[Kbase operand of \xe2\x80\x98\x1b[01m\x1b[K->\x1b[m\x1b[K\xe2\x80\x99 is not a pointer\n'}
[28.872371] (plan_env) StderrLine: {'line': b'  828 |   if (img\x1b[01;31m\x1b[K->\x1b[m\x1b[Kencoding == sensor_msgs::msg::image_encodings::TYPE_32FC1) {\n'}
[28.872521] (plan_env) StderrLine: {'line': b'      |          \x1b[01;31m\x1b[K^~\x1b[m\x1b[K\n'}
[28.872729] (plan_env) StderrLine: {'line': b'\x1b[01m\x1b[K/root/colcon_ws/src/Fast-Planner/fast_planner/plan_env/src/sdf_map.cpp:828:42:\x1b[m\x1b[K \x1b[01;31m\x1b[Kerror: \x1b[m\x1b[K\xe2\x80\x98\x1b[01m\x1b[Ksensor_msgs::msg::image_encodings\x1b[m\x1b[K\xe2\x80\x99 has not been declared\n'}
[28.872824] (plan_env) StderrLine: {'line': b'  828 |   if (img->encoding == sensor_msgs::msg::\x1b[01;31m\x1b[Kimage_encodings\x1b[m\x1b[K::TYPE_32FC1) {\n'}
[28.872911] (plan_env) StderrLine: {'line': b'      |                                          \x1b[01;31m\x1b[K^~~~~~~~~~~~~~~\x1b[m\x1b[K\n'}
[28.872998] (plan_env) StderrLine: {'line': b'\x1b[01m\x1b[K/root/colcon_ws/src/Fast-Planner/fast_planner/plan_env/src/sdf_map.cpp:836:28:\x1b[m\x1b[K \x1b[01;31m\x1b[Kerror: \x1b[m\x1b[Kbase operand of \xe2\x80\x98\x1b[01m\x1b[K->\x1b[m\x1b[K\xe2\x80\x99 is not a pointer\n'}
[28.873099] (plan_env) StderrLine: {'line': b'  836 |   md_.camera_pos_(0) = pose\x1b[01;31m\x1b[K->\x1b[m\x1b[Kpose.position.x;\n'}
[28.873185] (plan_env) StderrLine: {'line': b'      |                            \x1b[01;31m\x1b[K^~\x1b[m\x1b[K\n'}
[28.873271] (plan_env) StderrLine: {'line': b'\x1b[01m\x1b[K/root/colcon_ws/src/Fast-Planner/fast_planner/plan_env/src/sdf_map.cpp:837:28:\x1b[m\x1b[K \x1b[01;31m\x1b[Kerror: \x1b[m\x1b[Kbase operand of \xe2\x80\x98\x1b[01m\x1b[K->\x1b[m\x1b[K\xe2\x80\x99 is not a pointer\n'}
[28.873357] (plan_env) StderrLine: {'line': b'  837 |   md_.camera_pos_(1) = pose\x1b[01;31m\x1b[K->\x1b[m\x1b[Kpose.position.y;\n'}
[28.873440] (plan_env) StderrLine: {'line': b'      |                            \x1b[01;31m\x1b[K^~\x1b[m\x1b[K\n'}
[28.873525] (plan_env) StderrLine: {'line': b'\x1b[01m\x1b[K/root/colcon_ws/src/Fast-Planner/fast_planner/plan_env/src/sdf_map.cpp:838:28:\x1b[m\x1b[K \x1b[01;31m\x1b[Kerror: \x1b[m\x1b[Kbase operand of \xe2\x80\x98\x1b[01m\x1b[K->\x1b[m\x1b[K\xe2\x80\x99 is not a pointer\n'}
[28.873610] (plan_env) StderrLine: {'line': b'  838 |   md_.camera_pos_(2) = pose\x1b[01;31m\x1b[K->\x1b[m\x1b[Kpose.position.z;\n'}
[28.873693] (plan_env) StderrLine: {'line': b'      |                            \x1b[01;31m\x1b[K^~\x1b[m\x1b[K\n'}
[28.873776] (plan_env) StderrLine: {'line': b'\x1b[01m\x1b[K/root/colcon_ws/src/Fast-Planner/fast_planner/plan_env/src/sdf_map.cpp:839:42:\x1b[m\x1b[K \x1b[01;31m\x1b[Kerror: \x1b[m\x1b[Kbase operand of \xe2\x80\x98\x1b[01m\x1b[K->\x1b[m\x1b[K\xe2\x80\x99 is not a pointer\n'}
[28.873860] (plan_env) StderrLine: {'line': b'  839 |   md_.camera_q_ = Eigen::Quaterniond(pose\x1b[01;31m\x1b[K->\x1b[m\x1b[Kpose.orientation.w, pose->pose.orientation.x,\n'}
[28.873945] (plan_env) StderrLine: {'line': b'      |                                          \x1b[01;31m\x1b[K^~\x1b[m\x1b[K\n'}
[28.874028] (plan_env) StderrLine: {'line': b'\x1b[01m\x1b[K/root/colcon_ws/src/Fast-Planner/fast_planner/plan_env/src/sdf_map.cpp:839:68:\x1b[m\x1b[K \x1b[01;31m\x1b[Kerror: \x1b[m\x1b[Kbase operand of \xe2\x80\x98\x1b[01m\x1b[K->\x1b[m\x1b[K\xe2\x80\x99 is not a pointer\n'}
[28.874111] (plan_env) StderrLine: {'line': b'  839 |   md_.camera_q_ = Eigen::Quaterniond(pose->pose.orientation.w, pose\x1b[01;31m\x1b[K->\x1b[m\x1b[Kpose.orientation.x,\n'}
[28.874194] (plan_env) StderrLine: {'line': b'      |                                                                    \x1b[01;31m\x1b[K^~\x1b[m\x1b[K\n'}
[28.874292] (plan_env) StderrLine: {'line': b'\x1b[01m\x1b[K/root/colcon_ws/src/Fast-Planner/fast_planner/plan_env/src/sdf_map.cpp:840:42:\x1b[m\x1b[K \x1b[01;31m\x1b[Kerror: \x1b[m\x1b[Kbase operand of \xe2\x80\x98\x1b[01m\x1b[K->\x1b[m\x1b[K\xe2\x80\x99 is not a pointer\n'}
[28.874387] (plan_env) StderrLine: {'line': b'  840 |                                      pose\x1b[01;31m\x1b[K->\x1b[m\x1b[Kpose.orientation.y, pose->pose.orientation.z);\n'}
[28.874475] (plan_env) StderrLine: {'line': b'      |                                          \x1b[01;31m\x1b[K^~\x1b[m\x1b[K\n'}
[28.874559] (plan_env) StderrLine: {'line': b'\x1b[01m\x1b[K/root/colcon_ws/src/Fast-Planner/fast_planner/plan_env/src/sdf_map.cpp:840:68:\x1b[m\x1b[K \x1b[01;31m\x1b[Kerror: \x1b[m\x1b[Kbase operand of \xe2\x80\x98\x1b[01m\x1b[K->\x1b[m\x1b[K\xe2\x80\x99 is not a pointer\n'}
[28.874655] (plan_env) StderrLine: {'line': b'  840 |                                      pose->pose.orientation.y, pose\x1b[01;31m\x1b[K->\x1b[m\x1b[Kpose.orientation.z);\n'}
[28.874740] (plan_env) StderrLine: {'line': b'      |                                                                    \x1b[01;31m\x1b[K^~\x1b[m\x1b[K\n'}
[28.874822] (plan_env) StderrLine: {'line': b'\x1b[01m\x1b[K/root/colcon_ws/src/Fast-Planner/fast_planner/plan_env/src/sdf_map.cpp:\x1b[m\x1b[K At global scope:\n'}
[28.874905] (plan_env) StderrLine: {'line': b'\x1b[01m\x1b[K/root/colcon_ws/src/Fast-Planner/fast_planner/plan_env/src/sdf_map.cpp:850:48:\x1b[m\x1b[K \x1b[01;31m\x1b[Kerror: \x1b[m\x1b[K\xe2\x80\x98\x1b[01m\x1b[KOdometrySharedPtr\x1b[m\x1b[K\xe2\x80\x99 in namespace \xe2\x80\x98\x1b[01m\x1b[Knav_msgs::msg\x1b[m\x1b[K\xe2\x80\x99 does not name a type\n'}
[28.874993] (plan_env) StderrLine: {'line': b'  850 | void SDFMap::odomCallback(const nav_msgs::msg::\x1b[01;31m\x1b[KOdometrySharedPtr\x1b[m\x1b[K& odom) {\n'}
[28.875086] (plan_env) StderrLine: {'line': b'      |                                                \x1b[01;31m\x1b[K^~~~~~~~~~~~~~~~~\x1b[m\x1b[K\n'}
[28.875173] (plan_env) StderrLine: {'line': b'\x1b[01m\x1b[K/root/colcon_ws/src/Fast-Planner/fast_planner/plan_env/src/sdf_map.cpp:\x1b[m\x1b[K In member function \xe2\x80\x98\x1b[01m\x1b[Kvoid SDFMap::odomCallback(const int&)\x1b[m\x1b[K\xe2\x80\x99:\n'}
[28.875259] (plan_env) StderrLine: {'line': b'\x1b[01m\x1b[K/root/colcon_ws/src/Fast-Planner/fast_planner/plan_env/src/sdf_map.cpp:853:28:\x1b[m\x1b[K \x1b[01;31m\x1b[Kerror: \x1b[m\x1b[Kbase operand of \xe2\x80\x98\x1b[01m\x1b[K->\x1b[m\x1b[K\xe2\x80\x99 is not a pointer\n'}
[28.875343] (plan_env) StderrLine: {'line': b'  853 |   md_.camera_pos_(0) = odom\x1b[01;31m\x1b[K->\x1b[m\x1b[Kpose.pose.position.x;\n'}
[28.875426] (plan_env) StderrLine: {'line': b'      |                            \x1b[01;31m\x1b[K^~\x1b[m\x1b[K\n'}
[28.875508] (plan_env) StderrLine: {'line': b'\x1b[01m\x1b[K/root/colcon_ws/src/Fast-Planner/fast_planner/plan_env/src/sdf_map.cpp:854:28:\x1b[m\x1b[K \x1b[01;31m\x1b[Kerror: \x1b[m\x1b[Kbase operand of \xe2\x80\x98\x1b[01m\x1b[K->\x1b[m\x1b[K\xe2\x80\x99 is not a pointer\n'}
[28.875590] (plan_env) StderrLine: {'line': b'  854 |   md_.camera_pos_(1) = odom\x1b[01;31m\x1b[K->\x1b[m\x1b[Kpose.pose.position.y;\n'}
[28.875671] (plan_env) StderrLine: {'line': b'      |                            \x1b[01;31m\x1b[K^~\x1b[m\x1b[K\n'}
[28.875753] (plan_env) StderrLine: {'line': b'\x1b[01m\x1b[K/root/colcon_ws/src/Fast-Planner/fast_planner/plan_env/src/sdf_map.cpp:855:28:\x1b[m\x1b[K \x1b[01;31m\x1b[Kerror: \x1b[m\x1b[Kbase operand of \xe2\x80\x98\x1b[01m\x1b[K->\x1b[m\x1b[K\xe2\x80\x99 is not a pointer\n'}
[28.875836] (plan_env) StderrLine: {'line': b'  855 |   md_.camera_pos_(2) = odom\x1b[01;31m\x1b[K->\x1b[m\x1b[Kpose.pose.position.z;\n'}
[28.875916] (plan_env) StderrLine: {'line': b'      |                            \x1b[01;31m\x1b[K^~\x1b[m\x1b[K\n'}
[28.875997] (plan_env) StderrLine: {'line': b'\x1b[01m\x1b[K/root/colcon_ws/src/Fast-Planner/fast_planner/plan_env/src/sdf_map.cpp:\x1b[m\x1b[K At global scope:\n'}
[28.876079] (plan_env) StderrLine: {'line': b'\x1b[01m\x1b[K/root/colcon_ws/src/Fast-Planner/fast_planner/plan_env/src/sdf_map.cpp:860:52:\x1b[m\x1b[K \x1b[01;31m\x1b[Kerror: \x1b[m\x1b[K\xe2\x80\x98\x1b[01m\x1b[KPointCloud2SharedPtr\x1b[m\x1b[K\xe2\x80\x99 in namespace \xe2\x80\x98\x1b[01m\x1b[Ksensor_msgs::msg\x1b[m\x1b[K\xe2\x80\x99 does not name a type\n'}
[28.876175] (plan_env) StderrLine: {'line': b'  860 | void SDFMap::cloudCallback(const sensor_msgs::msg::\x1b[01;31m\x1b[KPointCloud2SharedPtr\x1b[m\x1b[K& img) {\n'}
[28.876588] (plan_env) StderrLine: {'line': b'      |                                                    \x1b[01;31m\x1b[K^~~~~~~~~~~~~~~~~~~~\x1b[m\x1b[K\n'}
[28.887223] (plan_env) StderrLine: {'line': b'\x1b[01m\x1b[K/root/colcon_ws/src/Fast-Planner/fast_planner/plan_env/src/sdf_map.cpp:\x1b[m\x1b[K In member function \xe2\x80\x98\x1b[01m\x1b[Kvoid SDFMap::cloudCallback(const int&)\x1b[m\x1b[K\xe2\x80\x99:\n'}
[28.887833] (plan_env) StderrLine: {'line': b'\x1b[01m\x1b[K/root/colcon_ws/src/Fast-Planner/fast_planner/plan_env/src/sdf_map.cpp:863:19:\x1b[m\x1b[K \x1b[01;31m\x1b[Kerror: \x1b[m\x1b[Kinvalid type argument of unary \xe2\x80\x98\x1b[01m\x1b[K*\x1b[m\x1b[K\xe2\x80\x99 (have \xe2\x80\x98\x1b[01m\x1b[Kint\x1b[m\x1b[K\xe2\x80\x99)\n'}
[28.888027] (plan_env) StderrLine: {'line': b'  863 |   pcl::fromROSMsg(\x1b[01;31m\x1b[K*img\x1b[m\x1b[K, latest_cloud);\n'}
[28.888164] (plan_env) StderrLine: {'line': b'      |                   \x1b[01;31m\x1b[K^~~~\x1b[m\x1b[K\n'}
[28.894654] (-) TimerEvent: {}
[28.995461] (-) TimerEvent: {}
[29.097743] (-) TimerEvent: {}
[29.199386] (-) TimerEvent: {}
[29.300405] (-) TimerEvent: {}
[29.401184] (-) TimerEvent: {}
[29.501907] (-) TimerEvent: {}
[29.602632] (-) TimerEvent: {}
[29.703330] (-) TimerEvent: {}
[29.804038] (-) TimerEvent: {}
[29.904788] (-) TimerEvent: {}
[30.005503] (-) TimerEvent: {}
[30.106282] (-) TimerEvent: {}
[30.207044] (-) TimerEvent: {}
[30.209453] (plan_env) StderrLine: {'line': b'gmake[2]: *** [CMakeFiles/plan_env.dir/build.make:90: CMakeFiles/plan_env.dir/src/edt_environment.cpp.o] Error 1\n'}
[30.209806] (plan_env) StderrLine: {'line': b'gmake[2]: *** Waiting for unfinished jobs....\n'}
[30.307220] (-) TimerEvent: {}
[30.314945] (plan_env) StderrLine: {'line': b'\x1b[01m\x1b[K/root/colcon_ws/src/Fast-Planner/fast_planner/plan_env/src/sdf_map.cpp:\x1b[m\x1b[K In member function \xe2\x80\x98\x1b[01m\x1b[Kvoid SDFMap::publishUpdateRange()\x1b[m\x1b[K\xe2\x80\x99:\n'}
[30.315642] (plan_env) StderrLine: {'line': b'\x1b[01m\x1b[K/root/colcon_ws/src/Fast-Planner/fast_planner/plan_env/src/sdf_map.cpp:1143:26:\x1b[m\x1b[K \x1b[01;31m\x1b[Kerror: \x1b[m\x1b[Kbase operand of \xe2\x80\x98\x1b[01m\x1b[K->\x1b[m\x1b[K\xe2\x80\x99 has non-pointer type \xe2\x80\x98\x1b[01m\x1b[Krclcpp::Node\x1b[m\x1b[K\xe2\x80\x99\n'}
[30.315858] (plan_env) StderrLine: {'line': b' 1143 |   mk.header.stamp = node_\x1b[01;31m\x1b[K->\x1b[m\x1b[Know();\n'}
[30.316006] (plan_env) StderrLine: {'line': b'      |                          \x1b[01;31m\x1b[K^~\x1b[m\x1b[K\n'}
[30.351360] (plan_env) StderrLine: {'line': b'\x1b[01m\x1b[K/root/colcon_ws/src/Fast-Planner/fast_planner/plan_env/src/sdf_map.cpp:\x1b[m\x1b[K At global scope:\n'}
[30.351979] (plan_env) StderrLine: {'line': b'\x1b[01m\x1b[K/root/colcon_ws/src/Fast-Planner/fast_planner/plan_env/src/sdf_map.cpp:1285:56:\x1b[m\x1b[K \x1b[01;31m\x1b[Kerror: \x1b[m\x1b[K\xe2\x80\x98\x1b[01m\x1b[KImageSharedPtr\x1b[m\x1b[K\xe2\x80\x99 in namespace \xe2\x80\x98\x1b[01m\x1b[Ksensor_msgs::msg\x1b[m\x1b[K\xe2\x80\x99 does not name a type\n'}
[30.352399] (plan_env) StderrLine: {'line': b' 1285 | void SDFMap::depthOdomCallback(const sensor_msgs::msg::\x1b[01;31m\x1b[KImageSharedPtr\x1b[m\x1b[K& img,\n'}
[30.352550] (plan_env) StderrLine: {'line': b'      |                                                        \x1b[01;31m\x1b[K^~~~~~~~~~~~~~\x1b[m\x1b[K\n'}
[30.352659] (plan_env) StderrLine: {'line': b'\x1b[01m\x1b[K/root/colcon_ws/src/Fast-Planner/fast_planner/plan_env/src/sdf_map.cpp:1286:53:\x1b[m\x1b[K \x1b[01;31m\x1b[Kerror: \x1b[m\x1b[K\xe2\x80\x98\x1b[01m\x1b[KOdometrySharedPtr\x1b[m\x1b[K\xe2\x80\x99 in namespace \xe2\x80\x98\x1b[01m\x1b[Knav_msgs::msg\x1b[m\x1b[K\xe2\x80\x99 does not name a type\n'}
[30.352762] (plan_env) StderrLine: {'line': b' 1286 |                                const nav_msgs::msg::\x1b[01;31m\x1b[KOdometrySharedPtr\x1b[m\x1b[K& odom) {\n'}
[30.352993] (plan_env) StderrLine: {'line': b'      |                                                     \x1b[01;31m\x1b[K^~~~~~~~~~~~~~~~~\x1b[m\x1b[K\n'}
[30.353193] (plan_env) StderrLine: {'line': b'\x1b[01m\x1b[K/root/colcon_ws/src/Fast-Planner/fast_planner/plan_env/src/sdf_map.cpp:\x1b[m\x1b[K In member function \xe2\x80\x98\x1b[01m\x1b[Kvoid SDFMap::depthOdomCallback(const int&, const int&)\x1b[m\x1b[K\xe2\x80\x99:\n'}
[30.353453] (plan_env) StderrLine: {'line': b'\x1b[01m\x1b[K/root/colcon_ws/src/Fast-Planner/fast_planner/plan_env/src/sdf_map.cpp:1288:28:\x1b[m\x1b[K \x1b[01;31m\x1b[Kerror: \x1b[m\x1b[Kbase operand of \xe2\x80\x98\x1b[01m\x1b[K->\x1b[m\x1b[K\xe2\x80\x99 is not a pointer\n'}
[30.353675] (plan_env) StderrLine: {'line': b' 1288 |   md_.camera_pos_(0) = odom\x1b[01;31m\x1b[K->\x1b[m\x1b[Kpose.pose.position.x;\n'}
[30.354062] (plan_env) StderrLine: {'line': b'      |                            \x1b[01;31m\x1b[K^~\x1b[m\x1b[K\n'}
[30.354290] (plan_env) StderrLine: {'line': b'\x1b[01m\x1b[K/root/colcon_ws/src/Fast-Planner/fast_planner/plan_env/src/sdf_map.cpp:1289:28:\x1b[m\x1b[K \x1b[01;31m\x1b[Kerror: \x1b[m\x1b[Kbase operand of \xe2\x80\x98\x1b[01m\x1b[K->\x1b[m\x1b[K\xe2\x80\x99 is not a pointer\n'}
[30.354422] (plan_env) StderrLine: {'line': b' 1289 |   md_.camera_pos_(1) = odom\x1b[01;31m\x1b[K->\x1b[m\x1b[Kpose.pose.position.y;\n'}
[30.354629] (plan_env) StderrLine: {'line': b'      |                            \x1b[01;31m\x1b[K^~\x1b[m\x1b[K\n'}
[30.354728] (plan_env) StderrLine: {'line': b'\x1b[01m\x1b[K/root/colcon_ws/src/Fast-Planner/fast_planner/plan_env/src/sdf_map.cpp:1290:28:\x1b[m\x1b[K \x1b[01;31m\x1b[Kerror: \x1b[m\x1b[Kbase operand of \xe2\x80\x98\x1b[01m\x1b[K->\x1b[m\x1b[K\xe2\x80\x99 is not a pointer\n'}
[30.354912] (plan_env) StderrLine: {'line': b' 1290 |   md_.camera_pos_(2) = odom\x1b[01;31m\x1b[K->\x1b[m\x1b[Kpose.pose.position.z;\n'}
[30.355027] (plan_env) StderrLine: {'line': b'      |                            \x1b[01;31m\x1b[K^~\x1b[m\x1b[K\n'}
[30.355200] (plan_env) StderrLine: {'line': b'\x1b[01m\x1b[K/root/colcon_ws/src/Fast-Planner/fast_planner/plan_env/src/sdf_map.cpp:1291:42:\x1b[m\x1b[K \x1b[01;31m\x1b[Kerror: \x1b[m\x1b[Kbase operand of \xe2\x80\x98\x1b[01m\x1b[K->\x1b[m\x1b[K\xe2\x80\x99 is not a pointer\n'}
[30.355372] (plan_env) StderrLine: {'line': b' 1291 |   md_.camera_q_ = Eigen::Quaterniond(odom\x1b[01;31m\x1b[K->\x1b[m\x1b[Kpose.pose.orientation.w, odom->pose.pose.orientation.x,\n'}
[30.355486] (plan_env) StderrLine: {'line': b'      |                                          \x1b[01;31m\x1b[K^~\x1b[m\x1b[K\n'}
[30.355718] (plan_env) StderrLine: {'line': b'\x1b[01m\x1b[K/root/colcon_ws/src/Fast-Planner/fast_planner/plan_env/src/sdf_map.cpp:1291:73:\x1b[m\x1b[K \x1b[01;31m\x1b[Kerror: \x1b[m\x1b[Kbase operand of \xe2\x80\x98\x1b[01m\x1b[K->\x1b[m\x1b[K\xe2\x80\x99 is not a pointer\n'}
[30.355818] (plan_env) StderrLine: {'line': b' 1291 | .camera_q_ = Eigen::Quaterniond(odom->pose.pose.orientation.w, odom\x1b[01;31m\x1b[K->\x1b[m\x1b[Kpose.pose.orientation.x,\n'}
[30.355931] (plan_env) StderrLine: {'line': b'      |                                                                    \x1b[01;31m\x1b[K^~\x1b[m\x1b[K\n'}
[30.356021] (plan_env) StderrLine: {'line': b'\n'}
[30.356105] (plan_env) StderrLine: {'line': b'\x1b[01m\x1b[K/root/colcon_ws/src/Fast-Planner/fast_planner/plan_env/src/sdf_map.cpp:1292:42:\x1b[m\x1b[K \x1b[01;31m\x1b[Kerror: \x1b[m\x1b[Kbase operand of \xe2\x80\x98\x1b[01m\x1b[K->\x1b[m\x1b[K\xe2\x80\x99 is not a pointer\n'}
[30.356436] (plan_env) StderrLine: {'line': b' 1292 |                                      odom\x1b[01;31m\x1b[K->\x1b[m\x1b[Kpose.pose.orientation.y, odom->pose.pose.orientation.z);\n'}
[30.356683] (plan_env) StderrLine: {'line': b'      |                                          \x1b[01;31m\x1b[K^~\x1b[m\x1b[K\n'}
[30.356797] (plan_env) StderrLine: {'line': b'\x1b[01m\x1b[K/root/colcon_ws/src/Fast-Planner/fast_planner/plan_env/src/sdf_map.cpp:1292:73:\x1b[m\x1b[K \x1b[01;31m\x1b[Kerror: \x1b[m\x1b[Kbase operand of \xe2\x80\x98\x1b[01m\x1b[K->\x1b[m\x1b[K\xe2\x80\x99 is not a pointer\n'}
[30.356895] (plan_env) StderrLine: {'line': b' 1292 |                                 odom->pose.pose.orientation.y, odom\x1b[01;31m\x1b[K->\x1b[m\x1b[Kpose.pose.orientation.z);\n'}
[30.356984] (plan_env) StderrLine: {'line': b'      |                                                                    \x1b[01;31m\x1b[K^~\x1b[m\x1b[K\n'}
[30.357096] (plan_env) StderrLine: {'line': b'\n'}
[30.357190] (plan_env) StderrLine: {'line': b'\x1b[01m\x1b[K/root/colcon_ws/src/Fast-Planner/fast_planner/plan_env/src/sdf_map.cpp:1296:40:\x1b[m\x1b[K \x1b[01;31m\x1b[Kerror: \x1b[m\x1b[Kbase operand of \xe2\x80\x98\x1b[01m\x1b[K->\x1b[m\x1b[K\xe2\x80\x99 is not a pointer\n'}
[30.357363] (plan_env) StderrLine: {'line': b' 1296 |   cv_ptr = cv_bridge::toCvCopy(img, img\x1b[01;31m\x1b[K->\x1b[m\x1b[Kencoding);\n'}
[30.357456] (plan_env) StderrLine: {'line': b'      |                                        \x1b[01;31m\x1b[K^~\x1b[m\x1b[K\n'}
[30.357543] (plan_env) StderrLine: {'line': b'\x1b[01m\x1b[K/root/colcon_ws/src/Fast-Planner/fast_planner/plan_env/src/sdf_map.cpp:1297:10:\x1b[m\x1b[K \x1b[01;31m\x1b[Kerror: \x1b[m\x1b[Kbase operand of \xe2\x80\x98\x1b[01m\x1b[K->\x1b[m\x1b[K\xe2\x80\x99 is not a pointer\n'}
[30.357631] (plan_env) StderrLine: {'line': b' 1297 |   if (img\x1b[01;31m\x1b[K->\x1b[m\x1b[Kencoding == sensor_msgs::msg::image_encodings::TYPE_32FC1) {\n'}
[30.357729] (plan_env) StderrLine: {'line': b'      |          \x1b[01;31m\x1b[K^~\x1b[m\x1b[K\n'}
[30.357814] (plan_env) StderrLine: {'line': b'\x1b[01m\x1b[K/root/colcon_ws/src/Fast-Planner/fast_planner/plan_env/src/sdf_map.cpp:1297:42:\x1b[m\x1b[K \x1b[01;31m\x1b[Kerror: \x1b[m\x1b[K\xe2\x80\x98\x1b[01m\x1b[Ksensor_msgs::msg::image_encodings\x1b[m\x1b[K\xe2\x80\x99 has not been declared\n'}
[30.357913] (plan_env) StderrLine: {'line': b' 1297 |   if (img->encoding == sensor_msgs::msg::\x1b[01;31m\x1b[Kimage_encodings\x1b[m\x1b[K::TYPE_32FC1) {\n'}
[30.358084] (plan_env) StderrLine: {'line': b'      |                                          \x1b[01;31m\x1b[K^~~~~~~~~~~~~~~\x1b[m\x1b[K\n'}
[30.358173] (plan_env) StderrLine: {'line': b'\x1b[01m\x1b[K/root/colcon_ws/src/Fast-Planner/fast_planner/plan_env/src/sdf_map.cpp:\x1b[m\x1b[K At global scope:\n'}
[30.358258] (plan_env) StderrLine: {'line': b'\x1b[01m\x1b[K/root/colcon_ws/src/Fast-Planner/fast_planner/plan_env/src/sdf_map.cpp:1305:52:\x1b[m\x1b[K \x1b[01;31m\x1b[Kerror: \x1b[m\x1b[K\xe2\x80\x98\x1b[01m\x1b[KImageSharedPtr\x1b[m\x1b[K\xe2\x80\x99 in namespace \xe2\x80\x98\x1b[01m\x1b[Ksensor_msgs::msg\x1b[m\x1b[K\xe2\x80\x99 does not name a type\n'}
[30.358348] (plan_env) StderrLine: {'line': b' 1305 | void SDFMap::depthCallback(const sensor_msgs::msg::\x1b[01;31m\x1b[KImageSharedPtr\x1b[m\x1b[K& img) {\n'}
[30.358430] (plan_env) StderrLine: {'line': b'      |                                                    \x1b[01;31m\x1b[K^~~~~~~~~~~~~~\x1b[m\x1b[K\n'}
[30.358513] (plan_env) StderrLine: {'line': b'\x1b[01m\x1b[K/root/colcon_ws/src/Fast-Planner/fast_planner/plan_env/src/sdf_map.cpp:\x1b[m\x1b[K In member function \xe2\x80\x98\x1b[01m\x1b[Kvoid SDFMap::depthCallback(const int&)\x1b[m\x1b[K\xe2\x80\x99:\n'}
[30.358597] (plan_env) StderrLine: {'line': b'\x1b[01m\x1b[K/root/colcon_ws/src/Fast-Planner/fast_planner/plan_env/src/sdf_map.cpp:1306:32:\x1b[m\x1b[K \x1b[01;31m\x1b[Kerror: \x1b[m\x1b[Kbase operand of \xe2\x80\x98\x1b[01m\x1b[K->\x1b[m\x1b[K\xe2\x80\x99 is not a pointer\n'}
[30.358683] (plan_env) StderrLine: {'line': b' 1306 |   std::cout << "depth: " << img\x1b[01;31m\x1b[K->\x1b[m\x1b[Kheader.stamp << std::endl;\n'}
[30.358766] (plan_env) StderrLine: {'line': b'      |                                \x1b[01;31m\x1b[K^~\x1b[m\x1b[K\n'}
[30.358848] (plan_env) StderrLine: {'line': b'\x1b[01m\x1b[K/root/colcon_ws/src/Fast-Planner/fast_planner/plan_env/src/sdf_map.cpp:\x1b[m\x1b[K At global scope:\n'}
[30.358930] (plan_env) StderrLine: {'line': b'\x1b[01m\x1b[K/root/colcon_ws/src/Fast-Planner/fast_planner/plan_env/src/sdf_map.cpp:1309:53:\x1b[m\x1b[K \x1b[01;31m\x1b[Kerror: \x1b[m\x1b[K\xe2\x80\x98\x1b[01m\x1b[KPoseStampedSharedPtr\x1b[m\x1b[K\xe2\x80\x99 in namespace \xe2\x80\x98\x1b[01m\x1b[Kgeometry_msgs::msg\x1b[m\x1b[K\xe2\x80\x99 does not name a type\n'}
[30.359014] (plan_env) StderrLine: {'line': b' 1309 | void SDFMap::poseCallback(const geometry_msgs::msg::\x1b[01;31m\x1b[KPoseStampedSharedPtr\x1b[m\x1b[K& pose) {\n'}
[30.359111] (plan_env) StderrLine: {'line': b'      |                                                     \x1b[01;31m\x1b[K^~~~~~~~~~~~~~~~~~~~\x1b[m\x1b[K\n'}
[30.359194] (plan_env) StderrLine: {'line': b'\x1b[01m\x1b[K/root/colcon_ws/src/Fast-Planner/fast_planner/plan_env/src/sdf_map.cpp:\x1b[m\x1b[K In member function \xe2\x80\x98\x1b[01m\x1b[Kvoid SDFMap::poseCallback(const int&)\x1b[m\x1b[K\xe2\x80\x99:\n'}
[30.359277] (plan_env) StderrLine: {'line': b'\x1b[01m\x1b[K/root/colcon_ws/src/Fast-Planner/fast_planner/plan_env/src/sdf_map.cpp:1310:32:\x1b[m\x1b[K \x1b[01;31m\x1b[Kerror: \x1b[m\x1b[Kbase operand of \xe2\x80\x98\x1b[01m\x1b[K->\x1b[m\x1b[K\xe2\x80\x99 is not a pointer\n'}
[30.359360] (plan_env) StderrLine: {'line': b' 1310 |   std::cout << "pose: " << pose\x1b[01;31m\x1b[K->\x1b[m\x1b[Kheader.stamp << std::endl;\n'}
[30.359442] (plan_env) StderrLine: {'line': b'      |                                \x1b[01;31m\x1b[K^~\x1b[m\x1b[K\n'}
[30.359522] (plan_env) StderrLine: {'line': b'\x1b[01m\x1b[K/root/colcon_ws/src/Fast-Planner/fast_planner/plan_env/src/sdf_map.cpp:1312:28:\x1b[m\x1b[K \x1b[01;31m\x1b[Kerror: \x1b[m\x1b[Kbase operand of \xe2\x80\x98\x1b[01m\x1b[K->\x1b[m\x1b[K\xe2\x80\x99 is not a pointer\n'}
[30.359604] (plan_env) StderrLine: {'line': b' 1312 |   md_.camera_pos_(0) = pose\x1b[01;31m\x1b[K->\x1b[m\x1b[Kpose.position.x;\n'}
[30.359697] (plan_env) StderrLine: {'line': b'      |                            \x1b[01;31m\x1b[K^~\x1b[m\x1b[K\n'}
[30.359779] (plan_env) StderrLine: {'line': b'\x1b[01m\x1b[K/root/colcon_ws/src/Fast-Planner/fast_planner/plan_env/src/sdf_map.cpp:1313:28:\x1b[m\x1b[K \x1b[01;31m\x1b[Kerror: \x1b[m\x1b[Kbase operand of \xe2\x80\x98\x1b[01m\x1b[K->\x1b[m\x1b[K\xe2\x80\x99 is not a pointer\n'}
[30.359862] (plan_env) StderrLine: {'line': b' 1313 |   md_.camera_pos_(1) = pose\x1b[01;31m\x1b[K->\x1b[m\x1b[Kpose.position.y;\n'}
[30.359945] (plan_env) StderrLine: {'line': b'      |                            \x1b[01;31m\x1b[K^~\x1b[m\x1b[K\n'}
[30.360026] (plan_env) StderrLine: {'line': b'\x1b[01m\x1b[K/root/colcon_ws/src/Fast-Planner/fast_planner/plan_env/src/sdf_map.cpp:1314:28:\x1b[m\x1b[K \x1b[01;31m\x1b[Kerror: \x1b[m\x1b[Kbase operand of \xe2\x80\x98\x1b[01m\x1b[K->\x1b[m\x1b[K\xe2\x80\x99 is not a pointer\n'}
[30.360109] (plan_env) StderrLine: {'line': b' 1314 |   md_.camera_pos_(2) = pose\x1b[01;31m\x1b[K->\x1b[m\x1b[Kpose.position.z;\n'}
[30.360199] (plan_env) StderrLine: {'line': b'      |                            \x1b[01;31m\x1b[K^~\x1b[m\x1b[K\n'}
[30.407403] (-) TimerEvent: {}
[30.508103] (-) TimerEvent: {}
[30.608816] (-) TimerEvent: {}
[30.709508] (-) TimerEvent: {}
[30.810214] (-) TimerEvent: {}
[30.910915] (-) TimerEvent: {}
[31.011624] (-) TimerEvent: {}
[31.112347] (-) TimerEvent: {}
[31.213055] (-) TimerEvent: {}
[31.313765] (-) TimerEvent: {}
[31.414479] (-) TimerEvent: {}
[31.515196] (-) TimerEvent: {}
[31.615929] (-) TimerEvent: {}
[31.716676] (-) TimerEvent: {}
[31.770578] (map_generator) StderrLine: {'line': b'gmake[2]: *** [CMakeFiles/random_forest.dir/build.make:76: CMakeFiles/random_forest.dir/src/random_forest_sensing.cpp.o] Error 1\n'}
[31.771124] (map_generator) StderrLine: {'line': b'gmake[1]: *** [CMakeFiles/Makefile2:137: CMakeFiles/random_forest.dir/all] Error 2\n'}
[31.771317] (map_generator) StderrLine: {'line': b'gmake: *** [Makefile:146: all] Error 2\n'}
[31.776059] (map_generator) JobEnded: {'identifier': 'map_generator', 'rc': 'SIGINT'}
[31.816851] (-) TimerEvent: {}
[31.917595] (-) TimerEvent: {}
[32.018301] (-) TimerEvent: {}
[32.119057] (-) TimerEvent: {}
[32.219759] (-) TimerEvent: {}
[32.320587] (-) TimerEvent: {}
[32.421509] (-) TimerEvent: {}
[32.522644] (-) TimerEvent: {}
[32.623343] (-) TimerEvent: {}
[32.724095] (-) TimerEvent: {}
[32.824854] (-) TimerEvent: {}
[32.926416] (-) TimerEvent: {}
[33.027444] (-) TimerEvent: {}
[33.128793] (-) TimerEvent: {}
[33.229624] (-) TimerEvent: {}
[33.330520] (-) TimerEvent: {}
[33.431230] (-) TimerEvent: {}
[33.531929] (-) TimerEvent: {}
[33.632649] (-) TimerEvent: {}
[33.733407] (-) TimerEvent: {}
[33.834144] (-) TimerEvent: {}
[33.934891] (-) TimerEvent: {}
[34.035647] (-) TimerEvent: {}
[34.136501] (-) TimerEvent: {}
[34.237244] (-) TimerEvent: {}
[34.338002] (-) TimerEvent: {}
[34.438739] (-) TimerEvent: {}
[34.539572] (-) TimerEvent: {}
[34.640332] (-) TimerEvent: {}
[34.741008] (-) TimerEvent: {}
[34.841756] (-) TimerEvent: {}
[34.881462] (plan_env) StderrLine: {'line': b'gmake[2]: *** [CMakeFiles/plan_env.dir/build.make:76: CMakeFiles/plan_env.dir/src/sdf_map.cpp.o] Error 1\n'}
[34.882131] (plan_env) StderrLine: {'line': b'gmake[1]: *** [CMakeFiles/Makefile2:137: CMakeFiles/plan_env.dir/all] Error 2\n'}
[34.882376] (plan_env) StderrLine: {'line': b'gmake: *** [Makefile:146: all] Error 2\n'}
[34.887441] (plan_env) JobEnded: {'identifier': 'plan_env', 'rc': 'SIGINT'}
[34.941931] (-) TimerEvent: {}
[35.042575] (-) TimerEvent: {}
[35.143237] (-) TimerEvent: {}
[35.243905] (-) TimerEvent: {}
[35.344603] (-) TimerEvent: {}
[35.445314] (-) TimerEvent: {}
[35.545989] (-) TimerEvent: {}
[35.646642] (-) TimerEvent: {}
[35.747323] (-) TimerEvent: {}
[35.848010] (-) TimerEvent: {}
[35.948691] (-) TimerEvent: {}
[36.049345] (-) TimerEvent: {}
[36.150042] (-) TimerEvent: {}
[36.250748] (-) TimerEvent: {}
[36.351467] (-) TimerEvent: {}
[36.452192] (-) TimerEvent: {}
[36.552919] (-) TimerEvent: {}
[36.653655] (-) TimerEvent: {}
[36.754434] (-) TimerEvent: {}
[36.855122] (-) TimerEvent: {}
[36.955897] (-) TimerEvent: {}
[37.056660] (-) TimerEvent: {}
[37.157387] (-) TimerEvent: {}
[37.258056] (-) TimerEvent: {}
[37.358702] (-) TimerEvent: {}
[37.459390] (-) TimerEvent: {}
[37.560118] (-) TimerEvent: {}
[37.661022] (-) TimerEvent: {}
[37.762031] (-) TimerEvent: {}
[37.862744] (-) TimerEvent: {}
[37.963419] (-) TimerEvent: {}
[38.064071] (-) TimerEvent: {}
[38.164746] (-) TimerEvent: {}
[38.265398] (-) TimerEvent: {}
[38.366052] (-) TimerEvent: {}
[38.466716] (-) TimerEvent: {}
[38.567383] (-) TimerEvent: {}
[38.668158] (-) TimerEvent: {}
[38.768849] (-) TimerEvent: {}
[38.869547] (-) TimerEvent: {}
[38.970277] (-) TimerEvent: {}
[39.071511] (-) TimerEvent: {}
[39.172160] (-) TimerEvent: {}
[39.273279] (-) TimerEvent: {}
[39.374110] (-) TimerEvent: {}
[39.474831] (-) TimerEvent: {}
[39.575518] (-) TimerEvent: {}
[39.676236] (-) TimerEvent: {}
[39.776885] (-) TimerEvent: {}
[39.877534] (-) TimerEvent: {}
[39.978190] (-) TimerEvent: {}
[40.078854] (-) TimerEvent: {}
[40.179520] (-) TimerEvent: {}
[40.280196] (-) TimerEvent: {}
[40.380885] (-) TimerEvent: {}
[40.481527] (-) TimerEvent: {}
[40.582160] (-) TimerEvent: {}
[40.682786] (-) TimerEvent: {}
[40.783419] (-) TimerEvent: {}
[40.884061] (-) TimerEvent: {}
[40.984718] (-) TimerEvent: {}
[41.085364] (-) TimerEvent: {}
[41.186304] (-) TimerEvent: {}
[41.287017] (-) TimerEvent: {}
[41.387683] (-) TimerEvent: {}
[41.488359] (-) TimerEvent: {}
[41.589019] (-) TimerEvent: {}
[41.689671] (-) TimerEvent: {}
[41.790397] (-) TimerEvent: {}
[41.891031] (-) TimerEvent: {}
[41.991752] (-) TimerEvent: {}
[42.092385] (-) TimerEvent: {}
[42.193020] (-) TimerEvent: {}
[42.293649] (-) TimerEvent: {}
[42.394268] (-) TimerEvent: {}
[42.494895] (-) TimerEvent: {}
[42.595593] (-) TimerEvent: {}
[42.696278] (-) TimerEvent: {}
[42.796912] (-) TimerEvent: {}
[42.897564] (-) TimerEvent: {}
[42.998213] (-) TimerEvent: {}
[43.098856] (-) TimerEvent: {}
[43.199544] (-) TimerEvent: {}
[43.300229] (-) TimerEvent: {}
[43.400874] (-) TimerEvent: {}
[43.501846] (-) TimerEvent: {}
[43.603863] (-) TimerEvent: {}
[43.704838] (-) TimerEvent: {}
[43.805490] (-) TimerEvent: {}
[43.906141] (-) TimerEvent: {}
[44.008380] (-) TimerEvent: {}
[44.109133] (-) TimerEvent: {}
[44.209798] (-) TimerEvent: {}
[44.310774] (-) TimerEvent: {}
[44.411755] (-) TimerEvent: {}
[44.512454] (-) TimerEvent: {}
[44.613118] (-) TimerEvent: {}
[44.714208] (-) TimerEvent: {}
[44.815007] (-) TimerEvent: {}
[44.886435] (so3_disturbance_generator) StdoutLine: {'line': b'[100%] \x1b[32m\x1b[1mLinking CXX executable so3_disturbance_generator\x1b[0m\n'}
[44.915200] (-) TimerEvent: {}
[45.015965] (-) TimerEvent: {}
[45.116756] (-) TimerEvent: {}
[45.217562] (-) TimerEvent: {}
[45.318269] (-) TimerEvent: {}
[45.418933] (-) TimerEvent: {}
[45.519618] (-) TimerEvent: {}
[45.620286] (-) TimerEvent: {}
[45.720944] (-) TimerEvent: {}
[45.821583] (-) TimerEvent: {}
[45.922235] (-) TimerEvent: {}
[45.947705] (so3_disturbance_generator) StdoutLine: {'line': b'[100%] Built target so3_disturbance_generator\n'}
[45.991862] (so3_disturbance_generator) JobEnded: {'identifier': 'so3_disturbance_generator', 'rc': 'SIGINT'}
[46.022416] (-) TimerEvent: {}
[46.123174] (-) TimerEvent: {}
[46.223983] (-) TimerEvent: {}
[46.324807] (-) TimerEvent: {}
[46.425621] (-) TimerEvent: {}
[46.526469] (-) TimerEvent: {}
[46.627296] (-) TimerEvent: {}
[46.728124] (-) TimerEvent: {}
[46.828947] (-) TimerEvent: {}
[46.929742] (-) TimerEvent: {}
[47.030556] (-) TimerEvent: {}
[47.131363] (-) TimerEvent: {}
[47.232247] (-) TimerEvent: {}
[47.333092] (-) TimerEvent: {}
[47.433888] (-) TimerEvent: {}
[47.534709] (-) TimerEvent: {}
[47.635543] (-) TimerEvent: {}
[47.736413] (-) TimerEvent: {}
[47.837241] (-) TimerEvent: {}
[47.938056] (-) TimerEvent: {}
[48.038883] (-) TimerEvent: {}
[48.139709] (-) TimerEvent: {}
[48.240585] (-) TimerEvent: {}
[48.341458] (-) TimerEvent: {}
[48.442335] (-) TimerEvent: {}
[48.543186] (-) TimerEvent: {}
[48.644062] (-) TimerEvent: {}
[48.744964] (-) TimerEvent: {}
[48.845804] (-) TimerEvent: {}
[48.946622] (-) TimerEvent: {}
[49.047428] (-) TimerEvent: {}
[49.170506] (-) TimerEvent: {}
[49.271327] (-) TimerEvent: {}
[49.372148] (-) TimerEvent: {}
[49.472980] (-) TimerEvent: {}
[49.573810] (-) TimerEvent: {}
[49.674641] (-) TimerEvent: {}
[49.775471] (-) TimerEvent: {}
[49.876326] (-) TimerEvent: {}
[49.977125] (-) TimerEvent: {}
[50.077949] (-) TimerEvent: {}
[50.178755] (-) TimerEvent: {}
[50.279558] (-) TimerEvent: {}
[50.380352] (-) TimerEvent: {}
[50.480992] (-) TimerEvent: {}
[50.581626] (-) TimerEvent: {}
[50.682266] (-) TimerEvent: {}
[50.782959] (-) TimerEvent: {}
[50.810965] (waypoint_generator) StdoutLine: {'line': b'[100%] \x1b[32m\x1b[1mLinking CXX executable waypoint_generator\x1b[0m\n'}
[50.883185] (-) TimerEvent: {}
[50.983989] (-) TimerEvent: {}
[51.084778] (-) TimerEvent: {}
[51.185562] (-) TimerEvent: {}
[51.202203] (waypoint_generator) StdoutLine: {'line': b'[100%] Built target waypoint_generator\n'}
[51.234053] (waypoint_generator) JobEnded: {'identifier': 'waypoint_generator', 'rc': 'SIGINT'}
[51.245400] (bspline) JobSkipped: {'identifier': 'bspline'}
[51.245676] (bspline_opt) JobSkipped: {'identifier': 'bspline_opt'}
[51.245911] (local_sensing_node) JobSkipped: {'identifier': 'local_sensing_node'}
[51.246041] (multi_map_server) JobSkipped: {'identifier': 'multi_map_server'}
[51.246181] (odom_visualization) JobSkipped: {'identifier': 'odom_visualization'}
[51.246314] (path_searching) JobSkipped: {'identifier': 'path_searching'}
[51.246453] (so3_control) JobSkipped: {'identifier': 'so3_control'}
[51.246525] (rviz_plugins) JobSkipped: {'identifier': 'rviz_plugins'}
[51.246586] (so3_quadrotor_simulator) JobSkipped: {'identifier': 'so3_quadrotor_simulator'}
[51.246646] (traj_utils) JobSkipped: {'identifier': 'traj_utils'}
[51.246705] (plan_manage) JobSkipped: {'identifier': 'plan_manage'}
[51.246767] (-) EventReactorShutdown: {}
