[0.216s] DEBUG:colcon:Command line arguments: ['/usr/bin/colcon', 'build']
[0.216s] DEBUG:colcon:Parsed command line arguments: Namespace(log_base=None, log_level=None, verb_name='build', build_base='build', install_base='install', merge_install=False, symlink_install=False, test_result_base=None, continue_on_error=False, executor='parallel', parallel_workers=8, event_handlers=None, ignore_user_meta=False, metas=['./colcon.meta'], base_paths=['.'], packages_ignore=None, packages_ignore_regex=None, paths=None, packages_up_to=None, packages_up_to_regex=None, packages_above=None, packages_above_and_dependencies=None, packages_above_depth=None, packages_select_by_dep=None, packages_skip_by_dep=None, packages_skip_up_to=None, packages_select_build_failed=False, packages_skip_build_finished=False, packages_select_test_failures=False, packages_skip_test_passed=False, packages_select=None, packages_skip=None, packages_select_regex=None, packages_skip_regex=None, packages_start=None, packages_end=None, allow_overriding=[], cmake_args=None, cmake_target=None, cmake_target_skip_unavailable=False, cmake_clean_cache=False, cmake_clean_first=False, cmake_force_configure=False, ament_cmake_args=None, catkin_cmake_args=None, catkin_skip_building_tests=False, verb_parser=<colcon_defaults.argument_parser.defaults.DefaultArgumentsDecorator object at 0xffff9db3a8f0>, verb_extension=<colcon_core.verb.build.BuildVerb object at 0xffff9db3a320>, main=<bound method BuildVerb.main of <colcon_core.verb.build.BuildVerb object at 0xffff9db3a320>>)
[0.474s] Level 1:colcon.colcon_core.package_discovery:discover_packages(colcon_meta) check parameters
[0.475s] Level 1:colcon.colcon_core.package_discovery:discover_packages(recursive) check parameters
[0.475s] Level 1:colcon.colcon_core.package_discovery:discover_packages(ignore) check parameters
[0.475s] Level 1:colcon.colcon_core.package_discovery:discover_packages(path) check parameters
[0.475s] Level 1:colcon.colcon_core.package_discovery:discover_packages(colcon_meta) discover
[0.475s] Level 1:colcon.colcon_core.package_discovery:discover_packages(recursive) discover
[0.475s] INFO:colcon.colcon_core.package_discovery:Crawling recursively for packages in '/root/colcon_ws'
[0.475s] Level 1:colcon.colcon_core.package_identification:_identify(.) by extensions ['ignore', 'ignore_ament_install']
[0.476s] Level 1:colcon.colcon_core.package_identification:_identify(.) by extension 'ignore'
[0.476s] Level 1:colcon.colcon_core.package_identification:_identify(.) by extension 'ignore_ament_install'
[0.476s] Level 1:colcon.colcon_core.package_identification:_identify(.) by extensions ['colcon_pkg']
[0.476s] Level 1:colcon.colcon_core.package_identification:_identify(.) by extension 'colcon_pkg'
[0.476s] Level 1:colcon.colcon_core.package_identification:_identify(.) by extensions ['colcon_meta']
[0.476s] Level 1:colcon.colcon_core.package_identification:_identify(.) by extension 'colcon_meta'
[0.476s] Level 1:colcon.colcon_core.package_identification:_identify(.) by extensions ['ros']
[0.476s] Level 1:colcon.colcon_core.package_identification:_identify(.) by extension 'ros'
[0.497s] Level 1:colcon.colcon_core.package_identification:_identify(.) by extensions ['cmake', 'python']
[0.497s] Level 1:colcon.colcon_core.package_identification:_identify(.) by extension 'cmake'
[0.497s] Level 1:colcon.colcon_core.package_identification:_identify(.) by extension 'python'
[0.497s] Level 1:colcon.colcon_core.package_identification:_identify(.) by extensions ['python_setup_py']
[0.498s] Level 1:colcon.colcon_core.package_identification:_identify(.) by extension 'python_setup_py'
[0.498s] Level 1:colcon.colcon_core.package_identification:_identify(backup) by extensions ['ignore', 'ignore_ament_install']
[0.498s] Level 1:colcon.colcon_core.package_identification:_identify(backup) by extension 'ignore'
[0.498s] Level 1:colcon.colcon_core.package_identification:_identify(backup) by extension 'ignore_ament_install'
[0.498s] Level 1:colcon.colcon_core.package_identification:_identify(backup) by extensions ['colcon_pkg']
[0.498s] Level 1:colcon.colcon_core.package_identification:_identify(backup) by extension 'colcon_pkg'
[0.498s] Level 1:colcon.colcon_core.package_identification:_identify(backup) by extensions ['colcon_meta']
[0.498s] Level 1:colcon.colcon_core.package_identification:_identify(backup) by extension 'colcon_meta'
[0.498s] Level 1:colcon.colcon_core.package_identification:_identify(backup) by extensions ['ros']
[0.499s] Level 1:colcon.colcon_core.package_identification:_identify(backup) by extension 'ros'
[0.499s] Level 1:colcon.colcon_core.package_identification:_identify(backup) by extensions ['cmake', 'python']
[0.499s] Level 1:colcon.colcon_core.package_identification:_identify(backup) by extension 'cmake'
[0.499s] Level 1:colcon.colcon_core.package_identification:_identify(backup) by extension 'python'
[0.499s] Level 1:colcon.colcon_core.package_identification:_identify(backup) by extensions ['python_setup_py']
[0.499s] Level 1:colcon.colcon_core.package_identification:_identify(backup) by extension 'python_setup_py'
[0.499s] Level 1:colcon.colcon_core.package_identification:_identify(backup/fptestv1) by extensions ['ignore', 'ignore_ament_install']
[0.499s] Level 1:colcon.colcon_core.package_identification:_identify(backup/fptestv1) by extension 'ignore'
[0.499s] Level 1:colcon.colcon_core.package_identification:_identify(backup/fptestv1) by extension 'ignore_ament_install'
[0.499s] Level 1:colcon.colcon_core.package_identification:_identify(backup/fptestv1) by extensions ['colcon_pkg']
[0.499s] Level 1:colcon.colcon_core.package_identification:_identify(backup/fptestv1) by extension 'colcon_pkg'
[0.500s] Level 1:colcon.colcon_core.package_identification:_identify(backup/fptestv1) by extensions ['colcon_meta']
[0.500s] Level 1:colcon.colcon_core.package_identification:_identify(backup/fptestv1) by extension 'colcon_meta'
[0.500s] Level 1:colcon.colcon_core.package_identification:_identify(backup/fptestv1) by extensions ['ros']
[0.500s] Level 1:colcon.colcon_core.package_identification:_identify(backup/fptestv1) by extension 'ros'
[0.500s] Level 1:colcon.colcon_core.package_identification:_identify(backup/fptestv1) by extensions ['cmake', 'python']
[0.500s] Level 1:colcon.colcon_core.package_identification:_identify(backup/fptestv1) by extension 'cmake'
[0.500s] Level 1:colcon.colcon_core.package_identification:_identify(backup/fptestv1) by extension 'python'
[0.500s] Level 1:colcon.colcon_core.package_identification:_identify(backup/fptestv1) by extensions ['python_setup_py']
[0.500s] Level 1:colcon.colcon_core.package_identification:_identify(backup/fptestv1) by extension 'python_setup_py'
[0.500s] Level 1:colcon.colcon_core.package_identification:_identify(backup/fptestv1/fastapi_planner) by extensions ['ignore', 'ignore_ament_install']
[0.500s] Level 1:colcon.colcon_core.package_identification:_identify(backup/fptestv1/fastapi_planner) by extension 'ignore'
[0.500s] Level 1:colcon.colcon_core.package_identification:_identify(backup/fptestv1/fastapi_planner) by extension 'ignore_ament_install'
[0.501s] Level 1:colcon.colcon_core.package_identification:_identify(backup/fptestv1/fastapi_planner) by extensions ['colcon_pkg']
[0.501s] Level 1:colcon.colcon_core.package_identification:_identify(backup/fptestv1/fastapi_planner) by extension 'colcon_pkg'
[0.501s] Level 1:colcon.colcon_core.package_identification:_identify(backup/fptestv1/fastapi_planner) by extensions ['colcon_meta']
[0.501s] Level 1:colcon.colcon_core.package_identification:_identify(backup/fptestv1/fastapi_planner) by extension 'colcon_meta'
[0.501s] Level 1:colcon.colcon_core.package_identification:_identify(backup/fptestv1/fastapi_planner) by extensions ['ros']
[0.501s] Level 1:colcon.colcon_core.package_identification:_identify(backup/fptestv1/fastapi_planner) by extension 'ros'
[0.501s] Level 1:colcon.colcon_core.package_identification:_identify(backup/fptestv1/fastapi_planner) by extensions ['cmake', 'python']
[0.501s] Level 1:colcon.colcon_core.package_identification:_identify(backup/fptestv1/fastapi_planner) by extension 'cmake'
[0.501s] Level 1:colcon.colcon_core.package_identification:_identify(backup/fptestv1/fastapi_planner) by extension 'python'
[0.501s] Level 1:colcon.colcon_core.package_identification:_identify(backup/fptestv1/fastapi_planner) by extensions ['python_setup_py']
[0.501s] Level 1:colcon.colcon_core.package_identification:_identify(backup/fptestv1/fastapi_planner) by extension 'python_setup_py'
[0.501s] Level 1:colcon.colcon_core.package_identification:_identify(backup/fptestv1/fastapi_planner/__pycache__) by extensions ['ignore', 'ignore_ament_install']
[0.502s] Level 1:colcon.colcon_core.package_identification:_identify(backup/fptestv1/fastapi_planner/__pycache__) by extension 'ignore'
[0.502s] Level 1:colcon.colcon_core.package_identification:_identify(backup/fptestv1/fastapi_planner/__pycache__) by extension 'ignore_ament_install'
[0.502s] Level 1:colcon.colcon_core.package_identification:_identify(backup/fptestv1/fastapi_planner/__pycache__) by extensions ['colcon_pkg']
[0.502s] Level 1:colcon.colcon_core.package_identification:_identify(backup/fptestv1/fastapi_planner/__pycache__) by extension 'colcon_pkg'
[0.502s] Level 1:colcon.colcon_core.package_identification:_identify(backup/fptestv1/fastapi_planner/__pycache__) by extensions ['colcon_meta']
[0.502s] Level 1:colcon.colcon_core.package_identification:_identify(backup/fptestv1/fastapi_planner/__pycache__) by extension 'colcon_meta'
[0.502s] Level 1:colcon.colcon_core.package_identification:_identify(backup/fptestv1/fastapi_planner/__pycache__) by extensions ['ros']
[0.502s] Level 1:colcon.colcon_core.package_identification:_identify(backup/fptestv1/fastapi_planner/__pycache__) by extension 'ros'
[0.502s] Level 1:colcon.colcon_core.package_identification:_identify(backup/fptestv1/fastapi_planner/__pycache__) by extensions ['cmake', 'python']
[0.502s] Level 1:colcon.colcon_core.package_identification:_identify(backup/fptestv1/fastapi_planner/__pycache__) by extension 'cmake'
[0.502s] Level 1:colcon.colcon_core.package_identification:_identify(backup/fptestv1/fastapi_planner/__pycache__) by extension 'python'
[0.502s] Level 1:colcon.colcon_core.package_identification:_identify(backup/fptestv1/fastapi_planner/__pycache__) by extensions ['python_setup_py']
[0.502s] Level 1:colcon.colcon_core.package_identification:_identify(backup/fptestv1/fastapi_planner/__pycache__) by extension 'python_setup_py'
[0.503s] Level 1:colcon.colcon_core.package_identification:_identify(build) by extensions ['ignore', 'ignore_ament_install']
[0.503s] Level 1:colcon.colcon_core.package_identification:_identify(build) by extension 'ignore'
[0.503s] Level 1:colcon.colcon_core.package_identification:_identify(build) ignored
[0.503s] Level 1:colcon.colcon_core.package_identification:_identify(docs) by extensions ['ignore', 'ignore_ament_install']
[0.503s] Level 1:colcon.colcon_core.package_identification:_identify(docs) by extension 'ignore'
[0.503s] Level 1:colcon.colcon_core.package_identification:_identify(docs) by extension 'ignore_ament_install'
[0.503s] Level 1:colcon.colcon_core.package_identification:_identify(docs) by extensions ['colcon_pkg']
[0.503s] Level 1:colcon.colcon_core.package_identification:_identify(docs) by extension 'colcon_pkg'
[0.503s] Level 1:colcon.colcon_core.package_identification:_identify(docs) by extensions ['colcon_meta']
[0.503s] Level 1:colcon.colcon_core.package_identification:_identify(docs) by extension 'colcon_meta'
[0.504s] Level 1:colcon.colcon_core.package_identification:_identify(docs) by extensions ['ros']
[0.504s] Level 1:colcon.colcon_core.package_identification:_identify(docs) by extension 'ros'
[0.504s] Level 1:colcon.colcon_core.package_identification:_identify(docs) by extensions ['cmake', 'python']
[0.504s] Level 1:colcon.colcon_core.package_identification:_identify(docs) by extension 'cmake'
[0.504s] Level 1:colcon.colcon_core.package_identification:_identify(docs) by extension 'python'
[0.504s] Level 1:colcon.colcon_core.package_identification:_identify(docs) by extensions ['python_setup_py']
[0.504s] Level 1:colcon.colcon_core.package_identification:_identify(docs) by extension 'python_setup_py'
[0.504s] Level 1:colcon.colcon_core.package_identification:_identify(fastapi_planner) by extensions ['ignore', 'ignore_ament_install']
[0.504s] Level 1:colcon.colcon_core.package_identification:_identify(fastapi_planner) by extension 'ignore'
[0.504s] Level 1:colcon.colcon_core.package_identification:_identify(fastapi_planner) by extension 'ignore_ament_install'
[0.504s] Level 1:colcon.colcon_core.package_identification:_identify(fastapi_planner) by extensions ['colcon_pkg']
[0.504s] Level 1:colcon.colcon_core.package_identification:_identify(fastapi_planner) by extension 'colcon_pkg'
[0.505s] Level 1:colcon.colcon_core.package_identification:_identify(fastapi_planner) by extensions ['colcon_meta']
[0.505s] Level 1:colcon.colcon_core.package_identification:_identify(fastapi_planner) by extension 'colcon_meta'
[0.505s] Level 1:colcon.colcon_core.package_identification:_identify(fastapi_planner) by extensions ['ros']
[0.505s] Level 1:colcon.colcon_core.package_identification:_identify(fastapi_planner) by extension 'ros'
[0.505s] Level 1:colcon.colcon_core.package_identification:_identify(fastapi_planner) by extensions ['cmake', 'python']
[0.505s] Level 1:colcon.colcon_core.package_identification:_identify(fastapi_planner) by extension 'cmake'
[0.505s] Level 1:colcon.colcon_core.package_identification:_identify(fastapi_planner) by extension 'python'
[0.505s] Level 1:colcon.colcon_core.package_identification:_identify(fastapi_planner) by extensions ['python_setup_py']
[0.505s] Level 1:colcon.colcon_core.package_identification:_identify(fastapi_planner) by extension 'python_setup_py'
[0.505s] Level 1:colcon.colcon_core.package_identification:_identify(fastapi_planner/__pycache__) by extensions ['ignore', 'ignore_ament_install']
[0.505s] Level 1:colcon.colcon_core.package_identification:_identify(fastapi_planner/__pycache__) by extension 'ignore'
[0.505s] Level 1:colcon.colcon_core.package_identification:_identify(fastapi_planner/__pycache__) by extension 'ignore_ament_install'
[0.506s] Level 1:colcon.colcon_core.package_identification:_identify(fastapi_planner/__pycache__) by extensions ['colcon_pkg']
[0.506s] Level 1:colcon.colcon_core.package_identification:_identify(fastapi_planner/__pycache__) by extension 'colcon_pkg'
[0.506s] Level 1:colcon.colcon_core.package_identification:_identify(fastapi_planner/__pycache__) by extensions ['colcon_meta']
[0.506s] Level 1:colcon.colcon_core.package_identification:_identify(fastapi_planner/__pycache__) by extension 'colcon_meta'
[0.506s] Level 1:colcon.colcon_core.package_identification:_identify(fastapi_planner/__pycache__) by extensions ['ros']
[0.506s] Level 1:colcon.colcon_core.package_identification:_identify(fastapi_planner/__pycache__) by extension 'ros'
[0.506s] Level 1:colcon.colcon_core.package_identification:_identify(fastapi_planner/__pycache__) by extensions ['cmake', 'python']
[0.506s] Level 1:colcon.colcon_core.package_identification:_identify(fastapi_planner/__pycache__) by extension 'cmake'
[0.506s] Level 1:colcon.colcon_core.package_identification:_identify(fastapi_planner/__pycache__) by extension 'python'
[0.506s] Level 1:colcon.colcon_core.package_identification:_identify(fastapi_planner/__pycache__) by extensions ['python_setup_py']
[0.506s] Level 1:colcon.colcon_core.package_identification:_identify(fastapi_planner/__pycache__) by extension 'python_setup_py'
[0.506s] Level 1:colcon.colcon_core.package_identification:_identify(install) by extensions ['ignore', 'ignore_ament_install']
[0.506s] Level 1:colcon.colcon_core.package_identification:_identify(install) by extension 'ignore'
[0.507s] Level 1:colcon.colcon_core.package_identification:_identify(install) ignored
[0.507s] Level 1:colcon.colcon_core.package_identification:_identify(log) by extensions ['ignore', 'ignore_ament_install']
[0.507s] Level 1:colcon.colcon_core.package_identification:_identify(log) by extension 'ignore'
[0.507s] Level 1:colcon.colcon_core.package_identification:_identify(log) ignored
[0.507s] Level 1:colcon.colcon_core.package_identification:_identify(src) by extensions ['ignore', 'ignore_ament_install']
[0.507s] Level 1:colcon.colcon_core.package_identification:_identify(src) by extension 'ignore'
[0.507s] Level 1:colcon.colcon_core.package_identification:_identify(src) by extension 'ignore_ament_install'
[0.507s] Level 1:colcon.colcon_core.package_identification:_identify(src) by extensions ['colcon_pkg']
[0.507s] Level 1:colcon.colcon_core.package_identification:_identify(src) by extension 'colcon_pkg'
[0.507s] Level 1:colcon.colcon_core.package_identification:_identify(src) by extensions ['colcon_meta']
[0.507s] Level 1:colcon.colcon_core.package_identification:_identify(src) by extension 'colcon_meta'
[0.508s] Level 1:colcon.colcon_core.package_identification:_identify(src) by extensions ['ros']
[0.508s] Level 1:colcon.colcon_core.package_identification:_identify(src) by extension 'ros'
[0.508s] Level 1:colcon.colcon_core.package_identification:_identify(src) by extensions ['cmake', 'python']
[0.508s] Level 1:colcon.colcon_core.package_identification:_identify(src) by extension 'cmake'
[0.508s] Level 1:colcon.colcon_core.package_identification:_identify(src) by extension 'python'
[0.508s] Level 1:colcon.colcon_core.package_identification:_identify(src) by extensions ['python_setup_py']
[0.508s] Level 1:colcon.colcon_core.package_identification:_identify(src) by extension 'python_setup_py'
[0.508s] Level 1:colcon.colcon_core.package_identification:_identify(src/Fast-Planner) by extensions ['ignore', 'ignore_ament_install']
[0.508s] Level 1:colcon.colcon_core.package_identification:_identify(src/Fast-Planner) by extension 'ignore'
[0.508s] Level 1:colcon.colcon_core.package_identification:_identify(src/Fast-Planner) by extension 'ignore_ament_install'
[0.508s] Level 1:colcon.colcon_core.package_identification:_identify(src/Fast-Planner) by extensions ['colcon_pkg']
[0.508s] Level 1:colcon.colcon_core.package_identification:_identify(src/Fast-Planner) by extension 'colcon_pkg'
[0.508s] Level 1:colcon.colcon_core.package_identification:_identify(src/Fast-Planner) by extensions ['colcon_meta']
[0.509s] Level 1:colcon.colcon_core.package_identification:_identify(src/Fast-Planner) by extension 'colcon_meta'
[0.509s] Level 1:colcon.colcon_core.package_identification:_identify(src/Fast-Planner) by extensions ['ros']
[0.509s] Level 1:colcon.colcon_core.package_identification:_identify(src/Fast-Planner) by extension 'ros'
[0.509s] Level 1:colcon.colcon_core.package_identification:_identify(src/Fast-Planner) by extensions ['cmake', 'python']
[0.509s] Level 1:colcon.colcon_core.package_identification:_identify(src/Fast-Planner) by extension 'cmake'
[0.509s] Level 1:colcon.colcon_core.package_identification:_identify(src/Fast-Planner) by extension 'python'
[0.509s] Level 1:colcon.colcon_core.package_identification:_identify(src/Fast-Planner) by extensions ['python_setup_py']
[0.509s] Level 1:colcon.colcon_core.package_identification:_identify(src/Fast-Planner) by extension 'python_setup_py'
[0.509s] Level 1:colcon.colcon_core.package_identification:_identify(src/Fast-Planner/fast_planner) by extensions ['ignore', 'ignore_ament_install']
[0.509s] Level 1:colcon.colcon_core.package_identification:_identify(src/Fast-Planner/fast_planner) by extension 'ignore'
[0.509s] Level 1:colcon.colcon_core.package_identification:_identify(src/Fast-Planner/fast_planner) by extension 'ignore_ament_install'
[0.510s] Level 1:colcon.colcon_core.package_identification:_identify(src/Fast-Planner/fast_planner) by extensions ['colcon_pkg']
[0.510s] Level 1:colcon.colcon_core.package_identification:_identify(src/Fast-Planner/fast_planner) by extension 'colcon_pkg'
[0.510s] Level 1:colcon.colcon_core.package_identification:_identify(src/Fast-Planner/fast_planner) by extensions ['colcon_meta']
[0.510s] Level 1:colcon.colcon_core.package_identification:_identify(src/Fast-Planner/fast_planner) by extension 'colcon_meta'
[0.510s] Level 1:colcon.colcon_core.package_identification:_identify(src/Fast-Planner/fast_planner) by extensions ['ros']
[0.510s] Level 1:colcon.colcon_core.package_identification:_identify(src/Fast-Planner/fast_planner) by extension 'ros'
[0.510s] Level 1:colcon.colcon_core.package_identification:_identify(src/Fast-Planner/fast_planner) by extensions ['cmake', 'python']
[0.510s] Level 1:colcon.colcon_core.package_identification:_identify(src/Fast-Planner/fast_planner) by extension 'cmake'
[0.510s] Level 1:colcon.colcon_core.package_identification:_identify(src/Fast-Planner/fast_planner) by extension 'python'
[0.510s] Level 1:colcon.colcon_core.package_identification:_identify(src/Fast-Planner/fast_planner) by extensions ['python_setup_py']
[0.510s] Level 1:colcon.colcon_core.package_identification:_identify(src/Fast-Planner/fast_planner) by extension 'python_setup_py'
[0.510s] Level 1:colcon.colcon_core.package_identification:_identify(src/Fast-Planner/fast_planner/bag) by extensions ['ignore', 'ignore_ament_install']
[0.510s] Level 1:colcon.colcon_core.package_identification:_identify(src/Fast-Planner/fast_planner/bag) by extension 'ignore'
[0.511s] Level 1:colcon.colcon_core.package_identification:_identify(src/Fast-Planner/fast_planner/bag) by extension 'ignore_ament_install'
[0.511s] Level 1:colcon.colcon_core.package_identification:_identify(src/Fast-Planner/fast_planner/bag) by extensions ['colcon_pkg']
[0.511s] Level 1:colcon.colcon_core.package_identification:_identify(src/Fast-Planner/fast_planner/bag) by extension 'colcon_pkg'
[0.511s] Level 1:colcon.colcon_core.package_identification:_identify(src/Fast-Planner/fast_planner/bag) by extensions ['colcon_meta']
[0.511s] Level 1:colcon.colcon_core.package_identification:_identify(src/Fast-Planner/fast_planner/bag) by extension 'colcon_meta'
[0.511s] Level 1:colcon.colcon_core.package_identification:_identify(src/Fast-Planner/fast_planner/bag) by extensions ['ros']
[0.511s] Level 1:colcon.colcon_core.package_identification:_identify(src/Fast-Planner/fast_planner/bag) by extension 'ros'
[0.511s] Level 1:colcon.colcon_core.package_identification:_identify(src/Fast-Planner/fast_planner/bag) by extensions ['cmake', 'python']
[0.511s] Level 1:colcon.colcon_core.package_identification:_identify(src/Fast-Planner/fast_planner/bag) by extension 'cmake'
[0.511s] Level 1:colcon.colcon_core.package_identification:_identify(src/Fast-Planner/fast_planner/bag) by extension 'python'
[0.511s] Level 1:colcon.colcon_core.package_identification:_identify(src/Fast-Planner/fast_planner/bag) by extensions ['python_setup_py']
[0.511s] Level 1:colcon.colcon_core.package_identification:_identify(src/Fast-Planner/fast_planner/bag) by extension 'python_setup_py'
[0.511s] Level 1:colcon.colcon_core.package_identification:_identify(src/Fast-Planner/fast_planner/bspline) by extensions ['ignore', 'ignore_ament_install']
[0.512s] Level 1:colcon.colcon_core.package_identification:_identify(src/Fast-Planner/fast_planner/bspline) by extension 'ignore'
[0.512s] Level 1:colcon.colcon_core.package_identification:_identify(src/Fast-Planner/fast_planner/bspline) by extension 'ignore_ament_install'
[0.512s] Level 1:colcon.colcon_core.package_identification:_identify(src/Fast-Planner/fast_planner/bspline) by extensions ['colcon_pkg']
[0.512s] Level 1:colcon.colcon_core.package_identification:_identify(src/Fast-Planner/fast_planner/bspline) by extension 'colcon_pkg'
[0.512s] Level 1:colcon.colcon_core.package_identification:_identify(src/Fast-Planner/fast_planner/bspline) by extensions ['colcon_meta']
[0.512s] Level 1:colcon.colcon_core.package_identification:_identify(src/Fast-Planner/fast_planner/bspline) by extension 'colcon_meta'
[0.512s] Level 1:colcon.colcon_core.package_identification:_identify(src/Fast-Planner/fast_planner/bspline) by extensions ['ros']
[0.512s] Level 1:colcon.colcon_core.package_identification:_identify(src/Fast-Planner/fast_planner/bspline) by extension 'ros'
[0.516s] DEBUG:colcon.colcon_core.package_identification:Package 'src/Fast-Planner/fast_planner/bspline' with type 'ros.ament_cmake' and name 'bspline'
[0.517s] Level 1:colcon.colcon_core.package_identification:_identify(src/Fast-Planner/fast_planner/bspline_opt) by extensions ['ignore', 'ignore_ament_install']
[0.517s] Level 1:colcon.colcon_core.package_identification:_identify(src/Fast-Planner/fast_planner/bspline_opt) by extension 'ignore'
[0.517s] Level 1:colcon.colcon_core.package_identification:_identify(src/Fast-Planner/fast_planner/bspline_opt) by extension 'ignore_ament_install'
[0.517s] Level 1:colcon.colcon_core.package_identification:_identify(src/Fast-Planner/fast_planner/bspline_opt) by extensions ['colcon_pkg']
[0.517s] Level 1:colcon.colcon_core.package_identification:_identify(src/Fast-Planner/fast_planner/bspline_opt) by extension 'colcon_pkg'
[0.517s] Level 1:colcon.colcon_core.package_identification:_identify(src/Fast-Planner/fast_planner/bspline_opt) by extensions ['colcon_meta']
[0.517s] Level 1:colcon.colcon_core.package_identification:_identify(src/Fast-Planner/fast_planner/bspline_opt) by extension 'colcon_meta'
[0.517s] Level 1:colcon.colcon_core.package_identification:_identify(src/Fast-Planner/fast_planner/bspline_opt) by extensions ['ros']
[0.518s] Level 1:colcon.colcon_core.package_identification:_identify(src/Fast-Planner/fast_planner/bspline_opt) by extension 'ros'
[0.519s] DEBUG:colcon.colcon_core.package_identification:Package 'src/Fast-Planner/fast_planner/bspline_opt' with type 'ros.ament_cmake' and name 'bspline_opt'
[0.519s] Level 1:colcon.colcon_core.package_identification:_identify(src/Fast-Planner/fast_planner/path_searching) by extensions ['ignore', 'ignore_ament_install']
[0.520s] Level 1:colcon.colcon_core.package_identification:_identify(src/Fast-Planner/fast_planner/path_searching) by extension 'ignore'
[0.520s] Level 1:colcon.colcon_core.package_identification:_identify(src/Fast-Planner/fast_planner/path_searching) by extension 'ignore_ament_install'
[0.520s] Level 1:colcon.colcon_core.package_identification:_identify(src/Fast-Planner/fast_planner/path_searching) by extensions ['colcon_pkg']
[0.520s] Level 1:colcon.colcon_core.package_identification:_identify(src/Fast-Planner/fast_planner/path_searching) by extension 'colcon_pkg'
[0.520s] Level 1:colcon.colcon_core.package_identification:_identify(src/Fast-Planner/fast_planner/path_searching) by extensions ['colcon_meta']
[0.520s] Level 1:colcon.colcon_core.package_identification:_identify(src/Fast-Planner/fast_planner/path_searching) by extension 'colcon_meta'
[0.520s] Level 1:colcon.colcon_core.package_identification:_identify(src/Fast-Planner/fast_planner/path_searching) by extensions ['ros']
[0.520s] Level 1:colcon.colcon_core.package_identification:_identify(src/Fast-Planner/fast_planner/path_searching) by extension 'ros'
[0.521s] DEBUG:colcon.colcon_core.package_identification:Package 'src/Fast-Planner/fast_planner/path_searching' with type 'ros.ament_cmake' and name 'path_searching'
[0.522s] Level 1:colcon.colcon_core.package_identification:_identify(src/Fast-Planner/fast_planner/plan_env) by extensions ['ignore', 'ignore_ament_install']
[0.522s] Level 1:colcon.colcon_core.package_identification:_identify(src/Fast-Planner/fast_planner/plan_env) by extension 'ignore'
[0.522s] Level 1:colcon.colcon_core.package_identification:_identify(src/Fast-Planner/fast_planner/plan_env) by extension 'ignore_ament_install'
[0.522s] Level 1:colcon.colcon_core.package_identification:_identify(src/Fast-Planner/fast_planner/plan_env) by extensions ['colcon_pkg']
[0.522s] Level 1:colcon.colcon_core.package_identification:_identify(src/Fast-Planner/fast_planner/plan_env) by extension 'colcon_pkg'
[0.522s] Level 1:colcon.colcon_core.package_identification:_identify(src/Fast-Planner/fast_planner/plan_env) by extensions ['colcon_meta']
[0.522s] Level 1:colcon.colcon_core.package_identification:_identify(src/Fast-Planner/fast_planner/plan_env) by extension 'colcon_meta'
[0.522s] Level 1:colcon.colcon_core.package_identification:_identify(src/Fast-Planner/fast_planner/plan_env) by extensions ['ros']
[0.522s] Level 1:colcon.colcon_core.package_identification:_identify(src/Fast-Planner/fast_planner/plan_env) by extension 'ros'
[0.524s] DEBUG:colcon.colcon_core.package_identification:Package 'src/Fast-Planner/fast_planner/plan_env' with type 'ros.ament_cmake' and name 'plan_env'
[0.524s] Level 1:colcon.colcon_core.package_identification:_identify(src/Fast-Planner/fast_planner/plan_manage) by extensions ['ignore', 'ignore_ament_install']
[0.524s] Level 1:colcon.colcon_core.package_identification:_identify(src/Fast-Planner/fast_planner/plan_manage) by extension 'ignore'
[0.524s] Level 1:colcon.colcon_core.package_identification:_identify(src/Fast-Planner/fast_planner/plan_manage) by extension 'ignore_ament_install'
[0.524s] Level 1:colcon.colcon_core.package_identification:_identify(src/Fast-Planner/fast_planner/plan_manage) by extensions ['colcon_pkg']
[0.525s] Level 1:colcon.colcon_core.package_identification:_identify(src/Fast-Planner/fast_planner/plan_manage) by extension 'colcon_pkg'
[0.525s] Level 1:colcon.colcon_core.package_identification:_identify(src/Fast-Planner/fast_planner/plan_manage) by extensions ['colcon_meta']
[0.525s] Level 1:colcon.colcon_core.package_identification:_identify(src/Fast-Planner/fast_planner/plan_manage) by extension 'colcon_meta'
[0.525s] Level 1:colcon.colcon_core.package_identification:_identify(src/Fast-Planner/fast_planner/plan_manage) by extensions ['ros']
[0.525s] Level 1:colcon.colcon_core.package_identification:_identify(src/Fast-Planner/fast_planner/plan_manage) by extension 'ros'
[0.527s] DEBUG:colcon.colcon_core.package_identification:Package 'src/Fast-Planner/fast_planner/plan_manage' with type 'ros.ament_cmake' and name 'plan_manage'
[0.527s] Level 1:colcon.colcon_core.package_identification:_identify(src/Fast-Planner/fast_planner/poly_traj) by extensions ['ignore', 'ignore_ament_install']
[0.527s] Level 1:colcon.colcon_core.package_identification:_identify(src/Fast-Planner/fast_planner/poly_traj) by extension 'ignore'
[0.528s] Level 1:colcon.colcon_core.package_identification:_identify(src/Fast-Planner/fast_planner/poly_traj) by extension 'ignore_ament_install'
[0.528s] Level 1:colcon.colcon_core.package_identification:_identify(src/Fast-Planner/fast_planner/poly_traj) by extensions ['colcon_pkg']
[0.528s] Level 1:colcon.colcon_core.package_identification:_identify(src/Fast-Planner/fast_planner/poly_traj) by extension 'colcon_pkg'
[0.528s] Level 1:colcon.colcon_core.package_identification:_identify(src/Fast-Planner/fast_planner/poly_traj) by extensions ['colcon_meta']
[0.528s] Level 1:colcon.colcon_core.package_identification:_identify(src/Fast-Planner/fast_planner/poly_traj) by extension 'colcon_meta'
[0.528s] Level 1:colcon.colcon_core.package_identification:_identify(src/Fast-Planner/fast_planner/poly_traj) by extensions ['ros']
[0.528s] Level 1:colcon.colcon_core.package_identification:_identify(src/Fast-Planner/fast_planner/poly_traj) by extension 'ros'
[0.529s] DEBUG:colcon.colcon_core.package_identification:Package 'src/Fast-Planner/fast_planner/poly_traj' with type 'ros.ament_cmake' and name 'poly_traj'
[0.529s] Level 1:colcon.colcon_core.package_identification:_identify(src/Fast-Planner/fast_planner/traj_utils) by extensions ['ignore', 'ignore_ament_install']
[0.529s] Level 1:colcon.colcon_core.package_identification:_identify(src/Fast-Planner/fast_planner/traj_utils) by extension 'ignore'
[0.529s] Level 1:colcon.colcon_core.package_identification:_identify(src/Fast-Planner/fast_planner/traj_utils) by extension 'ignore_ament_install'
[0.529s] Level 1:colcon.colcon_core.package_identification:_identify(src/Fast-Planner/fast_planner/traj_utils) by extensions ['colcon_pkg']
[0.530s] Level 1:colcon.colcon_core.package_identification:_identify(src/Fast-Planner/fast_planner/traj_utils) by extension 'colcon_pkg'
[0.530s] Level 1:colcon.colcon_core.package_identification:_identify(src/Fast-Planner/fast_planner/traj_utils) by extensions ['colcon_meta']
[0.530s] Level 1:colcon.colcon_core.package_identification:_identify(src/Fast-Planner/fast_planner/traj_utils) by extension 'colcon_meta'
[0.530s] Level 1:colcon.colcon_core.package_identification:_identify(src/Fast-Planner/fast_planner/traj_utils) by extensions ['ros']
[0.530s] Level 1:colcon.colcon_core.package_identification:_identify(src/Fast-Planner/fast_planner/traj_utils) by extension 'ros'
[0.531s] DEBUG:colcon.colcon_core.package_identification:Package 'src/Fast-Planner/fast_planner/traj_utils' with type 'ros.ament_cmake' and name 'traj_utils'
[0.531s] Level 1:colcon.colcon_core.package_identification:_identify(src/Fast-Planner/files) by extensions ['ignore', 'ignore_ament_install']
[0.531s] Level 1:colcon.colcon_core.package_identification:_identify(src/Fast-Planner/files) by extension 'ignore'
[0.531s] Level 1:colcon.colcon_core.package_identification:_identify(src/Fast-Planner/files) by extension 'ignore_ament_install'
[0.531s] Level 1:colcon.colcon_core.package_identification:_identify(src/Fast-Planner/files) by extensions ['colcon_pkg']
[0.531s] Level 1:colcon.colcon_core.package_identification:_identify(src/Fast-Planner/files) by extension 'colcon_pkg'
[0.531s] Level 1:colcon.colcon_core.package_identification:_identify(src/Fast-Planner/files) by extensions ['colcon_meta']
[0.531s] Level 1:colcon.colcon_core.package_identification:_identify(src/Fast-Planner/files) by extension 'colcon_meta'
[0.532s] Level 1:colcon.colcon_core.package_identification:_identify(src/Fast-Planner/files) by extensions ['ros']
[0.532s] Level 1:colcon.colcon_core.package_identification:_identify(src/Fast-Planner/files) by extension 'ros'
[0.532s] Level 1:colcon.colcon_core.package_identification:_identify(src/Fast-Planner/files) by extensions ['cmake', 'python']
[0.532s] Level 1:colcon.colcon_core.package_identification:_identify(src/Fast-Planner/files) by extension 'cmake'
[0.532s] Level 1:colcon.colcon_core.package_identification:_identify(src/Fast-Planner/files) by extension 'python'
[0.532s] Level 1:colcon.colcon_core.package_identification:_identify(src/Fast-Planner/files) by extensions ['python_setup_py']
[0.532s] Level 1:colcon.colcon_core.package_identification:_identify(src/Fast-Planner/files) by extension 'python_setup_py'
[0.532s] Level 1:colcon.colcon_core.package_identification:_identify(src/Fast-Planner/uav_simulator) by extensions ['ignore', 'ignore_ament_install']
[0.532s] Level 1:colcon.colcon_core.package_identification:_identify(src/Fast-Planner/uav_simulator) by extension 'ignore'
[0.532s] Level 1:colcon.colcon_core.package_identification:_identify(src/Fast-Planner/uav_simulator) by extension 'ignore_ament_install'
[0.532s] Level 1:colcon.colcon_core.package_identification:_identify(src/Fast-Planner/uav_simulator) by extensions ['colcon_pkg']
[0.533s] Level 1:colcon.colcon_core.package_identification:_identify(src/Fast-Planner/uav_simulator) by extension 'colcon_pkg'
[0.533s] Level 1:colcon.colcon_core.package_identification:_identify(src/Fast-Planner/uav_simulator) by extensions ['colcon_meta']
[0.533s] Level 1:colcon.colcon_core.package_identification:_identify(src/Fast-Planner/uav_simulator) by extension 'colcon_meta'
[0.533s] Level 1:colcon.colcon_core.package_identification:_identify(src/Fast-Planner/uav_simulator) by extensions ['ros']
[0.533s] Level 1:colcon.colcon_core.package_identification:_identify(src/Fast-Planner/uav_simulator) by extension 'ros'
[0.533s] Level 1:colcon.colcon_core.package_identification:_identify(src/Fast-Planner/uav_simulator) by extensions ['cmake', 'python']
[0.533s] Level 1:colcon.colcon_core.package_identification:_identify(src/Fast-Planner/uav_simulator) by extension 'cmake'
[0.533s] Level 1:colcon.colcon_core.package_identification:_identify(src/Fast-Planner/uav_simulator) by extension 'python'
[0.533s] Level 1:colcon.colcon_core.package_identification:_identify(src/Fast-Planner/uav_simulator) by extensions ['python_setup_py']
[0.533s] Level 1:colcon.colcon_core.package_identification:_identify(src/Fast-Planner/uav_simulator) by extension 'python_setup_py'
[0.533s] Level 1:colcon.colcon_core.package_identification:_identify(src/Fast-Planner/uav_simulator/Utils) by extensions ['ignore', 'ignore_ament_install']
[0.533s] Level 1:colcon.colcon_core.package_identification:_identify(src/Fast-Planner/uav_simulator/Utils) by extension 'ignore'
[0.534s] Level 1:colcon.colcon_core.package_identification:_identify(src/Fast-Planner/uav_simulator/Utils) by extension 'ignore_ament_install'
[0.534s] Level 1:colcon.colcon_core.package_identification:_identify(src/Fast-Planner/uav_simulator/Utils) by extensions ['colcon_pkg']
[0.534s] Level 1:colcon.colcon_core.package_identification:_identify(src/Fast-Planner/uav_simulator/Utils) by extension 'colcon_pkg'
[0.534s] Level 1:colcon.colcon_core.package_identification:_identify(src/Fast-Planner/uav_simulator/Utils) by extensions ['colcon_meta']
[0.534s] Level 1:colcon.colcon_core.package_identification:_identify(src/Fast-Planner/uav_simulator/Utils) by extension 'colcon_meta'
[0.534s] Level 1:colcon.colcon_core.package_identification:_identify(src/Fast-Planner/uav_simulator/Utils) by extensions ['ros']
[0.534s] Level 1:colcon.colcon_core.package_identification:_identify(src/Fast-Planner/uav_simulator/Utils) by extension 'ros'
[0.534s] Level 1:colcon.colcon_core.package_identification:_identify(src/Fast-Planner/uav_simulator/Utils) by extensions ['cmake', 'python']
[0.534s] Level 1:colcon.colcon_core.package_identification:_identify(src/Fast-Planner/uav_simulator/Utils) by extension 'cmake'
[0.534s] Level 1:colcon.colcon_core.package_identification:_identify(src/Fast-Planner/uav_simulator/Utils) by extension 'python'
[0.534s] Level 1:colcon.colcon_core.package_identification:_identify(src/Fast-Planner/uav_simulator/Utils) by extensions ['python_setup_py']
[0.534s] Level 1:colcon.colcon_core.package_identification:_identify(src/Fast-Planner/uav_simulator/Utils) by extension 'python_setup_py'
[0.534s] Level 1:colcon.colcon_core.package_identification:_identify(src/Fast-Planner/uav_simulator/Utils/cmake_utils) by extensions ['ignore', 'ignore_ament_install']
[0.535s] Level 1:colcon.colcon_core.package_identification:_identify(src/Fast-Planner/uav_simulator/Utils/cmake_utils) by extension 'ignore'
[0.535s] Level 1:colcon.colcon_core.package_identification:_identify(src/Fast-Planner/uav_simulator/Utils/cmake_utils) by extension 'ignore_ament_install'
[0.535s] Level 1:colcon.colcon_core.package_identification:_identify(src/Fast-Planner/uav_simulator/Utils/cmake_utils) by extensions ['colcon_pkg']
[0.535s] Level 1:colcon.colcon_core.package_identification:_identify(src/Fast-Planner/uav_simulator/Utils/cmake_utils) by extension 'colcon_pkg'
[0.535s] Level 1:colcon.colcon_core.package_identification:_identify(src/Fast-Planner/uav_simulator/Utils/cmake_utils) by extensions ['colcon_meta']
[0.535s] Level 1:colcon.colcon_core.package_identification:_identify(src/Fast-Planner/uav_simulator/Utils/cmake_utils) by extension 'colcon_meta'
[0.535s] Level 1:colcon.colcon_core.package_identification:_identify(src/Fast-Planner/uav_simulator/Utils/cmake_utils) by extensions ['ros']
[0.535s] Level 1:colcon.colcon_core.package_identification:_identify(src/Fast-Planner/uav_simulator/Utils/cmake_utils) by extension 'ros'
[0.536s] DEBUG:colcon.colcon_core.package_identification:Package 'src/Fast-Planner/uav_simulator/Utils/cmake_utils' with type 'ros.ament_cmake' and name 'cmake_utils'
[0.536s] Level 1:colcon.colcon_core.package_identification:_identify(src/Fast-Planner/uav_simulator/Utils/multi_map_server) by extensions ['ignore', 'ignore_ament_install']
[0.536s] Level 1:colcon.colcon_core.package_identification:_identify(src/Fast-Planner/uav_simulator/Utils/multi_map_server) by extension 'ignore'
[0.536s] Level 1:colcon.colcon_core.package_identification:_identify(src/Fast-Planner/uav_simulator/Utils/multi_map_server) by extension 'ignore_ament_install'
[0.536s] Level 1:colcon.colcon_core.package_identification:_identify(src/Fast-Planner/uav_simulator/Utils/multi_map_server) by extensions ['colcon_pkg']
[0.536s] Level 1:colcon.colcon_core.package_identification:_identify(src/Fast-Planner/uav_simulator/Utils/multi_map_server) by extension 'colcon_pkg'
[0.536s] Level 1:colcon.colcon_core.package_identification:_identify(src/Fast-Planner/uav_simulator/Utils/multi_map_server) by extensions ['colcon_meta']
[0.537s] Level 1:colcon.colcon_core.package_identification:_identify(src/Fast-Planner/uav_simulator/Utils/multi_map_server) by extension 'colcon_meta'
[0.537s] Level 1:colcon.colcon_core.package_identification:_identify(src/Fast-Planner/uav_simulator/Utils/multi_map_server) by extensions ['ros']
[0.537s] Level 1:colcon.colcon_core.package_identification:_identify(src/Fast-Planner/uav_simulator/Utils/multi_map_server) by extension 'ros'
[0.539s] DEBUG:colcon.colcon_core.package_identification:Package 'src/Fast-Planner/uav_simulator/Utils/multi_map_server' with type 'ros.ament_cmake' and name 'multi_map_server'
[0.539s] Level 1:colcon.colcon_core.package_identification:_identify(src/Fast-Planner/uav_simulator/Utils/odom_visualization) by extensions ['ignore', 'ignore_ament_install']
[0.539s] Level 1:colcon.colcon_core.package_identification:_identify(src/Fast-Planner/uav_simulator/Utils/odom_visualization) by extension 'ignore'
[0.539s] Level 1:colcon.colcon_core.package_identification:_identify(src/Fast-Planner/uav_simulator/Utils/odom_visualization) by extension 'ignore_ament_install'
[0.539s] Level 1:colcon.colcon_core.package_identification:_identify(src/Fast-Planner/uav_simulator/Utils/odom_visualization) by extensions ['colcon_pkg']
[0.539s] Level 1:colcon.colcon_core.package_identification:_identify(src/Fast-Planner/uav_simulator/Utils/odom_visualization) by extension 'colcon_pkg'
[0.539s] Level 1:colcon.colcon_core.package_identification:_identify(src/Fast-Planner/uav_simulator/Utils/odom_visualization) by extensions ['colcon_meta']
[0.539s] Level 1:colcon.colcon_core.package_identification:_identify(src/Fast-Planner/uav_simulator/Utils/odom_visualization) by extension 'colcon_meta'
[0.539s] Level 1:colcon.colcon_core.package_identification:_identify(src/Fast-Planner/uav_simulator/Utils/odom_visualization) by extensions ['ros']
[0.540s] Level 1:colcon.colcon_core.package_identification:_identify(src/Fast-Planner/uav_simulator/Utils/odom_visualization) by extension 'ros'
[0.541s] DEBUG:colcon.colcon_core.package_identification:Package 'src/Fast-Planner/uav_simulator/Utils/odom_visualization' with type 'ros.ament_cmake' and name 'odom_visualization'
[0.541s] Level 1:colcon.colcon_core.package_identification:_identify(src/Fast-Planner/uav_simulator/Utils/pose_utils) by extensions ['ignore', 'ignore_ament_install']
[0.541s] Level 1:colcon.colcon_core.package_identification:_identify(src/Fast-Planner/uav_simulator/Utils/pose_utils) by extension 'ignore'
[0.541s] Level 1:colcon.colcon_core.package_identification:_identify(src/Fast-Planner/uav_simulator/Utils/pose_utils) by extension 'ignore_ament_install'
[0.542s] Level 1:colcon.colcon_core.package_identification:_identify(src/Fast-Planner/uav_simulator/Utils/pose_utils) by extensions ['colcon_pkg']
[0.542s] Level 1:colcon.colcon_core.package_identification:_identify(src/Fast-Planner/uav_simulator/Utils/pose_utils) by extension 'colcon_pkg'
[0.542s] Level 1:colcon.colcon_core.package_identification:_identify(src/Fast-Planner/uav_simulator/Utils/pose_utils) by extensions ['colcon_meta']
[0.542s] Level 1:colcon.colcon_core.package_identification:_identify(src/Fast-Planner/uav_simulator/Utils/pose_utils) by extension 'colcon_meta'
[0.542s] Level 1:colcon.colcon_core.package_identification:_identify(src/Fast-Planner/uav_simulator/Utils/pose_utils) by extensions ['ros']
[0.542s] Level 1:colcon.colcon_core.package_identification:_identify(src/Fast-Planner/uav_simulator/Utils/pose_utils) by extension 'ros'
[0.543s] DEBUG:colcon.colcon_core.package_identification:Package 'src/Fast-Planner/uav_simulator/Utils/pose_utils' with type 'ros.ament_cmake' and name 'pose_utils'
[0.543s] Level 1:colcon.colcon_core.package_identification:_identify(src/Fast-Planner/uav_simulator/Utils/quadrotor_msgs) by extensions ['ignore', 'ignore_ament_install']
[0.543s] Level 1:colcon.colcon_core.package_identification:_identify(src/Fast-Planner/uav_simulator/Utils/quadrotor_msgs) by extension 'ignore'
[0.543s] Level 1:colcon.colcon_core.package_identification:_identify(src/Fast-Planner/uav_simulator/Utils/quadrotor_msgs) by extension 'ignore_ament_install'
[0.543s] Level 1:colcon.colcon_core.package_identification:_identify(src/Fast-Planner/uav_simulator/Utils/quadrotor_msgs) by extensions ['colcon_pkg']
[0.543s] Level 1:colcon.colcon_core.package_identification:_identify(src/Fast-Planner/uav_simulator/Utils/quadrotor_msgs) by extension 'colcon_pkg'
[0.543s] Level 1:colcon.colcon_core.package_identification:_identify(src/Fast-Planner/uav_simulator/Utils/quadrotor_msgs) by extensions ['colcon_meta']
[0.543s] Level 1:colcon.colcon_core.package_identification:_identify(src/Fast-Planner/uav_simulator/Utils/quadrotor_msgs) by extension 'colcon_meta'
[0.543s] Level 1:colcon.colcon_core.package_identification:_identify(src/Fast-Planner/uav_simulator/Utils/quadrotor_msgs) by extensions ['ros']
[0.543s] Level 1:colcon.colcon_core.package_identification:_identify(src/Fast-Planner/uav_simulator/Utils/quadrotor_msgs) by extension 'ros'
[0.544s] DEBUG:colcon.colcon_core.package_identification:Package 'src/Fast-Planner/uav_simulator/Utils/quadrotor_msgs' with type 'ros.ament_cmake' and name 'quadrotor_msgs'
[0.545s] Level 1:colcon.colcon_core.package_identification:_identify(src/Fast-Planner/uav_simulator/Utils/rviz_plugins) by extensions ['ignore', 'ignore_ament_install']
[0.545s] Level 1:colcon.colcon_core.package_identification:_identify(src/Fast-Planner/uav_simulator/Utils/rviz_plugins) by extension 'ignore'
[0.545s] Level 1:colcon.colcon_core.package_identification:_identify(src/Fast-Planner/uav_simulator/Utils/rviz_plugins) by extension 'ignore_ament_install'
[0.545s] Level 1:colcon.colcon_core.package_identification:_identify(src/Fast-Planner/uav_simulator/Utils/rviz_plugins) by extensions ['colcon_pkg']
[0.545s] Level 1:colcon.colcon_core.package_identification:_identify(src/Fast-Planner/uav_simulator/Utils/rviz_plugins) by extension 'colcon_pkg'
[0.545s] Level 1:colcon.colcon_core.package_identification:_identify(src/Fast-Planner/uav_simulator/Utils/rviz_plugins) by extensions ['colcon_meta']
[0.545s] Level 1:colcon.colcon_core.package_identification:_identify(src/Fast-Planner/uav_simulator/Utils/rviz_plugins) by extension 'colcon_meta'
[0.545s] Level 1:colcon.colcon_core.package_identification:_identify(src/Fast-Planner/uav_simulator/Utils/rviz_plugins) by extensions ['ros']
[0.545s] Level 1:colcon.colcon_core.package_identification:_identify(src/Fast-Planner/uav_simulator/Utils/rviz_plugins) by extension 'ros'
[0.547s] DEBUG:colcon.colcon_core.package_identification:Package 'src/Fast-Planner/uav_simulator/Utils/rviz_plugins' with type 'ros.ament_cmake' and name 'rviz_plugins'
[0.547s] Level 1:colcon.colcon_core.package_identification:_identify(src/Fast-Planner/uav_simulator/Utils/uav_utils) by extensions ['ignore', 'ignore_ament_install']
[0.547s] Level 1:colcon.colcon_core.package_identification:_identify(src/Fast-Planner/uav_simulator/Utils/uav_utils) by extension 'ignore'
[0.547s] Level 1:colcon.colcon_core.package_identification:_identify(src/Fast-Planner/uav_simulator/Utils/uav_utils) by extension 'ignore_ament_install'
[0.547s] Level 1:colcon.colcon_core.package_identification:_identify(src/Fast-Planner/uav_simulator/Utils/uav_utils) by extensions ['colcon_pkg']
[0.547s] Level 1:colcon.colcon_core.package_identification:_identify(src/Fast-Planner/uav_simulator/Utils/uav_utils) by extension 'colcon_pkg'
[0.547s] Level 1:colcon.colcon_core.package_identification:_identify(src/Fast-Planner/uav_simulator/Utils/uav_utils) by extensions ['colcon_meta']
[0.547s] Level 1:colcon.colcon_core.package_identification:_identify(src/Fast-Planner/uav_simulator/Utils/uav_utils) by extension 'colcon_meta'
[0.547s] Level 1:colcon.colcon_core.package_identification:_identify(src/Fast-Planner/uav_simulator/Utils/uav_utils) by extensions ['ros']
[0.547s] Level 1:colcon.colcon_core.package_identification:_identify(src/Fast-Planner/uav_simulator/Utils/uav_utils) by extension 'ros'
[0.548s] DEBUG:colcon.colcon_core.package_identification:Package 'src/Fast-Planner/uav_simulator/Utils/uav_utils' with type 'ros.ament_cmake' and name 'uav_utils'
[0.549s] Level 1:colcon.colcon_core.package_identification:_identify(src/Fast-Planner/uav_simulator/Utils/waypoint_generator) by extensions ['ignore', 'ignore_ament_install']
[0.549s] Level 1:colcon.colcon_core.package_identification:_identify(src/Fast-Planner/uav_simulator/Utils/waypoint_generator) by extension 'ignore'
[0.549s] Level 1:colcon.colcon_core.package_identification:_identify(src/Fast-Planner/uav_simulator/Utils/waypoint_generator) by extension 'ignore_ament_install'
[0.549s] Level 1:colcon.colcon_core.package_identification:_identify(src/Fast-Planner/uav_simulator/Utils/waypoint_generator) by extensions ['colcon_pkg']
[0.549s] Level 1:colcon.colcon_core.package_identification:_identify(src/Fast-Planner/uav_simulator/Utils/waypoint_generator) by extension 'colcon_pkg'
[0.549s] Level 1:colcon.colcon_core.package_identification:_identify(src/Fast-Planner/uav_simulator/Utils/waypoint_generator) by extensions ['colcon_meta']
[0.549s] Level 1:colcon.colcon_core.package_identification:_identify(src/Fast-Planner/uav_simulator/Utils/waypoint_generator) by extension 'colcon_meta'
[0.549s] Level 1:colcon.colcon_core.package_identification:_identify(src/Fast-Planner/uav_simulator/Utils/waypoint_generator) by extensions ['ros']
[0.549s] Level 1:colcon.colcon_core.package_identification:_identify(src/Fast-Planner/uav_simulator/Utils/waypoint_generator) by extension 'ros'
[0.551s] DEBUG:colcon.colcon_core.package_identification:Package 'src/Fast-Planner/uav_simulator/Utils/waypoint_generator' with type 'ros.ament_cmake' and name 'waypoint_generator'
[0.551s] Level 1:colcon.colcon_core.package_identification:_identify(src/Fast-Planner/uav_simulator/local_sensing) by extensions ['ignore', 'ignore_ament_install']
[0.551s] Level 1:colcon.colcon_core.package_identification:_identify(src/Fast-Planner/uav_simulator/local_sensing) by extension 'ignore'
[0.551s] Level 1:colcon.colcon_core.package_identification:_identify(src/Fast-Planner/uav_simulator/local_sensing) by extension 'ignore_ament_install'
[0.551s] Level 1:colcon.colcon_core.package_identification:_identify(src/Fast-Planner/uav_simulator/local_sensing) by extensions ['colcon_pkg']
[0.551s] Level 1:colcon.colcon_core.package_identification:_identify(src/Fast-Planner/uav_simulator/local_sensing) by extension 'colcon_pkg'
[0.551s] Level 1:colcon.colcon_core.package_identification:_identify(src/Fast-Planner/uav_simulator/local_sensing) by extensions ['colcon_meta']
[0.551s] Level 1:colcon.colcon_core.package_identification:_identify(src/Fast-Planner/uav_simulator/local_sensing) by extension 'colcon_meta'
[0.552s] Level 1:colcon.colcon_core.package_identification:_identify(src/Fast-Planner/uav_simulator/local_sensing) by extensions ['ros']
[0.552s] Level 1:colcon.colcon_core.package_identification:_identify(src/Fast-Planner/uav_simulator/local_sensing) by extension 'ros'
[0.553s] DEBUG:colcon.colcon_core.package_identification:Package 'src/Fast-Planner/uav_simulator/local_sensing' with type 'ros.ament_cmake' and name 'local_sensing_node'
[0.554s] Level 1:colcon.colcon_core.package_identification:_identify(src/Fast-Planner/uav_simulator/map_generator) by extensions ['ignore', 'ignore_ament_install']
[0.554s] Level 1:colcon.colcon_core.package_identification:_identify(src/Fast-Planner/uav_simulator/map_generator) by extension 'ignore'
[0.554s] Level 1:colcon.colcon_core.package_identification:_identify(src/Fast-Planner/uav_simulator/map_generator) by extension 'ignore_ament_install'
[0.554s] Level 1:colcon.colcon_core.package_identification:_identify(src/Fast-Planner/uav_simulator/map_generator) by extensions ['colcon_pkg']
[0.554s] Level 1:colcon.colcon_core.package_identification:_identify(src/Fast-Planner/uav_simulator/map_generator) by extension 'colcon_pkg'
[0.554s] Level 1:colcon.colcon_core.package_identification:_identify(src/Fast-Planner/uav_simulator/map_generator) by extensions ['colcon_meta']
[0.554s] Level 1:colcon.colcon_core.package_identification:_identify(src/Fast-Planner/uav_simulator/map_generator) by extension 'colcon_meta'
[0.554s] Level 1:colcon.colcon_core.package_identification:_identify(src/Fast-Planner/uav_simulator/map_generator) by extensions ['ros']
[0.554s] Level 1:colcon.colcon_core.package_identification:_identify(src/Fast-Planner/uav_simulator/map_generator) by extension 'ros'
[0.556s] DEBUG:colcon.colcon_core.package_identification:Package 'src/Fast-Planner/uav_simulator/map_generator' with type 'ros.ament_cmake' and name 'map_generator'
[0.556s] Level 1:colcon.colcon_core.package_identification:_identify(src/Fast-Planner/uav_simulator/so3_control) by extensions ['ignore', 'ignore_ament_install']
[0.556s] Level 1:colcon.colcon_core.package_identification:_identify(src/Fast-Planner/uav_simulator/so3_control) by extension 'ignore'
[0.556s] Level 1:colcon.colcon_core.package_identification:_identify(src/Fast-Planner/uav_simulator/so3_control) by extension 'ignore_ament_install'
[0.556s] Level 1:colcon.colcon_core.package_identification:_identify(src/Fast-Planner/uav_simulator/so3_control) by extensions ['colcon_pkg']
[0.556s] Level 1:colcon.colcon_core.package_identification:_identify(src/Fast-Planner/uav_simulator/so3_control) by extension 'colcon_pkg'
[0.556s] Level 1:colcon.colcon_core.package_identification:_identify(src/Fast-Planner/uav_simulator/so3_control) by extensions ['colcon_meta']
[0.556s] Level 1:colcon.colcon_core.package_identification:_identify(src/Fast-Planner/uav_simulator/so3_control) by extension 'colcon_meta'
[0.556s] Level 1:colcon.colcon_core.package_identification:_identify(src/Fast-Planner/uav_simulator/so3_control) by extensions ['ros']
[0.556s] Level 1:colcon.colcon_core.package_identification:_identify(src/Fast-Planner/uav_simulator/so3_control) by extension 'ros'
[0.558s] DEBUG:colcon.colcon_core.package_identification:Package 'src/Fast-Planner/uav_simulator/so3_control' with type 'ros.ament_cmake' and name 'so3_control'
[0.558s] Level 1:colcon.colcon_core.package_identification:_identify(src/Fast-Planner/uav_simulator/so3_disturbance_generator) by extensions ['ignore', 'ignore_ament_install']
[0.558s] Level 1:colcon.colcon_core.package_identification:_identify(src/Fast-Planner/uav_simulator/so3_disturbance_generator) by extension 'ignore'
[0.558s] Level 1:colcon.colcon_core.package_identification:_identify(src/Fast-Planner/uav_simulator/so3_disturbance_generator) by extension 'ignore_ament_install'
[0.558s] Level 1:colcon.colcon_core.package_identification:_identify(src/Fast-Planner/uav_simulator/so3_disturbance_generator) by extensions ['colcon_pkg']
[0.559s] Level 1:colcon.colcon_core.package_identification:_identify(src/Fast-Planner/uav_simulator/so3_disturbance_generator) by extension 'colcon_pkg'
[0.559s] Level 1:colcon.colcon_core.package_identification:_identify(src/Fast-Planner/uav_simulator/so3_disturbance_generator) by extensions ['colcon_meta']
[0.559s] Level 1:colcon.colcon_core.package_identification:_identify(src/Fast-Planner/uav_simulator/so3_disturbance_generator) by extension 'colcon_meta'
[0.559s] Level 1:colcon.colcon_core.package_identification:_identify(src/Fast-Planner/uav_simulator/so3_disturbance_generator) by extensions ['ros']
[0.559s] Level 1:colcon.colcon_core.package_identification:_identify(src/Fast-Planner/uav_simulator/so3_disturbance_generator) by extension 'ros'
[0.561s] DEBUG:colcon.colcon_core.package_identification:Package 'src/Fast-Planner/uav_simulator/so3_disturbance_generator' with type 'ros.ament_cmake' and name 'so3_disturbance_generator'
[0.561s] Level 1:colcon.colcon_core.package_identification:_identify(src/Fast-Planner/uav_simulator/so3_quadrotor_simulator) by extensions ['ignore', 'ignore_ament_install']
[0.561s] Level 1:colcon.colcon_core.package_identification:_identify(src/Fast-Planner/uav_simulator/so3_quadrotor_simulator) by extension 'ignore'
[0.561s] Level 1:colcon.colcon_core.package_identification:_identify(src/Fast-Planner/uav_simulator/so3_quadrotor_simulator) by extension 'ignore_ament_install'
[0.561s] Level 1:colcon.colcon_core.package_identification:_identify(src/Fast-Planner/uav_simulator/so3_quadrotor_simulator) by extensions ['colcon_pkg']
[0.561s] Level 1:colcon.colcon_core.package_identification:_identify(src/Fast-Planner/uav_simulator/so3_quadrotor_simulator) by extension 'colcon_pkg'
[0.561s] Level 1:colcon.colcon_core.package_identification:_identify(src/Fast-Planner/uav_simulator/so3_quadrotor_simulator) by extensions ['colcon_meta']
[0.561s] Level 1:colcon.colcon_core.package_identification:_identify(src/Fast-Planner/uav_simulator/so3_quadrotor_simulator) by extension 'colcon_meta'
[0.561s] Level 1:colcon.colcon_core.package_identification:_identify(src/Fast-Planner/uav_simulator/so3_quadrotor_simulator) by extensions ['ros']
[0.561s] Level 1:colcon.colcon_core.package_identification:_identify(src/Fast-Planner/uav_simulator/so3_quadrotor_simulator) by extension 'ros'
[0.563s] DEBUG:colcon.colcon_core.package_identification:Package 'src/Fast-Planner/uav_simulator/so3_quadrotor_simulator' with type 'ros.ament_cmake' and name 'so3_quadrotor_simulator'
[0.563s] Level 1:colcon.colcon_core.package_discovery:discover_packages(recursive) using defaults
[0.563s] Level 1:colcon.colcon_core.package_discovery:discover_packages(ignore) discover
[0.563s] Level 1:colcon.colcon_core.package_discovery:discover_packages(ignore) using defaults
[0.563s] Level 1:colcon.colcon_core.package_discovery:discover_packages(path) discover
[0.563s] Level 1:colcon.colcon_core.package_discovery:discover_packages(path) using defaults
[0.633s] Level 1:colcon.colcon_core.package_discovery:discover_packages(prefix_path) check parameters
[0.633s] Level 1:colcon.colcon_core.package_discovery:discover_packages(prefix_path) discover
[0.636s] DEBUG:colcon.colcon_installed_package_information.package_discovery:Found 0 installed packages in /root/colcon_ws/install
[0.638s] DEBUG:colcon.colcon_installed_package_information.package_discovery:Found 287 installed packages in /opt/ros/humble
[0.640s] Level 1:colcon.colcon_core.package_discovery:discover_packages(prefix_path) using defaults
[0.703s] Level 5:colcon.colcon_core.verb:set package 'cmake_utils' build argument 'cmake_args' from command line to 'None'
[0.703s] Level 5:colcon.colcon_core.verb:set package 'cmake_utils' build argument 'cmake_target' from command line to 'None'
[0.703s] Level 5:colcon.colcon_core.verb:set package 'cmake_utils' build argument 'cmake_target_skip_unavailable' from command line to 'False'
[0.703s] Level 5:colcon.colcon_core.verb:set package 'cmake_utils' build argument 'cmake_clean_cache' from command line to 'False'
[0.703s] Level 5:colcon.colcon_core.verb:set package 'cmake_utils' build argument 'cmake_clean_first' from command line to 'False'
[0.703s] Level 5:colcon.colcon_core.verb:set package 'cmake_utils' build argument 'cmake_force_configure' from command line to 'False'
[0.703s] Level 5:colcon.colcon_core.verb:set package 'cmake_utils' build argument 'ament_cmake_args' from command line to 'None'
[0.703s] Level 5:colcon.colcon_core.verb:set package 'cmake_utils' build argument 'catkin_cmake_args' from command line to 'None'
[0.703s] Level 5:colcon.colcon_core.verb:set package 'cmake_utils' build argument 'catkin_skip_building_tests' from command line to 'False'
[0.703s] DEBUG:colcon.colcon_core.verb:Building package 'cmake_utils' with the following arguments: {'ament_cmake_args': None, 'build_base': '/root/colcon_ws/build/cmake_utils', 'catkin_cmake_args': None, 'catkin_skip_building_tests': False, 'cmake_args': None, 'cmake_clean_cache': False, 'cmake_clean_first': False, 'cmake_force_configure': False, 'cmake_target': None, 'cmake_target_skip_unavailable': False, 'install_base': '/root/colcon_ws/install/cmake_utils', 'merge_install': False, 'path': '/root/colcon_ws/src/Fast-Planner/uav_simulator/Utils/cmake_utils', 'symlink_install': False, 'test_result_base': None}
[0.704s] Level 5:colcon.colcon_core.verb:set package 'map_generator' build argument 'cmake_args' from command line to 'None'
[0.704s] Level 5:colcon.colcon_core.verb:set package 'map_generator' build argument 'cmake_target' from command line to 'None'
[0.704s] Level 5:colcon.colcon_core.verb:set package 'map_generator' build argument 'cmake_target_skip_unavailable' from command line to 'False'
[0.704s] Level 5:colcon.colcon_core.verb:set package 'map_generator' build argument 'cmake_clean_cache' from command line to 'False'
[0.704s] Level 5:colcon.colcon_core.verb:set package 'map_generator' build argument 'cmake_clean_first' from command line to 'False'
[0.704s] Level 5:colcon.colcon_core.verb:set package 'map_generator' build argument 'cmake_force_configure' from command line to 'False'
[0.704s] Level 5:colcon.colcon_core.verb:set package 'map_generator' build argument 'ament_cmake_args' from command line to 'None'
[0.704s] Level 5:colcon.colcon_core.verb:set package 'map_generator' build argument 'catkin_cmake_args' from command line to 'None'
[0.704s] Level 5:colcon.colcon_core.verb:set package 'map_generator' build argument 'catkin_skip_building_tests' from command line to 'False'
[0.704s] DEBUG:colcon.colcon_core.verb:Building package 'map_generator' with the following arguments: {'ament_cmake_args': None, 'build_base': '/root/colcon_ws/build/map_generator', 'catkin_cmake_args': None, 'catkin_skip_building_tests': False, 'cmake_args': None, 'cmake_clean_cache': False, 'cmake_clean_first': False, 'cmake_force_configure': False, 'cmake_target': None, 'cmake_target_skip_unavailable': False, 'install_base': '/root/colcon_ws/install/map_generator', 'merge_install': False, 'path': '/root/colcon_ws/src/Fast-Planner/uav_simulator/map_generator', 'symlink_install': False, 'test_result_base': None}
[0.705s] Level 5:colcon.colcon_core.verb:set package 'plan_env' build argument 'cmake_args' from command line to 'None'
[0.705s] Level 5:colcon.colcon_core.verb:set package 'plan_env' build argument 'cmake_target' from command line to 'None'
[0.705s] Level 5:colcon.colcon_core.verb:set package 'plan_env' build argument 'cmake_target_skip_unavailable' from command line to 'False'
[0.705s] Level 5:colcon.colcon_core.verb:set package 'plan_env' build argument 'cmake_clean_cache' from command line to 'False'
[0.705s] Level 5:colcon.colcon_core.verb:set package 'plan_env' build argument 'cmake_clean_first' from command line to 'False'
[0.705s] Level 5:colcon.colcon_core.verb:set package 'plan_env' build argument 'cmake_force_configure' from command line to 'False'
[0.705s] Level 5:colcon.colcon_core.verb:set package 'plan_env' build argument 'ament_cmake_args' from command line to 'None'
[0.705s] Level 5:colcon.colcon_core.verb:set package 'plan_env' build argument 'catkin_cmake_args' from command line to 'None'
[0.705s] Level 5:colcon.colcon_core.verb:set package 'plan_env' build argument 'catkin_skip_building_tests' from command line to 'False'
[0.705s] DEBUG:colcon.colcon_core.verb:Building package 'plan_env' with the following arguments: {'ament_cmake_args': None, 'build_base': '/root/colcon_ws/build/plan_env', 'catkin_cmake_args': None, 'catkin_skip_building_tests': False, 'cmake_args': None, 'cmake_clean_cache': False, 'cmake_clean_first': False, 'cmake_force_configure': False, 'cmake_target': None, 'cmake_target_skip_unavailable': False, 'install_base': '/root/colcon_ws/install/plan_env', 'merge_install': False, 'path': '/root/colcon_ws/src/Fast-Planner/fast_planner/plan_env', 'symlink_install': False, 'test_result_base': None}
[0.706s] Level 5:colcon.colcon_core.verb:set package 'poly_traj' build argument 'cmake_args' from command line to 'None'
[0.706s] Level 5:colcon.colcon_core.verb:set package 'poly_traj' build argument 'cmake_target' from command line to 'None'
[0.706s] Level 5:colcon.colcon_core.verb:set package 'poly_traj' build argument 'cmake_target_skip_unavailable' from command line to 'False'
[0.706s] Level 5:colcon.colcon_core.verb:set package 'poly_traj' build argument 'cmake_clean_cache' from command line to 'False'
[0.706s] Level 5:colcon.colcon_core.verb:set package 'poly_traj' build argument 'cmake_clean_first' from command line to 'False'
[0.706s] Level 5:colcon.colcon_core.verb:set package 'poly_traj' build argument 'cmake_force_configure' from command line to 'False'
[0.706s] Level 5:colcon.colcon_core.verb:set package 'poly_traj' build argument 'ament_cmake_args' from command line to 'None'
[0.706s] Level 5:colcon.colcon_core.verb:set package 'poly_traj' build argument 'catkin_cmake_args' from command line to 'None'
[0.706s] Level 5:colcon.colcon_core.verb:set package 'poly_traj' build argument 'catkin_skip_building_tests' from command line to 'False'
[0.706s] DEBUG:colcon.colcon_core.verb:Building package 'poly_traj' with the following arguments: {'ament_cmake_args': None, 'build_base': '/root/colcon_ws/build/poly_traj', 'catkin_cmake_args': None, 'catkin_skip_building_tests': False, 'cmake_args': None, 'cmake_clean_cache': False, 'cmake_clean_first': False, 'cmake_force_configure': False, 'cmake_target': None, 'cmake_target_skip_unavailable': False, 'install_base': '/root/colcon_ws/install/poly_traj', 'merge_install': False, 'path': '/root/colcon_ws/src/Fast-Planner/fast_planner/poly_traj', 'symlink_install': False, 'test_result_base': None}
[0.706s] Level 5:colcon.colcon_core.verb:set package 'pose_utils' build argument 'cmake_args' from command line to 'None'
[0.706s] Level 5:colcon.colcon_core.verb:set package 'pose_utils' build argument 'cmake_target' from command line to 'None'
[0.707s] Level 5:colcon.colcon_core.verb:set package 'pose_utils' build argument 'cmake_target_skip_unavailable' from command line to 'False'
[0.707s] Level 5:colcon.colcon_core.verb:set package 'pose_utils' build argument 'cmake_clean_cache' from command line to 'False'
[0.707s] Level 5:colcon.colcon_core.verb:set package 'pose_utils' build argument 'cmake_clean_first' from command line to 'False'
[0.707s] Level 5:colcon.colcon_core.verb:set package 'pose_utils' build argument 'cmake_force_configure' from command line to 'False'
[0.707s] Level 5:colcon.colcon_core.verb:set package 'pose_utils' build argument 'ament_cmake_args' from command line to 'None'
[0.707s] Level 5:colcon.colcon_core.verb:set package 'pose_utils' build argument 'catkin_cmake_args' from command line to 'None'
[0.707s] Level 5:colcon.colcon_core.verb:set package 'pose_utils' build argument 'catkin_skip_building_tests' from command line to 'False'
[0.707s] DEBUG:colcon.colcon_core.verb:Building package 'pose_utils' with the following arguments: {'ament_cmake_args': None, 'build_base': '/root/colcon_ws/build/pose_utils', 'catkin_cmake_args': None, 'catkin_skip_building_tests': False, 'cmake_args': None, 'cmake_clean_cache': False, 'cmake_clean_first': False, 'cmake_force_configure': False, 'cmake_target': None, 'cmake_target_skip_unavailable': False, 'install_base': '/root/colcon_ws/install/pose_utils', 'merge_install': False, 'path': '/root/colcon_ws/src/Fast-Planner/uav_simulator/Utils/pose_utils', 'symlink_install': False, 'test_result_base': None}
[0.707s] Level 5:colcon.colcon_core.verb:set package 'quadrotor_msgs' build argument 'cmake_args' from command line to 'None'
[0.707s] Level 5:colcon.colcon_core.verb:set package 'quadrotor_msgs' build argument 'cmake_target' from command line to 'None'
[0.707s] Level 5:colcon.colcon_core.verb:set package 'quadrotor_msgs' build argument 'cmake_target_skip_unavailable' from command line to 'False'
[0.707s] Level 5:colcon.colcon_core.verb:set package 'quadrotor_msgs' build argument 'cmake_clean_cache' from command line to 'False'
[0.707s] Level 5:colcon.colcon_core.verb:set package 'quadrotor_msgs' build argument 'cmake_clean_first' from command line to 'False'
[0.707s] Level 5:colcon.colcon_core.verb:set package 'quadrotor_msgs' build argument 'cmake_force_configure' from command line to 'False'
[0.707s] Level 5:colcon.colcon_core.verb:set package 'quadrotor_msgs' build argument 'ament_cmake_args' from command line to 'None'
[0.707s] Level 5:colcon.colcon_core.verb:set package 'quadrotor_msgs' build argument 'catkin_cmake_args' from command line to 'None'
[0.708s] Level 5:colcon.colcon_core.verb:set package 'quadrotor_msgs' build argument 'catkin_skip_building_tests' from command line to 'False'
[0.708s] DEBUG:colcon.colcon_core.verb:Building package 'quadrotor_msgs' with the following arguments: {'ament_cmake_args': None, 'build_base': '/root/colcon_ws/build/quadrotor_msgs', 'catkin_cmake_args': None, 'catkin_skip_building_tests': False, 'cmake_args': None, 'cmake_clean_cache': False, 'cmake_clean_first': False, 'cmake_force_configure': False, 'cmake_target': None, 'cmake_target_skip_unavailable': False, 'install_base': '/root/colcon_ws/install/quadrotor_msgs', 'merge_install': False, 'path': '/root/colcon_ws/src/Fast-Planner/uav_simulator/Utils/quadrotor_msgs', 'symlink_install': False, 'test_result_base': None}
[0.708s] Level 5:colcon.colcon_core.verb:set package 'waypoint_generator' build argument 'cmake_args' from command line to 'None'
[0.708s] Level 5:colcon.colcon_core.verb:set package 'waypoint_generator' build argument 'cmake_target' from command line to 'None'
[0.708s] Level 5:colcon.colcon_core.verb:set package 'waypoint_generator' build argument 'cmake_target_skip_unavailable' from command line to 'False'
[0.708s] Level 5:colcon.colcon_core.verb:set package 'waypoint_generator' build argument 'cmake_clean_cache' from command line to 'False'
[0.708s] Level 5:colcon.colcon_core.verb:set package 'waypoint_generator' build argument 'cmake_clean_first' from command line to 'False'
[0.708s] Level 5:colcon.colcon_core.verb:set package 'waypoint_generator' build argument 'cmake_force_configure' from command line to 'False'
[0.708s] Level 5:colcon.colcon_core.verb:set package 'waypoint_generator' build argument 'ament_cmake_args' from command line to 'None'
[0.708s] Level 5:colcon.colcon_core.verb:set package 'waypoint_generator' build argument 'catkin_cmake_args' from command line to 'None'
[0.708s] Level 5:colcon.colcon_core.verb:set package 'waypoint_generator' build argument 'catkin_skip_building_tests' from command line to 'False'
[0.708s] DEBUG:colcon.colcon_core.verb:Building package 'waypoint_generator' with the following arguments: {'ament_cmake_args': None, 'build_base': '/root/colcon_ws/build/waypoint_generator', 'catkin_cmake_args': None, 'catkin_skip_building_tests': False, 'cmake_args': None, 'cmake_clean_cache': False, 'cmake_clean_first': False, 'cmake_force_configure': False, 'cmake_target': None, 'cmake_target_skip_unavailable': False, 'install_base': '/root/colcon_ws/install/waypoint_generator', 'merge_install': False, 'path': '/root/colcon_ws/src/Fast-Planner/uav_simulator/Utils/waypoint_generator', 'symlink_install': False, 'test_result_base': None}
[0.709s] Level 5:colcon.colcon_core.verb:set package 'bspline' build argument 'cmake_args' from command line to 'None'
[0.709s] Level 5:colcon.colcon_core.verb:set package 'bspline' build argument 'cmake_target' from command line to 'None'
[0.709s] Level 5:colcon.colcon_core.verb:set package 'bspline' build argument 'cmake_target_skip_unavailable' from command line to 'False'
[0.709s] Level 5:colcon.colcon_core.verb:set package 'bspline' build argument 'cmake_clean_cache' from command line to 'False'
[0.709s] Level 5:colcon.colcon_core.verb:set package 'bspline' build argument 'cmake_clean_first' from command line to 'False'
[0.709s] Level 5:colcon.colcon_core.verb:set package 'bspline' build argument 'cmake_force_configure' from command line to 'False'
[0.709s] Level 5:colcon.colcon_core.verb:set package 'bspline' build argument 'ament_cmake_args' from command line to 'None'
[0.709s] Level 5:colcon.colcon_core.verb:set package 'bspline' build argument 'catkin_cmake_args' from command line to 'None'
[0.709s] Level 5:colcon.colcon_core.verb:set package 'bspline' build argument 'catkin_skip_building_tests' from command line to 'False'
[0.709s] DEBUG:colcon.colcon_core.verb:Building package 'bspline' with the following arguments: {'ament_cmake_args': None, 'build_base': '/root/colcon_ws/build/bspline', 'catkin_cmake_args': None, 'catkin_skip_building_tests': False, 'cmake_args': None, 'cmake_clean_cache': False, 'cmake_clean_first': False, 'cmake_force_configure': False, 'cmake_target': None, 'cmake_target_skip_unavailable': False, 'install_base': '/root/colcon_ws/install/bspline', 'merge_install': False, 'path': '/root/colcon_ws/src/Fast-Planner/fast_planner/bspline', 'symlink_install': False, 'test_result_base': None}
[0.710s] Level 5:colcon.colcon_core.verb:set package 'bspline_opt' build argument 'cmake_args' from command line to 'None'
[0.710s] Level 5:colcon.colcon_core.verb:set package 'bspline_opt' build argument 'cmake_target' from command line to 'None'
[0.710s] Level 5:colcon.colcon_core.verb:set package 'bspline_opt' build argument 'cmake_target_skip_unavailable' from command line to 'False'
[0.710s] Level 5:colcon.colcon_core.verb:set package 'bspline_opt' build argument 'cmake_clean_cache' from command line to 'False'
[0.710s] Level 5:colcon.colcon_core.verb:set package 'bspline_opt' build argument 'cmake_clean_first' from command line to 'False'
[0.710s] Level 5:colcon.colcon_core.verb:set package 'bspline_opt' build argument 'cmake_force_configure' from command line to 'False'
[0.710s] Level 5:colcon.colcon_core.verb:set package 'bspline_opt' build argument 'ament_cmake_args' from command line to 'None'
[0.710s] Level 5:colcon.colcon_core.verb:set package 'bspline_opt' build argument 'catkin_cmake_args' from command line to 'None'
[0.710s] Level 5:colcon.colcon_core.verb:set package 'bspline_opt' build argument 'catkin_skip_building_tests' from command line to 'False'
[0.710s] DEBUG:colcon.colcon_core.verb:Building package 'bspline_opt' with the following arguments: {'ament_cmake_args': None, 'build_base': '/root/colcon_ws/build/bspline_opt', 'catkin_cmake_args': None, 'catkin_skip_building_tests': False, 'cmake_args': None, 'cmake_clean_cache': False, 'cmake_clean_first': False, 'cmake_force_configure': False, 'cmake_target': None, 'cmake_target_skip_unavailable': False, 'install_base': '/root/colcon_ws/install/bspline_opt', 'merge_install': False, 'path': '/root/colcon_ws/src/Fast-Planner/fast_planner/bspline_opt', 'symlink_install': False, 'test_result_base': None}
[0.710s] Level 5:colcon.colcon_core.verb:set package 'local_sensing_node' build argument 'cmake_args' from command line to 'None'
[0.711s] Level 5:colcon.colcon_core.verb:set package 'local_sensing_node' build argument 'cmake_target' from command line to 'None'
[0.711s] Level 5:colcon.colcon_core.verb:set package 'local_sensing_node' build argument 'cmake_target_skip_unavailable' from command line to 'False'
[0.711s] Level 5:colcon.colcon_core.verb:set package 'local_sensing_node' build argument 'cmake_clean_cache' from command line to 'False'
[0.711s] Level 5:colcon.colcon_core.verb:set package 'local_sensing_node' build argument 'cmake_clean_first' from command line to 'False'
[0.711s] Level 5:colcon.colcon_core.verb:set package 'local_sensing_node' build argument 'cmake_force_configure' from command line to 'False'
[0.711s] Level 5:colcon.colcon_core.verb:set package 'local_sensing_node' build argument 'ament_cmake_args' from command line to 'None'
[0.711s] Level 5:colcon.colcon_core.verb:set package 'local_sensing_node' build argument 'catkin_cmake_args' from command line to 'None'
[0.711s] Level 5:colcon.colcon_core.verb:set package 'local_sensing_node' build argument 'catkin_skip_building_tests' from command line to 'False'
[0.711s] DEBUG:colcon.colcon_core.verb:Building package 'local_sensing_node' with the following arguments: {'ament_cmake_args': None, 'build_base': '/root/colcon_ws/build/local_sensing_node', 'catkin_cmake_args': None, 'catkin_skip_building_tests': False, 'cmake_args': None, 'cmake_clean_cache': False, 'cmake_clean_first': False, 'cmake_force_configure': False, 'cmake_target': None, 'cmake_target_skip_unavailable': False, 'install_base': '/root/colcon_ws/install/local_sensing_node', 'merge_install': False, 'path': '/root/colcon_ws/src/Fast-Planner/uav_simulator/local_sensing', 'symlink_install': False, 'test_result_base': None}
[0.711s] Level 5:colcon.colcon_core.verb:set package 'multi_map_server' build argument 'cmake_args' from command line to 'None'
[0.711s] Level 5:colcon.colcon_core.verb:set package 'multi_map_server' build argument 'cmake_target' from command line to 'None'
[0.711s] Level 5:colcon.colcon_core.verb:set package 'multi_map_server' build argument 'cmake_target_skip_unavailable' from command line to 'False'
[0.711s] Level 5:colcon.colcon_core.verb:set package 'multi_map_server' build argument 'cmake_clean_cache' from command line to 'False'
[0.711s] Level 5:colcon.colcon_core.verb:set package 'multi_map_server' build argument 'cmake_clean_first' from command line to 'False'
[0.712s] Level 5:colcon.colcon_core.verb:set package 'multi_map_server' build argument 'cmake_force_configure' from command line to 'False'
[0.712s] Level 5:colcon.colcon_core.verb:set package 'multi_map_server' build argument 'ament_cmake_args' from command line to 'None'
[0.712s] Level 5:colcon.colcon_core.verb:set package 'multi_map_server' build argument 'catkin_cmake_args' from command line to 'None'
[0.712s] Level 5:colcon.colcon_core.verb:set package 'multi_map_server' build argument 'catkin_skip_building_tests' from command line to 'False'
[0.712s] DEBUG:colcon.colcon_core.verb:Building package 'multi_map_server' with the following arguments: {'ament_cmake_args': None, 'build_base': '/root/colcon_ws/build/multi_map_server', 'catkin_cmake_args': None, 'catkin_skip_building_tests': False, 'cmake_args': None, 'cmake_clean_cache': False, 'cmake_clean_first': False, 'cmake_force_configure': False, 'cmake_target': None, 'cmake_target_skip_unavailable': False, 'install_base': '/root/colcon_ws/install/multi_map_server', 'merge_install': False, 'path': '/root/colcon_ws/src/Fast-Planner/uav_simulator/Utils/multi_map_server', 'symlink_install': False, 'test_result_base': None}
[0.712s] Level 5:colcon.colcon_core.verb:set package 'odom_visualization' build argument 'cmake_args' from command line to 'None'
[0.712s] Level 5:colcon.colcon_core.verb:set package 'odom_visualization' build argument 'cmake_target' from command line to 'None'
[0.712s] Level 5:colcon.colcon_core.verb:set package 'odom_visualization' build argument 'cmake_target_skip_unavailable' from command line to 'False'
[0.712s] Level 5:colcon.colcon_core.verb:set package 'odom_visualization' build argument 'cmake_clean_cache' from command line to 'False'
[0.712s] Level 5:colcon.colcon_core.verb:set package 'odom_visualization' build argument 'cmake_clean_first' from command line to 'False'
[0.712s] Level 5:colcon.colcon_core.verb:set package 'odom_visualization' build argument 'cmake_force_configure' from command line to 'False'
[0.712s] Level 5:colcon.colcon_core.verb:set package 'odom_visualization' build argument 'ament_cmake_args' from command line to 'None'
[0.712s] Level 5:colcon.colcon_core.verb:set package 'odom_visualization' build argument 'catkin_cmake_args' from command line to 'None'
[0.712s] Level 5:colcon.colcon_core.verb:set package 'odom_visualization' build argument 'catkin_skip_building_tests' from command line to 'False'
[0.712s] DEBUG:colcon.colcon_core.verb:Building package 'odom_visualization' with the following arguments: {'ament_cmake_args': None, 'build_base': '/root/colcon_ws/build/odom_visualization', 'catkin_cmake_args': None, 'catkin_skip_building_tests': False, 'cmake_args': None, 'cmake_clean_cache': False, 'cmake_clean_first': False, 'cmake_force_configure': False, 'cmake_target': None, 'cmake_target_skip_unavailable': False, 'install_base': '/root/colcon_ws/install/odom_visualization', 'merge_install': False, 'path': '/root/colcon_ws/src/Fast-Planner/uav_simulator/Utils/odom_visualization', 'symlink_install': False, 'test_result_base': None}
[0.713s] Level 5:colcon.colcon_core.verb:set package 'path_searching' build argument 'cmake_args' from command line to 'None'
[0.713s] Level 5:colcon.colcon_core.verb:set package 'path_searching' build argument 'cmake_target' from command line to 'None'
[0.713s] Level 5:colcon.colcon_core.verb:set package 'path_searching' build argument 'cmake_target_skip_unavailable' from command line to 'False'
[0.713s] Level 5:colcon.colcon_core.verb:set package 'path_searching' build argument 'cmake_clean_cache' from command line to 'False'
[0.713s] Level 5:colcon.colcon_core.verb:set package 'path_searching' build argument 'cmake_clean_first' from command line to 'False'
[0.713s] Level 5:colcon.colcon_core.verb:set package 'path_searching' build argument 'cmake_force_configure' from command line to 'False'
[0.713s] Level 5:colcon.colcon_core.verb:set package 'path_searching' build argument 'ament_cmake_args' from command line to 'None'
[0.713s] Level 5:colcon.colcon_core.verb:set package 'path_searching' build argument 'catkin_cmake_args' from command line to 'None'
[0.713s] Level 5:colcon.colcon_core.verb:set package 'path_searching' build argument 'catkin_skip_building_tests' from command line to 'False'
[0.713s] DEBUG:colcon.colcon_core.verb:Building package 'path_searching' with the following arguments: {'ament_cmake_args': None, 'build_base': '/root/colcon_ws/build/path_searching', 'catkin_cmake_args': None, 'catkin_skip_building_tests': False, 'cmake_args': None, 'cmake_clean_cache': False, 'cmake_clean_first': False, 'cmake_force_configure': False, 'cmake_target': None, 'cmake_target_skip_unavailable': False, 'install_base': '/root/colcon_ws/install/path_searching', 'merge_install': False, 'path': '/root/colcon_ws/src/Fast-Planner/fast_planner/path_searching', 'symlink_install': False, 'test_result_base': None}
[0.714s] Level 5:colcon.colcon_core.verb:set package 'so3_control' build argument 'cmake_args' from command line to 'None'
[0.714s] Level 5:colcon.colcon_core.verb:set package 'so3_control' build argument 'cmake_target' from command line to 'None'
[0.714s] Level 5:colcon.colcon_core.verb:set package 'so3_control' build argument 'cmake_target_skip_unavailable' from command line to 'False'
[0.714s] Level 5:colcon.colcon_core.verb:set package 'so3_control' build argument 'cmake_clean_cache' from command line to 'False'
[0.714s] Level 5:colcon.colcon_core.verb:set package 'so3_control' build argument 'cmake_clean_first' from command line to 'False'
[0.714s] Level 5:colcon.colcon_core.verb:set package 'so3_control' build argument 'cmake_force_configure' from command line to 'False'
[0.714s] Level 5:colcon.colcon_core.verb:set package 'so3_control' build argument 'ament_cmake_args' from command line to 'None'
[0.714s] Level 5:colcon.colcon_core.verb:set package 'so3_control' build argument 'catkin_cmake_args' from command line to 'None'
[0.714s] Level 5:colcon.colcon_core.verb:set package 'so3_control' build argument 'catkin_skip_building_tests' from command line to 'False'
[0.714s] DEBUG:colcon.colcon_core.verb:Building package 'so3_control' with the following arguments: {'ament_cmake_args': None, 'build_base': '/root/colcon_ws/build/so3_control', 'catkin_cmake_args': None, 'catkin_skip_building_tests': False, 'cmake_args': None, 'cmake_clean_cache': False, 'cmake_clean_first': False, 'cmake_force_configure': False, 'cmake_target': None, 'cmake_target_skip_unavailable': False, 'install_base': '/root/colcon_ws/install/so3_control', 'merge_install': False, 'path': '/root/colcon_ws/src/Fast-Planner/uav_simulator/so3_control', 'symlink_install': False, 'test_result_base': None}
[0.715s] Level 5:colcon.colcon_core.verb:set package 'so3_disturbance_generator' build argument 'cmake_args' from command line to 'None'
[0.715s] Level 5:colcon.colcon_core.verb:set package 'so3_disturbance_generator' build argument 'cmake_target' from command line to 'None'
[0.715s] Level 5:colcon.colcon_core.verb:set package 'so3_disturbance_generator' build argument 'cmake_target_skip_unavailable' from command line to 'False'
[0.715s] Level 5:colcon.colcon_core.verb:set package 'so3_disturbance_generator' build argument 'cmake_clean_cache' from command line to 'False'
[0.715s] Level 5:colcon.colcon_core.verb:set package 'so3_disturbance_generator' build argument 'cmake_clean_first' from command line to 'False'
[0.715s] Level 5:colcon.colcon_core.verb:set package 'so3_disturbance_generator' build argument 'cmake_force_configure' from command line to 'False'
[0.715s] Level 5:colcon.colcon_core.verb:set package 'so3_disturbance_generator' build argument 'ament_cmake_args' from command line to 'None'
[0.715s] Level 5:colcon.colcon_core.verb:set package 'so3_disturbance_generator' build argument 'catkin_cmake_args' from command line to 'None'
[0.715s] Level 5:colcon.colcon_core.verb:set package 'so3_disturbance_generator' build argument 'catkin_skip_building_tests' from command line to 'False'
[0.715s] DEBUG:colcon.colcon_core.verb:Building package 'so3_disturbance_generator' with the following arguments: {'ament_cmake_args': None, 'build_base': '/root/colcon_ws/build/so3_disturbance_generator', 'catkin_cmake_args': None, 'catkin_skip_building_tests': False, 'cmake_args': None, 'cmake_clean_cache': False, 'cmake_clean_first': False, 'cmake_force_configure': False, 'cmake_target': None, 'cmake_target_skip_unavailable': False, 'install_base': '/root/colcon_ws/install/so3_disturbance_generator', 'merge_install': False, 'path': '/root/colcon_ws/src/Fast-Planner/uav_simulator/so3_disturbance_generator', 'symlink_install': False, 'test_result_base': None}
[0.715s] Level 5:colcon.colcon_core.verb:set package 'uav_utils' build argument 'cmake_args' from command line to 'None'
[0.715s] Level 5:colcon.colcon_core.verb:set package 'uav_utils' build argument 'cmake_target' from command line to 'None'
[0.715s] Level 5:colcon.colcon_core.verb:set package 'uav_utils' build argument 'cmake_target_skip_unavailable' from command line to 'False'
[0.715s] Level 5:colcon.colcon_core.verb:set package 'uav_utils' build argument 'cmake_clean_cache' from command line to 'False'
[0.716s] Level 5:colcon.colcon_core.verb:set package 'uav_utils' build argument 'cmake_clean_first' from command line to 'False'
[0.716s] Level 5:colcon.colcon_core.verb:set package 'uav_utils' build argument 'cmake_force_configure' from command line to 'False'
[0.716s] Level 5:colcon.colcon_core.verb:set package 'uav_utils' build argument 'ament_cmake_args' from command line to 'None'
[0.716s] Level 5:colcon.colcon_core.verb:set package 'uav_utils' build argument 'catkin_cmake_args' from command line to 'None'
[0.716s] Level 5:colcon.colcon_core.verb:set package 'uav_utils' build argument 'catkin_skip_building_tests' from command line to 'False'
[0.716s] DEBUG:colcon.colcon_core.verb:Building package 'uav_utils' with the following arguments: {'ament_cmake_args': None, 'build_base': '/root/colcon_ws/build/uav_utils', 'catkin_cmake_args': None, 'catkin_skip_building_tests': False, 'cmake_args': None, 'cmake_clean_cache': False, 'cmake_clean_first': False, 'cmake_force_configure': False, 'cmake_target': None, 'cmake_target_skip_unavailable': False, 'install_base': '/root/colcon_ws/install/uav_utils', 'merge_install': False, 'path': '/root/colcon_ws/src/Fast-Planner/uav_simulator/Utils/uav_utils', 'symlink_install': False, 'test_result_base': None}
[0.716s] Level 5:colcon.colcon_core.verb:set package 'rviz_plugins' build argument 'cmake_args' from command line to 'None'
[0.716s] Level 5:colcon.colcon_core.verb:set package 'rviz_plugins' build argument 'cmake_target' from command line to 'None'
[0.716s] Level 5:colcon.colcon_core.verb:set package 'rviz_plugins' build argument 'cmake_target_skip_unavailable' from command line to 'False'
[0.716s] Level 5:colcon.colcon_core.verb:set package 'rviz_plugins' build argument 'cmake_clean_cache' from command line to 'False'
[0.716s] Level 5:colcon.colcon_core.verb:set package 'rviz_plugins' build argument 'cmake_clean_first' from command line to 'False'
[0.716s] Level 5:colcon.colcon_core.verb:set package 'rviz_plugins' build argument 'cmake_force_configure' from command line to 'False'
[0.716s] Level 5:colcon.colcon_core.verb:set package 'rviz_plugins' build argument 'ament_cmake_args' from command line to 'None'
[0.716s] Level 5:colcon.colcon_core.verb:set package 'rviz_plugins' build argument 'catkin_cmake_args' from command line to 'None'
[0.716s] Level 5:colcon.colcon_core.verb:set package 'rviz_plugins' build argument 'catkin_skip_building_tests' from command line to 'False'
[0.716s] DEBUG:colcon.colcon_core.verb:Building package 'rviz_plugins' with the following arguments: {'ament_cmake_args': None, 'build_base': '/root/colcon_ws/build/rviz_plugins', 'catkin_cmake_args': None, 'catkin_skip_building_tests': False, 'cmake_args': None, 'cmake_clean_cache': False, 'cmake_clean_first': False, 'cmake_force_configure': False, 'cmake_target': None, 'cmake_target_skip_unavailable': False, 'install_base': '/root/colcon_ws/install/rviz_plugins', 'merge_install': False, 'path': '/root/colcon_ws/src/Fast-Planner/uav_simulator/Utils/rviz_plugins', 'symlink_install': False, 'test_result_base': None}
[0.717s] Level 5:colcon.colcon_core.verb:set package 'so3_quadrotor_simulator' build argument 'cmake_args' from command line to 'None'
[0.717s] Level 5:colcon.colcon_core.verb:set package 'so3_quadrotor_simulator' build argument 'cmake_target' from command line to 'None'
[0.717s] Level 5:colcon.colcon_core.verb:set package 'so3_quadrotor_simulator' build argument 'cmake_target_skip_unavailable' from command line to 'False'
[0.717s] Level 5:colcon.colcon_core.verb:set package 'so3_quadrotor_simulator' build argument 'cmake_clean_cache' from command line to 'False'
[0.717s] Level 5:colcon.colcon_core.verb:set package 'so3_quadrotor_simulator' build argument 'cmake_clean_first' from command line to 'False'
[0.717s] Level 5:colcon.colcon_core.verb:set package 'so3_quadrotor_simulator' build argument 'cmake_force_configure' from command line to 'False'
[0.717s] Level 5:colcon.colcon_core.verb:set package 'so3_quadrotor_simulator' build argument 'ament_cmake_args' from command line to 'None'
[0.717s] Level 5:colcon.colcon_core.verb:set package 'so3_quadrotor_simulator' build argument 'catkin_cmake_args' from command line to 'None'
[0.717s] Level 5:colcon.colcon_core.verb:set package 'so3_quadrotor_simulator' build argument 'catkin_skip_building_tests' from command line to 'False'
[0.717s] DEBUG:colcon.colcon_core.verb:Building package 'so3_quadrotor_simulator' with the following arguments: {'ament_cmake_args': None, 'build_base': '/root/colcon_ws/build/so3_quadrotor_simulator', 'catkin_cmake_args': None, 'catkin_skip_building_tests': False, 'cmake_args': None, 'cmake_clean_cache': False, 'cmake_clean_first': False, 'cmake_force_configure': False, 'cmake_target': None, 'cmake_target_skip_unavailable': False, 'install_base': '/root/colcon_ws/install/so3_quadrotor_simulator', 'merge_install': False, 'path': '/root/colcon_ws/src/Fast-Planner/uav_simulator/so3_quadrotor_simulator', 'symlink_install': False, 'test_result_base': None}
[0.718s] Level 5:colcon.colcon_core.verb:set package 'traj_utils' build argument 'cmake_args' from command line to 'None'
[0.718s] Level 5:colcon.colcon_core.verb:set package 'traj_utils' build argument 'cmake_target' from command line to 'None'
[0.718s] Level 5:colcon.colcon_core.verb:set package 'traj_utils' build argument 'cmake_target_skip_unavailable' from command line to 'False'
[0.718s] Level 5:colcon.colcon_core.verb:set package 'traj_utils' build argument 'cmake_clean_cache' from command line to 'False'
[0.718s] Level 5:colcon.colcon_core.verb:set package 'traj_utils' build argument 'cmake_clean_first' from command line to 'False'
[0.718s] Level 5:colcon.colcon_core.verb:set package 'traj_utils' build argument 'cmake_force_configure' from command line to 'False'
[0.718s] Level 5:colcon.colcon_core.verb:set package 'traj_utils' build argument 'ament_cmake_args' from command line to 'None'
[0.718s] Level 5:colcon.colcon_core.verb:set package 'traj_utils' build argument 'catkin_cmake_args' from command line to 'None'
[0.718s] Level 5:colcon.colcon_core.verb:set package 'traj_utils' build argument 'catkin_skip_building_tests' from command line to 'False'
[0.718s] DEBUG:colcon.colcon_core.verb:Building package 'traj_utils' with the following arguments: {'ament_cmake_args': None, 'build_base': '/root/colcon_ws/build/traj_utils', 'catkin_cmake_args': None, 'catkin_skip_building_tests': False, 'cmake_args': None, 'cmake_clean_cache': False, 'cmake_clean_first': False, 'cmake_force_configure': False, 'cmake_target': None, 'cmake_target_skip_unavailable': False, 'install_base': '/root/colcon_ws/install/traj_utils', 'merge_install': False, 'path': '/root/colcon_ws/src/Fast-Planner/fast_planner/traj_utils', 'symlink_install': False, 'test_result_base': None}
[0.719s] Level 5:colcon.colcon_core.verb:set package 'plan_manage' build argument 'cmake_args' from command line to 'None'
[0.719s] Level 5:colcon.colcon_core.verb:set package 'plan_manage' build argument 'cmake_target' from command line to 'None'
[0.719s] Level 5:colcon.colcon_core.verb:set package 'plan_manage' build argument 'cmake_target_skip_unavailable' from command line to 'False'
[0.719s] Level 5:colcon.colcon_core.verb:set package 'plan_manage' build argument 'cmake_clean_cache' from command line to 'False'
[0.719s] Level 5:colcon.colcon_core.verb:set package 'plan_manage' build argument 'cmake_clean_first' from command line to 'False'
[0.719s] Level 5:colcon.colcon_core.verb:set package 'plan_manage' build argument 'cmake_force_configure' from command line to 'False'
[0.719s] Level 5:colcon.colcon_core.verb:set package 'plan_manage' build argument 'ament_cmake_args' from command line to 'None'
[0.719s] Level 5:colcon.colcon_core.verb:set package 'plan_manage' build argument 'catkin_cmake_args' from command line to 'None'
[0.719s] Level 5:colcon.colcon_core.verb:set package 'plan_manage' build argument 'catkin_skip_building_tests' from command line to 'False'
[0.719s] DEBUG:colcon.colcon_core.verb:Building package 'plan_manage' with the following arguments: {'ament_cmake_args': None, 'build_base': '/root/colcon_ws/build/plan_manage', 'catkin_cmake_args': None, 'catkin_skip_building_tests': False, 'cmake_args': None, 'cmake_clean_cache': False, 'cmake_clean_first': False, 'cmake_force_configure': False, 'cmake_target': None, 'cmake_target_skip_unavailable': False, 'install_base': '/root/colcon_ws/install/plan_manage', 'merge_install': False, 'path': '/root/colcon_ws/src/Fast-Planner/fast_planner/plan_manage', 'symlink_install': False, 'test_result_base': None}
[0.719s] INFO:colcon.colcon_core.executor:Executing jobs using 'parallel' executor
[0.722s] DEBUG:colcon.colcon_parallel_executor.executor.parallel:run_until_complete
[0.722s] INFO:colcon.colcon_ros.task.ament_cmake.build:Building ROS package in '/root/colcon_ws/src/Fast-Planner/uav_simulator/Utils/quadrotor_msgs' with build type 'ament_cmake'
[0.723s] INFO:colcon.colcon_cmake.task.cmake.build:Building CMake package in '/root/colcon_ws/src/Fast-Planner/uav_simulator/Utils/quadrotor_msgs'
[0.727s] INFO:colcon.colcon_core.plugin_system:Skipping extension 'colcon_core.shell.bat': Not used on non-Windows systems
[0.727s] INFO:colcon.colcon_core.shell:Skip shell extension 'powershell' for command environment: Not usable outside of PowerShell
[0.727s] DEBUG:colcon.colcon_core.shell:Skip shell extension 'dsv' for command environment
[0.733s] INFO:colcon.colcon_ros.task.ament_cmake.build:Building ROS package in '/root/colcon_ws/src/Fast-Planner/fast_planner/plan_env' with build type 'ament_cmake'
[0.734s] INFO:colcon.colcon_cmake.task.cmake.build:Building CMake package in '/root/colcon_ws/src/Fast-Planner/fast_planner/plan_env'
[0.734s] INFO:colcon.colcon_core.shell:Skip shell extension 'powershell' for command environment: Not usable outside of PowerShell
[0.734s] DEBUG:colcon.colcon_core.shell:Skip shell extension 'dsv' for command environment
[0.740s] INFO:colcon.colcon_ros.task.ament_cmake.build:Building ROS package in '/root/colcon_ws/src/Fast-Planner/uav_simulator/Utils/pose_utils' with build type 'ament_cmake'
[0.740s] INFO:colcon.colcon_cmake.task.cmake.build:Building CMake package in '/root/colcon_ws/src/Fast-Planner/uav_simulator/Utils/pose_utils'
[0.741s] INFO:colcon.colcon_core.shell:Skip shell extension 'powershell' for command environment: Not usable outside of PowerShell
[0.741s] DEBUG:colcon.colcon_core.shell:Skip shell extension 'dsv' for command environment
[0.746s] INFO:colcon.colcon_ros.task.ament_cmake.build:Building ROS package in '/root/colcon_ws/src/Fast-Planner/uav_simulator/Utils/cmake_utils' with build type 'ament_cmake'
[0.746s] INFO:colcon.colcon_cmake.task.cmake.build:Building CMake package in '/root/colcon_ws/src/Fast-Planner/uav_simulator/Utils/cmake_utils'
[0.747s] INFO:colcon.colcon_core.shell:Skip shell extension 'powershell' for command environment: Not usable outside of PowerShell
[0.747s] DEBUG:colcon.colcon_core.shell:Skip shell extension 'dsv' for command environment
[0.751s] INFO:colcon.colcon_ros.task.ament_cmake.build:Building ROS package in '/root/colcon_ws/src/Fast-Planner/fast_planner/poly_traj' with build type 'ament_cmake'
[0.752s] INFO:colcon.colcon_cmake.task.cmake.build:Building CMake package in '/root/colcon_ws/src/Fast-Planner/fast_planner/poly_traj'
[0.752s] INFO:colcon.colcon_core.shell:Skip shell extension 'powershell' for command environment: Not usable outside of PowerShell
[0.752s] DEBUG:colcon.colcon_core.shell:Skip shell extension 'dsv' for command environment
[0.757s] INFO:colcon.colcon_ros.task.ament_cmake.build:Building ROS package in '/root/colcon_ws/src/Fast-Planner/uav_simulator/map_generator' with build type 'ament_cmake'
[0.758s] INFO:colcon.colcon_cmake.task.cmake.build:Building CMake package in '/root/colcon_ws/src/Fast-Planner/uav_simulator/map_generator'
[0.758s] INFO:colcon.colcon_core.shell:Skip shell extension 'powershell' for command environment: Not usable outside of PowerShell
[0.758s] DEBUG:colcon.colcon_core.shell:Skip shell extension 'dsv' for command environment
[0.763s] INFO:colcon.colcon_ros.task.ament_cmake.build:Building ROS package in '/root/colcon_ws/src/Fast-Planner/uav_simulator/Utils/waypoint_generator' with build type 'ament_cmake'
[0.763s] INFO:colcon.colcon_cmake.task.cmake.build:Building CMake package in '/root/colcon_ws/src/Fast-Planner/uav_simulator/Utils/waypoint_generator'
[0.764s] INFO:colcon.colcon_core.shell:Skip shell extension 'powershell' for command environment: Not usable outside of PowerShell
[0.764s] DEBUG:colcon.colcon_core.shell:Skip shell extension 'dsv' for command environment
[0.775s] DEBUG:colcon.colcon_core.event_handler.log_command:Invoking command in '/root/colcon_ws/build/quadrotor_msgs': CMAKE_PREFIX_PATH=/opt/ros/humble /usr/bin/cmake /root/colcon_ws/src/Fast-Planner/uav_simulator/Utils/quadrotor_msgs -DCMAKE_INSTALL_PREFIX=/root/colcon_ws/install/quadrotor_msgs
[0.784s] DEBUG:colcon.colcon_core.event_handler.log_command:Invoking command in '/root/colcon_ws/build/plan_env': CMAKE_PREFIX_PATH=/opt/ros/humble /usr/bin/cmake /root/colcon_ws/src/Fast-Planner/fast_planner/plan_env -DCMAKE_INSTALL_PREFIX=/root/colcon_ws/install/plan_env
[0.787s] DEBUG:colcon.colcon_core.event_handler.log_command:Invoking command in '/root/colcon_ws/build/pose_utils': CMAKE_PREFIX_PATH=/opt/ros/humble /usr/bin/cmake /root/colcon_ws/src/Fast-Planner/uav_simulator/Utils/pose_utils -DCMAKE_INSTALL_PREFIX=/root/colcon_ws/install/pose_utils
[0.791s] DEBUG:colcon.colcon_core.event_handler.log_command:Invoking command in '/root/colcon_ws/build/cmake_utils': CMAKE_PREFIX_PATH=/opt/ros/humble /usr/bin/cmake /root/colcon_ws/src/Fast-Planner/uav_simulator/Utils/cmake_utils -DCMAKE_INSTALL_PREFIX=/root/colcon_ws/install/cmake_utils
[0.795s] DEBUG:colcon.colcon_core.event_handler.log_command:Invoking command in '/root/colcon_ws/build/poly_traj': CMAKE_PREFIX_PATH=/opt/ros/humble /usr/bin/cmake /root/colcon_ws/src/Fast-Planner/fast_planner/poly_traj -DCMAKE_INSTALL_PREFIX=/root/colcon_ws/install/poly_traj
[0.803s] DEBUG:colcon.colcon_core.event_handler.log_command:Invoking command in '/root/colcon_ws/build/map_generator': CMAKE_PREFIX_PATH=/opt/ros/humble /usr/bin/cmake /root/colcon_ws/src/Fast-Planner/uav_simulator/map_generator -DCMAKE_INSTALL_PREFIX=/root/colcon_ws/install/map_generator
[0.813s] DEBUG:colcon.colcon_core.event_handler.log_command:Invoking command in '/root/colcon_ws/build/waypoint_generator': CMAKE_PREFIX_PATH=/opt/ros/humble /usr/bin/cmake /root/colcon_ws/src/Fast-Planner/uav_simulator/Utils/waypoint_generator -DCMAKE_INSTALL_PREFIX=/root/colcon_ws/install/waypoint_generator
[2.130s] DEBUG:colcon.colcon_core.event_handler.log_command:Invoked command in '/root/colcon_ws/build/cmake_utils' returned '0': CMAKE_PREFIX_PATH=/opt/ros/humble /usr/bin/cmake /root/colcon_ws/src/Fast-Planner/uav_simulator/Utils/cmake_utils -DCMAKE_INSTALL_PREFIX=/root/colcon_ws/install/cmake_utils
[2.130s] DEBUG:colcon.colcon_core.event_handler.log_command:Invoking command in '/root/colcon_ws/build/cmake_utils': CMAKE_PREFIX_PATH=/opt/ros/humble /usr/bin/cmake --build /root/colcon_ws/build/cmake_utils -- -j8 -l8
[3.113s] DEBUG:colcon.colcon_core.event_handler.log_command:Invoked command in '/root/colcon_ws/build/pose_utils' returned '0': CMAKE_PREFIX_PATH=/opt/ros/humble /usr/bin/cmake /root/colcon_ws/src/Fast-Planner/uav_simulator/Utils/pose_utils -DCMAKE_INSTALL_PREFIX=/root/colcon_ws/install/pose_utils
[3.116s] DEBUG:colcon.colcon_core.event_handler.log_command:Invoking command in '/root/colcon_ws/build/pose_utils': CMAKE_PREFIX_PATH=/opt/ros/humble /usr/bin/cmake --build /root/colcon_ws/build/pose_utils -- -j8 -l8
[3.117s] DEBUG:colcon.colcon_core.event_handler.log_command:Invoked command in '/root/colcon_ws/build/cmake_utils' returned '0': CMAKE_PREFIX_PATH=/opt/ros/humble /usr/bin/cmake --build /root/colcon_ws/build/cmake_utils -- -j8 -l8
[3.137s] DEBUG:colcon.colcon_core.event_handler.log_command:Invoking command in '/root/colcon_ws/build/cmake_utils': CMAKE_PREFIX_PATH=/opt/ros/humble /usr/bin/cmake --install /root/colcon_ws/build/cmake_utils
[3.169s] DEBUG:colcon.colcon_core.event_handler.log_command:Invoked command in '/root/colcon_ws/build/poly_traj' returned '0': CMAKE_PREFIX_PATH=/opt/ros/humble /usr/bin/cmake /root/colcon_ws/src/Fast-Planner/fast_planner/poly_traj -DCMAKE_INSTALL_PREFIX=/root/colcon_ws/install/poly_traj
[3.170s] DEBUG:colcon.colcon_core.event_handler.log_command:Invoking command in '/root/colcon_ws/build/poly_traj': CMAKE_PREFIX_PATH=/opt/ros/humble /usr/bin/cmake --build /root/colcon_ws/build/poly_traj -- -j8 -l8
[3.172s] Level 1:colcon.colcon_core.environment:create_environment_scripts_only(cmake_utils)
[3.172s] DEBUG:colcon.colcon_core.event_handler.log_command:Invoked command in '/root/colcon_ws/build/cmake_utils' returned '0': CMAKE_PREFIX_PATH=/opt/ros/humble /usr/bin/cmake --install /root/colcon_ws/build/cmake_utils
[3.179s] Level 1:colcon.colcon_core.environment:checking '/root/colcon_ws/install/cmake_utils' for CMake module files
[3.180s] Level 1:colcon.colcon_core.environment:checking '/root/colcon_ws/install/cmake_utils' for CMake config files
[3.180s] Level 1:colcon.colcon_core.shell:create_environment_hook('cmake_utils', 'cmake_prefix_path')
[3.181s] INFO:colcon.colcon_core.shell:Creating environment hook '/root/colcon_ws/install/cmake_utils/share/cmake_utils/hook/cmake_prefix_path.ps1'
[3.182s] INFO:colcon.colcon_core.shell:Creating environment descriptor '/root/colcon_ws/install/cmake_utils/share/cmake_utils/hook/cmake_prefix_path.dsv'
[3.184s] INFO:colcon.colcon_core.shell:Creating environment hook '/root/colcon_ws/install/cmake_utils/share/cmake_utils/hook/cmake_prefix_path.sh'
[3.185s] Level 1:colcon.colcon_core.environment:checking '/root/colcon_ws/install/cmake_utils/bin'
[3.185s] Level 1:colcon.colcon_core.environment:checking '/root/colcon_ws/install/cmake_utils/lib/pkgconfig/cmake_utils.pc'
[3.186s] Level 1:colcon.colcon_core.environment:checking '/root/colcon_ws/install/cmake_utils/lib/python3.10/site-packages'
[3.186s] Level 1:colcon.colcon_core.environment:checking '/root/colcon_ws/install/cmake_utils/bin'
[3.187s] INFO:colcon.colcon_core.shell:Creating package script '/root/colcon_ws/install/cmake_utils/share/cmake_utils/package.ps1'
[3.189s] INFO:colcon.colcon_core.shell:Creating package descriptor '/root/colcon_ws/install/cmake_utils/share/cmake_utils/package.dsv'
[3.190s] INFO:colcon.colcon_core.shell:Creating package script '/root/colcon_ws/install/cmake_utils/share/cmake_utils/package.sh'
[3.191s] INFO:colcon.colcon_core.shell:Creating package script '/root/colcon_ws/install/cmake_utils/share/cmake_utils/package.bash'
[3.193s] INFO:colcon.colcon_core.shell:Creating package script '/root/colcon_ws/install/cmake_utils/share/cmake_utils/package.zsh'
[3.194s] Level 1:colcon.colcon_core.environment:create_file_with_runtime_dependencies(/root/colcon_ws/install/cmake_utils/share/colcon-core/packages/cmake_utils)
[3.195s] Level 1:colcon.colcon_core.environment:create_environment_scripts_only(cmake_utils)
[3.196s] Level 1:colcon.colcon_core.environment:checking '/root/colcon_ws/install/cmake_utils' for CMake module files
[3.196s] Level 1:colcon.colcon_core.environment:checking '/root/colcon_ws/install/cmake_utils' for CMake config files
[3.197s] Level 1:colcon.colcon_core.shell:create_environment_hook('cmake_utils', 'cmake_prefix_path')
[3.197s] INFO:colcon.colcon_core.shell:Creating environment hook '/root/colcon_ws/install/cmake_utils/share/cmake_utils/hook/cmake_prefix_path.ps1'
[3.199s] INFO:colcon.colcon_core.shell:Creating environment descriptor '/root/colcon_ws/install/cmake_utils/share/cmake_utils/hook/cmake_prefix_path.dsv'
[3.200s] INFO:colcon.colcon_core.shell:Creating environment hook '/root/colcon_ws/install/cmake_utils/share/cmake_utils/hook/cmake_prefix_path.sh'
[3.203s] Level 1:colcon.colcon_core.environment:checking '/root/colcon_ws/install/cmake_utils/bin'
[3.203s] Level 1:colcon.colcon_core.environment:checking '/root/colcon_ws/install/cmake_utils/lib/pkgconfig/cmake_utils.pc'
[3.204s] Level 1:colcon.colcon_core.environment:checking '/root/colcon_ws/install/cmake_utils/lib/python3.10/site-packages'
[3.204s] Level 1:colcon.colcon_core.environment:checking '/root/colcon_ws/install/cmake_utils/bin'
[3.205s] INFO:colcon.colcon_core.shell:Creating package script '/root/colcon_ws/install/cmake_utils/share/cmake_utils/package.ps1'
[3.208s] INFO:colcon.colcon_core.shell:Creating package descriptor '/root/colcon_ws/install/cmake_utils/share/cmake_utils/package.dsv'
[3.209s] INFO:colcon.colcon_core.shell:Creating package script '/root/colcon_ws/install/cmake_utils/share/cmake_utils/package.sh'
[3.209s] INFO:colcon.colcon_core.shell:Creating package script '/root/colcon_ws/install/cmake_utils/share/cmake_utils/package.bash'
[3.211s] INFO:colcon.colcon_core.shell:Creating package script '/root/colcon_ws/install/cmake_utils/share/cmake_utils/package.zsh'
[3.211s] Level 1:colcon.colcon_core.environment:create_file_with_runtime_dependencies(/root/colcon_ws/install/cmake_utils/share/colcon-core/packages/cmake_utils)
[3.212s] INFO:colcon.colcon_ros.task.ament_cmake.build:Building ROS package in '/root/colcon_ws/src/Fast-Planner/uav_simulator/Utils/uav_utils' with build type 'ament_cmake'
[3.213s] INFO:colcon.colcon_cmake.task.cmake.build:Building CMake package in '/root/colcon_ws/src/Fast-Planner/uav_simulator/Utils/uav_utils'
[3.213s] INFO:colcon.colcon_core.shell:Skip shell extension 'powershell' for command environment: Not usable outside of PowerShell
[3.213s] DEBUG:colcon.colcon_core.shell:Skip shell extension 'dsv' for command environment
[3.232s] DEBUG:colcon.colcon_core.event_handler.log_command:Invoking command in '/root/colcon_ws/build/uav_utils': AMENT_PREFIX_PATH=/root/colcon_ws/install/cmake_utils:${AMENT_PREFIX_PATH} CMAKE_PREFIX_PATH=/root/colcon_ws/install/cmake_utils:/opt/ros/humble /usr/bin/cmake /root/colcon_ws/src/Fast-Planner/uav_simulator/Utils/uav_utils -DCMAKE_INSTALL_PREFIX=/root/colcon_ws/install/uav_utils
[3.567s] DEBUG:colcon.colcon_core.event_handler.log_command:Invoked command in '/root/colcon_ws/build/waypoint_generator' returned '0': CMAKE_PREFIX_PATH=/opt/ros/humble /usr/bin/cmake /root/colcon_ws/src/Fast-Planner/uav_simulator/Utils/waypoint_generator -DCMAKE_INSTALL_PREFIX=/root/colcon_ws/install/waypoint_generator
[3.568s] DEBUG:colcon.colcon_core.event_handler.log_command:Invoking command in '/root/colcon_ws/build/waypoint_generator': CMAKE_PREFIX_PATH=/opt/ros/humble /usr/bin/cmake --build /root/colcon_ws/build/waypoint_generator -- -j8 -l8
[4.660s] DEBUG:colcon.colcon_core.event_handler.log_command:Invoked command in '/root/colcon_ws/build/quadrotor_msgs' returned '0': CMAKE_PREFIX_PATH=/opt/ros/humble /usr/bin/cmake /root/colcon_ws/src/Fast-Planner/uav_simulator/Utils/quadrotor_msgs -DCMAKE_INSTALL_PREFIX=/root/colcon_ws/install/quadrotor_msgs
[4.660s] DEBUG:colcon.colcon_core.event_handler.log_command:Invoking command in '/root/colcon_ws/build/quadrotor_msgs': CMAKE_PREFIX_PATH=/opt/ros/humble /usr/bin/cmake --build /root/colcon_ws/build/quadrotor_msgs -- -j8 -l8
[6.144s] DEBUG:colcon.colcon_core.event_handler.log_command:Invoked command in '/root/colcon_ws/build/uav_utils' returned '0': AMENT_PREFIX_PATH=/root/colcon_ws/install/cmake_utils:${AMENT_PREFIX_PATH} CMAKE_PREFIX_PATH=/root/colcon_ws/install/cmake_utils:/opt/ros/humble /usr/bin/cmake /root/colcon_ws/src/Fast-Planner/uav_simulator/Utils/uav_utils -DCMAKE_INSTALL_PREFIX=/root/colcon_ws/install/uav_utils
[6.145s] DEBUG:colcon.colcon_core.event_handler.log_command:Invoking command in '/root/colcon_ws/build/uav_utils': AMENT_PREFIX_PATH=/root/colcon_ws/install/cmake_utils:${AMENT_PREFIX_PATH} CMAKE_PREFIX_PATH=/root/colcon_ws/install/cmake_utils:/opt/ros/humble /usr/bin/cmake --build /root/colcon_ws/build/uav_utils -- -j8 -l8
[8.109s] DEBUG:colcon.colcon_core.event_handler.log_command:Invoked command in '/root/colcon_ws/build/uav_utils' returned '0': AMENT_PREFIX_PATH=/root/colcon_ws/install/cmake_utils:${AMENT_PREFIX_PATH} CMAKE_PREFIX_PATH=/root/colcon_ws/install/cmake_utils:/opt/ros/humble /usr/bin/cmake --build /root/colcon_ws/build/uav_utils -- -j8 -l8
[8.109s] DEBUG:colcon.colcon_core.event_handler.log_command:Invoking command in '/root/colcon_ws/build/uav_utils': AMENT_PREFIX_PATH=/root/colcon_ws/install/cmake_utils:${AMENT_PREFIX_PATH} CMAKE_PREFIX_PATH=/root/colcon_ws/install/cmake_utils:/opt/ros/humble /usr/bin/cmake --install /root/colcon_ws/build/uav_utils
[8.122s] DEBUG:colcon.colcon_core.event_handler.log_command:Invoked command in '/root/colcon_ws/build/plan_env' returned '0': CMAKE_PREFIX_PATH=/opt/ros/humble /usr/bin/cmake /root/colcon_ws/src/Fast-Planner/fast_planner/plan_env -DCMAKE_INSTALL_PREFIX=/root/colcon_ws/install/plan_env
[8.123s] DEBUG:colcon.colcon_core.event_handler.log_command:Invoking command in '/root/colcon_ws/build/plan_env': CMAKE_PREFIX_PATH=/opt/ros/humble /usr/bin/cmake --build /root/colcon_ws/build/plan_env -- -j8 -l8
[8.140s] DEBUG:colcon.colcon_core.event_handler.log_command:Invoked command in '/root/colcon_ws/build/map_generator' returned '0': CMAKE_PREFIX_PATH=/opt/ros/humble /usr/bin/cmake /root/colcon_ws/src/Fast-Planner/uav_simulator/map_generator -DCMAKE_INSTALL_PREFIX=/root/colcon_ws/install/map_generator
[8.141s] DEBUG:colcon.colcon_core.event_handler.log_command:Invoking command in '/root/colcon_ws/build/map_generator': CMAKE_PREFIX_PATH=/opt/ros/humble /usr/bin/cmake --build /root/colcon_ws/build/map_generator -- -j8 -l8
[8.145s] Level 1:colcon.colcon_core.environment:create_environment_scripts_only(uav_utils)
[8.146s] Level 1:colcon.colcon_core.environment:checking '/root/colcon_ws/install/uav_utils' for CMake module files
[8.147s] Level 1:colcon.colcon_core.environment:checking '/root/colcon_ws/install/uav_utils' for CMake config files
[8.147s] Level 1:colcon.colcon_core.shell:create_environment_hook('uav_utils', 'cmake_prefix_path')
[8.148s] INFO:colcon.colcon_core.shell:Creating environment hook '/root/colcon_ws/install/uav_utils/share/uav_utils/hook/cmake_prefix_path.ps1'
[8.150s] INFO:colcon.colcon_core.shell:Creating environment descriptor '/root/colcon_ws/install/uav_utils/share/uav_utils/hook/cmake_prefix_path.dsv'
[8.151s] INFO:colcon.colcon_core.shell:Creating environment hook '/root/colcon_ws/install/uav_utils/share/uav_utils/hook/cmake_prefix_path.sh'
[8.153s] Level 1:colcon.colcon_core.environment:checking '/root/colcon_ws/install/uav_utils/bin'
[8.153s] Level 1:colcon.colcon_core.environment:checking '/root/colcon_ws/install/uav_utils/lib/pkgconfig/uav_utils.pc'
[8.153s] Level 1:colcon.colcon_core.environment:checking '/root/colcon_ws/install/uav_utils/lib/python3.10/site-packages'
[8.154s] Level 1:colcon.colcon_core.environment:checking '/root/colcon_ws/install/uav_utils/bin'
[8.154s] INFO:colcon.colcon_core.shell:Creating package script '/root/colcon_ws/install/uav_utils/share/uav_utils/package.ps1'
[8.156s] INFO:colcon.colcon_core.shell:Creating package descriptor '/root/colcon_ws/install/uav_utils/share/uav_utils/package.dsv'
[8.157s] INFO:colcon.colcon_core.shell:Creating package script '/root/colcon_ws/install/uav_utils/share/uav_utils/package.sh'
[8.150s] DEBUG:colcon.colcon_core.event_handler.log_command:Invoked command in '/root/colcon_ws/build/uav_utils' returned '0': AMENT_PREFIX_PATH=/root/colcon_ws/install/cmake_utils:${AMENT_PREFIX_PATH} CMAKE_PREFIX_PATH=/root/colcon_ws/install/cmake_utils:/opt/ros/humble /usr/bin/cmake --install /root/colcon_ws/build/uav_utils
[8.163s] INFO:colcon.colcon_core.shell:Creating package script '/root/colcon_ws/install/uav_utils/share/uav_utils/package.bash'
[8.164s] INFO:colcon.colcon_core.shell:Creating package script '/root/colcon_ws/install/uav_utils/share/uav_utils/package.zsh'
[8.165s] Level 1:colcon.colcon_core.environment:create_file_with_runtime_dependencies(/root/colcon_ws/install/uav_utils/share/colcon-core/packages/uav_utils)
[8.166s] Level 1:colcon.colcon_core.environment:create_environment_scripts_only(uav_utils)
[8.167s] Level 1:colcon.colcon_core.environment:checking '/root/colcon_ws/install/uav_utils' for CMake module files
[8.174s] Level 1:colcon.colcon_core.environment:checking '/root/colcon_ws/install/uav_utils' for CMake config files
[8.175s] Level 1:colcon.colcon_core.shell:create_environment_hook('uav_utils', 'cmake_prefix_path')
[8.175s] INFO:colcon.colcon_core.shell:Creating environment hook '/root/colcon_ws/install/uav_utils/share/uav_utils/hook/cmake_prefix_path.ps1'
[8.177s] INFO:colcon.colcon_core.shell:Creating environment descriptor '/root/colcon_ws/install/uav_utils/share/uav_utils/hook/cmake_prefix_path.dsv'
[8.178s] INFO:colcon.colcon_core.shell:Creating environment hook '/root/colcon_ws/install/uav_utils/share/uav_utils/hook/cmake_prefix_path.sh'
[8.187s] Level 1:colcon.colcon_core.environment:checking '/root/colcon_ws/install/uav_utils/bin'
[8.187s] Level 1:colcon.colcon_core.environment:checking '/root/colcon_ws/install/uav_utils/lib/pkgconfig/uav_utils.pc'
[8.187s] Level 1:colcon.colcon_core.environment:checking '/root/colcon_ws/install/uav_utils/lib/python3.10/site-packages'
[8.189s] Level 1:colcon.colcon_core.environment:checking '/root/colcon_ws/install/uav_utils/bin'
[8.190s] INFO:colcon.colcon_core.shell:Creating package script '/root/colcon_ws/install/uav_utils/share/uav_utils/package.ps1'
[8.192s] INFO:colcon.colcon_core.shell:Creating package descriptor '/root/colcon_ws/install/uav_utils/share/uav_utils/package.dsv'
[8.193s] INFO:colcon.colcon_core.shell:Creating package script '/root/colcon_ws/install/uav_utils/share/uav_utils/package.sh'
[8.194s] INFO:colcon.colcon_core.shell:Creating package script '/root/colcon_ws/install/uav_utils/share/uav_utils/package.bash'
[8.196s] INFO:colcon.colcon_core.shell:Creating package script '/root/colcon_ws/install/uav_utils/share/uav_utils/package.zsh'
[8.197s] Level 1:colcon.colcon_core.environment:create_file_with_runtime_dependencies(/root/colcon_ws/install/uav_utils/share/colcon-core/packages/uav_utils)
[12.496s] DEBUG:colcon.colcon_core.event_handler.log_command:Invoked command in '/root/colcon_ws/build/pose_utils' returned '0': CMAKE_PREFIX_PATH=/opt/ros/humble /usr/bin/cmake --build /root/colcon_ws/build/pose_utils -- -j8 -l8
[12.496s] DEBUG:colcon.colcon_core.event_handler.log_command:Invoking command in '/root/colcon_ws/build/pose_utils': CMAKE_PREFIX_PATH=/opt/ros/humble /usr/bin/cmake --install /root/colcon_ws/build/pose_utils
[12.582s] Level 1:colcon.colcon_core.environment:create_environment_scripts_only(pose_utils)
[12.583s] Level 1:colcon.colcon_core.environment:checking '/root/colcon_ws/install/pose_utils' for CMake module files
[12.584s] Level 1:colcon.colcon_core.environment:checking '/root/colcon_ws/install/pose_utils' for CMake config files
[12.585s] Level 1:colcon.colcon_core.shell:create_environment_hook('pose_utils', 'cmake_prefix_path')
[12.585s] INFO:colcon.colcon_core.shell:Creating environment hook '/root/colcon_ws/install/pose_utils/share/pose_utils/hook/cmake_prefix_path.ps1'
[12.586s] INFO:colcon.colcon_core.shell:Creating environment descriptor '/root/colcon_ws/install/pose_utils/share/pose_utils/hook/cmake_prefix_path.dsv'
[12.587s] INFO:colcon.colcon_core.shell:Creating environment hook '/root/colcon_ws/install/pose_utils/share/pose_utils/hook/cmake_prefix_path.sh'
[12.588s] Level 1:colcon.colcon_core.environment:checking '/root/colcon_ws/install/pose_utils/lib'
[12.589s] Level 1:colcon.colcon_core.environment:checking '/root/colcon_ws/install/pose_utils/bin'
[12.589s] Level 1:colcon.colcon_core.environment:checking '/root/colcon_ws/install/pose_utils/lib/pkgconfig/pose_utils.pc'
[12.589s] Level 1:colcon.colcon_core.environment:checking '/root/colcon_ws/install/pose_utils/lib/python3.10/site-packages'
[12.590s] DEBUG:colcon.colcon_core.event_handler.log_command:Invoked command in '/root/colcon_ws/build/pose_utils' returned '0': CMAKE_PREFIX_PATH=/opt/ros/humble /usr/bin/cmake --install /root/colcon_ws/build/pose_utils
[12.591s] Level 1:colcon.colcon_core.environment:checking '/root/colcon_ws/install/pose_utils/bin'
[12.591s] INFO:colcon.colcon_core.shell:Creating package script '/root/colcon_ws/install/pose_utils/share/pose_utils/package.ps1'
[12.593s] INFO:colcon.colcon_core.shell:Creating package descriptor '/root/colcon_ws/install/pose_utils/share/pose_utils/package.dsv'
[12.594s] INFO:colcon.colcon_core.shell:Creating package script '/root/colcon_ws/install/pose_utils/share/pose_utils/package.sh'
[12.595s] INFO:colcon.colcon_core.shell:Creating package script '/root/colcon_ws/install/pose_utils/share/pose_utils/package.bash'
[12.595s] INFO:colcon.colcon_core.shell:Creating package script '/root/colcon_ws/install/pose_utils/share/pose_utils/package.zsh'
[12.596s] Level 1:colcon.colcon_core.environment:create_file_with_runtime_dependencies(/root/colcon_ws/install/pose_utils/share/colcon-core/packages/pose_utils)
[12.597s] Level 1:colcon.colcon_core.environment:create_environment_scripts_only(pose_utils)
[12.598s] Level 1:colcon.colcon_core.environment:checking '/root/colcon_ws/install/pose_utils' for CMake module files
[12.599s] Level 1:colcon.colcon_core.environment:checking '/root/colcon_ws/install/pose_utils' for CMake config files
[12.599s] Level 1:colcon.colcon_core.shell:create_environment_hook('pose_utils', 'cmake_prefix_path')
[12.599s] INFO:colcon.colcon_core.shell:Creating environment hook '/root/colcon_ws/install/pose_utils/share/pose_utils/hook/cmake_prefix_path.ps1'
[12.610s] INFO:colcon.colcon_core.shell:Creating environment descriptor '/root/colcon_ws/install/pose_utils/share/pose_utils/hook/cmake_prefix_path.dsv'
[12.612s] INFO:colcon.colcon_core.shell:Creating environment hook '/root/colcon_ws/install/pose_utils/share/pose_utils/hook/cmake_prefix_path.sh'
[12.620s] Level 1:colcon.colcon_core.environment:checking '/root/colcon_ws/install/pose_utils/lib'
[12.620s] Level 1:colcon.colcon_core.environment:checking '/root/colcon_ws/install/pose_utils/bin'
[12.621s] Level 1:colcon.colcon_core.environment:checking '/root/colcon_ws/install/pose_utils/lib/pkgconfig/pose_utils.pc'
[12.621s] Level 1:colcon.colcon_core.environment:checking '/root/colcon_ws/install/pose_utils/lib/python3.10/site-packages'
[12.622s] Level 1:colcon.colcon_core.environment:checking '/root/colcon_ws/install/pose_utils/bin'
[12.623s] INFO:colcon.colcon_core.shell:Creating package script '/root/colcon_ws/install/pose_utils/share/pose_utils/package.ps1'
[12.630s] INFO:colcon.colcon_core.shell:Creating package descriptor '/root/colcon_ws/install/pose_utils/share/pose_utils/package.dsv'
[12.632s] INFO:colcon.colcon_core.shell:Creating package script '/root/colcon_ws/install/pose_utils/share/pose_utils/package.sh'
[12.646s] INFO:colcon.colcon_core.shell:Creating package script '/root/colcon_ws/install/pose_utils/share/pose_utils/package.bash'
[12.647s] INFO:colcon.colcon_core.shell:Creating package script '/root/colcon_ws/install/pose_utils/share/pose_utils/package.zsh'
[12.650s] Level 1:colcon.colcon_core.environment:create_file_with_runtime_dependencies(/root/colcon_ws/install/pose_utils/share/colcon-core/packages/pose_utils)
[12.653s] INFO:colcon.colcon_ros.task.ament_cmake.build:Building ROS package in '/root/colcon_ws/src/Fast-Planner/uav_simulator/so3_disturbance_generator' with build type 'ament_cmake'
[12.654s] INFO:colcon.colcon_cmake.task.cmake.build:Building CMake package in '/root/colcon_ws/src/Fast-Planner/uav_simulator/so3_disturbance_generator'
[12.655s] INFO:colcon.colcon_core.shell:Skip shell extension 'powershell' for command environment: Not usable outside of PowerShell
[12.655s] DEBUG:colcon.colcon_core.shell:Skip shell extension 'dsv' for command environment
[12.739s] DEBUG:colcon.colcon_core.event_handler.log_command:Invoking command in '/root/colcon_ws/build/so3_disturbance_generator': AMENT_PREFIX_PATH=/root/colcon_ws/install/pose_utils:${AMENT_PREFIX_PATH} CMAKE_PREFIX_PATH=/root/colcon_ws/install/pose_utils:/opt/ros/humble LD_LIBRARY_PATH=/root/colcon_ws/install/pose_utils/lib:${LD_LIBRARY_PATH} /usr/bin/cmake /root/colcon_ws/src/Fast-Planner/uav_simulator/so3_disturbance_generator -DCMAKE_INSTALL_PREFIX=/root/colcon_ws/install/so3_disturbance_generator
[19.680s] DEBUG:colcon.colcon_core.event_handler.log_command:Invoked command in '/root/colcon_ws/build/so3_disturbance_generator' returned '0': AMENT_PREFIX_PATH=/root/colcon_ws/install/pose_utils:${AMENT_PREFIX_PATH} CMAKE_PREFIX_PATH=/root/colcon_ws/install/pose_utils:/opt/ros/humble LD_LIBRARY_PATH=/root/colcon_ws/install/pose_utils/lib:${LD_LIBRARY_PATH} /usr/bin/cmake /root/colcon_ws/src/Fast-Planner/uav_simulator/so3_disturbance_generator -DCMAKE_INSTALL_PREFIX=/root/colcon_ws/install/so3_disturbance_generator
[19.681s] DEBUG:colcon.colcon_core.event_handler.log_command:Invoking command in '/root/colcon_ws/build/so3_disturbance_generator': AMENT_PREFIX_PATH=/root/colcon_ws/install/pose_utils:${AMENT_PREFIX_PATH} CMAKE_PREFIX_PATH=/root/colcon_ws/install/pose_utils:/opt/ros/humble LD_LIBRARY_PATH=/root/colcon_ws/install/pose_utils/lib:${LD_LIBRARY_PATH} /usr/bin/cmake --build /root/colcon_ws/build/so3_disturbance_generator -- -j8 -l8
[25.860s] Level 1:colcon.colcon_core.environment:create_environment_scripts_only(poly_traj)
[25.860s] Level 1:colcon.colcon_core.environment:checking '/root/colcon_ws/install/poly_traj' for CMake module files
[25.861s] Level 1:colcon.colcon_core.environment:checking '/root/colcon_ws/install/poly_traj' for CMake config files
[25.861s] Level 1:colcon.colcon_core.environment:checking '/root/colcon_ws/install/poly_traj/bin'
[25.861s] Level 1:colcon.colcon_core.environment:checking '/root/colcon_ws/install/poly_traj/lib/pkgconfig/poly_traj.pc'
[25.863s] Level 1:colcon.colcon_core.environment:checking '/root/colcon_ws/install/poly_traj/lib/python3.10/site-packages'
[25.864s] DEBUG:colcon.colcon_core.event_handler.log_command:Invoked command in '/root/colcon_ws/build/poly_traj' returned '2': CMAKE_PREFIX_PATH=/opt/ros/humble /usr/bin/cmake --build /root/colcon_ws/build/poly_traj -- -j8 -l8
[25.870s] Level 1:colcon.colcon_core.environment:checking '/root/colcon_ws/install/poly_traj/bin'
[25.872s] INFO:colcon.colcon_core.shell:Creating package script '/root/colcon_ws/install/poly_traj/share/poly_traj/package.ps1'
[25.873s] INFO:colcon.colcon_core.shell:Creating package descriptor '/root/colcon_ws/install/poly_traj/share/poly_traj/package.dsv'
[25.874s] INFO:colcon.colcon_core.shell:Creating package script '/root/colcon_ws/install/poly_traj/share/poly_traj/package.sh'
[25.875s] INFO:colcon.colcon_core.shell:Creating package script '/root/colcon_ws/install/poly_traj/share/poly_traj/package.bash'
[25.876s] INFO:colcon.colcon_core.shell:Creating package script '/root/colcon_ws/install/poly_traj/share/poly_traj/package.zsh'
[25.876s] Level 1:colcon.colcon_core.environment:create_file_with_runtime_dependencies(/root/colcon_ws/install/poly_traj/share/colcon-core/packages/poly_traj)
[51.965s] DEBUG:colcon.colcon_parallel_executor.executor.parallel:closing loop
[51.966s] DEBUG:colcon.colcon_parallel_executor.executor.parallel:loop closed
[51.966s] DEBUG:colcon.colcon_parallel_executor.executor.parallel:run_until_complete finished with '2'
[51.966s] DEBUG:colcon.colcon_core.event_reactor:joining thread
[51.992s] INFO:colcon.colcon_core.plugin_system:Skipping extension 'colcon_notification.desktop_notification.notify_send': Could not find 'notify-send'
[51.992s] INFO:colcon.colcon_core.plugin_system:Skipping extension 'colcon_notification.desktop_notification.terminal_notifier': Not used on non-Darwin systems
[51.992s] INFO:colcon.colcon_core.plugin_system:Skipping extension 'colcon_notification.desktop_notification.win32': Not used on non-Windows systems
[51.993s] INFO:colcon.colcon_notification.desktop_notification:Sending desktop notification using 'notify2'
[52.002s] DEBUG:colcon.colcon_notification.desktop_notification.notify2:Failed to initialize notify2: org.freedesktop.DBus.Error.Spawn.ExecFailed: /usr/bin/dbus-launch terminated abnormally without any error message
[52.003s] DEBUG:colcon.colcon_core.event_reactor:joined thread
[52.004s] INFO:colcon.colcon_core.shell:Creating prefix script '/root/colcon_ws/install/local_setup.ps1'
[52.008s] INFO:colcon.colcon_core.shell:Creating prefix util module '/root/colcon_ws/install/_local_setup_util_ps1.py'
[52.012s] INFO:colcon.colcon_core.shell:Creating prefix chain script '/root/colcon_ws/install/setup.ps1'
[52.018s] INFO:colcon.colcon_core.shell:Creating prefix script '/root/colcon_ws/install/local_setup.sh'
[52.021s] INFO:colcon.colcon_core.shell:Creating prefix util module '/root/colcon_ws/install/_local_setup_util_sh.py'
[52.023s] INFO:colcon.colcon_core.shell:Creating prefix chain script '/root/colcon_ws/install/setup.sh'
[52.026s] INFO:colcon.colcon_core.shell:Creating prefix script '/root/colcon_ws/install/local_setup.bash'
[52.027s] INFO:colcon.colcon_core.shell:Creating prefix chain script '/root/colcon_ws/install/setup.bash'
[52.028s] INFO:colcon.colcon_core.shell:Creating prefix script '/root/colcon_ws/install/local_setup.zsh'
[52.029s] INFO:colcon.colcon_core.shell:Creating prefix chain script '/root/colcon_ws/install/setup.zsh'
