[ 25%] [32mBuilding CXX object CMakeFiles/plan_env.dir/src/sdf_map.cpp.o[0m
[ 50%] [32mBuilding CXX object CMakeFiles/plan_env.dir/src/edt_environment.cpp.o[0m
In file included from [01m[K/root/colcon_ws/src/Fast-Planner/fast_planner/plan_env/include/plan_env/edt_environment.h:35[m[K,
                 from [01m[K/root/colcon_ws/src/Fast-Planner/fast_planner/plan_env/src/edt_environment.cpp:26[m[K:
[01m[K/root/colcon_ws/src/Fast-Planner/fast_planner/plan_env/include/plan_env/obj_predictor.h:109:47:[m[K [01;31m[Kerror: [m[K‘[01m[KPoseStampedSharedPtr[m[K’ in namespace ‘[01m[Kgeometry_msgs::msg[m[K’ does not name a type
  109 |   void poseCallback(const geometry_msgs::msg::[01;31m[KPoseStampedSharedPtr[m[K& msg);
      |                                               [01;31m[K^~~~~~~~~~~~~~~~~~~~[m[K
[01m[K/root/colcon_ws/src/Fast-Planner/fast_planner/plan_env/include/plan_env/obj_predictor.h:135:30:[m[K [01;31m[Kerror: [m[Ktype/value mismatch at argument 1 in template parameter list for ‘[01m[Ktemplate<class _Tp, class _Alloc> class std::vector[m[K’
  135 |   vector<rclcpp::Subscription[01;31m[K>[m[K pose_subs_;
      |                              [01;31m[K^[m[K
[01m[K/root/colcon_ws/src/Fast-Planner/fast_planner/plan_env/include/plan_env/obj_predictor.h:135:30:[m[K [01;36m[Knote: [m[K  expected a type, got ‘[01m[KSubscription[m[K’
[01m[K/root/colcon_ws/src/Fast-Planner/fast_planner/plan_env/include/plan_env/obj_predictor.h:135:30:[m[K [01;31m[Kerror: [m[Ktemplate argument 2 is invalid
[01m[K/root/colcon_ws/src/Fast-Planner/fast_planner/plan_env/include/plan_env/obj_predictor.h:136:3:[m[K [01;31m[Kerror: [m[Kinvalid use of template-name ‘[01m[Krclcpp::Subscription[m[K’ without an argument list
  136 |   [01;31m[Krclcpp[m[K::Subscription marker_sub_;
      |   [01;31m[K^~~~~~[m[K
[01m[K/root/colcon_ws/src/Fast-Planner/fast_planner/plan_env/include/plan_env/obj_predictor.h:137:11:[m[K [01;31m[Kerror: [m[K‘[01m[KTimer[m[K’ in namespace ‘[01m[Krclcpp[m[K’ does not name a type; did you mean ‘[01m[KTime[m[K’?
  137 |   rclcpp::[01;31m[KTimer[m[K predict_timer_;
      |           [01;31m[K^~~~~[m[K
      |           [32m[KTime[m[K
[01m[K/root/colcon_ws/src/Fast-Planner/fast_planner/plan_env/include/plan_env/obj_predictor.h:145:54:[m[K [01;31m[Kerror: [m[K‘[01m[KMarkerSharedPtr[m[K’ in namespace ‘[01m[Kvisualization_msgs::msg[m[K’ does not name a type
  145 |   void markerCallback(const visualization_msgs::msg::[01;31m[KMarkerSharedPtr[m[K& msg);
      |                                                      [01;31m[K^~~~~~~~~~~~~~~[m[K
[01m[K/root/colcon_ws/src/Fast-Planner/fast_planner/plan_env/include/plan_env/obj_predictor.h:147:38:[m[K [01;31m[Kerror: [m[K‘[01m[KTimerEvent[m[K’ in namespace ‘[01m[Krclcpp[m[K’ does not name a type
  147 |   void predictCallback(const rclcpp::[01;31m[KTimerEvent[m[K& e);
      |                                      [01;31m[K^~~~~~~~~~[m[K
In file included from [01m[K/root/colcon_ws/src/Fast-Planner/fast_planner/plan_env/src/sdf_map.cpp:26[m[K:
[01m[K/root/colcon_ws/src/Fast-Planner/fast_planner/plan_env/include/plan_env/sdf_map.h:239:50:[m[K [01;31m[Kerror: [m[K‘[01m[KImageSharedPtr[m[K’ in namespace ‘[01m[Ksensor_msgs::msg[m[K’ does not name a type
  239 |   void depthPoseCallback(const sensor_msgs::msg::[01;31m[KImageSharedPtr[m[K& img,
      |                                                  [01;31m[K^~~~~~~~~~~~~~[m[K
[01m[K/root/colcon_ws/src/Fast-Planner/fast_planner/plan_env/include/plan_env/sdf_map.h:240:52:[m[K [01;31m[Kerror: [m[K‘[01m[KPoseStampedSharedPtr[m[K’ in namespace ‘[01m[Kgeometry_msgs::msg[m[K’ does not name a type
  240 |                          const geometry_msgs::msg::[01;31m[KPoseStampedSharedPtr[m[K& pose);
      |                                                    [01;31m[K^~~~~~~~~~~~~~~~~~~~[m[K
[01m[K/root/colcon_ws/src/Fast-Planner/fast_planner/plan_env/include/plan_env/sdf_map.h:241:50:[m[K [01;31m[Kerror: [m[K‘[01m[KImageSharedPtr[m[K’ in namespace ‘[01m[Ksensor_msgs::msg[m[K’ does not name a type
  241 |   void depthOdomCallback(const sensor_msgs::msg::[01;31m[KImageSharedPtr[m[K& img, const nav_msgs::msg::OdometrySharedPtr& odom);
      |                                                  [01;31m[K^~~~~~~~~~~~~~[m[K
[01m[K/root/colcon_ws/src/Fast-Planner/fast_planner/plan_env/include/plan_env/sdf_map.h:241:92:[m[K [01;31m[Kerror: [m[K‘[01m[KOdometrySharedPtr[m[K’ in namespace ‘[01m[Knav_msgs::msg[m[K’ does not name a type
  241 | (const sensor_msgs::msg::ImageSharedPtr& img, const nav_msgs::msg::[01;31m[KOdometrySharedPtr[m[K& odom);
      |                                                                    [01;31m[K^~~~~~~~~~~~~~~~~[m[K

[01m[K/root/colcon_ws/src/Fast-Planner/fast_planner/plan_env/include/plan_env/sdf_map.h:242:46:[m[K [01;31m[Kerror: [m[K‘[01m[KImageSharedPtr[m[K’ in namespace ‘[01m[Ksensor_msgs::msg[m[K’ does not name a type
  242 |   void depthCallback(const sensor_msgs::msg::[01;31m[KImageSharedPtr[m[K& img);
      |                                              [01;31m[K^~~~~~~~~~~~~~[m[K
[01m[K/root/colcon_ws/src/Fast-Planner/fast_planner/plan_env/include/plan_env/sdf_map.h:243:46:[m[K [01;31m[Kerror: [m[K‘[01m[KPointCloud2SharedPtr[m[K’ in namespace ‘[01m[Ksensor_msgs::msg[m[K’ does not name a type
  243 |   void cloudCallback(const sensor_msgs::msg::[01;31m[KPointCloud2SharedPtr[m[K& img);
      |                                              [01;31m[K^~~~~~~~~~~~~~~~~~~~[m[K
[01m[K/root/colcon_ws/src/Fast-Planner/fast_planner/plan_env/include/plan_env/sdf_map.h:244:47:[m[K [01;31m[Kerror: [m[K‘[01m[KPoseStampedSharedPtr[m[K’ in namespace ‘[01m[Kgeometry_msgs::msg[m[K’ does not name a type
  244 |   void poseCallback(const geometry_msgs::msg::[01;31m[KPoseStampedSharedPtr[m[K& pose);
      |                                               [01;31m[K^~~~~~~~~~~~~~~~~~~~[m[K
[01m[K/root/colcon_ws/src/Fast-Planner/fast_planner/plan_env/include/plan_env/sdf_map.h:245:42:[m[K [01;31m[Kerror: [m[K‘[01m[KOdometrySharedPtr[m[K’ in namespace ‘[01m[Knav_msgs::msg[m[K’ does not name a type
  245 |   void odomCallback(const nav_msgs::msg::[01;31m[KOdometrySharedPtr[m[K& odom);
      |                                          [01;31m[K^~~~~~~~~~~~~~~~~[m[K
[01m[K/root/colcon_ws/src/Fast-Planner/fast_planner/plan_env/include/plan_env/sdf_map.h:248:46:[m[K [01;31m[Kerror: [m[K‘[01m[KTimerEvent[m[K’ in namespace ‘[01m[Krclcpp[m[K’ does not name a type
  248 |   void updateOccupancyCallback(const rclcpp::[01;31m[KTimerEvent[m[K& /*event*/);
      |                                              [01;31m[K^~~~~~~~~~[m[K
[01m[K/root/colcon_ws/src/Fast-Planner/fast_planner/plan_env/include/plan_env/sdf_map.h:249:41:[m[K [01;31m[Kerror: [m[K‘[01m[KTimerEvent[m[K’ in namespace ‘[01m[Krclcpp[m[K’ does not name a type
  249 |   void updateESDFCallback(const rclcpp::[01;31m[KTimerEvent[m[K& /*event*/);
      |                                         [01;31m[K^~~~~~~~~~[m[K
[01m[K/root/colcon_ws/src/Fast-Planner/fast_planner/plan_env/include/plan_env/sdf_map.h:250:34:[m[K [01;31m[Kerror: [m[K‘[01m[KTimerEvent[m[K’ in namespace ‘[01m[Krclcpp[m[K’ does not name a type
  250 |   void visCallback(const rclcpp::[01;31m[KTimerEvent[m[K& /*event*/);
      |                                  [01;31m[K^~~~~~~~~~[m[K
[01m[K/root/colcon_ws/src/Fast-Planner/fast_planner/plan_env/include/plan_env/sdf_map.h:279:3:[m[K [01;31m[Kerror: [m[Kinvalid use of template-name ‘[01m[Krclcpp::Subscription[m[K’ without an argument list
  279 |   [01;31m[Krclcpp[m[K::Subscription indep_depth_sub_, indep_odom_sub_, indep_pose_sub_, indep_cloud_sub_;
      |   [01;31m[K^~~~~~[m[K
[01m[K/root/colcon_ws/src/Fast-Planner/fast_planner/plan_env/include/plan_env/sdf_map.h:279:3:[m[K [01;31m[Kerror: [m[Kinvalid use of template-name ‘[01m[Krclcpp::Subscription[m[K’ without an argument list
[01m[K/root/colcon_ws/src/Fast-Planner/fast_planner/plan_env/include/plan_env/sdf_map.h:279:3:[m[K [01;31m[Kerror: [m[Kinvalid use of template-name ‘[01m[Krclcpp::Subscription[m[K’ without an argument list
[01m[K/root/colcon_ws/src/Fast-Planner/fast_planner/plan_env/include/plan_env/sdf_map.h:279:3:[m[K [01;31m[Kerror: [m[Kinvalid use of template-name ‘[01m[Krclcpp::Subscription[m[K’ without an argument list
[01m[K/root/colcon_ws/src/Fast-Planner/fast_planner/plan_env/include/plan_env/sdf_map.h:280:3:[m[K [01;31m[Kerror: [m[Kinvalid use of template-name ‘[01m[Krclcpp::Publisher[m[K’ without an argument list
  280 |   [01;31m[Krclcpp[m[K::Publisher map_pub_, esdf_pub_, map_inf_pub_, update_range_pub_;
      |   [01;31m[K^~~~~~[m[K
[01m[K/root/colcon_ws/src/Fast-Planner/fast_planner/plan_env/include/plan_env/sdf_map.h:280:3:[m[K [01;31m[Kerror: [m[Kinvalid use of template-name ‘[01m[Krclcpp::Publisher[m[K’ without an argument list
[01m[K/root/colcon_ws/src/Fast-Planner/fast_planner/plan_env/include/plan_env/sdf_map.h:280:3:[m[K [01;31m[Kerror: [m[Kinvalid use of template-name ‘[01m[Krclcpp::Publisher[m[K’ without an argument list
[01m[K/root/colcon_ws/src/Fast-Planner/fast_planner/plan_env/include/plan_env/sdf_map.h:280:3:[m[K [01;31m[Kerror: [m[Kinvalid use of template-name ‘[01m[Krclcpp::Publisher[m[K’ without an argument list
[01m[K/root/colcon_ws/src/Fast-Planner/fast_planner/plan_env/include/plan_env/sdf_map.h:281:3:[m[K [01;31m[Kerror: [m[Kinvalid use of template-name ‘[01m[Krclcpp::Publisher[m[K’ without an argument list
  281 |   [01;31m[Krclcpp[m[K::Publisher unknown_pub_, depth_pub_;
      |   [01;31m[K^~~~~~[m[K
[01m[K/root/colcon_ws/src/Fast-Planner/fast_planner/plan_env/include/plan_env/sdf_map.h:281:3:[m[K [01;31m[Kerror: [m[Kinvalid use of template-name ‘[01m[Krclcpp::Publisher[m[K’ without an argument list
[01m[K/root/colcon_ws/src/Fast-Planner/fast_planner/plan_env/include/plan_env/sdf_map.h:282:11:[m[K [01;31m[Kerror: [m[K‘[01m[KTimer[m[K’ in namespace ‘[01m[Krclcpp[m[K’ does not name a type; did you mean ‘[01m[KTime[m[K’?
  282 |   rclcpp::[01;31m[KTimer[m[K occ_timer_, esdf_timer_, vis_timer_;
      |           [01;31m[K^~~~~[m[K
      |           [32m[KTime[m[K
[01m[K/root/colcon_ws/src/Fast-Planner/fast_planner/plan_env/include/plan_env/sdf_map.h:[m[K In constructor ‘[01m[KSDFMap::SDFMap()[m[K’:
[01m[K/root/colcon_ws/src/Fast-Planner/fast_planner/plan_env/include/plan_env/sdf_map.h:169:12:[m[K [01;31m[Kerror: [m[Kno matching function for call to ‘[01m[Krclcpp::Node::Node()[m[K’
  169 |   SDFMap() [01;31m[K{[m[K}
      |            [01;31m[K^[m[K
In file included from [01m[K/opt/ros/humble/include/rclcpp/rclcpp/executors/single_threaded_executor.hpp:28[m[K,
                 from [01m[K/opt/ros/humble/include/rclcpp/rclcpp/executors.hpp:22[m[K,
                 from [01m[K/opt/ros/humble/include/rclcpp/rclcpp/rclcpp.hpp:155[m[K,
                 from [01m[K/root/colcon_ws/src/Fast-Planner/fast_planner/plan_env/include/plan_env/sdf_map.h:37[m[K,
                 from [01m[K/root/colcon_ws/src/Fast-Planner/fast_planner/plan_env/src/sdf_map.cpp:26[m[K:
[01m[K/opt/ros/humble/include/rclcpp/rclcpp/node.hpp:1294:3:[m[K [01;36m[Knote: [m[Kcandidate: ‘[01m[Krclcpp::Node::Node(const rclcpp::Node&, const string&)[m[K’
 1294 |   [01;36m[KNode[m[K(
      |   [01;36m[K^~~~[m[K
[01m[K/opt/ros/humble/include/rclcpp/rclcpp/node.hpp:1294:3:[m[K [01;36m[Knote: [m[K  candidate expects 2 arguments, 0 provided
[01m[K/opt/ros/humble/include/rclcpp/rclcpp/node.hpp:101:12:[m[K [01;36m[Knote: [m[Kcandidate: ‘[01m[Krclcpp::Node::Node(const string&, const string&, const rclcpp::NodeOptions&)[m[K’
  101 |   explicit [01;36m[KNode[m[K(
      |            [01;36m[K^~~~[m[K
[01m[K/opt/ros/humble/include/rclcpp/rclcpp/node.hpp:101:12:[m[K [01;36m[Knote: [m[K  candidate expects 3 arguments, 0 provided
[01m[K/opt/ros/humble/include/rclcpp/rclcpp/node.hpp:89:12:[m[K [01;36m[Knote: [m[Kcandidate: ‘[01m[Krclcpp::Node::Node(const string&, const rclcpp::NodeOptions&)[m[K’
   89 |   explicit [01;36m[KNode[m[K(
      |            [01;36m[K^~~~[m[K
[01m[K/opt/ros/humble/include/rclcpp/rclcpp/node.hpp:89:12:[m[K [01;36m[Knote: [m[K  candidate expects 2 arguments, 0 provided
In file included from [01m[K/root/colcon_ws/src/Fast-Planner/fast_planner/plan_env/include/plan_env/edt_environment.h:36[m[K,
                 from [01m[K/root/colcon_ws/src/Fast-Planner/fast_planner/plan_env/src/edt_environment.cpp:26[m[K:
[01m[K/root/colcon_ws/src/Fast-Planner/fast_planner/plan_env/include/plan_env/sdf_map.h:239:50:[m[K [01;31m[Kerror: [m[K‘[01m[KImageSharedPtr[m[K’ in namespace ‘[01m[Ksensor_msgs::msg[m[K’ does not name a type
  239 |   void depthPoseCallback(const sensor_msgs::msg::[01;31m[KImageSharedPtr[m[K& img,
      |                                                  [01;31m[K^~~~~~~~~~~~~~[m[K
[01m[K/root/colcon_ws/src/Fast-Planner/fast_planner/plan_env/include/plan_env/sdf_map.h:240:52:[m[K [01;31m[Kerror: [m[K‘[01m[KPoseStampedSharedPtr[m[K’ in namespace ‘[01m[Kgeometry_msgs::msg[m[K’ does not name a type
  240 |                          const geometry_msgs::msg::[01;31m[KPoseStampedSharedPtr[m[K& pose);
      |                                                    [01;31m[K^~~~~~~~~~~~~~~~~~~~[m[K
[01m[K/root/colcon_ws/src/Fast-Planner/fast_planner/plan_env/include/plan_env/sdf_map.h:241:50:[m[K [01;31m[Kerror: [m[K‘[01m[KImageSharedPtr[m[K’ in namespace ‘[01m[Ksensor_msgs::msg[m[K’ does not name a type
  241 |   void depthOdomCallback(const sensor_msgs::msg::[01;31m[KImageSharedPtr[m[K& img, const nav_msgs::msg::OdometrySharedPtr& odom);
      |                                                  [01;31m[K^~~~~~~~~~~~~~[m[K
[01m[K/root/colcon_ws/src/Fast-Planner/fast_planner/plan_env/include/plan_env/sdf_map.h:241:92:[m[K [01;31m[Kerror: [m[K‘[01m[KOdometrySharedPtr[m[K’ in namespace ‘[01m[Knav_msgs::msg[m[K’ does not name a type
  241 |   void depthOdomCallback(const sensor_msgs::msg::ImageSharedPtr& img, const nav_msgs::msg::[01;31m[KOdometrySharedPtr[m[K& odom);
      |                                                                                            [01;31m[K^~~~~~~~~~~~~~~~~[m[K
[01m[K/root/colcon_ws/src/Fast-Planner/fast_planner/plan_env/include/plan_env/sdf_map.h:242:46:[m[K [01;31m[Kerror: [m[K‘[01m[KImageSharedPtr[m[K’ in namespace ‘[01m[Ksensor_msgs::msg[m[K’ does not name a type
  242 |   void depthCallback(const sensor_msgs::msg::[01;31m[KImageSharedPtr[m[K& img);
      |                                              [01;31m[K^~~~~~~~~~~~~~[m[K
[01m[K/root/colcon_ws/src/Fast-Planner/fast_planner/plan_env/include/plan_env/sdf_map.h:243:46:[m[K [01;31m[Kerror: [m[K‘[01m[KPointCloud2SharedPtr[m[K’ in namespace ‘[01m[Ksensor_msgs::msg[m[K’ does not name a type
  243 |   void cloudCallback(const sensor_msgs::msg::[01;31m[KPointCloud2SharedPtr[m[K& img);
      |                                              [01;31m[K^~~~~~~~~~~~~~~~~~~~[m[K
[01m[K/root/colcon_ws/src/Fast-Planner/fast_planner/plan_env/include/plan_env/sdf_map.h:244:47:[m[K [01;31m[Kerror: [m[K‘[01m[KPoseStampedSharedPtr[m[K’ in namespace ‘[01m[Kgeometry_msgs::msg[m[K’ does not name a type
  244 |   void poseCallback(const geometry_msgs::msg::[01;31m[KPoseStampedSharedPtr[m[K& pose);
      |                                               [01;31m[K^~~~~~~~~~~~~~~~~~~~[m[K
[01m[K/root/colcon_ws/src/Fast-Planner/fast_planner/plan_env/include/plan_env/sdf_map.h:245:42:[m[K [01;31m[Kerror: [m[K‘[01m[KOdometrySharedPtr[m[K’ in namespace ‘[01m[Knav_msgs::msg[m[K’ does not name a type
  245 |   void odomCallback(const nav_msgs::msg::[01;31m[KOdometrySharedPtr[m[K& odom);
      |                                          [01;31m[K^~~~~~~~~~~~~~~~~[m[K
[01m[K/root/colcon_ws/src/Fast-Planner/fast_planner/plan_env/include/plan_env/sdf_map.h:248:46:[m[K [01;31m[Kerror: [m[K‘[01m[KTimerEvent[m[K’ in namespace ‘[01m[Krclcpp[m[K’ does not name a type
  248 |   void updateOccupancyCallback(const rclcpp::[01;31m[KTimerEvent[m[K& /*event*/);
      |                                              [01;31m[K^~~~~~~~~~[m[K
[01m[K/root/colcon_ws/src/Fast-Planner/fast_planner/plan_env/include/plan_env/sdf_map.h:249:41:[m[K [01;31m[Kerror: [m[K‘[01m[KTimerEvent[m[K’ in namespace ‘[01m[Krclcpp[m[K’ does not name a type
  249 |   void updateESDFCallback(const rclcpp::[01;31m[KTimerEvent[m[K& /*event*/);
      |                                         [01;31m[K^~~~~~~~~~[m[K
[01m[K/root/colcon_ws/src/Fast-Planner/fast_planner/plan_env/include/plan_env/sdf_map.h:250:34:[m[K [01;31m[Kerror: [m[K‘[01m[KTimerEvent[m[K’ in namespace ‘[01m[Krclcpp[m[K’ does not name a type
  250 |   void visCallback(const rclcpp::[01;31m[KTimerEvent[m[K& /*event*/);
      |                                  [01;31m[K^~~~~~~~~~[m[K
[01m[K/root/colcon_ws/src/Fast-Planner/fast_planner/plan_env/src/sdf_map.cpp:[m[K In member function ‘[01m[Kvoid SDFMap::initMap(rclcpp::Node&)[m[K’:
[01m[K/root/colcon_ws/src/Fast-Planner/fast_planner/plan_env/src/sdf_map.cpp:32:11:[m[K [01;31m[Kerror: [m[Kuse of deleted function ‘[01m[Krclcpp::Node& rclcpp::Node::operator=(const rclcpp::Node&)[m[K’
   32 |   node_ = [01;31m[Knh[m[K;
      |           [01;31m[K^~[m[K
In file included from [01m[K/opt/ros/humble/include/rclcpp/rclcpp/context.hpp:35[m[K,
                 from [01m[K/opt/ros/humble/include/rclcpp/rclcpp/executor.hpp:34[m[K,
                 from [01m[K/opt/ros/humble/include/rclcpp/rclcpp/executors/multi_threaded_executor.hpp:25[m[K,
                 from [01m[K/opt/ros/humble/include/rclcpp/rclcpp/executors.hpp:21[m[K,
                 from [01m[K/opt/ros/humble/include/rclcpp/rclcpp/rclcpp.hpp:155[m[K,
                 from [01m[K/root/colcon_ws/src/Fast-Planner/fast_planner/plan_env/include/plan_env/sdf_map.h:37[m[K,
                 from [01m[K/root/colcon_ws/src/Fast-Planner/fast_planner/plan_env/src/sdf_map.cpp:26[m[K:
[01m[K/opt/ros/humble/include/rclcpp/rclcpp/node.hpp:1299:3:[m[K [01;36m[Knote: [m[Kdeclared here
 1299 |   [01;36m[KRCLCPP_DISABLE_COPY[m[K(Node)
      |   [01;36m[K^~~~~~~~~~~~~~~~~~~[m[K
[01m[K/root/colcon_ws/src/Fast-Planner/fast_planner/plan_env/src/sdf_map.cpp:36:26:[m[K [01;31m[Kerror: [m[Kbase operand of ‘[01m[K->[m[K’ has non-pointer type ‘[01m[Krclcpp::Node[m[K’
   36 |   mp_.resolution_ = node_[01;31m[K->[m[Kdeclare_parameter("sdf_map/resolution", -1.0);
      |                          [01;31m[K^~[m[K
[01m[K/root/colcon_ws/src/Fast-Planner/fast_planner/plan_env/src/sdf_map.cpp:37:17:[m[K [01;31m[Kerror: [m[Kbase operand of ‘[01m[K->[m[K’ has non-pointer type ‘[01m[Krclcpp::Node[m[K’
   37 |   x_size = node_[01;31m[K->[m[Kdeclare_parameter("sdf_map/map_size_x", -1.0);
      |                 [01;31m[K^~[m[K
[01m[K/root/colcon_ws/src/Fast-Planner/fast_planner/plan_env/src/sdf_map.cpp:38:17:[m[K [01;31m[Kerror: [m[Kbase operand of ‘[01m[K->[m[K’ has non-pointer type ‘[01m[Krclcpp::Node[m[K’
   38 |   y_size = node_[01;31m[K->[m[Kdeclare_parameter("sdf_map/map_size_y", -1.0);
      |                 [01;31m[K^~[m[K
[01m[K/root/colcon_ws/src/Fast-Planner/fast_planner/plan_env/src/sdf_map.cpp:39:17:[m[K [01;31m[Kerror: [m[Kbase operand of ‘[01m[K->[m[K’ has non-pointer type ‘[01m[Krclcpp::Node[m[K’
   39 |   z_size = node_[01;31m[K->[m[Kdeclare_parameter("sdf_map/map_size_z", -1.0);
      |                 [01;31m[K^~[m[K
[01m[K/root/colcon_ws/src/Fast-Planner/fast_planner/plan_env/src/sdf_map.cpp:40:37:[m[K [01;31m[Kerror: [m[Kbase operand of ‘[01m[K->[m[K’ has non-pointer type ‘[01m[Krclcpp::Node[m[K’
   40 |   mp_.local_update_range_(0) = node_[01;31m[K->[m[Kdeclare_parameter("sdf_map/local_update_range_x", -1.0);
      |                                     [01;31m[K^~[m[K
[01m[K/root/colcon_ws/src/Fast-Planner/fast_planner/plan_env/src/sdf_map.cpp:41:37:[m[K [01;31m[Kerror: [m[Kbase operand of ‘[01m[K->[m[K’ has non-pointer type ‘[01m[Krclcpp::Node[m[K’
   41 |   mp_.local_update_range_(1) = node_[01;31m[K->[m[Kdeclare_parameter("sdf_map/local_update_range_y", -1.0);
      |                                     [01;31m[K^~[m[K
[01m[K/root/colcon_ws/src/Fast-Planner/fast_planner/plan_env/src/sdf_map.cpp:42:37:[m[K [01;31m[Kerror: [m[Kbase operand of ‘[01m[K->[m[K’ has non-pointer type ‘[01m[Krclcpp::Node[m[K’
   42 |   mp_.local_update_range_(2) = node_[01;31m[K->[m[Kdeclare_parameter("sdf_map/local_update_range_z", -1.0);
      |                                     [01;31m[K^~[m[K
[01m[K/root/colcon_ws/src/Fast-Planner/fast_planner/plan_env/src/sdf_map.cpp:43:35:[m[K [01;31m[Kerror: [m[Kbase operand of ‘[01m[K->[m[K’ has non-pointer type ‘[01m[Krclcpp::Node[m[K’
   43 |   mp_.obstacles_inflation_ = node_[01;31m[K->[m[Kdeclare_parameter("sdf_map/obstacles_inflation", -1.0);
      |                                   [01;31m[K^~[m[K
[01m[K/root/colcon_ws/src/Fast-Planner/fast_planner/plan_env/src/sdf_map.cpp:45:18:[m[K [01;31m[Kerror: [m[Kbase operand of ‘[01m[K->[m[K’ has non-pointer type ‘[01m[Krclcpp::Node[m[K’
   45 |   mp_.fx_ = node_[01;31m[K->[m[Kdeclare_parameter("sdf_map/fx", -1.0);
      |                  [01;31m[K^~[m[K
[01m[K/root/colcon_ws/src/Fast-Planner/fast_planner/plan_env/src/sdf_map.cpp:46:18:[m[K [01;31m[Kerror: [m[Kbase operand of ‘[01m[K->[m[K’ has non-pointer type ‘[01m[Krclcpp::Node[m[K’
   46 |   mp_.fy_ = node_[01;31m[K->[m[Kdeclare_parameter("sdf_map/fy", -1.0);
      |                  [01;31m[K^~[m[K
[01m[K/root/colcon_ws/src/Fast-Planner/fast_planner/plan_env/src/sdf_map.cpp:47:18:[m[K [01;31m[Kerror: [m[Kbase operand of ‘[01m[K->[m[K’ has non-pointer type ‘[01m[Krclcpp::Node[m[K’
   47 |   mp_.cx_ = node_[01;31m[K->[m[Kdeclare_parameter("sdf_map/cx", -1.0);
      |                  [01;31m[K^~[m[K
[01m[K/root/colcon_ws/src/Fast-Planner/fast_planner/plan_env/src/sdf_map.cpp:48:18:[m[K [01;31m[Kerror: [m[Kbase operand of ‘[01m[K->[m[K’ has non-pointer type ‘[01m[Krclcpp::Node[m[K’
   48 |   mp_.cy_ = node_[01;31m[K->[m[Kdeclare_parameter("sdf_map/cy", -1.0);
      |                  [01;31m[K^~[m[K
[01m[K/root/colcon_ws/src/Fast-Planner/fast_planner/plan_env/src/sdf_map.cpp:50:32:[m[K [01;31m[Kerror: [m[Kbase operand of ‘[01m[K->[m[K’ has non-pointer type ‘[01m[Krclcpp::Node[m[K’
   50 |   mp_.use_depth_filter_ = node_[01;31m[K->[m[Kdeclare_parameter("sdf_map/use_depth_filter", true);
      |                                [01;31m[K^~[m[K
[01m[K/root/colcon_ws/src/Fast-Planner/fast_planner/plan_env/src/sdf_map.cpp:51:38:[m[K [01;31m[Kerror: [m[Kbase operand of ‘[01m[K->[m[K’ has non-pointer type ‘[01m[Krclcpp::Node[m[K’
   51 |   mp_.depth_filter_tolerance_ = node_[01;31m[K->[m[Kdeclare_parameter("sdf_map/depth_filter_tolerance", -1.0);
      |                                      [01;31m[K^~[m[K
[01m[K/root/colcon_ws/src/Fast-Planner/fast_planner/plan_env/src/sdf_map.cpp:52:36:[m[K [01;31m[Kerror: [m[Kbase operand of ‘[01m[K->[m[K’ has non-pointer type ‘[01m[Krclcpp::Node[m[K’
   52 |   mp_.depth_filter_maxdist_ = node_[01;31m[K->[m[Kdeclare_parameter("sdf_map/depth_filter_maxdist", -1.0);
      |                                    [01;31m[K^~[m[K
[01m[K/root/colcon_ws/src/Fast-Planner/fast_planner/plan_env/src/sdf_map.cpp:53:36:[m[K [01;31m[Kerror: [m[Kbase operand of ‘[01m[K->[m[K’ has non-pointer type ‘[01m[Krclcpp::Node[m[K’
   53 |   mp_.depth_filter_mindist_ = node_[01;31m[K->[m[Kdeclare_parameter("sdf_map/depth_filter_mindist", -1.0);
      |                                    [01;31m[K^~[m[K
[01m[K/root/colcon_ws/src/Fast-Planner/fast_planner/plan_env/src/sdf_map.cpp:54:35:[m[K [01;31m[Kerror: [m[Kbase operand of ‘[01m[K->[m[K’ has non-pointer type ‘[01m[Krclcpp::Node[m[K’
   54 |   mp_.depth_filter_margin_ = node_[01;31m[K->[m[Kdeclare_parameter("sdf_map/depth_filter_margin", -1);
      |                                   [01;31m[K^~[m[K
[01m[K/root/colcon_ws/src/Fast-Planner/fast_planner/plan_env/src/sdf_map.cpp:55:38:[m[K [01;31m[Kerror: [m[Kbase operand of ‘[01m[K->[m[K’ has non-pointer type ‘[01m[Krclcpp::Node[m[K’
   55 |   mp_.k_depth_scaling_factor_ = node_[01;31m[K->[m[Kdeclare_parameter("sdf_map/k_depth_scaling_factor", -1.0);
      |                                      [01;31m[K^~[m[K
[01m[K/root/colcon_ws/src/Fast-Planner/fast_planner/plan_env/src/sdf_map.cpp:56:26:[m[K [01;31m[Kerror: [m[Kbase operand of ‘[01m[K->[m[K’ has non-pointer type ‘[01m[Krclcpp::Node[m[K’
   56 |   mp_.skip_pixel_ = node_[01;31m[K->[m[Kdeclare_parameter("sdf_map/skip_pixel", -1);
      |                          [01;31m[K^~[m[K
[01m[K/root/colcon_ws/src/Fast-Planner/fast_planner/plan_env/src/sdf_map.cpp:58:21:[m[K [01;31m[Kerror: [m[Kbase operand of ‘[01m[K->[m[K’ has non-pointer type ‘[01m[Krclcpp::Node[m[K’
   58 |   mp_.p_hit_ = node_[01;31m[K->[m[Kdeclare_parameter("sdf_map/p_hit", 0.70);
      |                     [01;31m[K^~[m[K
[01m[K/root/colcon_ws/src/Fast-Planner/fast_planner/plan_env/src/sdf_map.cpp:59:22:[m[K [01;31m[Kerror: [m[Kbase operand of ‘[01m[K->[m[K’ has non-pointer type ‘[01m[Krclcpp::Node[m[K’
   59 |   mp_.p_miss_ = node_[01;31m[K->[m[Kdeclare_parameter("sdf_map/p_miss", 0.35);
      |                      [01;31m[K^~[m[K
[01m[K/root/colcon_ws/src/Fast-Planner/fast_planner/plan_env/src/sdf_map.cpp:60:21:[m[K [01;31m[Kerror: [m[Kbase operand of ‘[01m[K->[m[K’ has non-pointer type ‘[01m[Krclcpp::Node[m[K’
   60 |   mp_.p_min_ = node_[01;31m[K->[m[Kdeclare_parameter("sdf_map/p_min", 0.12);
      |                     [01;31m[K^~[m[K
[01m[K/root/colcon_ws/src/Fast-Planner/fast_planner/plan_env/src/sdf_map.cpp:61:21:[m[K [01;31m[Kerror: [m[Kbase operand of ‘[01m[K->[m[K’ has non-pointer type ‘[01m[Krclcpp::Node[m[K’
   61 |   mp_.p_max_ = node_[01;31m[K->[m[Kdeclare_parameter("sdf_map/p_max", 0.97);
      |                     [01;31m[K^~[m[K
[01m[K/root/colcon_ws/src/Fast-Planner/fast_planner/plan_env/src/sdf_map.cpp:62:21:[m[K [01;31m[Kerror: [m[Kbase operand of ‘[01m[K->[m[K’ has non-pointer type ‘[01m[Krclcpp::Node[m[K’
   62 |   mp_.p_occ_ = node_[01;31m[K->[m[Kdeclare_parameter("sdf_map/p_occ", 0.80);
      |                     [01;31m[K^~[m[K
[01m[K/root/colcon_ws/src/Fast-Planner/fast_planner/plan_env/src/sdf_map.cpp:63:30:[m[K [01;31m[Kerror: [m[Kbase operand of ‘[01m[K->[m[K’ has non-pointer type ‘[01m[Krclcpp::Node[m[K’
   63 |   mp_.min_ray_length_ = node_[01;31m[K->[m[Kdeclare_parameter("sdf_map/min_ray_length", -0.1);
      |                              [01;31m[K^~[m[K
[01m[K/root/colcon_ws/src/Fast-Planner/fast_planner/plan_env/src/sdf_map.cpp:64:30:[m[K [01;31m[Kerror: [m[Kbase operand of ‘[01m[K->[m[K’ has non-pointer type ‘[01m[Krclcpp::Node[m[K’
   64 |   mp_.max_ray_length_ = node_[01;31m[K->[m[Kdeclare_parameter("sdf_map/max_ray_length", -0.1);
      |                              [01;31m[K^~[m[K
[01m[K/root/colcon_ws/src/Fast-Planner/fast_planner/plan_env/src/sdf_map.cpp:66:33:[m[K [01;31m[Kerror: [m[Kbase operand of ‘[01m[K->[m[K’ has non-pointer type ‘[01m[Krclcpp::Node[m[K’
   66 |   mp_.esdf_slice_height_ = node_[01;31m[K->[m[Kdeclare_parameter("sdf_map/esdf_slice_height", -0.1);
      |                                 [01;31m[K^~[m[K
[01m[K/root/colcon_ws/src/Fast-Planner/fast_planner/plan_env/src/sdf_map.cpp:67:45:[m[K [01;31m[Kerror: [m[Kbase operand of ‘[01m[K->[m[K’ has non-pointer type ‘[01m[Krclcpp::Node[m[K’
   67 |   mp_.visualization_truncate_height_ = node_[01;31m[K->[m[Kdeclare_parameter("sdf_map/visualization_truncate_height", -0.1);
      |                                             [01;31m[K^~[m[K
[01m[K/root/colcon_ws/src/Fast-Planner/fast_planner/plan_env/src/sdf_map.cpp:68:35:[m[K [01;31m[Kerror: [m[Kbase operand of ‘[01m[K->[m[K’ has non-pointer type ‘[01m[Krclcpp::Node[m[K’
   68 |   mp_.virtual_ceil_height_ = node_[01;31m[K->[m[Kdeclare_parameter("sdf_map/virtual_ceil_height", -0.1);
      |                                   [01;31m[K^~[m[K
[01m[K/root/colcon_ws/src/Fast-Planner/fast_planner/plan_env/src/sdf_map.cpp:70:29:[m[K [01;31m[Kerror: [m[Kbase operand of ‘[01m[K->[m[K’ has non-pointer type ‘[01m[Krclcpp::Node[m[K’
   70 |   mp_.show_occ_time_ = node_[01;31m[K->[m[Kdeclare_parameter("sdf_map/show_occ_time", false);
      |                             [01;31m[K^~[m[K
[01m[K/root/colcon_ws/src/Fast-Planner/fast_planner/plan_env/src/sdf_map.cpp:71:30:[m[K [01;31m[Kerror: [m[Kbase operand of ‘[01m[K->[m[K’ has non-pointer type ‘[01m[Krclcpp::Node[m[K’
   71 |   mp_.show_esdf_time_ = node_[01;31m[K->[m[Kdeclare_parameter("sdf_map/show_esdf_time", false);
      |                              [01;31m[K^~[m[K
[01m[K/root/colcon_ws/src/Fast-Planner/fast_planner/plan_env/src/sdf_map.cpp:72:25:[m[K [01;31m[Kerror: [m[Kbase operand of ‘[01m[K->[m[K’ has non-pointer type ‘[01m[Krclcpp::Node[m[K’
   72 |   mp_.pose_type_ = node_[01;31m[K->[m[Kdeclare_parameter("sdf_map/pose_type", 1);
      |                         [01;31m[K^~[m[K
[01m[K/root/colcon_ws/src/Fast-Planner/fast_planner/plan_env/src/sdf_map.cpp:74:24:[m[K [01;31m[Kerror: [m[Kbase operand of ‘[01m[K->[m[K’ has non-pointer type ‘[01m[Krclcpp::Node[m[K’
   74 |   mp_.frame_id_ = node_[01;31m[K->[m[Kdeclare_parameter("sdf_map/frame_id", string("world"));
      |                        [01;31m[K^~[m[K
[01m[K/root/colcon_ws/src/Fast-Planner/fast_planner/plan_env/src/sdf_map.cpp:75:35:[m[K [01;31m[Kerror: [m[Kbase operand of ‘[01m[K->[m[K’ has non-pointer type ‘[01m[Krclcpp::Node[m[K’
   75 |   mp_.local_bound_inflate_ = node_[01;31m[K->[m[Kdeclare_parameter("sdf_map/local_bound_inflate", 1.0);
      |                                   [01;31m[K^~[m[K
[01m[K/root/colcon_ws/src/Fast-Planner/fast_planner/plan_env/src/sdf_map.cpp:76:32:[m[K [01;31m[Kerror: [m[Kbase operand of ‘[01m[K->[m[K’ has non-pointer type ‘[01m[Krclcpp::Node[m[K’
   76 |   mp_.local_map_margin_ = node_[01;31m[K->[m[Kdeclare_parameter("sdf_map/local_map_margin", 1);
      |                                [01;31m[K^~[m[K
[01m[K/root/colcon_ws/src/Fast-Planner/fast_planner/plan_env/src/sdf_map.cpp:77:29:[m[K [01;31m[Kerror: [m[Kbase operand of ‘[01m[K->[m[K’ has non-pointer type ‘[01m[Krclcpp::Node[m[K’
   77 |   mp_.ground_height_ = node_[01;31m[K->[m[Kdeclare_parameter("sdf_map/ground_height", 1.0);
      |                             [01;31m[K^~[m[K
[01m[K/root/colcon_ws/src/Fast-Planner/fast_planner/plan_env/include/plan_env/sdf_map.h:279:3:[m[K [01;31m[Kerror: [m[Kinvalid use of template-name ‘[01m[Krclcpp::Subscription[m[K’ without an argument list
  279 |   [01;31m[Krclcpp[m[K::Subscription indep_depth_sub_, indep_odom_sub_, indep_pose_sub_, indep_cloud_sub_;
      |   [01;31m[K^~~~~~[m[K
[01m[K/root/colcon_ws/src/Fast-Planner/fast_planner/plan_env/include/plan_env/sdf_map.h:279:3:[m[K [01;31m[Kerror: [m[Kinvalid use of template-name ‘[01m[Krclcpp::Subscription[m[K’ without an argument list
[01m[K/root/colcon_ws/src/Fast-Planner/fast_planner/plan_env/include/plan_env/sdf_map.h:279:3:[m[K [01;31m[Kerror: [m[Kinvalid use of template-name ‘[01m[Krclcpp::Subscription[m[K’ without an argument list
[01m[K/root/colcon_ws/src/Fast-Planner/fast_planner/plan_env/include/plan_env/sdf_map.h:279:3:[m[K [01;31m[Kerror: [m[Kinvalid use of template-name ‘[01m[Krclcpp::Subscription[m[K’ without an argument list
[01m[K/root/colcon_ws/src/Fast-Planner/fast_planner/plan_env/include/plan_env/sdf_map.h:280:3:[m[K [01;31m[Kerror: [m[Kinvalid use of template-name ‘[01m[Krclcpp::Publisher[m[K’ without an argument list
  280 |   [01;31m[Krclcpp[m[K::Publisher map_pub_, esdf_pub_, map_inf_pub_, update_range_pub_;
      |   [01;31m[K^~~~~~[m[K
[01m[K/root/colcon_ws/src/Fast-Planner/fast_planner/plan_env/include/plan_env/sdf_map.h:280:3:[m[K [01;31m[Kerror: [m[Kinvalid use of template-name ‘[01m[Krclcpp::Publisher[m[K’ without an argument list
[01m[K/root/colcon_ws/src/Fast-Planner/fast_planner/plan_env/include/plan_env/sdf_map.h:280:3:[m[K [01;31m[Kerror: [m[Kinvalid use of template-name ‘[01m[Krclcpp::Publisher[m[K’ without an argument list
[01m[K/root/colcon_ws/src/Fast-Planner/fast_planner/plan_env/include/plan_env/sdf_map.h:280:3:[m[K [01;31m[Kerror: [m[Kinvalid use of template-name ‘[01m[Krclcpp::Publisher[m[K’ without an argument list
[01m[K/root/colcon_ws/src/Fast-Planner/fast_planner/plan_env/include/plan_env/sdf_map.h:281:3:[m[K [01;31m[Kerror: [m[Kinvalid use of template-name ‘[01m[Krclcpp::Publisher[m[K’ without an argument list
  281 |   [01;31m[Krclcpp[m[K::Publisher unknown_pub_, depth_pub_;
      |   [01;31m[K^~~~~~[m[K
[01m[K/root/colcon_ws/src/Fast-Planner/fast_planner/plan_env/include/plan_env/sdf_map.h:281:3:[m[K [01;31m[Kerror: [m[Kinvalid use of template-name ‘[01m[Krclcpp::Publisher[m[K’ without an argument list
[01m[K/root/colcon_ws/src/Fast-Planner/fast_planner/plan_env/include/plan_env/sdf_map.h:282:11:[m[K [01;31m[Kerror: [m[K‘[01m[KTimer[m[K’ in namespace ‘[01m[Krclcpp[m[K’ does not name a type; did you mean ‘[01m[KTime[m[K’?
  282 |   rclcpp::[01;31m[KTimer[m[K occ_timer_, esdf_timer_, vis_timer_;
      |           [01;31m[K^~~~~[m[K
      |           [32m[KTime[m[K
[01m[K/root/colcon_ws/src/Fast-Planner/fast_planner/plan_env/include/plan_env/sdf_map.h:[m[K In constructor ‘[01m[KSDFMap::SDFMap()[m[K’:
[01m[K/root/colcon_ws/src/Fast-Planner/fast_planner/plan_env/include/plan_env/sdf_map.h:169:12:[m[K [01;31m[Kerror: [m[Kno matching function for call to ‘[01m[Krclcpp::Node::Node()[m[K’
  169 |   SDFMap() [01;31m[K{[m[K}
      |            [01;31m[K^[m[K
In file included from [01m[K/opt/ros/humble/include/rclcpp/rclcpp/executors/single_threaded_executor.hpp:28[m[K,
                 from [01m[K/opt/ros/humble/include/rclcpp/rclcpp/executors.hpp:22[m[K,
                 from [01m[K/opt/ros/humble/include/rclcpp/rclcpp/rclcpp.hpp:155[m[K,
                 from [01m[K/root/colcon_ws/src/Fast-Planner/fast_planner/plan_env/include/plan_env/edt_environment.h:32[m[K,
                 from [01m[K/root/colcon_ws/src/Fast-Planner/fast_planner/plan_env/src/edt_environment.cpp:26[m[K:
[01m[K/opt/ros/humble/include/rclcpp/rclcpp/node.hpp:1294:3:[m[K [01;36m[Knote: [m[Kcandidate: ‘[01m[Krclcpp::Node::Node(const rclcpp::Node&, const string&)[m[K’
 1294 |   [01;36m[KNode[m[K(
      |   [01;36m[K^~~~[m[K
[01m[K/opt/ros/humble/include/rclcpp/rclcpp/node.hpp:1294:3:[m[K [01;36m[Knote: [m[K  candidate expects 2 arguments, 0 provided
[01m[K/opt/ros/humble/include/rclcpp/rclcpp/node.hpp:101:12:[m[K [01;36m[Knote: [m[Kcandidate: ‘[01m[Krclcpp::Node::Node(const string&, const string&, const rclcpp::NodeOptions&)[m[K’
  101 |   explicit [01;36m[KNode[m[K(
      |            [01;36m[K^~~~[m[K
[01m[K/opt/ros/humble/include/rclcpp/rclcpp/node.hpp:101:12:[m[K [01;36m[Knote: [m[K  candidate expects 3 arguments, 0 provided
[01m[K/opt/ros/humble/include/rclcpp/rclcpp/node.hpp:89:12:[m[K [01;36m[Knote: [m[Kcandidate: ‘[01m[Krclcpp::Node::Node(const string&, const rclcpp::NodeOptions&)[m[K’
   89 |   explicit [01;36m[KNode[m[K(
      |            [01;36m[K^~~~[m[K
[01m[K/opt/ros/humble/include/rclcpp/rclcpp/node.hpp:89:12:[m[K [01;36m[Knote: [m[K  candidate expects 2 arguments, 0 provided
[01m[K/root/colcon_ws/src/Fast-Planner/fast_planner/plan_env/src/sdf_map.cpp:131:104:[m[K [01;31m[Kerror: [m[Kno matching function for call to ‘[01m[Kmessage_filters::Subscriber<sensor_msgs::msg::Image_<std::allocator<void> > >::Subscriber(rclcpp::Node&, const char [15], int)[m[K’
  131 | ge_filters::Subscriber<sensor_msgs::msg::Image>(node_, "/sdf_map/depth", 50[01;31m[K)[m[K);
      |                                                                            [01;31m[K^[m[K

In file included from [01m[K/root/colcon_ws/src/Fast-Planner/fast_planner/plan_env/include/plan_env/sdf_map.h:45[m[K,
                 from [01m[K/root/colcon_ws/src/Fast-Planner/fast_planner/plan_env/src/sdf_map.cpp:26[m[K:
[01m[K/opt/ros/humble/include/message_filters/message_filters/subscriber.h:203:3:[m[K [01;36m[Knote: [m[Kcandidate: ‘[01m[Kmessage_filters::Subscriber<M, NodeType>::Subscriber() [with M = sensor_msgs::msg::Image_<std::allocator<void> >; NodeType = rclcpp::Node][m[K’
  203 |   [01;36m[KSubscriber[m[K() = default;
      |   [01;36m[K^~~~~~~~~~[m[K
[01m[K/opt/ros/humble/include/message_filters/message_filters/subscriber.h:203:3:[m[K [01;36m[Knote: [m[K  candidate expects 0 arguments, 3 provided
[01m[K/opt/ros/humble/include/message_filters/message_filters/subscriber.h:191:3:[m[K [01;36m[Knote: [m[Kcandidate: ‘[01m[Kmessage_filters::Subscriber<M, NodeType>::Subscriber(NodeType*, const string&, rmw_qos_profile_t, rclcpp::SubscriptionOptions) [with M = sensor_msgs::msg::Image_<std::allocator<void> >; NodeType = rclcpp::Node; std::string = std::__cxx11::basic_string<char>; rmw_qos_profile_t = rmw_qos_profile_s; rclcpp::SubscriptionOptions = rclcpp::SubscriptionOptionsWithAllocator<std::allocator<void> >][m[K’
  191 |   [01;36m[KSubscriber[m[K(
      |   [01;36m[K^~~~~~~~~~[m[K
[01m[K/opt/ros/humble/include/message_filters/message_filters/subscriber.h:191:3:[m[K [01;36m[Knote: [m[K  candidate expects 4 arguments, 3 provided
[01m[K/opt/ros/humble/include/message_filters/message_filters/subscriber.h:182:3:[m[K [01;36m[Knote: [m[Kcandidate: ‘[01m[Kmessage_filters::Subscriber<M, NodeType>::Subscriber(message_filters::Subscriber<M, NodeType>::NodePtr, const string&, rmw_qos_profile_t, rclcpp::SubscriptionOptions) [with M = sensor_msgs::msg::Image_<std::allocator<void> >; NodeType = rclcpp::Node; message_filters::Subscriber<M, NodeType>::NodePtr = std::shared_ptr<rclcpp::Node>; std::string = std::__cxx11::basic_string<char>; rmw_qos_profile_t = rmw_qos_profile_s; rclcpp::SubscriptionOptions = rclcpp::SubscriptionOptionsWithAllocator<std::allocator<void> >][m[K’
  182 |   [01;36m[KSubscriber[m[K(
      |   [01;36m[K^~~~~~~~~~[m[K
[01m[K/opt/ros/humble/include/message_filters/message_filters/subscriber.h:182:3:[m[K [01;36m[Knote: [m[K  candidate expects 4 arguments, 3 provided
[01m[K/opt/ros/humble/include/message_filters/message_filters/subscriber.h:167:3:[m[K [01;36m[Knote: [m[Kcandidate: ‘[01m[Kmessage_filters::Subscriber<M, NodeType>::Subscriber(NodeType*, const string&, rmw_qos_profile_t) [with M = sensor_msgs::msg::Image_<std::allocator<void> >; NodeType = rclcpp::Node; std::string = std::__cxx11::basic_string<char>; rmw_qos_profile_t = rmw_qos_profile_s][m[K’
  167 |   [01;36m[KSubscriber[m[K(NodeType * node, const std::string& topic, const rmw_qos_profile_t qos = rmw_qos_profile_default)
      |   [01;36m[K^~~~~~~~~~[m[K
[01m[K/opt/ros/humble/include/message_filters/message_filters/subscriber.h:167:25:[m[K [01;36m[Knote: [m[K  no known conversion for argument 1 from ‘[01m[Krclcpp::Node[m[K’ to ‘[01m[Krclcpp::Node*[m[K’
  167 |   Subscriber([01;36m[KNodeType * node[m[K, const std::string& topic, const rmw_qos_profile_t qos = rmw_qos_profile_default)
      |              [01;36m[K~~~~~~~~~~~^~~~[m[K
[01m[K/opt/ros/humble/include/message_filters/message_filters/subscriber.h:162:3:[m[K [01;36m[Knote: [m[Kcandidate: ‘[01m[Kmessage_filters::Subscriber<M, NodeType>::Subscriber(message_filters::Subscriber<M, NodeType>::NodePtr, const string&, rmw_qos_profile_t) [with M = sensor_msgs::msg::Image_<std::allocator<void> >; NodeType = rclcpp::Node; message_filters::Subscriber<M, NodeType>::NodePtr = std::shared_ptr<rclcpp::Node>; std::string = std::__cxx11::basic_string<char>; rmw_qos_profile_t = rmw_qos_profile_s][m[K’
  162 |   [01;36m[KSubscriber[m[K(NodePtr node, const std::string& topic, const rmw_qos_profile_t qos = rmw_qos_profile_default)
      |   [01;36m[K^~~~~~~~~~[m[K
[01m[K/opt/ros/humble/include/message_filters/message_filters/subscriber.h:162:22:[m[K [01;36m[Knote: [m[K  no known conversion for argument 1 from ‘[01m[Krclcpp::Node[m[K’ to ‘[01m[Kmessage_filters::Subscriber<sensor_msgs::msg::Image_<std::allocator<void> > >::NodePtr[m[K’ {aka ‘[01m[Kstd::shared_ptr<rclcpp::Node>[m[K’}
  162 |   Subscriber([01;36m[KNodePtr node[m[K, const std::string& topic, const rmw_qos_profile_t qos = rmw_qos_profile_default)
      |              [01;36m[K~~~~~~~~^~~~[m[K
In file included from [01m[K/root/colcon_ws/src/Fast-Planner/fast_planner/plan_env/src/edt_environment.cpp:26[m[K:
[01m[K/root/colcon_ws/src/Fast-Planner/fast_planner/plan_env/include/plan_env/edt_environment.h:[m[K At global scope:
[01m[K/root/colcon_ws/src/Fast-Planner/fast_planner/plan_env/include/plan_env/edt_environment.h:62:11:[m[K [01;31m[Kerror: [m[K‘[01m[KSharedPtr[m[K’ in ‘[01m[Kclass SDFMap[m[K’ does not name a type
   62 |   SDFMap::[01;31m[KSharedPtr[m[K sdf_map_;
      |           [01;31m[K^~~~~~~~~[m[K
[01m[K/root/colcon_ws/src/Fast-Planner/fast_planner/plan_env/include/plan_env/edt_environment.h:65:15:[m[K [01;31m[Kerror: [m[K‘[01m[KSDFMap::SharedPtr[m[K’ has not been declared
   65 |   void setMap([01;31m[KSDFMap[m[K::SharedPtr map);
      |               [01;31m[K^~~~~~[m[K
[01m[K/root/colcon_ws/src/Fast-Planner/fast_planner/plan_env/include/plan_env/edt_environment.h:[m[K In member function ‘[01m[Kvoid fast_planner::EDTEnvironment::getMapRegion(Eigen::Vector3d&, Eigen::Vector3d&)[m[K’:
[01m[K/root/colcon_ws/src/Fast-Planner/fast_planner/plan_env/include/plan_env/edt_environment.h:75:5:[m[K [01;31m[Kerror: [m[K‘[01m[Ksdf_map_[m[K’ was not declared in this scope
   75 |     [01;31m[Ksdf_map_[m[K->getRegion(ori, size);
      |     [01;31m[K^~~~~~~~[m[K
[01m[K/root/colcon_ws/src/Fast-Planner/fast_planner/plan_env/src/edt_environment.cpp:[m[K At global scope:
[01m[K/root/colcon_ws/src/Fast-Planner/fast_planner/plan_env/src/edt_environment.cpp:34:6:[m[K [01;31m[Kerror: [m[Kno declaration matches ‘[01m[Kvoid fast_planner::EDTEnvironment::setMap(std::shared_ptr<SDFMap>)[m[K’
   34 | void [01;31m[KEDTEnvironment[m[K::setMap(shared_ptr<SDFMap> map) {
      |      [01;31m[K^~~~~~~~~~~~~~[m[K
In file included from [01m[K/root/colcon_ws/src/Fast-Planner/fast_planner/plan_env/src/edt_environment.cpp:26[m[K:
[01m[K/root/colcon_ws/src/Fast-Planner/fast_planner/plan_env/include/plan_env/edt_environment.h:65:8:[m[K [01;36m[Knote: [m[Kcandidate is: ‘[01m[Kvoid fast_planner::EDTEnvironment::setMap(int)[m[K’
   65 |   void [01;36m[KsetMap[m[K(SDFMap::SharedPtr map);
      |        [01;36m[K^~~~~~[m[K
[01m[K/root/colcon_ws/src/Fast-Planner/fast_planner/plan_env/include/plan_env/edt_environment.h:47:7:[m[K [01;36m[Knote: [m[K‘[01m[Kclass fast_planner::EDTEnvironment[m[K’ defined here
   47 | class [01;36m[KEDTEnvironment[m[K {
      |       [01;36m[K^~~~~~~~~~~~~~[m[K
[01m[K/root/colcon_ws/src/Fast-Planner/fast_planner/plan_env/src/edt_environment.cpp:[m[K In member function ‘[01m[Kdouble fast_planner::EDTEnvironment::minDistToAllBox(const Vector3d&, const double&)[m[K’:
[01m[K/root/colcon_ws/src/Fast-Planner/fast_planner/plan_env/src/edt_environment.cpp:66:21:[m[K [01;35m[Kwarning: [m[Kcomparison of integer expressions of different signedness: ‘[01m[Kint[m[K’ and ‘[01m[Kstd::vector<fast_planner::PolynomialPrediction>::size_type[m[K’ {aka ‘[01m[Klong unsigned int[m[K’} [[01;35m[K-Wsign-compare[m[K]
   66 |   for (int i = 0; [01;35m[Ki < obj_prediction_->size()[m[K; i++) {
      |                   [01;35m[K~~^~~~~~~~~~~~~~~~~~~~~~~~~[m[K
[01m[K/root/colcon_ws/src/Fast-Planner/fast_planner/plan_env/src/edt_environment.cpp:[m[K In member function ‘[01m[Kvoid fast_planner::EDTEnvironment::getSurroundDistance(Eigen::Vector3d (*)[2][2], double (*)[2][2])[m[K’:
[01m[K/root/colcon_ws/src/Fast-Planner/fast_planner/plan_env/src/edt_environment.cpp:78:26:[m[K [01;31m[Kerror: [m[K‘[01m[Ksdf_map_[m[K’ was not declared in this scope
   78 |         dists[x][y][z] = [01;31m[Ksdf_map_[m[K->getDistance(pts[x][y][z]);
      |                          [01;31m[K^~~~~~~~[m[K
[01m[K/root/colcon_ws/src/Fast-Planner/fast_planner/plan_env/src/edt_environment.cpp:[m[K In member function ‘[01m[Kvoid fast_planner::EDTEnvironment::evaluateEDTWithGrad(const Vector3d&, double, double&, Eigen::Vector3d&)[m[K’:
[01m[K/root/colcon_ws/src/Fast-Planner/fast_planner/plan_env/src/edt_environment.cpp:112:3:[m[K [01;31m[Kerror: [m[K‘[01m[Ksdf_map_[m[K’ was not declared in this scope
  112 |   [01;31m[Ksdf_map_[m[K->getSurroundPts(pos, sur_pts, diff);
      |   [01;31m[K^~~~~~~~[m[K
[01m[K/root/colcon_ws/src/Fast-Planner/fast_planner/plan_env/src/sdf_map.cpp:135:100:[m[K [01;31m[Kerror: [m[Kno matching function for call to ‘[01m[Kmessage_filters::Subscriber<geometry_msgs::msg::PoseStamped_<std::allocator<void> > >::Subscriber(rclcpp::Node&, const char [14], int)[m[K’
  135 | ers::Subscriber<geometry_msgs::msg::PoseStamped>(node_, "/sdf_map/pose", 25[01;31m[K)[m[K);
      |                                                                            [01;31m[K^[m[K

In file included from [01m[K/root/colcon_ws/src/Fast-Planner/fast_planner/plan_env/include/plan_env/sdf_map.h:45[m[K,
                 from [01m[K/root/colcon_ws/src/Fast-Planner/fast_planner/plan_env/src/sdf_map.cpp:26[m[K:
[01m[K/opt/ros/humble/include/message_filters/message_filters/subscriber.h:203:3:[m[K [01;36m[Knote: [m[Kcandidate: ‘[01m[Kmessage_filters::Subscriber<M, NodeType>::Subscriber() [with M = geometry_msgs::msg::PoseStamped_<std::allocator<void> >; NodeType = rclcpp::Node][m[K’
  203 |   [01;36m[KSubscriber[m[K() = default;
      |   [01;36m[K^~~~~~~~~~[m[K
[01m[K/opt/ros/humble/include/message_filters/message_filters/subscriber.h:203:3:[m[K [01;36m[Knote: [m[K  candidate expects 0 arguments, 3 provided
[01m[K/opt/ros/humble/include/message_filters/message_filters/subscriber.h:191:3:[m[K [01;36m[Knote: [m[Kcandidate: ‘[01m[Kmessage_filters::Subscriber<M, NodeType>::Subscriber(NodeType*, const string&, rmw_qos_profile_t, rclcpp::SubscriptionOptions) [with M = geometry_msgs::msg::PoseStamped_<std::allocator<void> >; NodeType = rclcpp::Node; std::string = std::__cxx11::basic_string<char>; rmw_qos_profile_t = rmw_qos_profile_s; rclcpp::SubscriptionOptions = rclcpp::SubscriptionOptionsWithAllocator<std::allocator<void> >][m[K’
  191 |   [01;36m[KSubscriber[m[K(
      |   [01;36m[K^~~~~~~~~~[m[K
[01m[K/opt/ros/humble/include/message_filters/message_filters/subscriber.h:191:3:[m[K [01;36m[Knote: [m[K  candidate expects 4 arguments, 3 provided
[01m[K/opt/ros/humble/include/message_filters/message_filters/subscriber.h:182:3:[m[K [01;36m[Knote: [m[Kcandidate: ‘[01m[Kmessage_filters::Subscriber<M, NodeType>::Subscriber(message_filters::Subscriber<M, NodeType>::NodePtr, const string&, rmw_qos_profile_t, rclcpp::SubscriptionOptions) [with M = geometry_msgs::msg::PoseStamped_<std::allocator<void> >; NodeType = rclcpp::Node; message_filters::Subscriber<M, NodeType>::NodePtr = std::shared_ptr<rclcpp::Node>; std::string = std::__cxx11::basic_string<char>; rmw_qos_profile_t = rmw_qos_profile_s; rclcpp::SubscriptionOptions = rclcpp::SubscriptionOptionsWithAllocator<std::allocator<void> >][m[K’
  182 |   [01;36m[KSubscriber[m[K(
      |   [01;36m[K^~~~~~~~~~[m[K
[01m[K/opt/ros/humble/include/message_filters/message_filters/subscriber.h:182:3:[m[K [01;36m[Knote: [m[K  candidate expects 4 arguments, 3 provided
[01m[K/opt/ros/humble/include/message_filters/message_filters/subscriber.h:167:3:[m[K [01;36m[Knote: [m[Kcandidate: ‘[01m[Kmessage_filters::Subscriber<M, NodeType>::Subscriber(NodeType*, const string&, rmw_qos_profile_t) [with M = geometry_msgs::msg::PoseStamped_<std::allocator<void> >; NodeType = rclcpp::Node; std::string = std::__cxx11::basic_string<char>; rmw_qos_profile_t = rmw_qos_profile_s][m[K’
  167 |   [01;36m[KSubscriber[m[K(NodeType * node, const std::string& topic, const rmw_qos_profile_t qos = rmw_qos_profile_default)
      |   [01;36m[K^~~~~~~~~~[m[K
[01m[K/opt/ros/humble/include/message_filters/message_filters/subscriber.h:167:25:[m[K [01;36m[Knote: [m[K  no known conversion for argument 1 from ‘[01m[Krclcpp::Node[m[K’ to ‘[01m[Krclcpp::Node*[m[K’
  167 |   Subscriber([01;36m[KNodeType * node[m[K, const std::string& topic, const rmw_qos_profile_t qos = rmw_qos_profile_default)
      |              [01;36m[K~~~~~~~~~~~^~~~[m[K
[01m[K/opt/ros/humble/include/message_filters/message_filters/subscriber.h:162:3:[m[K [01;36m[Knote: [m[Kcandidate: ‘[01m[Kmessage_filters::Subscriber<M, NodeType>::Subscriber(message_filters::Subscriber<M, NodeType>::NodePtr, const string&, rmw_qos_profile_t) [with M = geometry_msgs::msg::PoseStamped_<std::allocator<void> >; NodeType = rclcpp::Node; message_filters::Subscriber<M, NodeType>::NodePtr = std::shared_ptr<rclcpp::Node>; std::string = std::__cxx11::basic_string<char>; rmw_qos_profile_t = rmw_qos_profile_s][m[K’
  162 |   [01;36m[KSubscriber[m[K(NodePtr node, const std::string& topic, const rmw_qos_profile_t qos = rmw_qos_profile_default)
      |   [01;36m[K^~~~~~~~~~[m[K
[01m[K/opt/ros/humble/include/message_filters/message_filters/subscriber.h:162:22:[m[K [01;36m[Knote: [m[K  no known conversion for argument 1 from ‘[01m[Krclcpp::Node[m[K’ to ‘[01m[Kmessage_filters::Subscriber<geometry_msgs::msg::PoseStamped_<std::allocator<void> > >::NodePtr[m[K’ {aka ‘[01m[Kstd::shared_ptr<rclcpp::Node>[m[K’}
  162 |   Subscriber([01;36m[KNodePtr node[m[K, const std::string& topic, const rmw_qos_profile_t qos = rmw_qos_profile_default)
      |              [01;36m[K~~~~~~~~^~~~[m[K
[01m[K/root/colcon_ws/src/Fast-Planner/fast_planner/plan_env/src/edt_environment.cpp:[m[K In member function ‘[01m[Kdouble fast_planner::EDTEnvironment::evaluateCoarseEDT(Eigen::Vector3d&, double)[m[K’:
[01m[K/root/colcon_ws/src/Fast-Planner/fast_planner/plan_env/src/edt_environment.cpp:121:15:[m[K [01;31m[Kerror: [m[K‘[01m[Ksdf_map_[m[K’ was not declared in this scope
  121 |   double d1 = [01;31m[Ksdf_map_[m[K->getDistance(pos);
      |               [01;31m[K^~~~~~~~[m[K
[01m[K/root/colcon_ws/src/Fast-Planner/fast_planner/plan_env/src/sdf_map.cpp:139:47:[m[K [01;31m[Kerror: [m[K‘[01m[Kbind[m[K’ is not a member of ‘[01m[Kboost[m[K’; did you mean ‘[01m[Kfind[m[K’?
  139 |     sync_image_pose_->registerCallback(boost::[01;31m[Kbind[m[K(&SDFMap::depthPoseCallback, this, _1, _2));
      |                                               [01;31m[K^~~~[m[K
      |                                               [32m[Kfind[m[K
[01m[K/root/colcon_ws/src/Fast-Planner/fast_planner/plan_env/src/sdf_map.cpp:139:86:[m[K [01;31m[Kerror: [m[K‘[01m[K_1[m[K’ was not declared in this scope
  139 | ose_->registerCallback(boost::bind(&SDFMap::depthPoseCallback, this, [01;31m[K_1[m[K, _2));
      |                                                                      [01;31m[K^~[m[K

[01m[K/root/colcon_ws/src/Fast-Planner/fast_planner/plan_env/src/sdf_map.cpp:139:86:[m[K [01;36m[Knote: [m[Ksuggested alternatives:
In file included from [01m[K/usr/include/boost/mpl/aux_/include_preprocessed.hpp:37[m[K,
                 from [01m[K/usr/include/boost/mpl/placeholders.hpp:43[m[K,
                 from [01m[K/usr/include/boost/mpl/apply.hpp:24[m[K,
                 from [01m[K/usr/include/boost/mpl/aux_/iter_apply.hpp:17[m[K,
                 from [01m[K/usr/include/boost/mpl/aux_/find_if_pred.hpp:14[m[K,
                 from [01m[K/usr/include/boost/mpl/find_if.hpp:17[m[K,
                 from [01m[K/usr/include/boost/mpl/find.hpp:17[m[K,
                 from [01m[K/usr/include/boost/mpl/aux_/contains_impl.hpp:20[m[K,
                 from [01m[K/usr/include/boost/mpl/contains.hpp:20[m[K,
                 from [01m[K/usr/include/pcl-1.12/pcl/impl/point_types.hpp:49[m[K,
                 from [01m[K/usr/include/pcl-1.12/pcl/point_types.h:354[m[K,
                 from [01m[K/root/colcon_ws/src/Fast-Planner/fast_planner/plan_env/include/plan_env/sdf_map.h:42[m[K,
                 from [01m[K/root/colcon_ws/src/Fast-Planner/fast_planner/plan_env/src/sdf_map.cpp:26[m[K:
[01m[K/usr/include/boost/mpl/aux_/preprocessed/gcc/placeholders.hpp:29:16:[m[K [01;36m[Knote: [m[K  ‘[01m[Kmpl_::_1[m[K’
   29 | typedef arg<1> [01;36m[K_1[m[K;
      |                [01;36m[K^~[m[K
In file included from [01m[K/usr/include/eigen3/Eigen/Core:85[m[K,
                 from [01m[K/usr/include/eigen3/Eigen/Dense:1[m[K,
                 from [01m[K/usr/include/eigen3/Eigen/Eigen:1[m[K,
                 from [01m[K/root/colcon_ws/src/Fast-Planner/fast_planner/plan_env/include/plan_env/sdf_map.h:29[m[K,
                 from [01m[K/root/colcon_ws/src/Fast-Planner/fast_planner/plan_env/src/sdf_map.cpp:26[m[K:
[01m[K/usr/include/c++/11/functional:225:34:[m[K [01;36m[Knote: [m[K  ‘[01m[Kstd::placeholders::_1[m[K’
  225 |     extern const _Placeholder<1> [01;36m[K_1[m[K;
      |                                  [01;36m[K^~[m[K
In file included from [01m[K/usr/include/boost/mpl/aux_/include_preprocessed.hpp:37[m[K,
                 from [01m[K/usr/include/boost/mpl/placeholders.hpp:43[m[K,
                 from [01m[K/usr/include/boost/mpl/apply.hpp:24[m[K,
                 from [01m[K/usr/include/boost/mpl/aux_/iter_apply.hpp:17[m[K,
                 from [01m[K/usr/include/boost/mpl/aux_/find_if_pred.hpp:14[m[K,
                 from [01m[K/usr/include/boost/mpl/find_if.hpp:17[m[K,
                 from [01m[K/usr/include/boost/mpl/find.hpp:17[m[K,
                 from [01m[K/usr/include/boost/mpl/aux_/contains_impl.hpp:20[m[K,
                 from [01m[K/usr/include/boost/mpl/contains.hpp:20[m[K,
                 from [01m[K/usr/include/pcl-1.12/pcl/impl/point_types.hpp:49[m[K,
                 from [01m[K/usr/include/pcl-1.12/pcl/point_types.h:354[m[K,
                 from [01m[K/root/colcon_ws/src/Fast-Planner/fast_planner/plan_env/include/plan_env/sdf_map.h:42[m[K,
                 from [01m[K/root/colcon_ws/src/Fast-Planner/fast_planner/plan_env/src/sdf_map.cpp:26[m[K:
[01m[K/usr/include/boost/mpl/aux_/preprocessed/gcc/placeholders.hpp:29:16:[m[K [01;36m[Knote: [m[K  ‘[01m[Kmpl_::_1[m[K’
   29 | typedef arg<1> [01;36m[K_1[m[K;
      |                [01;36m[K^~[m[K
[01m[K/usr/include/boost/mpl/aux_/preprocessed/gcc/placeholders.hpp:29:16:[m[K [01;36m[Knote: [m[K  ‘[01m[Kmpl_::_1[m[K’
[01m[K/root/colcon_ws/src/Fast-Planner/fast_planner/plan_env/src/sdf_map.cpp:139:90:[m[K [01;31m[Kerror: [m[K‘[01m[K_2[m[K’ was not declared in this scope
  139 | ose_->registerCallback(boost::bind(&SDFMap::depthPoseCallback, this, _1, [01;31m[K_2[m[K));
      |                                                                          [01;31m[K^~[m[K

[01m[K/root/colcon_ws/src/Fast-Planner/fast_planner/plan_env/src/sdf_map.cpp:139:90:[m[K [01;36m[Knote: [m[Ksuggested alternatives:
In file included from [01m[K/usr/include/boost/mpl/aux_/include_preprocessed.hpp:37[m[K,
                 from [01m[K/usr/include/boost/mpl/placeholders.hpp:43[m[K,
                 from [01m[K/usr/include/boost/mpl/apply.hpp:24[m[K,
                 from [01m[K/usr/include/boost/mpl/aux_/iter_apply.hpp:17[m[K,
                 from [01m[K/usr/include/boost/mpl/aux_/find_if_pred.hpp:14[m[K,
                 from [01m[K/usr/include/boost/mpl/find_if.hpp:17[m[K,
                 from [01m[K/usr/include/boost/mpl/find.hpp:17[m[K,
                 from [01m[K/usr/include/boost/mpl/aux_/contains_impl.hpp:20[m[K,
                 from [01m[K/usr/include/boost/mpl/contains.hpp:20[m[K,
                 from [01m[K/usr/include/pcl-1.12/pcl/impl/point_types.hpp:49[m[K,
                 from [01m[K/usr/include/pcl-1.12/pcl/point_types.h:354[m[K,
                 from [01m[K/root/colcon_ws/src/Fast-Planner/fast_planner/plan_env/include/plan_env/sdf_map.h:42[m[K,
                 from [01m[K/root/colcon_ws/src/Fast-Planner/fast_planner/plan_env/src/sdf_map.cpp:26[m[K:
[01m[K/usr/include/boost/mpl/aux_/preprocessed/gcc/placeholders.hpp:42:16:[m[K [01;36m[Knote: [m[K  ‘[01m[Kmpl_::_2[m[K’
   42 | typedef arg<2> [01;36m[K_2[m[K;
      |                [01;36m[K^~[m[K
In file included from [01m[K/usr/include/eigen3/Eigen/Core:85[m[K,
                 from [01m[K/usr/include/eigen3/Eigen/Dense:1[m[K,
                 from [01m[K/usr/include/eigen3/Eigen/Eigen:1[m[K,
                 from [01m[K/root/colcon_ws/src/Fast-Planner/fast_planner/plan_env/include/plan_env/sdf_map.h:29[m[K,
                 from [01m[K/root/colcon_ws/src/Fast-Planner/fast_planner/plan_env/src/sdf_map.cpp:26[m[K:
[01m[K/usr/include/c++/11/functional:226:34:[m[K [01;36m[Knote: [m[K  ‘[01m[Kstd::placeholders::_2[m[K’
  226 |     extern const _Placeholder<2> [01;36m[K_2[m[K;
      |                                  [01;36m[K^~[m[K
In file included from [01m[K/usr/include/boost/mpl/aux_/include_preprocessed.hpp:37[m[K,
                 from [01m[K/usr/include/boost/mpl/placeholders.hpp:43[m[K,
                 from [01m[K/usr/include/boost/mpl/apply.hpp:24[m[K,
                 from [01m[K/usr/include/boost/mpl/aux_/iter_apply.hpp:17[m[K,
                 from [01m[K/usr/include/boost/mpl/aux_/find_if_pred.hpp:14[m[K,
                 from [01m[K/usr/include/boost/mpl/find_if.hpp:17[m[K,
                 from [01m[K/usr/include/boost/mpl/find.hpp:17[m[K,
                 from [01m[K/usr/include/boost/mpl/aux_/contains_impl.hpp:20[m[K,
                 from [01m[K/usr/include/boost/mpl/contains.hpp:20[m[K,
                 from [01m[K/usr/include/pcl-1.12/pcl/impl/point_types.hpp:49[m[K,
                 from [01m[K/usr/include/pcl-1.12/pcl/point_types.h:354[m[K,
                 from [01m[K/root/colcon_ws/src/Fast-Planner/fast_planner/plan_env/include/plan_env/sdf_map.h:42[m[K,
                 from [01m[K/root/colcon_ws/src/Fast-Planner/fast_planner/plan_env/src/sdf_map.cpp:26[m[K:
[01m[K/usr/include/boost/mpl/aux_/preprocessed/gcc/placeholders.hpp:42:16:[m[K [01;36m[Knote: [m[K  ‘[01m[Kmpl_::_2[m[K’
   42 | typedef arg<2> [01;36m[K_2[m[K;
      |                [01;36m[K^~[m[K
[01m[K/usr/include/boost/mpl/aux_/preprocessed/gcc/placeholders.hpp:42:16:[m[K [01;36m[Knote: [m[K  ‘[01m[Kmpl_::_2[m[K’
[01m[K/root/colcon_ws/src/Fast-Planner/fast_planner/plan_env/src/sdf_map.cpp:142:105:[m[K [01;31m[Kerror: [m[Kno matching function for call to ‘[01m[Kmessage_filters::Subscriber<nav_msgs::msg::Odometry_<std::allocator<void> > >::Subscriber(rclcpp::Node&, const char [14], int)[m[K’
  142 | ge_filters::Subscriber<nav_msgs::msg::Odometry>(node_, "/sdf_map/odom", 100[01;31m[K)[m[K);
      |                                                                            [01;31m[K^[m[K

In file included from [01m[K/root/colcon_ws/src/Fast-Planner/fast_planner/plan_env/include/plan_env/sdf_map.h:45[m[K,
                 from [01m[K/root/colcon_ws/src/Fast-Planner/fast_planner/plan_env/src/sdf_map.cpp:26[m[K:
[01m[K/opt/ros/humble/include/message_filters/message_filters/subscriber.h:203:3:[m[K [01;36m[Knote: [m[Kcandidate: ‘[01m[Kmessage_filters::Subscriber<M, NodeType>::Subscriber() [with M = nav_msgs::msg::Odometry_<std::allocator<void> >; NodeType = rclcpp::Node][m[K’
  203 |   [01;36m[KSubscriber[m[K() = default;
      |   [01;36m[K^~~~~~~~~~[m[K
[01m[K/opt/ros/humble/include/message_filters/message_filters/subscriber.h:203:3:[m[K [01;36m[Knote: [m[K  candidate expects 0 arguments, 3 provided
[01m[K/opt/ros/humble/include/message_filters/message_filters/subscriber.h:191:3:[m[K [01;36m[Knote: [m[Kcandidate: ‘[01m[Kmessage_filters::Subscriber<M, NodeType>::Subscriber(NodeType*, const string&, rmw_qos_profile_t, rclcpp::SubscriptionOptions) [with M = nav_msgs::msg::Odometry_<std::allocator<void> >; NodeType = rclcpp::Node; std::string = std::__cxx11::basic_string<char>; rmw_qos_profile_t = rmw_qos_profile_s; rclcpp::SubscriptionOptions = rclcpp::SubscriptionOptionsWithAllocator<std::allocator<void> >][m[K’
  191 |   [01;36m[KSubscriber[m[K(
      |   [01;36m[K^~~~~~~~~~[m[K
[01m[K/opt/ros/humble/include/message_filters/message_filters/subscriber.h:191:3:[m[K [01;36m[Knote: [m[K  candidate expects 4 arguments, 3 provided
[01m[K/opt/ros/humble/include/message_filters/message_filters/subscriber.h:182:3:[m[K [01;36m[Knote: [m[Kcandidate: ‘[01m[Kmessage_filters::Subscriber<M, NodeType>::Subscriber(message_filters::Subscriber<M, NodeType>::NodePtr, const string&, rmw_qos_profile_t, rclcpp::SubscriptionOptions) [with M = nav_msgs::msg::Odometry_<std::allocator<void> >; NodeType = rclcpp::Node; message_filters::Subscriber<M, NodeType>::NodePtr = std::shared_ptr<rclcpp::Node>; std::string = std::__cxx11::basic_string<char>; rmw_qos_profile_t = rmw_qos_profile_s; rclcpp::SubscriptionOptions = rclcpp::SubscriptionOptionsWithAllocator<std::allocator<void> >][m[K’
  182 |   [01;36m[KSubscriber[m[K(
      |   [01;36m[K^~~~~~~~~~[m[K
[01m[K/opt/ros/humble/include/message_filters/message_filters/subscriber.h:182:3:[m[K [01;36m[Knote: [m[K  candidate expects 4 arguments, 3 provided
[01m[K/opt/ros/humble/include/message_filters/message_filters/subscriber.h:167:3:[m[K [01;36m[Knote: [m[Kcandidate: ‘[01m[Kmessage_filters::Subscriber<M, NodeType>::Subscriber(NodeType*, const string&, rmw_qos_profile_t) [with M = nav_msgs::msg::Odometry_<std::allocator<void> >; NodeType = rclcpp::Node; std::string = std::__cxx11::basic_string<char>; rmw_qos_profile_t = rmw_qos_profile_s][m[K’
  167 |   [01;36m[KSubscriber[m[K(NodeType * node, const std::string& topic, const rmw_qos_profile_t qos = rmw_qos_profile_default)
      |   [01;36m[K^~~~~~~~~~[m[K
[01m[K/opt/ros/humble/include/message_filters/message_filters/subscriber.h:167:25:[m[K [01;36m[Knote: [m[K  no known conversion for argument 1 from ‘[01m[Krclcpp::Node[m[K’ to ‘[01m[Krclcpp::Node*[m[K’
  167 |   Subscriber([01;36m[KNodeType * node[m[K, const std::string& topic, const rmw_qos_profile_t qos = rmw_qos_profile_default)
      |              [01;36m[K~~~~~~~~~~~^~~~[m[K
[01m[K/opt/ros/humble/include/message_filters/message_filters/subscriber.h:162:3:[m[K [01;36m[Knote: [m[Kcandidate: ‘[01m[Kmessage_filters::Subscriber<M, NodeType>::Subscriber(message_filters::Subscriber<M, NodeType>::NodePtr, const string&, rmw_qos_profile_t) [with M = nav_msgs::msg::Odometry_<std::allocator<void> >; NodeType = rclcpp::Node; message_filters::Subscriber<M, NodeType>::NodePtr = std::shared_ptr<rclcpp::Node>; std::string = std::__cxx11::basic_string<char>; rmw_qos_profile_t = rmw_qos_profile_s][m[K’
  162 |   [01;36m[KSubscriber[m[K(NodePtr node, const std::string& topic, const rmw_qos_profile_t qos = rmw_qos_profile_default)
      |   [01;36m[K^~~~~~~~~~[m[K
[01m[K/opt/ros/humble/include/message_filters/message_filters/subscriber.h:162:22:[m[K [01;36m[Knote: [m[K  no known conversion for argument 1 from ‘[01m[Krclcpp::Node[m[K’ to ‘[01m[Kmessage_filters::Subscriber<nav_msgs::msg::Odometry_<std::allocator<void> > >::NodePtr[m[K’ {aka ‘[01m[Kstd::shared_ptr<rclcpp::Node>[m[K’}
  162 |   Subscriber([01;36m[KNodePtr node[m[K, const std::string& topic, const rmw_qos_profile_t qos = rmw_qos_profile_default)
      |              [01;36m[K~~~~~~~~^~~~[m[K
[01m[K/root/colcon_ws/src/Fast-Planner/fast_planner/plan_env/src/sdf_map.cpp:146:47:[m[K [01;31m[Kerror: [m[K‘[01m[Kbind[m[K’ is not a member of ‘[01m[Kboost[m[K’; did you mean ‘[01m[Kfind[m[K’?
  146 |     sync_image_odom_->registerCallback(boost::[01;31m[Kbind[m[K(&SDFMap::depthOdomCallback, this, _1, _2));
      |                                               [01;31m[K^~~~[m[K
      |                                               [32m[Kfind[m[K
[01m[K/root/colcon_ws/src/Fast-Planner/fast_planner/plan_env/src/sdf_map.cpp:146:86:[m[K [01;31m[Kerror: [m[K‘[01m[K_1[m[K’ was not declared in this scope
  146 | dom_->registerCallback(boost::bind(&SDFMap::depthOdomCallback, this, [01;31m[K_1[m[K, _2));
      |                                                                      [01;31m[K^~[m[K

[01m[K/root/colcon_ws/src/Fast-Planner/fast_planner/plan_env/src/sdf_map.cpp:146:86:[m[K [01;36m[Knote: [m[Ksuggested alternatives:
In file included from [01m[K/usr/include/boost/mpl/aux_/include_preprocessed.hpp:37[m[K,
                 from [01m[K/usr/include/boost/mpl/placeholders.hpp:43[m[K,
                 from [01m[K/usr/include/boost/mpl/apply.hpp:24[m[K,
                 from [01m[K/usr/include/boost/mpl/aux_/iter_apply.hpp:17[m[K,
                 from [01m[K/usr/include/boost/mpl/aux_/find_if_pred.hpp:14[m[K,
                 from [01m[K/usr/include/boost/mpl/find_if.hpp:17[m[K,
                 from [01m[K/usr/include/boost/mpl/find.hpp:17[m[K,
                 from [01m[K/usr/include/boost/mpl/aux_/contains_impl.hpp:20[m[K,
                 from [01m[K/usr/include/boost/mpl/contains.hpp:20[m[K,
                 from [01m[K/usr/include/pcl-1.12/pcl/impl/point_types.hpp:49[m[K,
                 from [01m[K/usr/include/pcl-1.12/pcl/point_types.h:354[m[K,
                 from [01m[K/root/colcon_ws/src/Fast-Planner/fast_planner/plan_env/include/plan_env/sdf_map.h:42[m[K,
                 from [01m[K/root/colcon_ws/src/Fast-Planner/fast_planner/plan_env/src/sdf_map.cpp:26[m[K:
[01m[K/usr/include/boost/mpl/aux_/preprocessed/gcc/placeholders.hpp:29:16:[m[K [01;36m[Knote: [m[K  ‘[01m[Kmpl_::_1[m[K’
   29 | typedef arg<1> [01;36m[K_1[m[K;
      |                [01;36m[K^~[m[K
In file included from [01m[K/usr/include/eigen3/Eigen/Core:85[m[K,
                 from [01m[K/usr/include/eigen3/Eigen/Dense:1[m[K,
                 from [01m[K/usr/include/eigen3/Eigen/Eigen:1[m[K,
                 from [01m[K/root/colcon_ws/src/Fast-Planner/fast_planner/plan_env/include/plan_env/sdf_map.h:29[m[K,
                 from [01m[K/root/colcon_ws/src/Fast-Planner/fast_planner/plan_env/src/sdf_map.cpp:26[m[K:
[01m[K/usr/include/c++/11/functional:225:34:[m[K [01;36m[Knote: [m[K  ‘[01m[Kstd::placeholders::_1[m[K’
  225 |     extern const _Placeholder<1> [01;36m[K_1[m[K;
      |                                  [01;36m[K^~[m[K
In file included from [01m[K/usr/include/boost/mpl/aux_/include_preprocessed.hpp:37[m[K,
                 from [01m[K/usr/include/boost/mpl/placeholders.hpp:43[m[K,
                 from [01m[K/usr/include/boost/mpl/apply.hpp:24[m[K,
                 from [01m[K/usr/include/boost/mpl/aux_/iter_apply.hpp:17[m[K,
                 from [01m[K/usr/include/boost/mpl/aux_/find_if_pred.hpp:14[m[K,
                 from [01m[K/usr/include/boost/mpl/find_if.hpp:17[m[K,
                 from [01m[K/usr/include/boost/mpl/find.hpp:17[m[K,
                 from [01m[K/usr/include/boost/mpl/aux_/contains_impl.hpp:20[m[K,
                 from [01m[K/usr/include/boost/mpl/contains.hpp:20[m[K,
                 from [01m[K/usr/include/pcl-1.12/pcl/impl/point_types.hpp:49[m[K,
                 from [01m[K/usr/include/pcl-1.12/pcl/point_types.h:354[m[K,
                 from [01m[K/root/colcon_ws/src/Fast-Planner/fast_planner/plan_env/include/plan_env/sdf_map.h:42[m[K,
                 from [01m[K/root/colcon_ws/src/Fast-Planner/fast_planner/plan_env/src/sdf_map.cpp:26[m[K:
[01m[K/usr/include/boost/mpl/aux_/preprocessed/gcc/placeholders.hpp:29:16:[m[K [01;36m[Knote: [m[K  ‘[01m[Kmpl_::_1[m[K’
   29 | typedef arg<1> [01;36m[K_1[m[K;
      |                [01;36m[K^~[m[K
[01m[K/usr/include/boost/mpl/aux_/preprocessed/gcc/placeholders.hpp:29:16:[m[K [01;36m[Knote: [m[K  ‘[01m[Kmpl_::_1[m[K’
[01m[K/root/colcon_ws/src/Fast-Planner/fast_planner/plan_env/src/sdf_map.cpp:146:90:[m[K [01;31m[Kerror: [m[K‘[01m[K_2[m[K’ was not declared in this scope
  146 | dom_->registerCallback(boost::bind(&SDFMap::depthOdomCallback, this, _1, [01;31m[K_2[m[K));
      |                                                                          [01;31m[K^~[m[K

[01m[K/root/colcon_ws/src/Fast-Planner/fast_planner/plan_env/src/sdf_map.cpp:146:90:[m[K [01;36m[Knote: [m[Ksuggested alternatives:
In file included from [01m[K/usr/include/boost/mpl/aux_/include_preprocessed.hpp:37[m[K,
                 from [01m[K/usr/include/boost/mpl/placeholders.hpp:43[m[K,
                 from [01m[K/usr/include/boost/mpl/apply.hpp:24[m[K,
                 from [01m[K/usr/include/boost/mpl/aux_/iter_apply.hpp:17[m[K,
                 from [01m[K/usr/include/boost/mpl/aux_/find_if_pred.hpp:14[m[K,
                 from [01m[K/usr/include/boost/mpl/find_if.hpp:17[m[K,
                 from [01m[K/usr/include/boost/mpl/find.hpp:17[m[K,
                 from [01m[K/usr/include/boost/mpl/aux_/contains_impl.hpp:20[m[K,
                 from [01m[K/usr/include/boost/mpl/contains.hpp:20[m[K,
                 from [01m[K/usr/include/pcl-1.12/pcl/impl/point_types.hpp:49[m[K,
                 from [01m[K/usr/include/pcl-1.12/pcl/point_types.h:354[m[K,
                 from [01m[K/root/colcon_ws/src/Fast-Planner/fast_planner/plan_env/include/plan_env/sdf_map.h:42[m[K,
                 from [01m[K/root/colcon_ws/src/Fast-Planner/fast_planner/plan_env/src/sdf_map.cpp:26[m[K:
[01m[K/usr/include/boost/mpl/aux_/preprocessed/gcc/placeholders.hpp:42:16:[m[K [01;36m[Knote: [m[K  ‘[01m[Kmpl_::_2[m[K’
   42 | typedef arg<2> [01;36m[K_2[m[K;
      |                [01;36m[K^~[m[K
In file included from [01m[K/usr/include/eigen3/Eigen/Core:85[m[K,
                 from [01m[K/usr/include/eigen3/Eigen/Dense:1[m[K,
                 from [01m[K/usr/include/eigen3/Eigen/Eigen:1[m[K,
                 from [01m[K/root/colcon_ws/src/Fast-Planner/fast_planner/plan_env/include/plan_env/sdf_map.h:29[m[K,
                 from [01m[K/root/colcon_ws/src/Fast-Planner/fast_planner/plan_env/src/sdf_map.cpp:26[m[K:
[01m[K/usr/include/c++/11/functional:226:34:[m[K [01;36m[Knote: [m[K  ‘[01m[Kstd::placeholders::_2[m[K’
  226 |     extern const _Placeholder<2> [01;36m[K_2[m[K;
      |                                  [01;36m[K^~[m[K
In file included from [01m[K/usr/include/boost/mpl/aux_/include_preprocessed.hpp:37[m[K,
                 from [01m[K/usr/include/boost/mpl/placeholders.hpp:43[m[K,
                 from [01m[K/usr/include/boost/mpl/apply.hpp:24[m[K,
                 from [01m[K/usr/include/boost/mpl/aux_/iter_apply.hpp:17[m[K,
                 from [01m[K/usr/include/boost/mpl/aux_/find_if_pred.hpp:14[m[K,
                 from [01m[K/usr/include/boost/mpl/find_if.hpp:17[m[K,
                 from [01m[K/usr/include/boost/mpl/find.hpp:17[m[K,
                 from [01m[K/usr/include/boost/mpl/aux_/contains_impl.hpp:20[m[K,
                 from [01m[K/usr/include/boost/mpl/contains.hpp:20[m[K,
                 from [01m[K/usr/include/pcl-1.12/pcl/impl/point_types.hpp:49[m[K,
                 from [01m[K/usr/include/pcl-1.12/pcl/point_types.h:354[m[K,
                 from [01m[K/root/colcon_ws/src/Fast-Planner/fast_planner/plan_env/include/plan_env/sdf_map.h:42[m[K,
                 from [01m[K/root/colcon_ws/src/Fast-Planner/fast_planner/plan_env/src/sdf_map.cpp:26[m[K:
[01m[K/usr/include/boost/mpl/aux_/preprocessed/gcc/placeholders.hpp:42:16:[m[K [01;36m[Knote: [m[K  ‘[01m[Kmpl_::_2[m[K’
   42 | typedef arg<2> [01;36m[K_2[m[K;
      |                [01;36m[K^~[m[K
[01m[K/usr/include/boost/mpl/aux_/preprocessed/gcc/placeholders.hpp:42:16:[m[K [01;36m[Knote: [m[K  ‘[01m[Kmpl_::_2[m[K’
[01m[K/root/colcon_ws/src/Fast-Planner/fast_planner/plan_env/src/sdf_map.cpp:152:33:[m[K [01;31m[Kerror: [m[Kbase operand of ‘[01m[K->[m[K’ has non-pointer type ‘[01m[Krclcpp::Node[m[K’
  152 |       /* TODO: 转换订阅 */ node_[01;31m[K->[m[Kcreate_subscription<sensor_msgs::msg::PointCloud2>("/sdf_map/cloud", 10, &SDFMap::cloudCallback, this);
      |                                 [01;31m[K^~[m[K
[01m[K/root/colcon_ws/src/Fast-Planner/fast_planner/plan_env/src/sdf_map.cpp:152:84:[m[K [01;31m[Kerror: [m[Kexpected primary-expression before ‘[01m[K>[m[K’ token
  152 |  换订阅 */ node_->create_subscription<sensor_msgs::msg::PointCloud2[01;31m[K>[m[K("/sdf_map/cloud", 10, &SDFMap::cloudCallback, this);
      |                                                                    [01;31m[K^[m[K

[01m[K/root/colcon_ws/src/Fast-Planner/fast_planner/plan_env/src/sdf_map.cpp:152:86:[m[K [01;35m[Kwarning: [m[Kleft operand of comma operator has no effect [[01;35m[K-Wunused-value[m[K]
  152 |  订阅 */ node_->create_subscription<sensor_msgs::msg::PointCloud2>([01;35m[K"/sdf_map/cloud"[m[K, 10, &SDFMap::cloudCallback, this);
      |                                                                    [01;35m[K^~~~~~~~~~~~~~~~[m[K

[01m[K/root/colcon_ws/src/Fast-Planner/fast_planner/plan_env/src/sdf_map.cpp:152:117:[m[K [01;35m[Kwarning: [m[Kright operand of comma operator has no effect [[01;35m[K-Wunused-value[m[K]
  152 | tion<sensor_msgs::msg::PointCloud2>("/sdf_map/cloud", 10, &SDFMap::[01;35m[KcloudCallback[m[K, this);
      |                                                                    [01;35m[K^~~~~~~~~~~~~[m[K

[01m[K/root/colcon_ws/src/Fast-Planner/fast_planner/plan_env/src/sdf_map.cpp:152:132:[m[K [01;35m[Kwarning: [m[Kright operand of comma operator has no effect [[01;35m[K-Wunused-value[m[K]
  152 | r_msgs::msg::PointCloud2>("/sdf_map/cloud", 10, &SDFMap::cloudCallback, [01;35m[Kthis[m[K);
      |                                                                         [01;35m[K^~~~[m[K

[01m[K/root/colcon_ws/src/Fast-Planner/fast_planner/plan_env/src/sdf_map.cpp:154:33:[m[K [01;31m[Kerror: [m[Kbase operand of ‘[01m[K->[m[K’ has non-pointer type ‘[01m[Krclcpp::Node[m[K’
  154 |       /* TODO: 转换订阅 */ node_[01;31m[K->[m[Kcreate_subscription<nav_msgs::msg::Odometry>("/sdf_map/odom", 10, &SDFMap::odomCallback, this);
      |                                 [01;31m[K^~[m[K
[01m[K/root/colcon_ws/src/Fast-Planner/fast_planner/plan_env/src/sdf_map.cpp:154:78:[m[K [01;31m[Kerror: [m[Kexpected primary-expression before ‘[01m[K>[m[K’ token
  154 | ODO: 转换订阅 */ node_->create_subscription<nav_msgs::msg::Odometry[01;31m[K>[m[K("/sdf_map/odom", 10, &SDFMap::odomCallback, this);
      |                                                                    [01;31m[K^[m[K

[01m[K/root/colcon_ws/src/Fast-Planner/fast_planner/plan_env/src/sdf_map.cpp:154:80:[m[K [01;35m[Kwarning: [m[Kleft operand of comma operator has no effect [[01;35m[K-Wunused-value[m[K]
  154 | O: 转换订阅 */ node_->create_subscription<nav_msgs::msg::Odometry>([01;35m[K"/sdf_map/odom"[m[K, 10, &SDFMap::odomCallback, this);
      |                                                                    [01;35m[K^~~~~~~~~~~~~~~[m[K

[01m[K/root/colcon_ws/src/Fast-Planner/fast_planner/plan_env/src/sdf_map.cpp:154:110:[m[K [01;35m[Kwarning: [m[Kright operand of comma operator has no effect [[01;35m[K-Wunused-value[m[K]
  154 | ubscription<nav_msgs::msg::Odometry>("/sdf_map/odom", 10, &SDFMap::[01;35m[KodomCallback[m[K, this);
      |                                                                    [01;35m[K^~~~~~~~~~~~[m[K

[01m[K/root/colcon_ws/src/Fast-Planner/fast_planner/plan_env/src/sdf_map.cpp:154:124:[m[K [01;35m[Kwarning: [m[Kright operand of comma operator has no effect [[01;35m[K-Wunused-value[m[K]
  154 | on<nav_msgs::msg::Odometry>("/sdf_map/odom", 10, &SDFMap::odomCallback, [01;35m[Kthis[m[K);
      |                                                                         [01;35m[K^~~~[m[K

[01m[K/root/colcon_ws/src/Fast-Planner/fast_planner/plan_env/src/sdf_map.cpp:156:3:[m[K [01;31m[Kerror: [m[K‘[01m[Kocc_timer_[m[K’ was not declared in this scope; did you mean ‘[01m[Krcl_timer_t[m[K’?
  156 |   [01;31m[Kocc_timer_[m[K = node_->create_wall_timer(std::chrono::duration<double>(0.05), &SDFMap::updateOccupancyCallback, this);
      |   [01;31m[K^~~~~~~~~~[m[K
      |   [32m[Krcl_timer_t[m[K
[01m[K/root/colcon_ws/src/Fast-Planner/fast_planner/plan_env/src/sdf_map.cpp:156:21:[m[K [01;31m[Kerror: [m[Kbase operand of ‘[01m[K->[m[K’ has non-pointer type ‘[01m[Krclcpp::Node[m[K’
  156 |   occ_timer_ = node_[01;31m[K->[m[Kcreate_wall_timer(std::chrono::duration<double>(0.05), &SDFMap::updateOccupancyCallback, this);
      |                     [01;31m[K^~[m[K
[01m[K/root/colcon_ws/src/Fast-Planner/fast_planner/plan_env/src/sdf_map.cpp:157:3:[m[K [01;31m[Kerror: [m[K‘[01m[Kesdf_timer_[m[K’ was not declared in this scope
  157 |   [01;31m[Kesdf_timer_[m[K = node_->create_wall_timer(std::chrono::duration<double>(0.05), &SDFMap::updateESDFCallback, this);
      |   [01;31m[K^~~~~~~~~~~[m[K
[01m[K/root/colcon_ws/src/Fast-Planner/fast_planner/plan_env/src/sdf_map.cpp:157:22:[m[K [01;31m[Kerror: [m[Kbase operand of ‘[01m[K->[m[K’ has non-pointer type ‘[01m[Krclcpp::Node[m[K’
  157 |   esdf_timer_ = node_[01;31m[K->[m[Kcreate_wall_timer(std::chrono::duration<double>(0.05), &SDFMap::updateESDFCallback, this);
      |                      [01;31m[K^~[m[K
[01m[K/root/colcon_ws/src/Fast-Planner/fast_planner/plan_env/src/sdf_map.cpp:158:3:[m[K [01;31m[Kerror: [m[K‘[01m[Kvis_timer_[m[K’ was not declared in this scope
  158 |   [01;31m[Kvis_timer_[m[K = node_->create_wall_timer(std::chrono::duration<double>(0.05), &SDFMap::visCallback, this);
      |   [01;31m[K^~~~~~~~~~[m[K
[01m[K/root/colcon_ws/src/Fast-Planner/fast_planner/plan_env/src/sdf_map.cpp:158:21:[m[K [01;31m[Kerror: [m[Kbase operand of ‘[01m[K->[m[K’ has non-pointer type ‘[01m[Krclcpp::Node[m[K’
  158 |   vis_timer_ = node_[01;31m[K->[m[Kcreate_wall_timer(std::chrono::duration<double>(0.05), &SDFMap::visCallback, this);
      |                     [01;31m[K^~[m[K
[01m[K/root/colcon_ws/src/Fast-Planner/fast_planner/plan_env/src/sdf_map.cpp:160:40:[m[K [01;31m[Kerror: [m[Kbase operand of ‘[01m[K->[m[K’ has non-pointer type ‘[01m[Krclcpp::Node[m[K’
  160 |   map_pub_ = /* TODO: 转换发布 */ node_[01;31m[K->[m[Kcreate_publisher<sensor_msgs::msg::PointCloud2>("/sdf_map/occupancy", 10);
      |                                        [01;31m[K^~[m[K
[01m[K/root/colcon_ws/src/Fast-Planner/fast_planner/plan_env/src/sdf_map.cpp:160:88:[m[K [01;31m[Kerror: [m[Kexpected primary-expression before ‘[01m[K>[m[K’ token
  160 | : 转换发布 */ node_->create_publisher<sensor_msgs::msg::PointCloud2[01;31m[K>[m[K("/sdf_map/occupancy", 10);
      |                                                                    [01;31m[K^[m[K

[01m[K/root/colcon_ws/src/Fast-Planner/fast_planner/plan_env/src/sdf_map.cpp:160:90:[m[K [01;35m[Kwarning: [m[Kleft operand of comma operator has no effect [[01;35m[K-Wunused-value[m[K]
  160 | 转换发布 */ node_->create_publisher<sensor_msgs::msg::PointCloud2>([01;35m[K"/sdf_map/occupancy"[m[K, 10);
      |                                                                    [01;35m[K^~~~~~~~~~~~~~~~~~~~[m[K

[01m[K/root/colcon_ws/src/Fast-Planner/fast_planner/plan_env/src/sdf_map.cpp:161:44:[m[K [01;31m[Kerror: [m[Kbase operand of ‘[01m[K->[m[K’ has non-pointer type ‘[01m[Krclcpp::Node[m[K’
  161 |   map_inf_pub_ = /* TODO: 转换发布 */ node_[01;31m[K->[m[Kcreate_publisher<sensor_msgs::msg::PointCloud2>("/sdf_map/occupancy_inflate", 10);
      |                                            [01;31m[K^~[m[K
[01m[K/root/colcon_ws/src/Fast-Planner/fast_planner/plan_env/src/sdf_map.cpp:161:92:[m[K [01;31m[Kerror: [m[Kexpected primary-expression before ‘[01m[K>[m[K’ token
  161 | : 转换发布 */ node_->create_publisher<sensor_msgs::msg::PointCloud2[01;31m[K>[m[K("/sdf_map/occupancy_inflate", 10);
      |                                                                    [01;31m[K^[m[K

[01m[K/root/colcon_ws/src/Fast-Planner/fast_planner/plan_env/src/sdf_map.cpp:161:94:[m[K [01;35m[Kwarning: [m[Kleft operand of comma operator has no effect [[01;35m[K-Wunused-value[m[K]
  161 | 转换发布 */ node_->create_publisher<sensor_msgs::msg::PointCloud2>([01;35m[K"/sdf_map/occupancy_inflate"[m[K, 10);
      |                                                                    [01;35m[K^~~~~~~~~~~~~~~~~~~~~~~~~~~~[m[K

[01m[K/root/colcon_ws/src/Fast-Planner/fast_planner/plan_env/src/sdf_map.cpp:162:41:[m[K [01;31m[Kerror: [m[Kbase operand of ‘[01m[K->[m[K’ has non-pointer type ‘[01m[Krclcpp::Node[m[K’
  162 |   esdf_pub_ = /* TODO: 转换发布 */ node_[01;31m[K->[m[Kcreate_publisher<sensor_msgs::msg::PointCloud2>("/sdf_map/esdf", 10);
      |                                         [01;31m[K^~[m[K
[01m[K/root/colcon_ws/src/Fast-Planner/fast_planner/plan_env/src/sdf_map.cpp:162:89:[m[K [01;31m[Kerror: [m[Kexpected primary-expression before ‘[01m[K>[m[K’ token
  162 | : 转换发布 */ node_->create_publisher<sensor_msgs::msg::PointCloud2[01;31m[K>[m[K("/sdf_map/esdf", 10);
      |                                                                    [01;31m[K^[m[K

[01m[K/root/colcon_ws/src/Fast-Planner/fast_planner/plan_env/src/sdf_map.cpp:162:91:[m[K [01;35m[Kwarning: [m[Kleft operand of comma operator has no effect [[01;35m[K-Wunused-value[m[K]
  162 | 转换发布 */ node_->create_publisher<sensor_msgs::msg::PointCloud2>([01;35m[K"/sdf_map/esdf"[m[K, 10);
      |                                                                    [01;35m[K^~~~~~~~~~~~~~~[m[K

[01m[K/root/colcon_ws/src/Fast-Planner/fast_planner/plan_env/src/sdf_map.cpp:163:49:[m[K [01;31m[Kerror: [m[Kbase operand of ‘[01m[K->[m[K’ has non-pointer type ‘[01m[Krclcpp::Node[m[K’
  163 |   update_range_pub_ = /* TODO: 转换发布 */ node_[01;31m[K->[m[Kcreate_publisher<visualization_msgs::msg::Marker>("/sdf_map/update_range", 10);
      |                                                 [01;31m[K^~[m[K
[01m[K/root/colcon_ws/src/Fast-Planner/fast_planner/plan_env/src/sdf_map.cpp:163:99:[m[K [01;31m[Kerror: [m[Kexpected primary-expression before ‘[01m[K>[m[K’ token
  163 | 转换发布 */ node_->create_publisher<visualization_msgs::msg::Marker[01;31m[K>[m[K("/sdf_map/update_range", 10);
      |                                                                    [01;31m[K^[m[K

[01m[K/root/colcon_ws/src/Fast-Planner/fast_planner/plan_env/src/sdf_map.cpp:163:101:[m[K [01;35m[Kwarning: [m[Kleft operand of comma operator has no effect [[01;35m[K-Wunused-value[m[K]
  163 | 换发布 */ node_->create_publisher<visualization_msgs::msg::Marker>([01;35m[K"/sdf_map/update_range"[m[K, 10);
      |                                                                    [01;35m[K^~~~~~~~~~~~~~~~~~~~~~~[m[K

[01m[K/root/colcon_ws/src/Fast-Planner/fast_planner/plan_env/src/sdf_map.cpp:165:44:[m[K [01;31m[Kerror: [m[Kbase operand of ‘[01m[K->[m[K’ has non-pointer type ‘[01m[Krclcpp::Node[m[K’
  165 |   unknown_pub_ = /* TODO: 转换发布 */ node_[01;31m[K->[m[Kcreate_publisher<sensor_msgs::msg::PointCloud2>("/sdf_map/unknown", 10);
      |                                            [01;31m[K^~[m[K
[01m[K/root/colcon_ws/src/Fast-Planner/fast_planner/plan_env/src/sdf_map.cpp:165:92:[m[K [01;31m[Kerror: [m[Kexpected primary-expression before ‘[01m[K>[m[K’ token
  165 | : 转换发布 */ node_->create_publisher<sensor_msgs::msg::PointCloud2[01;31m[K>[m[K("/sdf_map/unknown", 10);
      |                                                                    [01;31m[K^[m[K

[01m[K/root/colcon_ws/src/Fast-Planner/fast_planner/plan_env/src/sdf_map.cpp:165:94:[m[K [01;35m[Kwarning: [m[Kleft operand of comma operator has no effect [[01;35m[K-Wunused-value[m[K]
  165 | 转换发布 */ node_->create_publisher<sensor_msgs::msg::PointCloud2>([01;35m[K"/sdf_map/unknown"[m[K, 10);
      |                                                                    [01;35m[K^~~~~~~~~~~~~~~~~~[m[K

[01m[K/root/colcon_ws/src/Fast-Planner/fast_planner/plan_env/src/sdf_map.cpp:166:42:[m[K [01;31m[Kerror: [m[Kbase operand of ‘[01m[K->[m[K’ has non-pointer type ‘[01m[Krclcpp::Node[m[K’
  166 |   depth_pub_ = /* TODO: 转换发布 */ node_[01;31m[K->[m[Kcreate_publisher<sensor_msgs::msg::PointCloud2>("/sdf_map/depth_cloud", 10);
      |                                          [01;31m[K^~[m[K
[01m[K/root/colcon_ws/src/Fast-Planner/fast_planner/plan_env/src/sdf_map.cpp:166:90:[m[K [01;31m[Kerror: [m[Kexpected primary-expression before ‘[01m[K>[m[K’ token
  166 | : 转换发布 */ node_->create_publisher<sensor_msgs::msg::PointCloud2[01;31m[K>[m[K("/sdf_map/depth_cloud", 10);
      |                                                                    [01;31m[K^[m[K

[01m[K/root/colcon_ws/src/Fast-Planner/fast_planner/plan_env/src/sdf_map.cpp:166:92:[m[K [01;35m[Kwarning: [m[Kleft operand of comma operator has no effect [[01;35m[K-Wunused-value[m[K]
  166 | 转换发布 */ node_->create_publisher<sensor_msgs::msg::PointCloud2>([01;35m[K"/sdf_map/depth_cloud"[m[K, 10);
      |                                                                    [01;35m[K^~~~~~~~~~~~~~~~~~~~~~[m[K

In file included from [01m[K/opt/ros/humble/include/rclcpp/rclcpp/client.hpp:40[m[K,
                 from [01m[K/opt/ros/humble/include/rclcpp/rclcpp/callback_group.hpp:24[m[K,
                 from [01m[K/opt/ros/humble/include/rclcpp/rclcpp/any_executable.hpp:20[m[K,
                 from [01m[K/opt/ros/humble/include/rclcpp/rclcpp/memory_strategy.hpp:25[m[K,
                 from [01m[K/opt/ros/humble/include/rclcpp/rclcpp/memory_strategies.hpp:18[m[K,
                 from [01m[K/opt/ros/humble/include/rclcpp/rclcpp/executor_options.hpp:20[m[K,
                 from [01m[K/opt/ros/humble/include/rclcpp/rclcpp/executor.hpp:37[m[K,
                 from [01m[K/opt/ros/humble/include/rclcpp/rclcpp/executors/multi_threaded_executor.hpp:25[m[K,
                 from [01m[K/opt/ros/humble/include/rclcpp/rclcpp/executors.hpp:21[m[K,
                 from [01m[K/opt/ros/humble/include/rclcpp/rclcpp/rclcpp.hpp:155[m[K,
                 from [01m[K/root/colcon_ws/src/Fast-Planner/fast_planner/plan_env/include/plan_env/sdf_map.h:37[m[K,
                 from [01m[K/root/colcon_ws/src/Fast-Planner/fast_planner/plan_env/src/sdf_map.cpp:26[m[K:
[01m[K/root/colcon_ws/src/Fast-Planner/fast_planner/plan_env/src/sdf_map.cpp:[m[K In member function ‘[01m[Kvoid SDFMap::updateESDF3d()[m[K’:
[01m[K/root/colcon_ws/src/Fast-Planner/fast_planner/plan_env/src/sdf_map.cpp:302:29:[m[K [01;31m[Kerror: [m[Kbase operand of ‘[01m[K->[m[K’ has non-pointer type ‘[01m[Krclcpp::Node[m[K’
  302 |           RCLCPP_ERROR(node_[01;31m[K->[m[Kget_logger(), this->get_logger(), "what?");
      |                             [01;31m[K^~[m[K
[01m[K/root/colcon_ws/src/Fast-Planner/fast_planner/plan_env/src/sdf_map.cpp:302:29:[m[K [01;31m[Kerror: [m[Kbase operand of ‘[01m[K->[m[K’ has non-pointer type ‘[01m[Krclcpp::Node[m[K’
[01m[K/root/colcon_ws/src/Fast-Planner/fast_planner/plan_env/src/sdf_map.cpp:302:11:[m[K [01;31m[Kerror: [m[Ktemplate argument 1 is invalid
  302 |           [01;31m[KRCLCPP_ERROR[m[K(node_->get_logger(), this->get_logger(), "what?");
      |           [01;31m[K^~~~~~~~~~~~[m[K
In file included from [01m[K/opt/ros/humble/include/rclcpp/rclcpp/logging.hpp:24[m[K,
                 from [01m[K/opt/ros/humble/include/rclcpp/rclcpp/client.hpp:40[m[K,
                 from [01m[K/opt/ros/humble/include/rclcpp/rclcpp/callback_group.hpp:24[m[K,
                 from [01m[K/opt/ros/humble/include/rclcpp/rclcpp/any_executable.hpp:20[m[K,
                 from [01m[K/opt/ros/humble/include/rclcpp/rclcpp/memory_strategy.hpp:25[m[K,
                 from [01m[K/opt/ros/humble/include/rclcpp/rclcpp/memory_strategies.hpp:18[m[K,
                 from [01m[K/opt/ros/humble/include/rclcpp/rclcpp/executor_options.hpp:20[m[K,
                 from [01m[K/opt/ros/humble/include/rclcpp/rclcpp/executor.hpp:37[m[K,
                 from [01m[K/opt/ros/humble/include/rclcpp/rclcpp/executors/multi_threaded_executor.hpp:25[m[K,
                 from [01m[K/opt/ros/humble/include/rclcpp/rclcpp/executors.hpp:21[m[K,
                 from [01m[K/opt/ros/humble/include/rclcpp/rclcpp/rclcpp.hpp:155[m[K,
                 from [01m[K/root/colcon_ws/src/Fast-Planner/fast_planner/plan_env/include/plan_env/sdf_map.h:37[m[K,
                 from [01m[K/root/colcon_ws/src/Fast-Planner/fast_planner/plan_env/src/sdf_map.cpp:26[m[K:
[01m[K/root/colcon_ws/src/Fast-Planner/fast_planner/plan_env/src/sdf_map.cpp:302:29:[m[K [01;31m[Kerror: [m[Kbase operand of ‘[01m[K->[m[K’ has non-pointer type ‘[01m[Krclcpp::Node[m[K’
  302 |           RCLCPP_ERROR(node_[01;31m[K->[m[Kget_logger(), this->get_logger(), "what?");
      |                             [01;31m[K^~[m[K
[01m[K/root/colcon_ws/src/Fast-Planner/fast_planner/plan_env/src/sdf_map.cpp:302:29:[m[K [01;31m[Kerror: [m[Kbase operand of ‘[01m[K->[m[K’ has non-pointer type ‘[01m[Krclcpp::Node[m[K’
  302 |           RCLCPP_ERROR(node_[01;31m[K->[m[Kget_logger(), this->get_logger(), "what?");
      |                             [01;31m[K^~[m[K
[01m[K/root/colcon_ws/src/Fast-Planner/fast_planner/plan_env/src/sdf_map.cpp:302:51:[m[K [01;31m[Kerror: [m[K‘[01m[Kclass SDFMap[m[K’ has no member named ‘[01m[Kget_logger[m[K’
  302 |           RCLCPP_ERROR(node_->get_logger(), this->[01;31m[Kget_logger[m[K(), "what?");
      |                                                   [01;31m[K^~~~~~~~~~[m[K
[01m[K/root/colcon_ws/src/Fast-Planner/fast_planner/plan_env/src/sdf_map.cpp:[m[K At global scope:
[01m[K/root/colcon_ws/src/Fast-Planner/fast_planner/plan_env/src/sdf_map.cpp:765:40:[m[K [01;31m[Kerror: [m[K‘[01m[KTimerEvent[m[K’ in namespace ‘[01m[Krclcpp[m[K’ does not name a type
  765 | void SDFMap::visCallback(const rclcpp::[01;31m[KTimerEvent[m[K& /*event*/) {
      |                                        [01;31m[K^~~~~~~~~~[m[K
[01m[K/root/colcon_ws/src/Fast-Planner/fast_planner/plan_env/src/sdf_map.cpp:775:52:[m[K [01;31m[Kerror: [m[K‘[01m[KTimerEvent[m[K’ in namespace ‘[01m[Krclcpp[m[K’ does not name a type
  775 | void SDFMap::updateOccupancyCallback(const rclcpp::[01;31m[KTimerEvent[m[K& /*event*/) {
      |                                                    [01;31m[K^~~~~~~~~~[m[K
[01m[K/root/colcon_ws/src/Fast-Planner/fast_planner/plan_env/src/sdf_map.cpp:[m[K In member function ‘[01m[Kvoid SDFMap::updateOccupancyCallback(const int&)[m[K’:
[01m[K/root/colcon_ws/src/Fast-Planner/fast_planner/plan_env/src/sdf_map.cpp:780:13:[m[K [01;31m[Kerror: [m[Kbase operand of ‘[01m[K->[m[K’ has non-pointer type ‘[01m[Krclcpp::Node[m[K’
  780 |   t1 = node_[01;31m[K->[m[Know();
      |             [01;31m[K^~[m[K
[01m[K/root/colcon_ws/src/Fast-Planner/fast_planner/plan_env/src/sdf_map.cpp:787:13:[m[K [01;31m[Kerror: [m[Kbase operand of ‘[01m[K->[m[K’ has non-pointer type ‘[01m[Krclcpp::Node[m[K’
  787 |   t2 = node_[01;31m[K->[m[Know();
      |             [01;31m[K^~[m[K
In file included from [01m[K/opt/ros/humble/include/rclcpp/rclcpp/client.hpp:40[m[K,
                 from [01m[K/opt/ros/humble/include/rclcpp/rclcpp/callback_group.hpp:24[m[K,
                 from [01m[K/opt/ros/humble/include/rclcpp/rclcpp/any_executable.hpp:20[m[K,
                 from [01m[K/opt/ros/humble/include/rclcpp/rclcpp/memory_strategy.hpp:25[m[K,
                 from [01m[K/opt/ros/humble/include/rclcpp/rclcpp/memory_strategies.hpp:18[m[K,
                 from [01m[K/opt/ros/humble/include/rclcpp/rclcpp/executor_options.hpp:20[m[K,
                 from [01m[K/opt/ros/humble/include/rclcpp/rclcpp/executor.hpp:37[m[K,
                 from [01m[K/opt/ros/humble/include/rclcpp/rclcpp/executors/multi_threaded_executor.hpp:25[m[K,
                 from [01m[K/opt/ros/humble/include/rclcpp/rclcpp/executors.hpp:21[m[K,
                 from [01m[K/opt/ros/humble/include/rclcpp/rclcpp/rclcpp.hpp:155[m[K,
                 from [01m[K/root/colcon_ws/src/Fast-Planner/fast_planner/plan_env/include/plan_env/sdf_map.h:37[m[K,
                 from [01m[K/root/colcon_ws/src/Fast-Planner/fast_planner/plan_env/src/sdf_map.cpp:26[m[K:
[01m[K/root/colcon_ws/src/Fast-Planner/fast_planner/plan_env/src/sdf_map.cpp:793:22:[m[K [01;31m[Kerror: [m[Kbase operand of ‘[01m[K->[m[K’ has non-pointer type ‘[01m[Krclcpp::Node[m[K’
  793 |     RCLCPP_WARN(node_[01;31m[K->[m[Kget_logger(), this->get_logger(), "Fusion: cur t = %lf, avg t = %lf, max t = %lf", (t2 - t1).seconds(),
      |                      [01;31m[K^~[m[K
[01m[K/root/colcon_ws/src/Fast-Planner/fast_planner/plan_env/src/sdf_map.cpp:793:22:[m[K [01;31m[Kerror: [m[Kbase operand of ‘[01m[K->[m[K’ has non-pointer type ‘[01m[Krclcpp::Node[m[K’
[01m[K/root/colcon_ws/src/Fast-Planner/fast_planner/plan_env/src/sdf_map.cpp:793:5:[m[K [01;31m[Kerror: [m[Ktemplate argument 1 is invalid
  793 |     [01;31m[KRCLCPP_WARN[m[K(node_->get_logger(), this->get_logger(), "Fusion: cur t = %lf, avg t = %lf, max t = %lf", (t2 - t1).seconds(),
      |     [01;31m[K^~~~~~~~~~~[m[K
In file included from [01m[K/opt/ros/humble/include/rclcpp/rclcpp/logging.hpp:24[m[K,
                 from [01m[K/opt/ros/humble/include/rclcpp/rclcpp/client.hpp:40[m[K,
                 from [01m[K/opt/ros/humble/include/rclcpp/rclcpp/callback_group.hpp:24[m[K,
                 from [01m[K/opt/ros/humble/include/rclcpp/rclcpp/any_executable.hpp:20[m[K,
                 from [01m[K/opt/ros/humble/include/rclcpp/rclcpp/memory_strategy.hpp:25[m[K,
                 from [01m[K/opt/ros/humble/include/rclcpp/rclcpp/memory_strategies.hpp:18[m[K,
                 from [01m[K/opt/ros/humble/include/rclcpp/rclcpp/executor_options.hpp:20[m[K,
                 from [01m[K/opt/ros/humble/include/rclcpp/rclcpp/executor.hpp:37[m[K,
                 from [01m[K/opt/ros/humble/include/rclcpp/rclcpp/executors/multi_threaded_executor.hpp:25[m[K,
                 from [01m[K/opt/ros/humble/include/rclcpp/rclcpp/executors.hpp:21[m[K,
                 from [01m[K/opt/ros/humble/include/rclcpp/rclcpp/rclcpp.hpp:155[m[K,
                 from [01m[K/root/colcon_ws/src/Fast-Planner/fast_planner/plan_env/include/plan_env/sdf_map.h:37[m[K,
                 from [01m[K/root/colcon_ws/src/Fast-Planner/fast_planner/plan_env/src/sdf_map.cpp:26[m[K:
[01m[K/root/colcon_ws/src/Fast-Planner/fast_planner/plan_env/src/sdf_map.cpp:793:22:[m[K [01;31m[Kerror: [m[Kbase operand of ‘[01m[K->[m[K’ has non-pointer type ‘[01m[Krclcpp::Node[m[K’
  793 |     RCLCPP_WARN(node_[01;31m[K->[m[Kget_logger(), this->get_logger(), "Fusion: cur t = %lf, avg t = %lf, max t = %lf", (t2 - t1).seconds(),
      |                      [01;31m[K^~[m[K
[01m[K/root/colcon_ws/src/Fast-Planner/fast_planner/plan_env/src/sdf_map.cpp:793:22:[m[K [01;31m[Kerror: [m[Kbase operand of ‘[01m[K->[m[K’ has non-pointer type ‘[01m[Krclcpp::Node[m[K’
  793 |     RCLCPP_WARN(node_[01;31m[K->[m[Kget_logger(), this->get_logger(), "Fusion: cur t = %lf, avg t = %lf, max t = %lf", (t2 - t1).seconds(),
      |                      [01;31m[K^~[m[K
[01m[K/root/colcon_ws/src/Fast-Planner/fast_planner/plan_env/src/sdf_map.cpp:793:44:[m[K [01;31m[Kerror: [m[K‘[01m[Kclass SDFMap[m[K’ has no member named ‘[01m[Kget_logger[m[K’
  793 |     RCLCPP_WARN(node_->get_logger(), this->[01;31m[Kget_logger[m[K(), "Fusion: cur t = %lf, avg t = %lf, max t = %lf", (t2 - t1).seconds(),
      |                                            [01;31m[K^~~~~~~~~~[m[K
[01m[K/root/colcon_ws/src/Fast-Planner/fast_planner/plan_env/src/sdf_map.cpp:[m[K At global scope:
[01m[K/root/colcon_ws/src/Fast-Planner/fast_planner/plan_env/src/sdf_map.cpp:801:47:[m[K [01;31m[Kerror: [m[K‘[01m[KTimerEvent[m[K’ in namespace ‘[01m[Krclcpp[m[K’ does not name a type
  801 | void SDFMap::updateESDFCallback(const rclcpp::[01;31m[KTimerEvent[m[K& /*event*/) {
      |                                               [01;31m[K^~~~~~~~~~[m[K
[01m[K/root/colcon_ws/src/Fast-Planner/fast_planner/plan_env/src/sdf_map.cpp:[m[K In member function ‘[01m[Kvoid SDFMap::updateESDFCallback(const int&)[m[K’:
[01m[K/root/colcon_ws/src/Fast-Planner/fast_planner/plan_env/src/sdf_map.cpp:806:13:[m[K [01;31m[Kerror: [m[Kbase operand of ‘[01m[K->[m[K’ has non-pointer type ‘[01m[Krclcpp::Node[m[K’
  806 |   t1 = node_[01;31m[K->[m[Know();
      |             [01;31m[K^~[m[K
[01m[K/root/colcon_ws/src/Fast-Planner/fast_planner/plan_env/src/sdf_map.cpp:810:13:[m[K [01;31m[Kerror: [m[Kbase operand of ‘[01m[K->[m[K’ has non-pointer type ‘[01m[Krclcpp::Node[m[K’
  810 |   t2 = node_[01;31m[K->[m[Know();
      |             [01;31m[K^~[m[K
In file included from [01m[K/opt/ros/humble/include/rclcpp/rclcpp/client.hpp:40[m[K,
                 from [01m[K/opt/ros/humble/include/rclcpp/rclcpp/callback_group.hpp:24[m[K,
                 from [01m[K/opt/ros/humble/include/rclcpp/rclcpp/any_executable.hpp:20[m[K,
                 from [01m[K/opt/ros/humble/include/rclcpp/rclcpp/memory_strategy.hpp:25[m[K,
                 from [01m[K/opt/ros/humble/include/rclcpp/rclcpp/memory_strategies.hpp:18[m[K,
                 from [01m[K/opt/ros/humble/include/rclcpp/rclcpp/executor_options.hpp:20[m[K,
                 from [01m[K/opt/ros/humble/include/rclcpp/rclcpp/executor.hpp:37[m[K,
                 from [01m[K/opt/ros/humble/include/rclcpp/rclcpp/executors/multi_threaded_executor.hpp:25[m[K,
                 from [01m[K/opt/ros/humble/include/rclcpp/rclcpp/executors.hpp:21[m[K,
                 from [01m[K/opt/ros/humble/include/rclcpp/rclcpp/rclcpp.hpp:155[m[K,
                 from [01m[K/root/colcon_ws/src/Fast-Planner/fast_planner/plan_env/include/plan_env/sdf_map.h:37[m[K,
                 from [01m[K/root/colcon_ws/src/Fast-Planner/fast_planner/plan_env/src/sdf_map.cpp:26[m[K:
[01m[K/root/colcon_ws/src/Fast-Planner/fast_planner/plan_env/src/sdf_map.cpp:816:22:[m[K [01;31m[Kerror: [m[Kbase operand of ‘[01m[K->[m[K’ has non-pointer type ‘[01m[Krclcpp::Node[m[K’
  816 |     RCLCPP_WARN(node_[01;31m[K->[m[Kget_logger(), this->get_logger(), "ESDF: cur t = %lf, avg t = %lf, max t = %lf", (t2 - t1).seconds(),
      |                      [01;31m[K^~[m[K
[01m[K/root/colcon_ws/src/Fast-Planner/fast_planner/plan_env/src/sdf_map.cpp:816:22:[m[K [01;31m[Kerror: [m[Kbase operand of ‘[01m[K->[m[K’ has non-pointer type ‘[01m[Krclcpp::Node[m[K’
[01m[K/root/colcon_ws/src/Fast-Planner/fast_planner/plan_env/src/sdf_map.cpp:816:5:[m[K [01;31m[Kerror: [m[Ktemplate argument 1 is invalid
  816 |     [01;31m[KRCLCPP_WARN[m[K(node_->get_logger(), this->get_logger(), "ESDF: cur t = %lf, avg t = %lf, max t = %lf", (t2 - t1).seconds(),
      |     [01;31m[K^~~~~~~~~~~[m[K
In file included from [01m[K/opt/ros/humble/include/rclcpp/rclcpp/logging.hpp:24[m[K,
                 from [01m[K/opt/ros/humble/include/rclcpp/rclcpp/client.hpp:40[m[K,
                 from [01m[K/opt/ros/humble/include/rclcpp/rclcpp/callback_group.hpp:24[m[K,
                 from [01m[K/opt/ros/humble/include/rclcpp/rclcpp/any_executable.hpp:20[m[K,
                 from [01m[K/opt/ros/humble/include/rclcpp/rclcpp/memory_strategy.hpp:25[m[K,
                 from [01m[K/opt/ros/humble/include/rclcpp/rclcpp/memory_strategies.hpp:18[m[K,
                 from [01m[K/opt/ros/humble/include/rclcpp/rclcpp/executor_options.hpp:20[m[K,
                 from [01m[K/opt/ros/humble/include/rclcpp/rclcpp/executor.hpp:37[m[K,
                 from [01m[K/opt/ros/humble/include/rclcpp/rclcpp/executors/multi_threaded_executor.hpp:25[m[K,
                 from [01m[K/opt/ros/humble/include/rclcpp/rclcpp/executors.hpp:21[m[K,
                 from [01m[K/opt/ros/humble/include/rclcpp/rclcpp/rclcpp.hpp:155[m[K,
                 from [01m[K/root/colcon_ws/src/Fast-Planner/fast_planner/plan_env/include/plan_env/sdf_map.h:37[m[K,
                 from [01m[K/root/colcon_ws/src/Fast-Planner/fast_planner/plan_env/src/sdf_map.cpp:26[m[K:
[01m[K/root/colcon_ws/src/Fast-Planner/fast_planner/plan_env/src/sdf_map.cpp:816:22:[m[K [01;31m[Kerror: [m[Kbase operand of ‘[01m[K->[m[K’ has non-pointer type ‘[01m[Krclcpp::Node[m[K’
  816 |     RCLCPP_WARN(node_[01;31m[K->[m[Kget_logger(), this->get_logger(), "ESDF: cur t = %lf, avg t = %lf, max t = %lf", (t2 - t1).seconds(),
      |                      [01;31m[K^~[m[K
[01m[K/root/colcon_ws/src/Fast-Planner/fast_planner/plan_env/src/sdf_map.cpp:816:22:[m[K [01;31m[Kerror: [m[Kbase operand of ‘[01m[K->[m[K’ has non-pointer type ‘[01m[Krclcpp::Node[m[K’
  816 |     RCLCPP_WARN(node_[01;31m[K->[m[Kget_logger(), this->get_logger(), "ESDF: cur t = %lf, avg t = %lf, max t = %lf", (t2 - t1).seconds(),
      |                      [01;31m[K^~[m[K
[01m[K/root/colcon_ws/src/Fast-Planner/fast_planner/plan_env/src/sdf_map.cpp:816:44:[m[K [01;31m[Kerror: [m[K‘[01m[Kclass SDFMap[m[K’ has no member named ‘[01m[Kget_logger[m[K’
  816 |     RCLCPP_WARN(node_->get_logger(), this->[01;31m[Kget_logger[m[K(), "ESDF: cur t = %lf, avg t = %lf, max t = %lf", (t2 - t1).seconds(),
      |                                            [01;31m[K^~~~~~~~~~[m[K
[01m[K/root/colcon_ws/src/Fast-Planner/fast_planner/plan_env/src/sdf_map.cpp:[m[K At global scope:
[01m[K/root/colcon_ws/src/Fast-Planner/fast_planner/plan_env/src/sdf_map.cpp:822:56:[m[K [01;31m[Kerror: [m[K‘[01m[KImageSharedPtr[m[K’ in namespace ‘[01m[Ksensor_msgs::msg[m[K’ does not name a type
  822 | void SDFMap::depthPoseCallback(const sensor_msgs::msg::[01;31m[KImageSharedPtr[m[K& img,
      |                                                        [01;31m[K^~~~~~~~~~~~~~[m[K
[01m[K/root/colcon_ws/src/Fast-Planner/fast_planner/plan_env/src/sdf_map.cpp:823:58:[m[K [01;31m[Kerror: [m[K‘[01m[KPoseStampedSharedPtr[m[K’ in namespace ‘[01m[Kgeometry_msgs::msg[m[K’ does not name a type
  823 |                                const geometry_msgs::msg::[01;31m[KPoseStampedSharedPtr[m[K& pose) {
      |                                                          [01;31m[K^~~~~~~~~~~~~~~~~~~~[m[K
[01m[K/root/colcon_ws/src/Fast-Planner/fast_planner/plan_env/src/sdf_map.cpp:[m[K In member function ‘[01m[Kvoid SDFMap::depthPoseCallback(const int&, const int&)[m[K’:
[01m[K/root/colcon_ws/src/Fast-Planner/fast_planner/plan_env/src/sdf_map.cpp:826:40:[m[K [01;31m[Kerror: [m[Kbase operand of ‘[01m[K->[m[K’ is not a pointer
  826 |   cv_ptr = cv_bridge::toCvCopy(img, img[01;31m[K->[m[Kencoding);
      |                                        [01;31m[K^~[m[K
[01m[K/root/colcon_ws/src/Fast-Planner/fast_planner/plan_env/src/sdf_map.cpp:828:10:[m[K [01;31m[Kerror: [m[Kbase operand of ‘[01m[K->[m[K’ is not a pointer
  828 |   if (img[01;31m[K->[m[Kencoding == sensor_msgs::msg::image_encodings::TYPE_32FC1) {
      |          [01;31m[K^~[m[K
[01m[K/root/colcon_ws/src/Fast-Planner/fast_planner/plan_env/src/sdf_map.cpp:828:42:[m[K [01;31m[Kerror: [m[K‘[01m[Ksensor_msgs::msg::image_encodings[m[K’ has not been declared
  828 |   if (img->encoding == sensor_msgs::msg::[01;31m[Kimage_encodings[m[K::TYPE_32FC1) {
      |                                          [01;31m[K^~~~~~~~~~~~~~~[m[K
[01m[K/root/colcon_ws/src/Fast-Planner/fast_planner/plan_env/src/sdf_map.cpp:836:28:[m[K [01;31m[Kerror: [m[Kbase operand of ‘[01m[K->[m[K’ is not a pointer
  836 |   md_.camera_pos_(0) = pose[01;31m[K->[m[Kpose.position.x;
      |                            [01;31m[K^~[m[K
[01m[K/root/colcon_ws/src/Fast-Planner/fast_planner/plan_env/src/sdf_map.cpp:837:28:[m[K [01;31m[Kerror: [m[Kbase operand of ‘[01m[K->[m[K’ is not a pointer
  837 |   md_.camera_pos_(1) = pose[01;31m[K->[m[Kpose.position.y;
      |                            [01;31m[K^~[m[K
[01m[K/root/colcon_ws/src/Fast-Planner/fast_planner/plan_env/src/sdf_map.cpp:838:28:[m[K [01;31m[Kerror: [m[Kbase operand of ‘[01m[K->[m[K’ is not a pointer
  838 |   md_.camera_pos_(2) = pose[01;31m[K->[m[Kpose.position.z;
      |                            [01;31m[K^~[m[K
[01m[K/root/colcon_ws/src/Fast-Planner/fast_planner/plan_env/src/sdf_map.cpp:839:42:[m[K [01;31m[Kerror: [m[Kbase operand of ‘[01m[K->[m[K’ is not a pointer
  839 |   md_.camera_q_ = Eigen::Quaterniond(pose[01;31m[K->[m[Kpose.orientation.w, pose->pose.orientation.x,
      |                                          [01;31m[K^~[m[K
[01m[K/root/colcon_ws/src/Fast-Planner/fast_planner/plan_env/src/sdf_map.cpp:839:68:[m[K [01;31m[Kerror: [m[Kbase operand of ‘[01m[K->[m[K’ is not a pointer
  839 |   md_.camera_q_ = Eigen::Quaterniond(pose->pose.orientation.w, pose[01;31m[K->[m[Kpose.orientation.x,
      |                                                                    [01;31m[K^~[m[K
[01m[K/root/colcon_ws/src/Fast-Planner/fast_planner/plan_env/src/sdf_map.cpp:840:42:[m[K [01;31m[Kerror: [m[Kbase operand of ‘[01m[K->[m[K’ is not a pointer
  840 |                                      pose[01;31m[K->[m[Kpose.orientation.y, pose->pose.orientation.z);
      |                                          [01;31m[K^~[m[K
[01m[K/root/colcon_ws/src/Fast-Planner/fast_planner/plan_env/src/sdf_map.cpp:840:68:[m[K [01;31m[Kerror: [m[Kbase operand of ‘[01m[K->[m[K’ is not a pointer
  840 |                                      pose->pose.orientation.y, pose[01;31m[K->[m[Kpose.orientation.z);
      |                                                                    [01;31m[K^~[m[K
[01m[K/root/colcon_ws/src/Fast-Planner/fast_planner/plan_env/src/sdf_map.cpp:[m[K At global scope:
[01m[K/root/colcon_ws/src/Fast-Planner/fast_planner/plan_env/src/sdf_map.cpp:850:48:[m[K [01;31m[Kerror: [m[K‘[01m[KOdometrySharedPtr[m[K’ in namespace ‘[01m[Knav_msgs::msg[m[K’ does not name a type
  850 | void SDFMap::odomCallback(const nav_msgs::msg::[01;31m[KOdometrySharedPtr[m[K& odom) {
      |                                                [01;31m[K^~~~~~~~~~~~~~~~~[m[K
[01m[K/root/colcon_ws/src/Fast-Planner/fast_planner/plan_env/src/sdf_map.cpp:[m[K In member function ‘[01m[Kvoid SDFMap::odomCallback(const int&)[m[K’:
[01m[K/root/colcon_ws/src/Fast-Planner/fast_planner/plan_env/src/sdf_map.cpp:853:28:[m[K [01;31m[Kerror: [m[Kbase operand of ‘[01m[K->[m[K’ is not a pointer
  853 |   md_.camera_pos_(0) = odom[01;31m[K->[m[Kpose.pose.position.x;
      |                            [01;31m[K^~[m[K
[01m[K/root/colcon_ws/src/Fast-Planner/fast_planner/plan_env/src/sdf_map.cpp:854:28:[m[K [01;31m[Kerror: [m[Kbase operand of ‘[01m[K->[m[K’ is not a pointer
  854 |   md_.camera_pos_(1) = odom[01;31m[K->[m[Kpose.pose.position.y;
      |                            [01;31m[K^~[m[K
[01m[K/root/colcon_ws/src/Fast-Planner/fast_planner/plan_env/src/sdf_map.cpp:855:28:[m[K [01;31m[Kerror: [m[Kbase operand of ‘[01m[K->[m[K’ is not a pointer
  855 |   md_.camera_pos_(2) = odom[01;31m[K->[m[Kpose.pose.position.z;
      |                            [01;31m[K^~[m[K
[01m[K/root/colcon_ws/src/Fast-Planner/fast_planner/plan_env/src/sdf_map.cpp:[m[K At global scope:
[01m[K/root/colcon_ws/src/Fast-Planner/fast_planner/plan_env/src/sdf_map.cpp:860:52:[m[K [01;31m[Kerror: [m[K‘[01m[KPointCloud2SharedPtr[m[K’ in namespace ‘[01m[Ksensor_msgs::msg[m[K’ does not name a type
  860 | void SDFMap::cloudCallback(const sensor_msgs::msg::[01;31m[KPointCloud2SharedPtr[m[K& img) {
      |                                                    [01;31m[K^~~~~~~~~~~~~~~~~~~~[m[K
[01m[K/root/colcon_ws/src/Fast-Planner/fast_planner/plan_env/src/sdf_map.cpp:[m[K In member function ‘[01m[Kvoid SDFMap::cloudCallback(const int&)[m[K’:
[01m[K/root/colcon_ws/src/Fast-Planner/fast_planner/plan_env/src/sdf_map.cpp:863:19:[m[K [01;31m[Kerror: [m[Kinvalid type argument of unary ‘[01m[K*[m[K’ (have ‘[01m[Kint[m[K’)
  863 |   pcl::fromROSMsg([01;31m[K*img[m[K, latest_cloud);
      |                   [01;31m[K^~~~[m[K
[01m[K/root/colcon_ws/src/Fast-Planner/fast_planner/plan_env/src/sdf_map.cpp:[m[K In member function ‘[01m[Kvoid SDFMap::publishUpdateRange()[m[K’:
[01m[K/root/colcon_ws/src/Fast-Planner/fast_planner/plan_env/src/sdf_map.cpp:1143:26:[m[K [01;31m[Kerror: [m[Kbase operand of ‘[01m[K->[m[K’ has non-pointer type ‘[01m[Krclcpp::Node[m[K’
 1143 |   mk.header.stamp = node_[01;31m[K->[m[Know();
      |                          [01;31m[K^~[m[K
[01m[K/root/colcon_ws/src/Fast-Planner/fast_planner/plan_env/src/sdf_map.cpp:[m[K At global scope:
[01m[K/root/colcon_ws/src/Fast-Planner/fast_planner/plan_env/src/sdf_map.cpp:1285:56:[m[K [01;31m[Kerror: [m[K‘[01m[KImageSharedPtr[m[K’ in namespace ‘[01m[Ksensor_msgs::msg[m[K’ does not name a type
 1285 | void SDFMap::depthOdomCallback(const sensor_msgs::msg::[01;31m[KImageSharedPtr[m[K& img,
      |                                                        [01;31m[K^~~~~~~~~~~~~~[m[K
[01m[K/root/colcon_ws/src/Fast-Planner/fast_planner/plan_env/src/sdf_map.cpp:1286:53:[m[K [01;31m[Kerror: [m[K‘[01m[KOdometrySharedPtr[m[K’ in namespace ‘[01m[Knav_msgs::msg[m[K’ does not name a type
 1286 |                                const nav_msgs::msg::[01;31m[KOdometrySharedPtr[m[K& odom) {
      |                                                     [01;31m[K^~~~~~~~~~~~~~~~~[m[K
[01m[K/root/colcon_ws/src/Fast-Planner/fast_planner/plan_env/src/sdf_map.cpp:[m[K In member function ‘[01m[Kvoid SDFMap::depthOdomCallback(const int&, const int&)[m[K’:
[01m[K/root/colcon_ws/src/Fast-Planner/fast_planner/plan_env/src/sdf_map.cpp:1288:28:[m[K [01;31m[Kerror: [m[Kbase operand of ‘[01m[K->[m[K’ is not a pointer
 1288 |   md_.camera_pos_(0) = odom[01;31m[K->[m[Kpose.pose.position.x;
      |                            [01;31m[K^~[m[K
[01m[K/root/colcon_ws/src/Fast-Planner/fast_planner/plan_env/src/sdf_map.cpp:1289:28:[m[K [01;31m[Kerror: [m[Kbase operand of ‘[01m[K->[m[K’ is not a pointer
 1289 |   md_.camera_pos_(1) = odom[01;31m[K->[m[Kpose.pose.position.y;
      |                            [01;31m[K^~[m[K
[01m[K/root/colcon_ws/src/Fast-Planner/fast_planner/plan_env/src/sdf_map.cpp:1290:28:[m[K [01;31m[Kerror: [m[Kbase operand of ‘[01m[K->[m[K’ is not a pointer
 1290 |   md_.camera_pos_(2) = odom[01;31m[K->[m[Kpose.pose.position.z;
      |                            [01;31m[K^~[m[K
[01m[K/root/colcon_ws/src/Fast-Planner/fast_planner/plan_env/src/sdf_map.cpp:1291:42:[m[K [01;31m[Kerror: [m[Kbase operand of ‘[01m[K->[m[K’ is not a pointer
 1291 |   md_.camera_q_ = Eigen::Quaterniond(odom[01;31m[K->[m[Kpose.pose.orientation.w, odom->pose.pose.orientation.x,
      |                                          [01;31m[K^~[m[K
[01m[K/root/colcon_ws/src/Fast-Planner/fast_planner/plan_env/src/sdf_map.cpp:1291:73:[m[K [01;31m[Kerror: [m[Kbase operand of ‘[01m[K->[m[K’ is not a pointer
 1291 | .camera_q_ = Eigen::Quaterniond(odom->pose.pose.orientation.w, odom[01;31m[K->[m[Kpose.pose.orientation.x,
      |                                                                    [01;31m[K^~[m[K

[01m[K/root/colcon_ws/src/Fast-Planner/fast_planner/plan_env/src/sdf_map.cpp:1292:42:[m[K [01;31m[Kerror: [m[Kbase operand of ‘[01m[K->[m[K’ is not a pointer
 1292 |                                      odom[01;31m[K->[m[Kpose.pose.orientation.y, odom->pose.pose.orientation.z);
      |                                          [01;31m[K^~[m[K
[01m[K/root/colcon_ws/src/Fast-Planner/fast_planner/plan_env/src/sdf_map.cpp:1292:73:[m[K [01;31m[Kerror: [m[Kbase operand of ‘[01m[K->[m[K’ is not a pointer
 1292 |                                 odom->pose.pose.orientation.y, odom[01;31m[K->[m[Kpose.pose.orientation.z);
      |                                                                    [01;31m[K^~[m[K

[01m[K/root/colcon_ws/src/Fast-Planner/fast_planner/plan_env/src/sdf_map.cpp:1296:40:[m[K [01;31m[Kerror: [m[Kbase operand of ‘[01m[K->[m[K’ is not a pointer
 1296 |   cv_ptr = cv_bridge::toCvCopy(img, img[01;31m[K->[m[Kencoding);
      |                                        [01;31m[K^~[m[K
[01m[K/root/colcon_ws/src/Fast-Planner/fast_planner/plan_env/src/sdf_map.cpp:1297:10:[m[K [01;31m[Kerror: [m[Kbase operand of ‘[01m[K->[m[K’ is not a pointer
 1297 |   if (img[01;31m[K->[m[Kencoding == sensor_msgs::msg::image_encodings::TYPE_32FC1) {
      |          [01;31m[K^~[m[K
[01m[K/root/colcon_ws/src/Fast-Planner/fast_planner/plan_env/src/sdf_map.cpp:1297:42:[m[K [01;31m[Kerror: [m[K‘[01m[Ksensor_msgs::msg::image_encodings[m[K’ has not been declared
 1297 |   if (img->encoding == sensor_msgs::msg::[01;31m[Kimage_encodings[m[K::TYPE_32FC1) {
      |                                          [01;31m[K^~~~~~~~~~~~~~~[m[K
[01m[K/root/colcon_ws/src/Fast-Planner/fast_planner/plan_env/src/sdf_map.cpp:[m[K At global scope:
[01m[K/root/colcon_ws/src/Fast-Planner/fast_planner/plan_env/src/sdf_map.cpp:1305:52:[m[K [01;31m[Kerror: [m[K‘[01m[KImageSharedPtr[m[K’ in namespace ‘[01m[Ksensor_msgs::msg[m[K’ does not name a type
 1305 | void SDFMap::depthCallback(const sensor_msgs::msg::[01;31m[KImageSharedPtr[m[K& img) {
      |                                                    [01;31m[K^~~~~~~~~~~~~~[m[K
[01m[K/root/colcon_ws/src/Fast-Planner/fast_planner/plan_env/src/sdf_map.cpp:[m[K In member function ‘[01m[Kvoid SDFMap::depthCallback(const int&)[m[K’:
[01m[K/root/colcon_ws/src/Fast-Planner/fast_planner/plan_env/src/sdf_map.cpp:1306:32:[m[K [01;31m[Kerror: [m[Kbase operand of ‘[01m[K->[m[K’ is not a pointer
 1306 |   std::cout << "depth: " << img[01;31m[K->[m[Kheader.stamp << std::endl;
      |                                [01;31m[K^~[m[K
[01m[K/root/colcon_ws/src/Fast-Planner/fast_planner/plan_env/src/sdf_map.cpp:[m[K At global scope:
[01m[K/root/colcon_ws/src/Fast-Planner/fast_planner/plan_env/src/sdf_map.cpp:1309:53:[m[K [01;31m[Kerror: [m[K‘[01m[KPoseStampedSharedPtr[m[K’ in namespace ‘[01m[Kgeometry_msgs::msg[m[K’ does not name a type
 1309 | void SDFMap::poseCallback(const geometry_msgs::msg::[01;31m[KPoseStampedSharedPtr[m[K& pose) {
      |                                                     [01;31m[K^~~~~~~~~~~~~~~~~~~~[m[K
[01m[K/root/colcon_ws/src/Fast-Planner/fast_planner/plan_env/src/sdf_map.cpp:[m[K In member function ‘[01m[Kvoid SDFMap::poseCallback(const int&)[m[K’:
[01m[K/root/colcon_ws/src/Fast-Planner/fast_planner/plan_env/src/sdf_map.cpp:1310:32:[m[K [01;31m[Kerror: [m[Kbase operand of ‘[01m[K->[m[K’ is not a pointer
 1310 |   std::cout << "pose: " << pose[01;31m[K->[m[Kheader.stamp << std::endl;
      |                                [01;31m[K^~[m[K
[01m[K/root/colcon_ws/src/Fast-Planner/fast_planner/plan_env/src/sdf_map.cpp:1312:28:[m[K [01;31m[Kerror: [m[Kbase operand of ‘[01m[K->[m[K’ is not a pointer
 1312 |   md_.camera_pos_(0) = pose[01;31m[K->[m[Kpose.position.x;
      |                            [01;31m[K^~[m[K
[01m[K/root/colcon_ws/src/Fast-Planner/fast_planner/plan_env/src/sdf_map.cpp:1313:28:[m[K [01;31m[Kerror: [m[Kbase operand of ‘[01m[K->[m[K’ is not a pointer
 1313 |   md_.camera_pos_(1) = pose[01;31m[K->[m[Kpose.position.y;
      |                            [01;31m[K^~[m[K
[01m[K/root/colcon_ws/src/Fast-Planner/fast_planner/plan_env/src/sdf_map.cpp:1314:28:[m[K [01;31m[Kerror: [m[Kbase operand of ‘[01m[K->[m[K’ is not a pointer
 1314 |   md_.camera_pos_(2) = pose[01;31m[K->[m[Kpose.position.z;
      |                            [01;31m[K^~[m[K
gmake[2]: *** [CMakeFiles/plan_env.dir/build.make:90: CMakeFiles/plan_env.dir/src/edt_environment.cpp.o] Error 1
gmake[2]: *** Waiting for unfinished jobs....
gmake[2]: *** [CMakeFiles/plan_env.dir/build.make:76: CMakeFiles/plan_env.dir/src/sdf_map.cpp.o] Error 1
gmake[1]: *** [CMakeFiles/Makefile2:137: CMakeFiles/plan_env.dir/all] Error 2
gmake: *** [Makefile:146: all] Error 2
